id,title,company,skills,location,salary_min,salary_max,type,age_preference,experience_required,education_required,description,category,source,job_url,scraped_at
scraped_vieclam24h_00000,Kế Toán,,,Hồ Chí Minh,25000000,25000000,full-time,any,0,high,Kế Toán Trưởng - Lương 20-25Tr - Đi Làm Ngay,accounting,Vieclam24h,https://vieclam24h.vn/ke-toan/ke-toan-truong-luong-20-25tr-di-lam-ngay-c17p73id200804197.html,2026-04-14T18:49:44.408533
scraped_vieclam24h_00001,Nhân Viên Kế Toán Tổng Hợp (Thu Nhập 14 -,,,Hồ Chí Minh,15000000,15000000,full-time,any,0,high,Nhân Viên Kế Toán Tổng Hợp (Thu Nhập 14 - 15 Triệu) _Nữ,accounting,Vieclam24h,https://vieclam24h.vn/ke-toan/nhan-vien-ke-toan-tong-hop-thu-nhap-14-15-trieu-nu-c17p122id200803885.html,2026-04-14T18:49:44.408609
scraped_vieclam24h_00002,Miền,,,Hồ Chí Minh,0,0,full-time,any,0,high,"Miền Trung - Quản Lý Kinh Doanh Khu Vực (Nhánh Ngành Hàng Mới: Gym, Nội Thất, Nha Khoa,....)",other,Vieclam24h,https://vieclam24h.vn/ban-hang-kinh-doanh/mien-trung-quan-ly-kinh-doanh-khu-vuc-nhanh-nganh-hang-moi-gym-noi-that-nha-khoa-c13p108id200800856.html,2026-04-14T18:49:44.408662
scraped_vieclam24h_00003,Công Ty Tài Chính,,,Hồ Chí Minh,0,0,full-time,any,0,high,Công Ty Tài Chính Trách Nhiệm Hữu Hạn Một Thành Viên Home Credit Việt Nam,accounting,Vieclam24h,https://vieclam24h.vn/ban-hang-kinh-doanh/mien-trung-quan-ly-kinh-doanh-khu-vuc-nhanh-nganh-hang-moi-gym-noi-that-nha-khoa-c13p108id200800856.html,2026-04-14T18:49:44.408713
scraped_vieclam24h_00004,Công Ty TNHH TM Xnk Phú Lộc,,,Hồ Chí Minh,0,0,full-time,any,0,high,Công Ty TNHH TM Xnk Phú Lộc Trường,other,Vieclam24h,https://vieclam24h.vn/ke-toan/ke-toan-tong-hop-quan-binh-tan-nhan-viec-ngay-c17p122id200795692.html,2026-04-14T18:49:44.408759
scraped_vieclam24h_00005,Công Ty TNHH Vietnam Concentrix Services,,,Hồ Chí Minh,0,0,full-time,any,0,high,Công Ty TNHH Vietnam Concentrix Services,service,Vieclam24h,https://vieclam24h.vn/tai-chinh-dau-tu-chung-khoan/nhan-vien-admin-van-phong-di-lam-ngay-quan-11-thu-duc-c18p122id200800931.html,2026-04-14T18:49:44.408808
scraped_vieclam24h_00006,Admin Văn Phòng Đi Làm Ngay Thu Nhập,,,Hồ Chí Minh,12000000,12000000,full-time,any,0,high,Admin Văn Phòng Đi Làm Ngay Thu Nhập Trên 12 Triệu,other,Vieclam24h,https://vieclam24h.vn/cham-soc-khach-hang/admin-van-phong-di-lam-ngay-thu-nhap-tren-12-trieu-c30p122id200803167.html,2026-04-14T18:49:44.408853
scraped_vieclam24h_00008,Kế Toán Tổng Hợp - Thu Nhập,,,Hồ Chí Minh,0,0,full-time,any,0,high,Kế Toán Tổng Hợp - Thu Nhập Trên 12M,accounting,Vieclam24h,https://vieclam24h.vn/ke-toan/ke-toan-tong-hop-thu-nhap-tren-12m-c17p122id200793516.html,2026-04-14T18:49:44.408988
scraped_vieclam24h_00009,Nhân Viên Kinh Doanh Chăm Sóc Khách Hàng - Bảo Hiểm Fwd (Có Hỗ,,,Hồ Chí Minh,0,0,full-time,any,0,high,Nhân Viên Kinh Doanh Chăm Sóc Khách Hàng - Bảo Hiểm Fwd (Có Hỗ Trợ Data),sales,Vieclam24h,https://vieclam24h.vn/ban-hang-kinh-doanh/nhan-vien-kinh-doanh-cham-soc-khach-hang-bao-hiem-fwd-co-ho-tro-data-c13p122id200801854.html,2026-04-14T18:49:44.409053
scraped_vieclam24h_00010,Nhân Viên Kinh Doanh Bất Động Sản Lương Cơ Bản Upto,,,Hồ Chí Minh,30000000,30000000,full-time,any,0,high,Nhân Viên Kinh Doanh Bất Động Sản Lương Cơ Bản Upto 30 Triệu - Hỗ Trợ 100% Data Marketing Net,sales,Vieclam24h,https://vieclam24h.vn/tai-chinh-dau-tu-chung-khoan/nhan-vien-kinh-doanh-bat-dong-san-luong-co-ban-upto-30-trieu-ho-tro-100-data-marketing-net-c18p104id200800719.html,2026-04-14T18:49:44.409111
scraped_vieclam24h_00011,Công Ty Cổ Phần Đầu Tư Và Phát,,,Hồ Chí Minh,0,0,full-time,any,0,high,Công Ty Cổ Phần Đầu Tư Và Phát Triển Sài Gòn Realty,other,Vieclam24h,https://vieclam24h.vn/tai-chinh-dau-tu-chung-khoan/nhan-vien-kinh-doanh-bat-dong-san-luong-co-ban-upto-30-trieu-ho-tro-100-data-marketing-net-c18p104id200800719.html,2026-04-14T18:49:44.409162
scraped_vieclam24h_00013,Nhân Viên Nhắc Phí (Thu Nhập 12 -,,,Hồ Chí Minh,30000000,30000000,full-time,any,0,high,Nhân Viên Nhắc Phí (Thu Nhập 12 - 30 Triệu),other,Vieclam24h,https://vieclam24h.vn/tai-chinh-dau-tu-chung-khoan/nhan-vien-nhac-phi-thu-nhap-12-30-trieu-c18p122id200796587.html,2026-04-14T18:49:44.409250
scraped_vieclam24h_00016,Toàn Quốc - Nhân Viên Hỗ,,,Hồ Chí Minh,30000000,30000000,full-time,any,0,high,Toàn Quốc - Nhân Viên Hỗ Trợ Thanh Toán Tại Thị Trường (Thu Nhập Từ 15-30Tr),other,Vieclam24h,https://vieclam24h.vn/tai-chinh-dau-tu-chung-khoan/toan-quoc-nhan-vien-ho-tro-thanh-toan-tai-thi-truong-thu-nhap-tu-15-30tr-c18p123id200793734.html,2026-04-14T18:49:44.409387
scraped_vieclam24h_00017,Nhân Viên Bán Hàng Quận 12 Lương,,,Hồ Chí Minh,10000000,10000000,full-time,any,0,high,Nhân Viên Bán Hàng Quận 12 Lương Trên 10 Triệu,sales,Vieclam24h,https://vieclam24h.vn/ban-hang-kinh-doanh/nhan-vien-ban-hang-quan-12-luong-tren-10-trieu-c13p122id200804904.html,2026-04-14T18:49:44.409434
scraped_vieclam24h_00019,Chuyên Viên Tuyển Dụng - Thu Nhập Từ 15 -,,,Hồ Chí Minh,20000000,20000000,full-time,any,0,high,Chuyên Viên Tuyển Dụng - Thu Nhập Từ 15 - 20 Triệu,other,Vieclam24h,https://vieclam24h.vn/nhan-su/chuyen-vien-tuyen-dung-thu-nhap-tu-15-20-trieu-c22p73id200790643.html,2026-04-14T18:49:44.409524
scraped_vieclam24h_00020,Nhân Viên Tư Vấn Tài Chính Ngân Hàng Lương,,,Hồ Chí Minh,12000000,12000000,full-time,any,0,high,Nhân Viên Tư Vấn Tài Chính Ngân Hàng Lương Trên 12 Triệu,accounting,Vieclam24h,https://vieclam24h.vn/hanh-chinh-thu-ky/nhan-vien-tu-van-tai-chinh-ngan-hang-luong-tren-12-trieu-c1p122id200804188.html,2026-04-14T18:49:44.409574
scraped_vieclam24h_00022,Phó Quản Lý Xưởng- Thủ Kho - Lương 12-,,,Hồ Chí Minh,15000000,15000000,full-time,any,0,high,Phó Quản Lý Xưởng- Thủ Kho - Lương 12- 15 Triệu Ca 12 Tiếng,other,Vieclam24h,https://vieclam24h.vn/hanh-chinh-thu-ky/pho-quan-ly-xuong-thu-kho-luong-12-15-trieu-ca-12-tieng-c1p122id200801407.html,2026-04-14T18:49:44.409658
scraped_vieclam24h_00026,Phiên Dịch Viên Tiếng,,,Hồ Chí Minh,0,0,full-time,any,0,high,Phiên Dịch Viên Tiếng Trung Làm Việc Hà Nội - Nhận Việc Ngay,other,Vieclam24h,https://vieclam24h.vn/bien-phien-dich/phien-dich-vien-tieng-trung-lam-viec-ha-noi-nhan-viec-ngay-c37p73id200795654.html,2026-04-14T18:49:44.409829
scraped_vieclam24h_00027,Công Ty TNHH,,,Hồ Chí Minh,0,0,full-time,any,0,high,Công Ty TNHH Transcosmos Việt Nam,other,Vieclam24h,https://vieclam24h.vn/ban-hang-kinh-doanh/nhan-vien-cham-soc-va-ban-hang-qua-dien-thoai-thuong-hieu-bia-c13p122id200799558.html,2026-04-14T18:49:44.409873
scraped_vieclam24h_00030,Phó,,,Hồ Chí Minh,27000000,27000000,full-time,any,0,high,Phó Trưởng Phòng Tổ Chức Hành Chính - Hành Chính - Thu Nhập Từ 22 - 27 Triệu - Yêu Cầu 3 Năm Kinh Nghiệm,other,Vieclam24h,https://vieclam24h.vn/hanh-chinh-thu-ky/pho-truong-phong-to-chuc-hanh-chinh-hanh-chinh-thu-nhap-tu-22-27-trieu-yeu-cau-3-nam-kinh-nghiem-c1p73id200802304.html,2026-04-14T18:49:44.410001
scraped_vieclam24h_00031,Công Ty,,,Hồ Chí Minh,0,0,full-time,any,0,high,Công Ty Trách Nhiệm Hữu Hạn Trang Trí Nội Thất Hoàng Dương,other,Vieclam24h,https://vieclam24h.vn/ke-toan/nhan-vien-ke-toan-noi-bo-quan-7-c17p122id200800007.html,2026-04-14T18:49:44.410040
scraped_vieclam24h_00032,"Chuyên Viên Tư Vấn Tuyển Sinh / Bán Hàng / Kinh Doanh / Sales / Consultant (Data Sẵn, Thử Việc Full Lương) - Thu Nhập Từ",,,Hồ Chí Minh,12000000,12000000,full-time,any,0,high,"Chuyên Viên Tư Vấn Tuyển Sinh / Bán Hàng / Kinh Doanh / Sales / Consultant (Data Sẵn, Thử Việc Full Lương) - Thu Nhập Từ 12 Triệu Đến Không Giới Hạn - Ila Quận 8, 10, Bình Tân",sales,Vieclam24h,https://vieclam24h.vn/ban-hang-kinh-doanh/chuyen-vien-tu-van-tuyen-sinh-ban-hang-kinh-doanh-sales-consultant-data-san-thu-viec-full-luong-thu-nhap-tu-12-trieu-den-khong-gioi-han-ila-quan-8-10-binh-tan-c13p122id200805200.html,2026-04-14T18:49:44.410102
scraped_vieclam24h_00034,Nhân Viên Kinh Doanh - Lương Upto,,,Hồ Chí Minh,40000000,40000000,full-time,any,0,high,Nhân Viên Kinh Doanh - Lương Upto 40 Triệu - Không Có Kinh Nghiệm Được Đào Tạo [Bình Dương],sales,Vieclam24h,https://vieclam24h.vn/ban-hang-kinh-doanh/nhan-vien-kinh-doanh-luong-upto-40-trieu-khong-co-kinh-nghiem-duoc-dao-tao-binh-duong-c13p119id200804355.html,2026-04-14T18:49:44.410199
scraped_vieclam24h_00038,Nhân Viên Kinh Doanh / Sales (Nữ - Dưới 32T) - Tại Tân Phú - Đảm Bảo Thu Nhập Từ 10 -,,,Hồ Chí Minh,20000000,20000000,full-time,any,0,high,Nhân Viên Kinh Doanh / Sales (Nữ - Dưới 32T) - Tại Tân Phú - Đảm Bảo Thu Nhập Từ 10 - 20 Triệu,sales,Vieclam24h,https://vieclam24h.vn/ban-hang-kinh-doanh/nhan-vien-kinh-doanh-sales-nu-duoi-32t-tai-tan-phu-dam-bao-thu-nhap-tu-10-20-trieu-c13p122id200804712.html,2026-04-14T18:49:44.410385
scraped_vieclam24h_00039,Nhân Viên Kinh Doanh Bất Động Sản - Thu Nhập,,,Hồ Chí Minh,50000000,50000000,full-time,any,0,high,Nhân Viên Kinh Doanh Bất Động Sản - Thu Nhập Trên 50 Triệu,sales,Vieclam24h,https://vieclam24h.vn/ban-hang-kinh-doanh/nhan-vien-kinh-doanh-bat-dong-san-thu-nhap-tren-50-trieu-c13p119id200769855.html,2026-04-14T18:49:44.410434
scraped_vieclam24h_00041,Chuyên Viên Kinh Doanh Dự Án Vinhomes – Thu Nhập 50-,,,Hồ Chí Minh,100000000,100000000,full-time,any,0,high,Chuyên Viên Kinh Doanh Dự Án Vinhomes – Thu Nhập 50-100Triệu / Tháng (Không Yêu Cầu Kinh Nghiệm + Data Có Sẵn),sales,Vieclam24h,https://vieclam24h.vn/ban-hang-kinh-doanh/chuyen-vien-kinh-doanh-du-an-vinhomes-thu-nhap-50-100trieu-thang-khong-yeu-cau-kinh-nghiem-data-co-san-c13p122id200804558.html,2026-04-14T18:49:44.410854
scraped_vieclam24h_00042,Chuyên Viên Kinh Doanh / Tư Vấn Bất Động Sản - Thu Nhập Từ,,,Hồ Chí Minh,20000000,20000000,full-time,any,0,high,Chuyên Viên Kinh Doanh / Tư Vấn Bất Động Sản - Thu Nhập Từ 20 Triệu,sales,Vieclam24h,https://vieclam24h.vn/ban-hang-kinh-doanh/chuyen-vien-kinh-doanh-tu-van-bat-dong-san-thu-nhap-tu-20-trieu-c13p122id200804237.html,2026-04-14T18:49:44.410948
scraped_vieclam24h_00043,Nhân Viên Telesales - CSKH (Thu Nhập 10-,,,Hồ Chí Minh,15000000,15000000,full-time,any,0,high,Nhân Viên Telesales - CSKH (Thu Nhập 10-15 Triệu / Tháng),sales,Vieclam24h,https://vieclam24h.vn/ban-hang-kinh-doanh/nhan-vien-telesales-cskh-thu-nhap-10-15-trieu-thang-c13p122id200804230.html,2026-04-14T18:49:44.411034
scraped_vieclam24h_00044,Nữ Nhân Viên Bán Hàng Lương,,,Hồ Chí Minh,10000000,10000000,full-time,any,0,high,Nữ Nhân Viên Bán Hàng Lương Trên 10 Triệu Đi Làm Ngay,sales,Vieclam24h,https://vieclam24h.vn/ban-hang-kinh-doanh/nu-nhan-vien-ban-hang-luong-tren-10-trieu-di-lam-ngay-c13p122id200804231.html,2026-04-14T18:49:44.411110
scraped_vieclam24h_00046,Công Ty TNHH Hương Phạm - Thời,,,Hồ Chí Minh,0,0,full-time,any,0,high,Công Ty TNHH Hương Phạm - Thời Trang Scentsun,other,Vieclam24h,https://vieclam24h.vn/ke-toan/ke-toan-ban-hang-khong-yeu-cau-kinh-nghiem-c17p73id200804205.html,2026-04-14T18:49:44.411199
scraped_vieclam24h_00048,Kế Toán Thuế - Mức Lương 15-,,,Hồ Chí Minh,18000000,18000000,full-time,any,0,high,Kế Toán Thuế - Mức Lương 15-18Tr - Đi Làm Ngay,accounting,Vieclam24h,https://vieclam24h.vn/ke-toan/ke-toan-thue-muc-luong-15-18tr-di-lam-ngay-c17p73id200804194.html,2026-04-14T18:49:44.411280
scraped_vieclam24h_00051,Nhân Viên Kế Toán Nội Bộ Thu Nhập Từ,,,Hồ Chí Minh,12000000,12000000,full-time,any,0,high,Nhân Viên Kế Toán Nội Bộ Thu Nhập Từ 12 Triệu,accounting,Vieclam24h,https://vieclam24h.vn/ke-toan/nhan-vien-ke-toan-noi-bo-thu-nhap-tu-12-trieu-c17p73id200793846.html,2026-04-14T18:49:44.411401
scraped_vieclam24h_00052,Nhân Viên Kế Toán - Lương Thử Việc,,,Hồ Chí Minh,14000000,14000000,full-time,any,0,high,Nhân Viên Kế Toán - Lương Thử Việc 14 Triệu - Đi Làm Ngay,accounting,Vieclam24h,https://vieclam24h.vn/ke-toan/nhan-vien-ke-toan-luong-thu-viec-14-trieu-di-lam-ngay-c17p122id200799543.html,2026-04-14T18:49:44.411444
scraped_vieclam24h_00054,Nhân Viên Thu Hồi Tín Dụng Thị,,,Hồ Chí Minh,0,0,full-time,any,0,high,Nhân Viên Thu Hồi Tín Dụng Thị Trường,other,Vieclam24h,https://vieclam24h.vn/van-tai-lai-xe-giao-nhan/nhan-vien-thu-hoi-tin-dung-thi-truong-c16p85id200800886.html,2026-04-14T18:49:44.411529
scraped_vieclam24h_00056,Nhân Viên Kế Toán Nội Bộ - Lương 10 -,,,Hồ Chí Minh,20000000,20000000,full-time,any,0,high,Nhân Viên Kế Toán Nội Bộ - Lương 10 - 20 Triệu (Bắc Từ Liêm),accounting,Vieclam24h,https://vieclam24h.vn/ke-toan/nhan-vien-ke-toan-noi-bo-luong-10-20-trieu-bac-tu-liem-c17p73id200803470.html,2026-04-14T18:49:44.411623
scraped_vieclam24h_00057,Nhân Viên Cứu Hộ Bể Bơi Tại Vingroup Lương 11-,,,Hồ Chí Minh,25000000,25000000,full-time,any,0,high,Nhân Viên Cứu Hộ Bể Bơi Tại Vingroup Lương 11-25 Triệu,other,Vieclam24h,https://vieclam24h.vn/an-ninh-bao-ve/nhan-vien-cuu-ho-be-boi-tai-vingroup-luong-11-25-trieu-c2p73id200789087.html,2026-04-14T18:49:44.411666
scraped_vieclam24h_00058,Nhân Viên,,,Hồ Chí Minh,0,0,full-time,any,0,high,Nhân Viên Trực Camera Nhà Máy HonDa - Vĩnh Phúc,other,Vieclam24h,https://vieclam24h.vn/an-ninh-bao-ve/nhan-vien-truc-camera-nha-may-honda-vinh-phuc-c2p89id200766358.html,2026-04-14T18:49:44.411715
scraped_vieclam24h_00059,Quản Lý /,,,Hồ Chí Minh,25000000,25000000,full-time,any,0,high,Quản Lý / Trợ Lý Dự Án Vận Hành Thu Nhập Từ 12-25 Triệu Ưu Tiên Biết Tiếng Anh - Nhận Việc Ngay,other,Vieclam24h,https://vieclam24h.vn/an-ninh-bao-ve/quan-ly-tro-ly-du-an-van-hanh-thu-nhap-tu-12-25-trieu-uu-tien-biet-tieng-anh-nhan-viec-ngay-c2p73id200797370.html,2026-04-14T18:49:44.411761
scraped_vieclam24h_00060,Nhân Viên Bảo Vệ,,,Hồ Chí Minh,0,0,full-time,any,0,high,Nhân Viên Bảo Vệ Trường Quốc Tế,security,Vieclam24h,https://vieclam24h.vn/an-ninh-bao-ve/nhan-vien-bao-ve-truong-quoc-te-c2p122id200803831.html,2026-04-14T18:49:44.411802
scraped_vieclam24h_00061,Chi Nhánh Bắc Ninh - Công Ty TNHH Dịch Vụ Bảo Vệ Quang,,,Hà Nội,0,0,full-time,any,0,high,Chi Nhánh Bắc Ninh - Công Ty TNHH Dịch Vụ Bảo Vệ Quang Trung Hà Nội,security,Vieclam24h,https://vieclam24h.vn/an-ninh-bao-ve/can-bo-phong-nghiep-vu-co-dong-c2p73id200804680.html,2026-04-14T18:49:44.411848
scraped_vieclam24h_00062,Đội,,,Hồ Chí Minh,0,0,full-time,any,0,high,Đội Trưởng Đội Bảo Vệ (Bình Thạnh) - Đi Làm Ngay,other,Vieclam24h,https://vieclam24h.vn/an-ninh-bao-ve/doi-truong-doi-bao-ve-binh-thanh-di-lam-ngay-c2p122id200791675.html,2026-04-14T18:49:44.411893
scraped_vieclam24h_00063,Nhân Viên Bảo Vệ - Thủ Đức - Hỗ,,,Hồ Chí Minh,0,0,full-time,any,0,high,Nhân Viên Bảo Vệ - Thủ Đức - Hỗ Trợ Chi Phí Ăn,security,Vieclam24h,https://vieclam24h.vn/an-ninh-bao-ve/nhan-vien-bao-ve-thu-duc-ho-tro-chi-phi-an-c2p122id200792427.html,2026-04-14T18:49:44.411936
scraped_vietnamworks_algolia_00000,Phó Tổng Giám Đốc Phụ Trách Kinh Doanh (Hà Nội),Công Ty Cổ Phần Chứng Khoán Up,,Hà Nội,4000,6000,full-time,any,0,high,"Tham mưu cho Tổng Giám đốc xây dựng chiến lược phát triển kinh doanh tổng thể của Công ty. Quản lý và điều hành các hoạt động kinh doanh chính gồm: Môi giới chứng khoán, Tư vấn đầu tư, Ngân hàng đầu tư (IB), Tự doanh . Xây dựng và triển khai kế hoạch doanh thu,... Yêu cầu: Tốt nghiệp Đại học trở lên chuyên ngành Tài chính, Ngân hàng, Chứng khoán, Kinh tế hoặc liên quan . Có tối thiểu 10 năm kinh nghiệm trong lĩnh vực chứng khoán/tài chính; trong đó 5 năm ở vị trí quản lý cấp cao . Có kinh nghiệm quản lý hoặc triển khai các mảng Môi...",sales,VietnamWorks_Algolia,https://www.vietnamworks.com/viec-lam/pho-tong-giam-doc-phu-trach-kinh-doanh-ha-noi-2022850,2026-04-14T19:30:40.026614
scraped_vietnamworks_algolia_00001,Senior Poultry Nutritionist,CÔNG TY TNHH AB AGRI VIỆT NAM,,Hồ Chí Minh,0,0,full-time,any,3,university,"The Role & Key Responsibilities Job Title: Senior Poultry Nutritionist Location: Ho Chi Minh City, Vietnam. Contract and shift pattern: Permanent contract and normal working time from Mon to Fri, 8:30 - 17:30. To support ABAV’s Technical & Commercial Teams in the technical field; to promote AB Agri as a trusted partner in terms of livestock feed... Yêu cầu: • University degree in Animal Science, Animal Nutrition or Veterinary Medicine • 7- 8 years’ experience in feed mill or within large scale poultry production with hands on nutrition / formulation responsibilities • 3 - 5 years’ experience as a technical consultant or nutritional advisor • Fluent in English to be able to speak English well;...",other,VietnamWorks_Algolia,https://www.vietnamworks.com/viec-lam/senior-poultry-nutritionist-2025948,2026-04-14T19:30:40.026776
scraped_vietnamworks_algolia_00002,Sales Admin Modern Trade Channel,Công Ty TNHH I.P. One (Việt Nam),,Hồ Chí Minh,0,0,full-time,any,1,high,"• Receive original or advance copies of customer PO. • Check PO date, pricing, and related information for accuracy. • Create, process, and monitor Sales Orders on sales tools system, ensure timely and accurate order processing. • Liaise between Sales and Logistic Dept., discuss and coordinate inventory availability and delivery schedules. • Follow up on order fulfillment and... Yêu cầu: • Minimum of 1 year of experience as a Sales Admin, experience in the FMCG industry is a plus. • Proficient in Microsoft Office (especially Excel). • Familiar with Sales tool and SAP system is a plus. • Strong analytical and reporting skills. • Strong organizational, detail-oriented, careful, responsible, and proactive. • Good communication by english and teamwork skills.",sales,VietnamWorks_Algolia,https://www.vietnamworks.com/viec-lam/sales-admin-modern-trade-channel-2027407,2026-04-14T19:30:40.026917
scraped_vietnamworks_algolia_00003,Senior Data Scientist,CÔNG TY CỔ PHẦN VINSMART FUTURE,,Hồ Chí Minh,0,0,full-time,any,3,university,"• Develop and maintain quantitative models to drive user growth efficiency, including segmentation, propensity, and recommendation models for key problems such as retention, activation, conversion, and monetization. • Design and analyze A/B tests, uplift experiments, and causal inference studies to measure the true impact of marketing campaigns or policy changes. • Build and train uplift and... Yêu cầu: • Bachelor’s degree or higher; Master’s degree or published research is preferred. • In-depth knowledge of Data Platforms/Data Science. • Proficient in Python and SQL/NoSQL. • At least 3 years of experience in Data Science projects. • Strong ability to research and apply English-language materials. Technical Competencies • Proficient in Data Platforms and Data Science. • Skilled in Python, SQL/NoSQL, Git,...",other,VietnamWorks_Algolia,https://www.vietnamworks.com/viec-lam/senior-data-scientist-2027481,2026-04-14T19:30:40.027041
scraped_vietnamworks_algolia_00004,Legal Manager,"CÔNG TY CỔ PHẦN NGHIÊN CỨU, PHÁT TRIỂN VÀ ỨNG DỤNG ROBOT HÌNH NGƯỜI VINDYNAMICS",,Hà Nội,0,0,full-time,any,5,university,"At VinDynamics, we build home assistive robots that will help billions of people and families across the world. We are seeking talented and self-driven employees to join our stellar team. Key Responsibilities: • Set up and manage the overall legal and compliance framework for the company, ensuring alignment with both local and international standards. • Advise and recommend practical... Yêu cầu: • Bachelor’s degree in Law; Vietnamese Lawyer License is required • 5+ years of experience in legal roles • Proven experience in setting up or managing legal structures for overseas companies (U.S. or other markets). • Strong knowledge of Vietnamese corporate, commercial, and labor laws; understanding of international legal frameworks. • Excellent English communication skills (both written and verbal). • Strong sense of ownership, responsibility,...",other,VietnamWorks_Algolia,https://www.vietnamworks.com/viec-lam/legal-manager-1997981,2026-04-14T19:30:40.027159
scraped_vietnamworks_algolia_00005,SAP Senior Consultant - SAP Integrated Business Planning (Ibp) (AMS Project),Deloitte Consulting SEA,,Hồ Chí Minh,0,0,full-time,any,0,high,"Are you ready to unleash your potential? At Deloitte, our purpose is to make an impact that matters for our clients, our people, and the communities we serve. We believe we have a responsibility to be a force for good, and WorldImpact is our portfolio of initiatives focused on making a tangible impact on society’s... Yêu cầu: At Deloitte, our purpose is to make an impact that matters for our clients, our people, and the communities we serve. We believe we have a responsibility to be a force for good, and WorldImpact is our portfolio of initiatives focused on making a tangible impact on society’s biggest challenges and creating a...",other,VietnamWorks_Algolia,https://www.vietnamworks.com/viec-lam/sap-senior-consultant-sap-integrated-business-planning-ibp-ams-project-2025242,2026-04-14T19:30:40.027276
scraped_vietnamworks_algolia_00006,Trưởng Phòng Chính Sách Đãi Ngộ & Quản Trị Hiệu Quả Làm Việc,Ngân Hàng TNHH MTV Kỷ Nguyên Thịnh Vượng - GPBank,,Hà Nội,0,75000000,full-time,any,5,university,"MỤC ĐÍCH CÔNG VIỆC Phát triển nền tảng, xây dựng chính sách và tổ chức triển khai thực hiện các chương trình nhân sự của Ngân hàng liên quan đến các mảng hoạt động: Quản lý Đãi ngộ & Ngân sách nhân sự; Quản trị Hiệu quả Làm việc; Quản lý cơ cấu tổ chức... Yêu cầu: 1. Trình độ Học vấn: Đại học/ Trên Đại học chuyên ngành Quản trị nhân sự/ Quản trị kinh doanh/ Tài chính/ Ngân hàng 2. Kinh nghiệm Liên quan: • Có ít nhất 5 năm kinh nghiệm giữ các chức vụ quản lý/lãnh đạo tại các tổ chức ngân hàng, tài chính, FMCG và các doanh...",other,VietnamWorks_Algolia,https://www.vietnamworks.com/viec-lam/truong-phong-chinh-sach-djai-ngo-and-quan-tri-hieu-qua-lam-viec-2028321,2026-04-14T19:30:40.027393
scraped_vietnamworks_algolia_00007,Giám Sát Vận Hành - Khu Vực Miền Nam và Miền Trung,GSM,,Hồ Chí Minh,1500,800000000,full-time,any,3,college,"Mục tiêu công việc Phụ trách tổng hợp dữ liệu, theo dõi hiệu suất, xây dựng báo cáo vận hành và xử lý các nghiệp vụ liên quan đến CSKH, gian lận, lịch sử xử lý vi phạm... nhằm đảm bảo hoạt động được vận hành trơn tru, chính xác và tuân thủ quy trình. Cao đẳng/Đại học các ngành liên quan: Ô tô, Vận tải, Quản trị nhân sự, Data hoặc tương đương. Sử dụng các công cụ phân tích dữ liệu, Power BI, Excel,... , biết đọc và xử lý Data Có kinh nghiệm tối thiểu 3 năm liên quan lĩnh vực điều phối vận tải Khả năng xử lý...",other,VietnamWorks_Algolia,https://www.vietnamworks.com/viec-lam/giam-sat-van-hanh-khu-vuc-mien-nam-va-mien-trung-2027872,2026-04-14T19:30:40.027513
scraped_vietnamworks_algolia_00008,Chuyên Gia Quản Trị Rủi Ro Tín Dụng (Lương Upto 70 Triệu),Ngân Hàng TNHH MTV Kỷ Nguyên Thịnh Vượng - GPBank,,Hà Nội,50000000,70000000,full-time,any,6,university,"MỤC ĐÍCH CÔNG VIỆC: • Nhằm xây dựng các chính sách, quy trình, các công cụ, hệ thống cảnh báo sớm quản trị danh mục tín dụng với từng phân khúc và tham gia xây dựng mô hình rủi ro, mô hình số hóa và tự động hóa nhằm quản lý rủi ro tín dụng của... Yêu cầu: 1. Trình độ Học vấn: • Tốt nghiệp Đại học trở lên chuyên ngành Ngân hàng, Kinh tế, Tài chính, Quản trị Kinh doanh, Luật. … • FRM là một lợi thế 2. Các Kinh nghiệm liên quan • Tối thiểu 6 năm trong lĩnh vực ngân hàng trong đó tối thiểu 4 năm liên quan tới lĩnh vực tín...",other,VietnamWorks_Algolia,https://www.vietnamworks.com/viec-lam/chuyen-gia-quan-tri-rui-ro-tin-dung-luong-upto-70-trieu-2028232,2026-04-14T19:30:40.027634
scraped_vietnamworks_algolia_00009,Quản Lý Tài Chính,Công Ty Cổ Phần Sản Xuất Và Kinh Doanh VinMetal,,Hà Nội,0,0,full-time,any,4,university,"Địa điểm làm việc: TechnoPark, Gia Lâm, Hà Nội Dự án: VinMetal – Tổ hợp sản xuất thép công nghiệp tại Vũng Áng, Hà Tĩnh Tham gia và quản lý các giao dịch huy động vốn cho dự án và công ty, bao gồm tài trợ trong nước và quốc tế , với cơ hội làm... Yêu cầu: • Background (Bank-friendly) o 5–10 năm kinh nghiệm tại Ngân hàng (Project Finance / Structured Finance / FI) hoặc Financial Advisory / Corporate Finance o Có deal experience thực tế (execution, không chỉ pitching) • ECA Requirement: Có exposure đến ECA financing , ví dụ: o Tham gia deal có ECA cover o Làm việc với ECAs / export lenders • Core Skills o Financial...",accounting,VietnamWorks_Algolia,https://www.vietnamworks.com/viec-lam/quan-ly-tai-chinh--2006467,2026-04-14T19:30:40.027753
scraped_vietnamworks_algolia_00012,Chuyên Viên Quản Trị Hệ Thống CNTT (Quản Trị Sysadmin) - Mã Số: Vhqt-04,Chi Nhánh Trung Tâm Công Nghệ Thông Tin Tập Đoàn Bảo Việt,,Hà Nội,0,0,full-time,any,3,high,"- Thực hiện quản trị chuyên sâu, cấu hình, tối ưu hiệu năng, giám sát, phân tích log và xử lý các sự cố phức tạp cho toàn bộ hệ thống hạ tầng CNTT tại DC/DR (máy chủ vật lý/ảo hóa, hệ điều hành, lưu trữ, backup, an ninh hệ thống…) nhằm bảo đảm... Yêu cầu: 1. Yêu cầu tối thiểu - Đào tạo: Tốt nghiệp đại học chuyên ngành Tin học, Điện tử tin học, Khoa học máy tính, Truyền thông và mạng máy tính, Kỹ thật phần mềm, Hệ thống thông tin, Công nghệ thông tin, An toàn thông tin, Công nghệ kỹ thuật máy tính, Công nghệ truyền...",other,VietnamWorks_Algolia,https://www.vietnamworks.com/viec-lam/chuyen-vien-quan-tri-he-thong-cntt-quan-tri-sysadmin-ma-so-vhqt-04-2030636,2026-04-14T19:30:40.028083
scraped_vietnamworks_algolia_00013,3D Character Modeler,Công Ty TNHH Nexon Creative Studio VINA,,Hồ Chí Minh,0,0,full-time,any,0,high,"Lưu ý: Vui lòng nộp CV kèm Portfolio khi ứng tuyển • Thực hiện modeling nhân vật, trang phục, trang bị dựa trên phong cách và concept của dự án • Tạo modeling và texture chất lượng cao cho nhân vật dạng sinh vật hoặc hình người • Đăng ký và quản lý modeling resource trong engine •... Yêu cầu: • Có kinh nghiệm thực tế hoặc tham gia dự án liên quan đến modeling nhân vật • Thành thạo tạo mô hình Low-poly hoặc phong cách Realistic • Hiểu biết về cấu trúc khuôn mặt, trang phục và cơ thể người • Sử dụng thành thạo nhiều công cụ trong số sau: 3Ds Max / Maya...",other,VietnamWorks_Algolia,https://www.vietnamworks.com/viec-lam/3d-character-modeler--2011926,2026-04-14T19:30:40.028201
scraped_vietnamworks_algolia_00014,Chuyên Viên Kinh Doanh Kênh Horeca,Công Ty TNHH Chăn Nuôi Việt Nhật - Công Ty Thành Viên Của Vinamilk,,Hồ Chí Minh,1000,600000000,full-time,any,1,high,"• Tìm kiếm, mở rộng điểm bán kênh nhà hàng, khách sạn, B2B • Đề xuất điều kiện hợp đồng, báo giá, chiết khấu, hoạt động marketing với đối tác • Thu thập dữ liệu về số lượng hàng bán, doanh thu từ ngành hàng • Làm việc với phòng marketing nội bộ cho kế hoạch marketing... Yêu cầu: • Tốt nghiệp Cao Đẳng trở lên • Đã có ít nhất 1 năm kinh nghiệm bán hàng kênh Horeca ưu tiên mảng sản phẩm từ thịt • Có mối quan hệ tốt với các siêu thị hoặc nhà hàng cao cấp, khách sạn 4-5 sao, nhà nhập khẩu và phân phối • Có thể giao tiếp...",sales,VietnamWorks_Algolia,https://www.vietnamworks.com/viec-lam/chuyen-vien-kinh-doanh-kenh-horeca-2016001,2026-04-14T19:30:40.028312
scraped_vietnamworks_algolia_00015,Environment Concept Artist,Công Ty TNHH Nexon Creative Studio VINA,,Hồ Chí Minh,0,0,full-time,any,0,high,1. Khái quát về vị trí Sản xuất background concept art phù hợp với tựa game Mabinogi Mobile 2. Công việc chủ yếu Sản xuất sheet dùng để thiết kế concept và modeling cho dungeon/thị trấn/field Yêu cầu: - Hiểu rõ về phong cách đồ họa của Mabinogi Mobile - Có khả năng vẽ tay cấu trúc không gian 3D - Hiểu biết về nghệ thuật đánh đèn (lighting) - Am hiểu về sự hài hòa màu sắc Ưu tiên - Có kinh nghiệm sử dụng SketchUp hoặc Unity ProBuilder để dựng cấu trúc nguyên...,other,VietnamWorks_Algolia,https://www.vietnamworks.com/viec-lam/environment-concept-artist--2014862,2026-04-14T19:30:40.028411
scraped_vietnamworks_algolia_00016,Technical Artist,Công Ty TNHH Nexon Creative Studio VINA,,Hồ Chí Minh,0,0,full-time,any,0,high,"1. Khái quát về vị trí (Position Summary) - Tên vị trí: Technical Artist - Engine đảm nhận: Unity - Vai trò chủ yếu: Đóng vai trò cầu nối kỹ thuật giữa team Art và team Engineering, đồng thời tối ưu hóa quy trình (pipeline) sản xuất content 2. Công việc chủ yếu (Responsibilities) - Xây dựng và... Yêu cầu: - Có kinh nghiệm thực tế hoặc từng tham gia thực hiện các dự án liên quan - Am hiểu về Unity engine và rendering pipeline - Có khả năng phát triển công cụ bằng ngôn ngữ C# - Am hiểu về việc tích hợp pipeline của các công cụ Art như Maya/Blender/Substance... - Có kỹ năng giải...",other,VietnamWorks_Algolia,https://www.vietnamworks.com/viec-lam/technical-artist--2014857,2026-04-14T19:30:40.028509
scraped_vietnamworks_algolia_00017,Chuyên Viên Kiến Trúc Giải Pháp (Solution Architect) - Mã Số: Ptud-04,Chi Nhánh Trung Tâm Công Nghệ Thông Tin Tập Đoàn Bảo Việt,,Hà Nội,0,0,full-time,any,2,high,"Phân tích yêu cầu & đánh giá giải pháp: - Làm việc với các bên liên quan (nghiệp vụ, kỹ thuật, Ban lãnh đạo) để nắm bắt mục tiêu, yêu cầu và ràng buộc của dự án - Đánh giá yêu cầu hệ thống, xác định rủi ro tiềm ẩn, cân đối giữa hiệu suất, chi... Yêu cầu: 1. Yêu cầu tối thiểu 1.1. Trình độ chuyên môn - Đào tạo: Tốt nghiệp Đại học chuyên ngành Công nghệ thông tin, Khoa học máy tính, Công nghệ phần mềm, Hệ thống thông tin hoặc các ngành liên quan. Ưu tiên ứng viên có bằng Thạc sĩ. - Tiếng Anh: Đọc hiểu tài liệu kỹ thuật...",other,VietnamWorks_Algolia,https://www.vietnamworks.com/viec-lam/chuyen-vien-kien-truc-giai-phap-solution-architect-ma-so-ptud-04-2030660,2026-04-14T19:30:40.028571
scraped_vietnamworks_algolia_00018,Ecommerce QA and Launch Lead,WOWSUITE SOFTWARE,,Hồ Chí Minh,0,0,full-time,any,3,high,"SHOPIFY, CTRWOW, CHECKOUT, CRM, PAYMENTS, EVERFLOW AD OPS PURPOSE Own campaign readiness and release quality across CTRwow funnels and Shopify stores. Test and validate full customer journeys, tracking, payments, and CRM flows, ensuring launches are correct, stable, and measurable. Own ad operations readiness in Everflow to ensure clean attribution and partner reporting. Develop into Launch Project Manager by owning... Yêu cầu: SKILLS AND QUALIFICATIONS • 3 plus years experience in ecommerce QA, manual testing, or funnel and checkout testing, or strong internal promotion track record • Strong understanding of ecommerce journeys, checkout logic, subscriptions, and refunds • Hands on experience with Shopify and funnel builders such as CTRwow • Working knowledge of CRMs and lifecycle messaging systems, including multi tool environments • Working knowledge of...",other,VietnamWorks_Algolia,https://www.vietnamworks.com/viec-lam/ecommerce-qa-and-launch-lead-2011832,2026-04-14T19:30:40.028641
scraped_vietnamworks_algolia_00019,Trưởng Phòng Kinh Doanh Ở HCM,Công Ty TNHH Draho Việt Nam,,Hồ Chí Minh,20000000,50000000,full-time,<35,2,college,"Mô tả công việc: • Quản lý đội ngũ nhân viên kinh doanh nhằm đạt mục tiêu tăng trưởng và doanh số. • Phát triển mảng dự án mới, tập trung vào các dự án công của nhà nước. • Hoạch định và triển khai chiến lược kinh doanh nhằm mở rộng tệp khách hàng và tăng... Yêu cầu: • Trình độ: Cao đẳng trở lên. • Độ tuổi: 29 – 35. • Kinh nghiệm: Tối thiểu 2 năm ở vị trí tương đương. • Kiến thức: - Có kinh nghiệm quản lý đội nhóm kinh doanh. - ...",sales,VietnamWorks_Algolia,https://www.vietnamworks.com/viec-lam/truong-phong-kinh-doanh-o-hcm-2032939,2026-04-14T19:30:40.028699
scraped_vietnamworks_algolia_00020,Trưởng Phòng Thiết Kế Cơ Điện (MEP Manager) – Dự Án Công Nghiệp & FDI | Thu Nhập Cạnh Tranh Cao,GIZA GROUP,,Hà Nội,0,0,full-time,<45,5,university,"Vai trò của bạn tại GIZA GROUP Bạn sẽ là người dẫn dắt toàn bộ hoạt động thiết kế MEP, đảm bảo chất lượng kỹ thuật, tối ưu chi phí và đáp ứng yêu cầu của các dự án công nghiệp quy mô lớn. Trách nhiệm chính • Xây dựng và triển khai chiến lược phát triển bộ... Yêu cầu: Chân dung ứng viên lý tưởng • Tốt nghiệp Đại học chuyên ngành: Điện, Điện – Điện tử, Tự động hóa, Cơ điện • Tối thiểu 5+ năm kinh nghiệm, trong đó có kinh nghiệm quản lý/leader • Ưu tiên ứng viên từng tham gia dự án FDI, ODA, nhà xưởng, khu công nghiệp • Am hiểu tiêu chuẩn,...",skilled,VietnamWorks_Algolia,https://www.vietnamworks.com/viec-lam/truong-phong-thiet-ke-co-dien-mep-manager-du-an-cong-nghiep-fdi-thu-nhap-canh-tranh-cao-2032804,2026-04-14T19:30:40.028767
scraped_vietnamworks_algolia_00021,Senior Java Backend Developer,Công ty Cổ phần Công nghệ và Dịch vụ phần mềm Lạc Long Quân,,Hà Nội,0,30000000,full-time,any,2,high,"- Phát triển và duy trì các hệ thống vệ tinh ngân hàng (LOS, CMS, Payment...) và lõi xử lý cho QA Platform. - Tối ưu hóa hiệu năng hệ thống với Redis Caching. - Thực hiện tìm kiếm nâng cao qua Elasticsearch. - Thiết kế và triển khai luồng dữ liệu quy mô lớn sử dụng... Yêu cầu: - Tốt nghiệp từ Cao đẳng trở lên - chuyên ngành CNTT hoặc lĩnh vực liên quan. - Tối thiểu 2 năm kinh nghiệm thực chiến với Java/Spring Boot. - Am hiểu về Message Broker (Kafka) và cơ chế Caching (Redis). - Có kinh nghiệm phát triển các hệ thống ngân hàng là một lợi thế. - Kỹ...",other,VietnamWorks_Algolia,https://www.vietnamworks.com/viec-lam/senior-java-backend-developer-2032846,2026-04-14T19:30:40.028829
scraped_vietnamworks_algolia_00022,Flutter Developer - Mobile & Web,Công ty Cổ phần Công nghệ và Dịch vụ phần mềm Lạc Long Quân,,Hà Nội,0,30000000,full-time,any,2,high,"- Phát triển ứng dụng đa nền tảng trên cả Mobile và Flutter Web. - Xây dựng Dashboard điều khiển cho QA Platform, hiển thị log và tín hiệu real-time qua MQTT. - Tối ưu hiệu năng render trên Web (Canvas Kit/HTML), đảm bảo mượt mà như App Native. - Tham gia vào quy trình phát triển... Yêu cầu: - Tốt nghiệp từ Cao đẳng trở lên - chuyên ngành CNTT hoặc lĩnh vực liên quan. - Tối thiểu 2 năm kinh nghiệm phát triển ứng dụng với Flutter. - Có kinh nghiệm làm việc với các công nghệ web như HTML, CSS, JavaScript. - Hiểu biết về MQTT và các giao thức truyền thông khác. -...",other,VietnamWorks_Algolia,https://www.vietnamworks.com/viec-lam/flutter-developer-mobile-and-web-2032854,2026-04-14T19:30:40.028890
scraped_vietnamworks_algolia_00023,General Accountant (Manufacturing),Vietnamworks' Client,,Hồ Chí Minh,0,0,full-time,any,7,university,"**Company Overview:** We are a leading company in the textile, garment, and apparel manufacturing industry, known for producing high-quality products for global markets. Our operations include integrated supply chain management, from raw material sourcing to finished apparel delivery. We pride ourselves on innovation, quality, and sustainable practices, serving major international brands and retailers.... Yêu cầu: **Qualifications:** - Vietnam Nationals Only - Bachelor’s degree in Accounting, Finance, or related field; CPA or equivalent certification is preferred. - At least 5 - 7 years of proven accounting experience and management within the textile, garment, or apparel industry. - Deep understanding of industry-specific accounting practices, supply chain, inventory management, and manufacturing costs....",other,VietnamWorks_Algolia,https://www.vietnamworks.com/viec-lam/general-accountant-manufacturing--2032855,2026-04-14T19:30:40.028952
scraped_vietnamworks_algolia_00024,Giám Đốc Nhà Máy (Factory Director),Công Ty Cổ Phần Sakos,,Tiền Giang,30000000,40000000,full-time,<40,3,university,"Công Ty CP SAKOS Việt Nam thuộc Tập đoàn Sakostyle Hoa Kỳ là công ty chuyên sản xuất, thương mại sản phẩm hành lý (vali, balo, cặp, túi xách, phụ kiện,…) đang TUYỂN GẤP GIÁM ĐỐC NHÀ MÁY tài năng để cùng chúng tôi mở rộng thương hiệu và mang lại những giá trị... Yêu cầu: ***Bắt buộc: - Tốt nghiệp Đại học chuyên ngành Kỹ Thuật - Có kinh nghiệm hơn 3 năm trở lên về quản lý sản xuất (trong đó cần có kinh nghiệm quản lý) - Kỹ năng quản lý đội ngũ và điều hành sản xuất - Tiếng Anh giao tiếp tốt trong công việc 04 kỹ năng...",production,VietnamWorks_Algolia,https://www.vietnamworks.com/viec-lam/giam-doc-nha-may-factory-director--2032915,2026-04-14T19:30:40.029021
scraped_vietnamworks_algolia_00025,Trưởng Phòng Telemarketing,Tổng Công Ty Cổ Phần Bảo Hiểm Sài Gòn - Hà Nội (Bsh),,Hà Nội,0,0,full-time,any,5,high,"- Xây dựng và kiểm chứng mô hình telesales (giai đoạn nền): + Thiết kế phễu telesales cơ bản: Lead → Contact → Interested → Sale; + Thử nghiệm và tối ưu: kịch bản gọi, thông điệp bán hàng, phân khúc khách hàng, thời điểm và tần xuất gọi; + Xác định baseline: tỷ lệ chuyển đổi, CAC... Yêu cầu: Yêu cầu công việc: - Trình độ học vấn: Tốt nghiệp Đại học trở lên các ngành: Kinh tế, Tài chính – Bảo hiểm, Quản trị kinh doanh hoặc các ngành có liên quan; - Kinh nghiệm: + Có trên 03 năm kinh nghiệm trong lĩnh vực Telesales/ Direct sales/ Call center; + Có kinh nghiệm bán hàng dựa...",other,VietnamWorks_Algolia,https://www.vietnamworks.com/viec-lam/truong-phong-telemarketing--2032963,2026-04-14T19:30:40.029087
scraped_vietnamworks_algolia_00026,Chuyên viên tuyển dụng,Công Ty Cổ Phần Nosco Shipyard,,Quảng Ninh,500000000,700000000,full-time,any,1,university,"Tiếp nhận và phân tích nhu cầu tuyển dụng từ các phòng ban Lập kế hoạch tuyển dụng theo tháng/quý/năm Đăng tin tuyển dụng trên các kênh (job sites, social media, nội bộ…) Tìm kiếm và sàng lọc hồ sơ ứng viên phù hợp Thực hiện phỏng vấn (phone interview, trực tiếp) Phối hợp với các quản lý để... Yêu cầu: Yêu cầu công việc Tốt nghiệp Đại học chuyên ngành Quản trị Nhân lực, Kinh tế hoặc liên quan Có từ 1–3 năm kinh nghiệm tuyển dụng Kỹ năng giao tiếp, phỏng vấn và đánh giá ứng viên tốt Có khả năng làm việc độc lập và chịu áp lực cao",other,VietnamWorks_Algolia,https://www.vietnamworks.com/viec-lam/chuyen-vien-tuyen-dung-2033104,2026-04-14T19:30:40.029156
scraped_vietnamworks_algolia_00027,Kỹ Sư QS Cơ Điện/Xây Dựng,Eurowindow Holding,,Hà Nội,0,0,full-time,any,3,high,"- Kiểm tra, lập tiên lượng mời thầu các gói thầu xây lắp. - Chấm thầu, lập giá gói thầu các gói thầu thi công xây lắp. - Kiểm tra, kiểm soát các hồ sơ thanh quyết toán về khối lượng, chất lượng và đơn giá các gói thầu thi công xây lắp. - Kiểm tra khối lượng, chất lượng và... Yêu cầu: - Tốt nghiệp Đại học chính quy trở lên chuyên ngành Kinh tế kỹ thuật, Kinh tế Xây dựng, Quản lý Dự án hoặc Chuyên ngành khác có liên quan. - Tối thiểu từ 3 năm kinh nghiệm làm việc trong lĩnh vực xây dựng. Có kinh nghiệm bóc khối lượng, làm dự toán. - Có kỹ năng về...",skilled,VietnamWorks_Algolia,https://www.vietnamworks.com/viec-lam/ky-su-qs-co-djienxay-dung-2033127,2026-04-14T19:30:40.029215
scraped_vietnamworks_algolia_00028,Giám Đốc Vận Hành,Cocolux - Chuỗi Bán Lẻ Mỹ Phẩm Chính Hãng.,,Hà Nội,0,2000,full-time,any,5,university,"Vai trò, chức năng: - Tham mưu BGĐ về thực thi kế hoạch hoạt động kinh doanh offline của Công ty - Triển khai chỉ đạo, sử dụng và quản lý chất lượng các nguồn lực (Tài chính – Hàng hoá – Khách hàng - Nhân lực nội bộ) để đảm bảo kế hoạch kinh doanh được... Yêu cầu: Trình độ học vấn tối thiểu - Tốt nghiệp Đại học về chuyên ngành QTKD hoặc các chuyên ngành khác có liên quan Kinh nghiệm tối thiểu - 5 năm kinh nghiệm trong ngành bán lẻ - Ít nhất 2 năm ở vị trí Quản lý vận hành chuỗi ≥5 điểm bán hoặc tương đương. - Ưu tiên ứng viên đã từng...",other,VietnamWorks_Algolia,https://www.vietnamworks.com/viec-lam/giam-doc-van-hanh--2032812,2026-04-14T19:30:40.029274
scraped_vietnamworks_algolia_00029,Nhân Viên Kinh Doanh Sàn TMĐT,Công Ty TNHH Syn Style,,Hồ Chí Minh,0,0,full-time,any,2,high,"• Tạo mới, listing sản phẩm và thực hiện vận hành đảm bảo hoạt động hàng ngày của shop mall, triển khai kế hoạch bán hàng và marketing trên các kênh thương mại điện tử • Đảm bảo thực hiện đúng các quy định, chính sách của sàn TMĐT và công ty • Điều phối và... Yêu cầu: • Tốt nghiệp Cao Đẳng trở lên • Có kinh nghiệm ít nhất 2 năm vận hành TMĐT • Phân tích số liệu, quản lý ngân sách. • Biết sử dụng cơ bản canva hoặc các công cụ tương tự phục vụ công việc • Khả năng quản lý thời gian, chủ động và khả năng hoàn thành...",sales,VietnamWorks_Algolia,https://www.vietnamworks.com/viec-lam/nhan-vien-kinh-doanh-san-tmdjt-2033029,2026-04-14T19:30:40.029361
scraped_vietnamworks_algolia_00030,"Customer Service (Female, Age: 21 - 28)",Công Ty TNHH SUPER DRY (Việt Nam),,Hồ Chí Minh,1200,950000000,full-time,<35,0,high,"About the role and responsibilities: • Manage all customer inquiries and complaints in a timely and professional manner. • Responsible for the full B2B order, including collecting customer data, preparing quotations, providing product recommendations, preparing all order-related documents, processing orders, coordinating customs clearance (if required), arranging delivery, ensuring effective after-sales support, etc. • Collaborate closely with... Yêu cầu: • Age: 21 – 28 • Gender: Female • Bachelor’s degree in a related field • Proficiency in English (required); knowledge of Chinese is highly preferred. • Experience in B2B customer service, sales support, or order management is an advantage (preferred but not required) • Strong communication and interpersonal skills, with a customer-oriented mindset. • Good problem-solving abilities and capacity...",service,VietnamWorks_Algolia,https://www.vietnamworks.com/viec-lam/customer-service-female-age-21-28--2032998,2026-04-14T19:30:40.029429
scraped_vietnamworks_algolia_00031,Consumer Loan Operation Staff,Cathay United Bank,,Hồ Chí Minh,0,0,full-time,any,2,university,"***Job Responsibilities: • Independently prepare and review regulatory required external reports (CIC, SBV…). • Compliance with internal and external regulations to process transactions, reports and documentary correctly. e.g. AML alert checking, freeze/unfreeze action, debt group reclassify change etc. • To learn and enrich professional knowledge and skills positively. . e.g. Independently conduct system optimization (BRD design, UAT... Yêu cầu: 1. Professional Requirement: • Background in Consumer banking industry and solid understanding of loan operations procedure, external regulations and regulatory required reports. • Good knowledge in MS Office applications, including Word, Excel and PowerPoint • Able to work independently and have strong sense of responsibility • Experience in digital loan process, independently lead and conduct system enhancement is...",other,VietnamWorks_Algolia,https://www.vietnamworks.com/viec-lam/consumer-loan-operation-staff-2033119,2026-04-14T19:30:40.029489
scraped_vietnamworks_algolia_00032,Senior Transfer Pricing Consultant,"Crowe Vietnam Co., Ltd",,Hà Nội,0,0,full-time,<35,3,university,"This position is part of the Advisory Department of Crowe Vietnam in Hanoi. You will support the Manager in overseeing the Transfer Pricing team, maintaining and developing client relationships, and will be responsible for the following key duties: - Demonstrate deep knowledge of transfer pricing concepts, relevant transfer pricing and tax regulations and effectively apply... Yêu cầu: A bachelor's degree, preferably with a degree in Economics, Business, Accounting, Finance, or an MBA. Minimum 3 years of experience related to Transfer Pricing. Excellent command of spoken and written English and Vietnamese; Excellent Transfer Pricing technical, managerial, organizational, project management, analytical, and verbal/written communication skills; Good knowledge of Vietnam Transfer Pricing Regulations Good knowledge of Global minimum tax...",other,VietnamWorks_Algolia,https://www.vietnamworks.com/viec-lam/senior-transfer-pricing-consultant-2033129,2026-04-14T19:30:40.029549
scraped_vietnamworks_algolia_00033,Head of Sourcing (Funiture),Yes4All Trading Services Company Limited,,Hồ Chí Minh,0,0,full-time,any,5,university,"JOB PURPOSE The Head of Sourcing at Yes4All is responsible for leading and overseeing the company’s end-to-end sourcing strategy across two key product verticals: Sporting Goods and Furniture. This role ensures the procurement of high-quality products at competitive costs while maintaining supply stability, optimal lead times, and scalable vendor capabilities to support Yes4All’s multi-channel trading model... Yêu cầu: Education ● Bachelor’s degree in business administration, Commerce, Supply Chain, or related fields ● Master’s degree or professional certifications are an advantage. Skills ● Strong negotiation, communication, and stakeholder management skills ● Strategic thinking with ability to analyze data and drive decisions ● Project management skills with ability to manage multiple source initiatives ● Leadership and team development capability ● Ability to work effectively in a fast-paced and dynamic...",other,VietnamWorks_Algolia,https://www.vietnamworks.com/viec-lam/head-of-sourcing-funiture-2033139,2026-04-14T19:30:40.029614
scraped_vietnamworks_algolia_00034,[Tuyển Gấp] Kỹ Sư Kết Cấu (Structural Engineer) – Dự Án Công Nghiệp & FDI | Thu Nhập 700 – 1000 USD,GIZA GROUP,,Hà Nội,1000,700000000,full-time,any,0,university,"Bạn sẽ làm gì tại GIZA GROUP? • Tham gia thiết kế kết cấu cho các công trình công nghiệp & dân dụng • Lập phương án kết cấu, bố trí mặt bằng và giải pháp kỹ thuật phù hợp • Thực hiện phân tích mô hình kết cấu theo tiêu chuẩn hiện hành • Triển khai bản vẽ... Yêu cầu: Chúng tôi tìm kiếm bạn nếu: • Tốt nghiệp Đại học chuyên ngành Xây dựng, Kết cấu, Xây dựng Dân dụng & Công nghiệp • Nắm vững QCVN, TCVN và các quy định pháp lý trong xây dựng • Thành thạo: ETABS, SAP2000, AutoCAD, Excel • Có tư duy phân tích tốt, cẩn thận và trách nhiệm • Có khả...",other,VietnamWorks_Algolia,https://www.vietnamworks.com/viec-lam/tuyen-gap-ky-su-ket-cau-structural-engineer-du-an-cong-nghiep-fdi-thu-nhap-700-1000-usd-2032789,2026-04-14T19:30:40.029676
scraped_vietnamworks_algolia_00035,Process Engineer (10 Postions - Working in Hai Phong),Vinfast Global,,Hải Phòng,0,0,full-time,any,3,high,"Responsible for ensuring Process and Controls reliability of the designated shop within VinFast (Body Shop, General Assembly Shop, Press Shop,...) whilst working closely with local Maintenance, Operations and other departments as required. Establish excellent relationships with all functional leaders and external (3rd party) leaders involved in the vehicle and production process development, launch and... Yêu cầu: • At least 3-5 years’ experience in a Mechanical/ndustrial/Process/Controls Engineering role, and a strong technical mindset, preferrable with R&D background. Leadership experience preferred but not essential. Sound Technical knowledge of a highly automated environment. • Experience in project management is a plus • Education: Bachelor’s Degree in mechatronics/mechanical/electronics/automation/robotics • Proficient in Microsoft Office suite (PowerPoint, Word, Excel) •...",other,VietnamWorks_Algolia,https://www.vietnamworks.com/viec-lam/process-engineer-10-postions-working-in-hai-phong--2032604,2026-04-14T19:30:40.029747
scraped_vietnamworks_algolia_00036,Kỹ Sư Presales (Điện Nhẹ / Trạm Sạc Ô Tô Điện),Công ty cổ phần thương mại và công nghệ kỹ thuật Ecome,,Hà Nội,12000000,18000000,full-time,any,1,high,"• Phối hợp kinh doanh khảo sát, thu thập yêu cầu khách hàng. • Tư vấn và đề xuất giải pháp kỹ thuật (điện nhẹ / trạm sạc ô tô điện). • Bóc tách khối lượng, lập BOQ, cấu hình thiết bị. • Làm báo giá kỹ thuật, tài liệu chào thầu. • Chuẩn bị hồ sơ kỹ thuật, catalogue, bản vẽ trình... Yêu cầu: • Tốt nghiệp chuyên ngành Điện, Điện tử, Tự động hóa hoặc liên quan. • Có kinh nghiệm ≥ 1 năm ở vị trí Presale/Thiết kế/Bóc tách khối lượng (ưu tiên điện nhẹ, M&E, năng lượng). • Đọc hiểu bản vẽ kỹ thuật tốt. • Thành thạo Excel, AutoCAD (biết thêm phần mềm khác là lợi thế). • Cẩn thận, tư duy giải...",skilled,VietnamWorks_Algolia,https://www.vietnamworks.com/viec-lam/ky-su-presales-dien-nhe-tram-sac-o-to-dien-2032997,2026-04-14T19:30:40.029813
scraped_vietnamworks_algolia_00037,Nhân Viên Kế Toán,Công Ty Cổ Phần Đầu Tư Xuất Nhập Khẩu Phúc Thịnh,,Hồ Chí Minh,0,35000000,full-time,any,3,university,"• Thực hiện các nghiệp vụ thanh toán tiền mặt, ngân hàng. • Kiểm tra tính hợp lệ, hợp pháp của hồ sơ thanh toán chứng từ đầu vào (hóa đơn, hợp đồng, đề nghị thanh toán…) • Nhập liệu chứng từ kế toán phát sinh hàng ngày vào phần mềm (mua hàng, bán hàng, thu – chi,... Yêu cầu: * Yêu Cầu Công Việc • Tốt nghiệp Cao đẳng/Đại học chuyên ngành: Kế toán, Kiểm toán, Tài chính • Nắm vững chế độ kế toán: Quy định về thuế GTGT, TNDN, TNCN cơ bản • Tối thiểu 1–2 năm kinh nghiệm vị trí tương đương • Ưu tiên: Đã làm doanh nghiệp sản xuất/xuất khẩu, có kinh nghiệm...",accounting,VietnamWorks_Algolia,https://www.vietnamworks.com/viec-lam/nhan-vien-ke-toan--2033037,2026-04-14T19:30:40.029876
scraped_vietnamworks_algolia_00038,"Nhân Viên Kinh Doanh (Lương Cứng 10Tr - 20Tr - Thu Nhập Lên Đến 100Tr/tháng) Tại Hà Nội, Đà Nẵng, Hồ Chí Minh",Công Ty Cổ Phần Thiết Bị Và Dịch Vụ Tce,,Hà Nội,1000,500000000,full-time,<45,2,high,"- Tìm kiếm khách hàng mục tiêu có nhu cầu sử dụng máy công trình như các công ty xây dựng, nhà thầu hoặc các dự án hạ tầng; - Giới thiệu các loại máy công trình, thiết bị xây dựng mà công ty cung cấp: máy xúc, máy ủi, máy nâng hạ, máy trộn... Yêu cầu: - Tốt nghiệp trung cấp trở lên chuyên ngành thương mại, kinh doanh, máy xây dựng, ô tô, kỹ thuật... - Ngoại ngữ: không yêu cầu, biết Tiếng Anh hoặc Tiếng Trung là một lợi thế - Sử dụng thành thạo tin học văn phòng, Internet, có thể sử dụng Power Point trong thuyết trình là...",sales,VietnamWorks_Algolia,https://www.vietnamworks.com/viec-lam/nhan-vien-kinh-doanh-luong-cung-10tr-20tr-thu-nhap-len-den-100tr-thang-tai-ha-noi-da-nang-ho-chi-minh--2032708,2026-04-14T19:30:40.029937
scraped_vietnamworks_algolia_00039,[Tuyển Gấp] Kiến Trúc Sư (Architect) – Thiết Kế Công Trình Công Nghiệp - Lương Upto 1000$,GIZA GROUP,,Hà Nội,1000,700000000,full-time,any,0,high,"Bạn sẽ làm gì tại GIZA GROUP? • Tham gia thiết kế kiến trúc cho các dự án công nghiệp & dân dụng (đặc biệt là dự án FDI quy mô lớn) • Đề xuất ý tưởng thiết kế sáng tạo, tối ưu công năng, chi phí và tính thẩm mỹ • Triển khai hồ sơ thiết kế... Yêu cầu: Chúng tôi tìm kiếm bạn nếu: • Có nền tảng về kiến trúc xây dựng, hiểu rõ tiêu chuẩn – quy chuẩn hiện hành • Thành thạo các phần mềm: AutoCAD, Revit, 3Ds Max, Lumion • Có tư duy thiết kế tốt, chủ động và trách nhiệm trong công việc • Kỹ năng làm việc nhóm và phối hợp...",other,VietnamWorks_Algolia,https://www.vietnamworks.com/viec-lam/tuyen-gap-kien-truc-su-architect-thiet-ke-cong-trinh-cong-nghiep-luong-upto-1000-2032793,2026-04-14T19:30:40.030003
scraped_vietnamworks_algolia_00047,Kỹ Sư Giải Pháp CNTT / Presale Kỹ Thuật,Công Ty Đầu Tư Và Công Nghệ DHA,,Hà Nội,0,1000,full-time,any,1,university,"• Tham gia khảo sát hệ thống CNTT của khách hàng, thu thập yêu cầu và đề xuất giải pháp kỹ thuật phù hợp. • Xây dựng các tài liệu kỹ thuật cho dự án: tài liệu giải pháp, tài liệu thiết kế kỹ thuật, tài liệu thuyết trình cho khách hàng. • Phối hợp với... Yêu cầu: Yêu cầu kiến thức và kinh nghiệm • Tốt nghiệp Đại học chuyên ngành Công nghệ thông tin, Điện tử viễn thông, An toàn thông tin hoặc các ngành liên quan. • Ưu tiên có trên 01 năm kinh nghiệm trong một hoặc nhiều lĩnh vực: triển khai hệ thống CNTT, triển khai giải pháp an...",skilled,VietnamWorks_Algolia,https://www.vietnamworks.com/viec-lam/ky-su-giai-phap-cntt-presale-ky-thuat-2032951,2026-04-14T19:30:40.030506
scraped_vietnamworks_algolia_00048,Senior Officer Technology Risk Management,Techcombank,,Hà Nội,2500,3500,full-time,any,3,high,"JOB PURPOSE 1. Develop and maintain technology risk management framework, policies, procedures, guidelines - Develop principles and methodologies for technology risk management, establishing technology risk limit, key risk indicators ... according to international practices, legal regulations, and internal governance requirements - Standardize risk management activities including identifying, assessing, responding and monitoring technology and information security risks following... Yêu cầu: Experience - At least 3 years of relevant work experience in IT field, IT risk management - Have experience in developing IT risk governance & management framework, risk management policies, procedures and guidelines. - Have experience in IT infrastructure operation/ IT Architecture/ Cybersecurity operation/ DevSecOps/ Cloud Computing - Have experience in IT Audit, IT compliance & assurance Expertise -...",other,VietnamWorks_Algolia,https://www.vietnamworks.com/viec-lam/senior-officer-technology-risk-management--2033123,2026-04-14T19:30:40.030564
scraped_vietnamworks_algolia_00049,Warehouse Manager,Công Ty TNHH Taisun Việt Nam,,Hồ Chí Minh,0,0,full-time,any,3,university,"- To check the warhouse overview (cleaning, goods arrangement, employees' working style). - Directly manager the group incharge Main raw material. - To deploy the important decision/ instruction from BOD/ HR to all WHS employees - To check the WHS Capacity to annouce related dept. to balance the goods. - Support the WHS accountant's job when anyone off -... Yêu cầu: Education and Experience: - Bachelor’s degree in Business or related field required; - Three years of experience as a manager, or similar relevant position required. Required Skills/Abilities: - Excellent verbal and written communication skills. - Excellent interpersonal and negotiation skills with a proven ability to create and maintain positive working relationships with vendors, suppliers, shippers, and customers. - Strong supervisory...",warehouse,VietnamWorks_Algolia,https://www.vietnamworks.com/viec-lam/warehouse-manager-2033138,2026-04-14T19:30:40.030626
scraped_vietnamworks_algolia_00002,Kỹ Sư Điện Tử Viễn Thông (Vô Tuyến) - Wireless Engineer - Không Yêu Cầu Kinh Nghiệm,Công ty TNHH Nhà Nước MTV Thương mại và XNK Viettel,,Hà Nội,0,0,full-time,any,0,university,"Phụ trách kỹ thuật trong các dự án cung cấp giải pháp, thiết bị hạ tầng mạng viễn thông (vô tuyến, mạng lõi, thiết bị mạng, phần mềm dịch vụ...) • Tìm kiếm sản phẩm, nhà cung cấp, tư vấn sản phẩm/giải pháp kỹ thuật cho khách hàng; • Phân tích đánh giá sản phẩm theo... Yêu cầu: • Tốt nghiệp: Đại học chính quy, ưu tiên ứng viên học Học viện bưu chính viễn thông, Đại học bách khoa, Học viện kỹ thuật quân sự, Đại học công nghệ - Đại học Quốc gia Hà Nội , chuyên ngành Điện tử viễn thông, Tự động hóa, Công nghệ Thông tin. • Tiếng...",skilled,VietnamWorks_Algolia,https://www.vietnamworks.com/viec-lam/ky-su-dien-tu-vien-thong-vo-tuyen-wireless-engineer-khong-yeu-cau-kinh-nghiem-2023267,2026-04-14T19:32:39.095055
scraped_vietnamworks_algolia_00003,Kỹ Sư Thiết Bị Di Động IOT - Mobile & IoT Device Solutions Engineer - Không Yêu Cầu Kinh Nghiệm,Công ty TNHH Nhà Nước MTV Thương mại và XNK Viettel,,Hà Nội,0,0,full-time,any,0,university,"Phụ trách kỹ thuật trong các dự án kinh doanh thiết bị điện thoại, thiết bị di động, iOT: • Nghiên cứu công nghệ, sản phẩm, giải pháp để tư vấn cho khách hàng. • Phân tích hồ sơ mời thầu, tìm kiếm nhà cung cấp, xây dựng hồ sơ đáp ứng kỹ thuật dự thầu. •... Yêu cầu: • Tốt nghiệp: Đại học chính quy, ưu tiên ứng viên học Học viện bưu chính viễn thông, Đại học bách khoa, Học viện kỹ thuật quân sự, Đại học công nghệ - Đại học Quốc gia Hà Nội , chuyên ngành Điện tử viễn thông, Tự động hóa, Công nghệ Thông tin. • Có...",other,VietnamWorks_Algolia,https://www.vietnamworks.com/viec-lam/ky-su-thiet-bi-di-dong-iot-mobile-iot-device-solutions-engineer-khong-yeu-cau-kinh-nghiem-2023269,2026-04-14T19:32:39.095192
scraped_vietnamworks_algolia_00016,"Associate, Social Insurance and Benefits Delivery",NAB Innovation Centre Vietnam,,Hồ Chí Minh,0,0,full-time,any,0,high,"ABOUT THE JOB The Associate, Social Insurance and Benefits delivery is responsible for ensuring accurate and timely execution of statutory insurance compliance (SHUI) and delivering employee benefits programs. This role plays a critical part in maintaining regulatory compliance, enhancing employee experience, and supporting sufficient HR Operations processes. YOUR JOB RESPONSIBILITIES A. Social Insurance-Health Insurance-Unemployment Insurance Compliance... Yêu cầu: YOUR SKILLS & EXPERIENCE • Bachelor&#039;s degree in HR, Business, Finance, or related field. • Minimum of 7 years of Social Insurance/Health Insurance/Unemployment Insurance processing experience and benefits delivery. • Strong understanding of Vietnamese labor law and SHUI regulations is preferred Skills & Competencies • Strong attention to detail and accuracy • Good analytical and problem-solving skills • Effective communication and stakeholder...",other,VietnamWorks_Algolia,https://www.vietnamworks.com/viec-lam/associate-social-insurance-and-benefits-delivery-2036147,2026-04-14T19:33:36.022840
scraped_vietnamworks_algolia_00017,Project Sales Engineer,Công Ty TNHH Stiebel Eltron Việt Nam,,Hồ Chí Minh,0,0,full-time,any,2,university,"1. JOB PURPOSE The Project Sales Engineer is responsible for developing and managing project sales for Heat Pump and Water Heater solutions, working closely with consultants, contractors, developers, and project-related partners to achieve sales targets and expand brand presence in the project market. 2. KEY RESPONSIBILITIES 2.1. Project Sales Development • Identify, approach, and develop project opportunities in residential... Yêu cầu: 3. JOB REQUIREMENTS 3.1. Education & Experience • Bachelor’s degree or Diploma in Mechanical, Electrical, HVAC, MEP, Thermal Engineering, or related fields. • At least 2–3 years of experience in project sales. • Experience in HVAC, sanitary ware, water heaters, heat pumps, or MEP systems is a strong advantage. • Existing relationships with contractors, consultants, developers, or project dealers are highly preferred. 3.2. Skills...",sales,VietnamWorks_Algolia,https://www.vietnamworks.com/viec-lam/project-sales-engineer-2032839,2026-04-14T19:33:36.022904
scraped_vietnamworks_algolia_00027,"Engineer, Product Industrialization, Footwear (Contract)",Amer Sports Vietnam Limited,,Hồ Chí Minh,0,0,full-time,any,3,high,"• Assists overseas HQ Project Managers by facilitating communications between the HQ Project Managers and Vendors by gathering and passing information to HQ Project Managers which the HQ Project Managers use in their role of developing and commercializing a range of products • Ensure cost targets set by overseas HQ Project Managers can be met within... Yêu cầu: • Mechanical back ground or College / university degree • At least 5&#43; years experience in Footwear industry • Priority to have more than 5&#43; years experience in facilitating with the development of outdoor/adventure running shoes • Good understanding of shoes material and Lab testing. • Good understanding of injection and compression EVA, mold making process in shoe industry • Good interpersonal skill and team...",other,VietnamWorks_Algolia,https://www.vietnamworks.com/viec-lam/engineer-product-industrialization-footwear-contract-2033786,2026-04-14T19:33:36.023517
scraped_vietnamworks_algolia_00028,Chuyên Viên Quản Lý Chất Lượng - Phòng Tiêu Chuẩn Thẩm Định,Công Ty CP Bệnh Viện Đa Khoa Quốc Tế Vinmec,,Hà Nội,0,0,full-time,any,3,university,"TIÊU CHUẨN THẨM ĐỊNH - Tham gia hỗ trợ triển khai chuẩn bị cho thẩm định và tái thẩm định JCI tại các bệnh viện đảm bảo đạt chứng chỉ. - Tham gia hỗ trợ các đầu mối xây dựng/cập nhật các quy định/ quy chế thuộc nhóm văn bản JCI, đảm bảo đáp ứng yêu... Yêu cầu: - Tốt nghiệp Đại học trở lên (ưu tiên chuyên ngành liên quan đến y tế) - Ưu tiên có chứng chỉ liên quan tới Quản lý chất lượng - Ưu tiên ứng viên có kinh nghiệm 3-5 năm làm việc trong lĩnh vực quản lý chất lượng, kế hoạch tổng hợp ngành Y tế/bệnh viện...",other,VietnamWorks_Algolia,https://www.vietnamworks.com/viec-lam/chuyen-vien-quan-ly-chat-luong-phong-tieu-chuan-tham-dinh-2021100,2026-04-14T19:33:36.023575
scraped_vietnamworks_algolia_00029,[HN/HCM] Chuyên Viên/ Chuyên Viên Cao Cấp Quan Hệ Khách Hàng Ưu Tiên (Lương 15Tr - 35Tr + Incentive),Công Ty Cổ Phần Tập Đoàn Đầu Tư Emir,,Hồ Chí Minh,15000000,35000000,full-time,any,2,university,"- Chủ động tiếp cận, tìm kiếm và xây dựng các mối quan hệ mới nhằm mở rộng network cá nhân cho việc tư vấn bán hàng. - Tiếp nhận, chăm sóc, phát triển tập khách hàng được phân công. - Trực tiếp chăm sóc khách hàng theo các chương trình của Công ty như ngày... Yêu cầu: 1. Học vấn : Tốt nghiệp Cao đẳng/Đại học trở lên chuyên ngành có liên quan: Quản trị Kinh doanh, Luật, Kinh tế, Ngoại giao, Tài chính ngân hàng... 2. Kiến thức/Kinh nghiệm : - Tối thiểu 03 năm kinh nghiệm tại các vị trí tương đương tại các tổ chức Tài chính, Ngân hàng. - Ưu tiên ứng...",other,VietnamWorks_Algolia,https://www.vietnamworks.com/viec-lam/hn-hcm-chuyen-vien-chuyen-vien-cao-cap-quan-he-khach-hang-uu-tien-luong-15tr-35tr-incentive-2036539,2026-04-14T19:33:36.023641
scraped_vietnamworks_algolia_00043,Kế Toán Trưởng,Uni-Global Logistics,,Hồ Chí Minh,0,0,full-time,any,5,high,"Job Summary Chịu trách nhiệm quản lý toàn bộ hoạt động kế toán – tài chính của công ty, đảm bảo tuân thủ pháp luật, tối ưu chi phí và hỗ trợ Ban Giám đốc trong việc ra quyết định tài chính. ________________________________________ Key Responsibilities • Quản lý và điều hành toàn bộ hoạt động của phòng kế toán... Yêu cầu: Must-have Requirements • Tốt nghiệp Đại học chuyên ngành Kế toán, Tài chính hoặc liên quan • Có chứng chỉ Kế toán trưởng • Tối thiểu 5 năm kinh nghiệm kế toán, trong đó có ít nhất 2 năm ở vị trí quản lý • Am hiểu luật thuế và chuẩn mực kế toán Việt Nam • Kỹ năng quản...",accounting,VietnamWorks_Algolia,https://www.vietnamworks.com/viec-lam/ke-toan-truong--2033030,2026-04-14T19:33:36.024489
scraped_vietnamworks_algolia_00044,Merchandiser - Nhân Viên Điều Phối Đơn Hàng,Công ty TNHH Yakjin Việt Nam,,Hà Nội,0,0,full-time,any,2,high,"1. Sample Development Stage / Giai đoạn phát triển mẫu • Receive Tech Pack and information from buyers, translate and provide comments → Nhận Tech Pack và thông tin từ khách hàng, dịch và đưa ra nhận xét • Work with related departments to develop samples → Phối hợp với... Yêu cầu: * At least 2 years of experience as a Merchandiser in garment industry (full-function experience is preferred) → Tối thiểu 2 năm kinh nghiệm Merchandiser ngành may (ưu tiên làm full function) * Experience in at least 2 out of 3 areas: sample / sourcing / costing ...",other,VietnamWorks_Algolia,https://www.vietnamworks.com/viec-lam/merchandiser-nhan-vien-dieu-phoi-don-hang--2033058,2026-04-14T19:33:36.024546
scraped_vietnamworks_algolia_00045,Kỹ Sư Công Trường Dự Án Nhà Công Nghiệp (Site Engineer for Building Project),Công Ty TNHH Shimizu Việt Nam,,Nghệ An,0,0,full-time,any,3,high,"Mô tả công việc: - Đảm bảo chất lượng trong quá trình thi công các hạng mục, thi công đúng theo thiết kế đã phê duyệt, bản vẽ thi công, biện pháp thi công, tiêu chuẩn kỹ thuật và các tài liệu liên quan. - Đảm bảo an toàn lao động trong quá trình thi công, phối hợp... Yêu cầu: Yêu cầu: - Độ tuổi dưới 35 tuổi - Tốt nghiệp đại học chuyên ngành xây dựng dân dụng và công nghiệp - Có ít nhất 3 năm kinh nghiệm tại vị trí Kỹ sư thi công ở hiện trường, hiểu bản vẽ kỹ thuật bằng tiếng Anh. - Có thể làm việc tại các dự án ở Bình Dương, Đồng Nai...",other,VietnamWorks_Algolia,https://www.vietnamworks.com/viec-lam/ky-su-cong-truong-du-an-nha-cong-nghiep-site-engineer-for-building-project-2033066,2026-04-14T19:33:36.024608
scraped_vietnamworks_algolia_00046,Giám Đốc Khối Cung Ứng (Supply Chain Director),Cocolux - Chuỗi Bán Lẻ Mỹ Phẩm Chính Hãng.,,Hà Nội,0,0,full-time,any,3,university,"VAI TRÒ - CHỨC NĂNG: 1. Quản lý trực tiếp: - Trưởng phòng Mua hàng (Buying / Purchasing) - Trưởng phòng Cung ứng (Supply Chain Planning) - Trưởng kho (Warehouse Manager) 2. Mục tiêu công việc: Chịu trách nhiệm xây dựng và vận hành toàn bộ hệ thống cung ứng của công ty, đảm bảo: - Hàng hóa đủ – đúng... Yêu cầu: Quyền hạn & Trách nhiệm: 1. Quyết định lựa chọn nhà cung cấp 2. Phê duyệt kế hoạch mua hàng 3. Quản lý ngân sách cung ứng 4. Điều phối hàng hóa toàn hệ thống. - Trình độ học vấn tối thiểu: Tốt nghiệp Đại học trở lên chuyên ngành: QTKD, Logistic,….và các ngành nghề khác liên quan - Kinh...",other,VietnamWorks_Algolia,https://www.vietnamworks.com/viec-lam/giam-doc-khoi-cung-ung-supply-chain-director-2032876,2026-04-14T19:33:36.024693
scraped_vietnamworks_algolia_00047,Nhân Viên Kỹ Thuật,Công ty cổ phần thương mại và công nghệ kỹ thuật Ecome,,Hà Nội,10000000,20000000,full-time,any,0,high,"• Lắp đặt, vận hành, bảo trì và sửa chữa các hệ thống, thiết bị kỹ thuật công nghệ do công ty triển khai hoặc cung cấp. • Tham gia khảo sát, thiết kế kỹ thuật và đề xuất giải pháp kỹ thuật phù hợp cho từng dự án. • Hỗ trợ kỹ... Yêu cầu: • Tốt nghiệp Cao đẳng hoặc Đại học chuyên ngành: Kỹ thuật Điện, Điện tử, Cơ điện tử, Tự động hóa, CNTT, Viễn thông, hoặc các ngành liên quan. • Có ít nhất 1 năm kinh nghiệm trong lĩnh vực kỹ thuật (chấp nhận sinh viên mới tốt nghiệp có kỹ năng tốt). • Kỹ năng...",skilled,VietnamWorks_Algolia,https://www.vietnamworks.com/viec-lam/nhan-vien-ky-thuat-2032999,2026-04-14T19:33:36.024760
scraped_vietnamworks_algolia_00048,Senior Accounting & Tax Consultant,"Crowe Vietnam Co., Ltd",,Hà Nội,0,0,full-time,any,3,university,"'1. Core Responsibilities -Assist managers in implementing accounting service packages for both domestic and international corporate clients. Prepare and finalize monthly, quarterly, and annual financial statements, tax reports, and other statutory reports for clients. -Assist managers in delivering tax review and tax advisory services to both local and international clients. Prepare and review client deliverables, including... Yêu cầu: Professional requirements: Bachelor's degree in Accounting, Finance, Law, Economics, or related fields; Minimum 3 years of relevant experience in tax, audit, or accounting (preferably in consulting firms); Skills & Qualifications: Good English skills (speaking & writing), able to work with specialized documents and international customers. Passionate and capable of effectively performing the tasks described above. Eager to establish a long-term...",accounting,VietnamWorks_Algolia,https://www.vietnamworks.com/viec-lam/senior-accounting-and-tax-consultant-2033125,2026-04-14T19:33:36.024825
scraped_vietnamworks_algolia_00049,Country Division Manager & Head Of Sales,Công Ty TNHH GEA Việt Nam,,Hồ Chí Minh,0,0,full-time,any,10,university,"The Country Division Manager & Head of Sales provides end-to-end leadership, strategic direction, and full P&L accountability for the Division within the Country while simultaneously leading the Sales function to accelerate commercial growth. This role acts as a strategic reset leader, ensuring clarity, accountability, governance discipline, and a strong customer-centric culture, while driving a... Yêu cầu: 1. Educational Background • Bachelor’s degree in Engineering, Business, Agriculture, or related technical field. • MBA or equivalent post-graduate qualification preferred. 2. Professional Knowledge & Experience • 10+ years in senior leadership roles within industrial, process engineering, nutrition/feed, or related sectors. ...",sales,VietnamWorks_Algolia,https://www.vietnamworks.com/viec-lam/country-division-manager-andamp-head-of-sales-2033023,2026-04-14T19:33:36.024888
scraped_vietnamworks_algolia_00056,HO - Partnerships Development Manager (Digital Banking),Ngân Hàng TMCP Á Châu (ACB),,Hồ Chí Minh,0,0,full-time,any,5,university,"Vị trí này đảm bảo chất lượng đầu ra trong hoạt động mở rộng mạng lưới đối tác và hợp tác đối tác nhằm thúc đẩy kinh doanh các sản phẩm, dịch vụ của Khối Ngân hàng số. Trách nhiệm chính - Phát triển và thực hiện chiến lược trao đổi quyền lợi, ưu đãi... Yêu cầu: 1. Trình độ học vấn 1.1 Trình độ tối thiểu: Đại học trở lên 1.2 Chuyên ngành: tài chính, ngân hàng, Marketing 2. Năng lực 2.1 Kiến thức/ Chuyên môn: - Kiến thức marketing đối tác, truyền thông thương hiệu, và quản lý hợp đồng. - Kiến thức về quy trình triển khai chương trình ưu đãi, truyền thông...",other,VietnamWorks_Algolia,https://www.vietnamworks.com/viec-lam/ho-partnerships-development-manager-digital-banking-2030417,2026-04-14T19:33:36.025344
scraped_vietnamworks_algolia_00057,[HCM] Nhân Viên Tư Vấn B2B (Data Khách Hàng Có Sẵn),Navigos Group,,Hồ Chí Minh,300000000,500000000,full-time,<35,1,high,"Với hơn 23 năm hình thành và phát triển, VietnamWorks tự hào là trang web tuyển dụng hàng đầu và lâu đời nhất tại Việt Nam. Là một phần của Tập đoàn Navigos Group, VietnamWorks tự hào mang đến một môi trường làm việc năng động, thử thách và thân thiện. Tại đây, mỗi... Yêu cầu: CHỈ CẦN BẠN CÓ: • Tốt nghiệp Cao đẳng, Đại học trở lên, độ tuổi từ khoảng 22 đến 26 • Có trải nghiệm với công việc Sales/Telesales • Yêu thích kinh doanh, không ngại bị từ chối • Khả năng thích ứng nhanh chóng và linh hoạt với sự thay đổi liên tục của thị trường • Giao tiếp trung...",other,VietnamWorks_Algolia,https://www.vietnamworks.com/viec-lam/hcm-nhan-vien-tu-van-b2b-data-khach-hang-co-san-2024465,2026-04-14T19:33:36.025403
scraped_vietnamworks_algolia_00058,Chuyên Viên Cao Cấp Kế Toán Tiếng Trung,Công Ty Cổ Phần Chứng Khoán Guotai Junan (Việt Nam),,Hà Nội,0,0,full-time,any,0,high,"1. Kiểm tra tính hợp lệ của hóa đơn, chứng từ và hồ sơ thanh toán và trình duyệt thanh toán các khoản chi phí phát sinh định kỳ hàng tháng/ 负责审核发票, 相关凭证及付款资料的合规性，并提交各项月度定期费用, 佣金的付款审批流程。 2. Hạch toán các hóa đơn, chi phí và chứng từ kế toán nội bộ/ 核算发票，费用和内部会计单据。 3. Thực hiện các hoạt động về nguồn... Yêu cầu: - Có trình độ Đại học trở lên chuyên ngành kế toán, kinh tế, tài chính; 具备大学本科及以上学历，会计、经济或金融相关专业； - Ưu tiên có bằng cấp chuyên môn và chứng chỉ nghề nghiệp về lĩnh vực chứng khoán; 优先考虑具备证券领域相关专业学历或职业资格证书者。 - Kinh nghiệm chuyên môn: Có 3-5 năm kinh nghiệm ở vị trí tương đương tại các lĩnh vực liên quan kế...",accounting,VietnamWorks_Algolia,https://www.vietnamworks.com/viec-lam/chuyen-vien-cao-cap-ke-toan-tieng-trung-2040329,2026-04-14T19:33:36.025466
scraped_vietnamworks_algolia_00059,Accounting & Tax Associate (Client Service),Dezan Shira & Cộng Sự Việt Nam,,Hồ Chí Minh,0,0,full-time,any,2,university,"• Handle daily accounting works and full accounting, and financial works for assigned clients; • Prepare monthly, quarterly and annual tax reports including: Corporate Income Tax, Value Added Tax, Foreign Contractor’s Tax, and others as per set deadlines; • Prepare advisory reports of tax issues, finance and accounting matters when... Yêu cầu: • Minimum 2-3 year of relevant professional experience preferably related industries. • A bachelor’s degree with an emphasis in accounting would be preferable. • Excellent interpersonal and communications skills including strong written and verbal skills. • Excellent command of written and spoken English. • Good command of accounting...",accounting,VietnamWorks_Algolia,https://www.vietnamworks.com/viec-lam/accounting-tax-associate-client-service-2027210,2026-04-14T19:33:36.025521
scraped_vietnamworks_algolia_00060,Business Project Manager,Techcombank,,Hà Nội,0,0,full-time,any,8,university,"Job Purpose • The job holder leads portfolio management by providing support in planning, coordination of financial objectives and deliverables for the portfolio of both traditional projects/initiatives implemented through Waterfall methodology and customer journey digitization initiatives implemented through Agile methodology. • The job holder collaborates with cross-functional teams within the Transformation Office and other divisions in... Yêu cầu: • At least 8 years of project or program management experience in Waterfall or Agile methodologies. • Project or program management experience in a bank or technology organization including banking product development, performance management, IT project implementation. • Demonstrated experience working in a transformation office to drive a large organization-wide transformation program. • Strong experience in performance tracking...",other,VietnamWorks_Algolia,https://www.vietnamworks.com/viec-lam/business-project-manager--2025767,2026-04-14T19:33:36.025591
scraped_vietnamworks_algolia_00061,Product Owner (Card/ Payment/ Wealth/ Unsecured Lending),Techcombank,,Hà Nội,0,0,full-time,any,6,university,"MỤC TIÊU • Người đảm nhiệm vị trí có trách nhiệm tối đa hóa giá trị của sản phẩm và hiệu quả công việc của nhóm phát triển sản phẩm bằng cách đóng vai trò là tiếng nói của khách hàng. • Người đảm nhiệm vị trí chịu trách nhiệm về quản lý sản phẩm (thiết kế... Yêu cầu: Chân dung Thành công - Bằng cấp, Kinh nghiệm • Tối thiểu bằng cử nhân trong các chuyên ngành Tài chính, Ngân hàng, Kinh tế, Máy tính, Công nghệ Thông tin, Quản trị Kinh doanh hoặc các ngành liên quan. • Có chứng chỉ về Agile Product Management và chứng nhận Product Owner là ưu thế....",other,VietnamWorks_Algolia,https://www.vietnamworks.com/viec-lam/product-owner-card-payment-wealth-unsecured-lending-2025768,2026-04-14T19:33:36.025645
scraped_vietnamworks_algolia_00062,Procurement Staff (6-Month contract),Công Ty TNHH Ô Tô Mitsubishi Việt Nam,,Hồ Chí Minh,0,0,full-time,any,0,university,"Job Summary: The role is responsible for managing the end to end purchasing process for assigned requests, including scope verification, order placement, delivery tracking, goods receipt, and issue resolution. It supports the full payment process by preparing and consolidating required documentation in compliance with accounting procedures. The position also oversees the selling and disposal activities... Yêu cầu: Qualifications: • Education : Bachelor’s Degree in Trading or Economics • Knowledge : Purchasing/Sourcing (is preferred)/Basic Accounting • Skills: MS Office, English, Communication & Negotiation Skills • Experience: At least 1 year of expeirence in Purchasing position Benefits • Competitive salary • Transportation & meal allowances • Premium health care package • Annual Leaves & additional public holiday days-off",other,VietnamWorks_Algolia,https://www.vietnamworks.com/viec-lam/procurement-staff-6-month-contract--2026475,2026-04-14T19:33:36.025705
scraped_vietnamworks_algolia_00063,Kỹ Sư Cơ Điện Lương Upto 30Tr + Thưởng Tiến Độ Dự Án,Công Ty CP Đầu Tư Xây Dựng Và Công Nghệ Việt Nhật,,Hà Nội,24000000,30000000,full-time,any,2,high,"Việt Nhật E&C đã khẳng định vị thế là chuyên gia uy tín hàng đầu tại Việt Nam trong lĩnh vực cơ điện và hạ tầng công nghiệp, được nhiều đối tác lớn trong và ngoài nước tin tưởng lựa chọn. Sức mạnh của chúng tôi nằm ở đội ngũ kỹ sư giàu kinh... Yêu cầu: • Tốt nghiệp Đại học/Cao đẳng chuyên ngành Cơ điện, Điện, Nhiệt – Lạnh, Cấp thoát nước hoặc liên quan. • Có từ 02-03 năm kinh nghiệm trong lĩnh vực thi công, lắp đặt hệ thống MEP. • Ưu tiên sử dụng thành thạo Revit - BIM, AutoCAD. • Đọc hiểu tốt bản vẽ kỹ thuật, biết...",skilled,VietnamWorks_Algolia,https://www.vietnamworks.com/viec-lam/ky-su-co-djien-luong-upto-30tr-thuong-tien-djo-du-an-2025185,2026-04-14T19:33:36.025763
scraped_vietnamworks_algolia_00064,Sales Representative (QC Service),"Helmsman Quality & Technology Services Co., Ltd.",,Hồ Chí Minh,1000,400000000,full-time,any,1,university,"- Actively and independently develop executive level relationships and grow a profitable portfolio of clients through personal lead origination, qualification, consultation, sales negotiation, and closure. - Participate in the planning, formulation, coordination and execution of sales and marketing activities - Achieve quarterly and yearly sales targets - Propose sales strategies to improve sales performance of the responsible... Yêu cầu: - Bachelor degree holder. Major in business administration, marketing, international trade or a relevant technical field is preferred - 1-3 years’ experience in B2B sales or Import/export, sourcing, trading or supply chain activities. - Experience in selling technical services within the Inspection, Testing, Certification (TIC) industry, or directly to global Supply Chain/Quality/Sourcing departments is preferred - Strong...",service,VietnamWorks_Algolia,https://www.vietnamworks.com/viec-lam/sales-representative-qc-service--2025183,2026-04-14T19:33:36.025823
scraped_vietnamworks_algolia_00065,20 Kỹ Sư Giám Sát Cơ Điện Lương 15Tr -20Tr + Thu Nhập Đến 25Tr + Thưởng Tiến Độ + Free Chỗ Ở,Công Ty CP Đầu Tư Xây Dựng Và Công Nghệ Việt Nhật,,Hà Nội,15000000,20000000,full-time,any,0,university,"Tại Việt Nhật E&C , chúng tôi không chỉ xây dựng những công trình; chúng tôi xây dựng niềm tin. Với hơn 15 năm kinh nghiệm xuất sắc trong lĩnh vực Tổng thầu Xây dựng và Cơ điện (M&E), uy tín của chúng tôi được khẳng định bởi đội ngũ kỹ sư dày dặn kinh... Yêu cầu: • Trình độ học vấn: Tốt nghiệp Đại học, Cao Đẳng các ngành: Điện, Cơ khí, HVAC, Cấp thoát nước, PCCC. • Kỹ năng chuyên môn: ◦ Am hiểu hệ thống điện, cấp thoát nước, HVAC, PCCC, ELV. ◦ Sử dụng office, khả năng đọc hiểu bản vẽ và triển khai thi công ...",skilled,VietnamWorks_Algolia,https://www.vietnamworks.com/viec-lam/20-ky-su-giam-sat-co-dien-luong-15tr-20tr-thu-nhap-den-25tr-thuong-tien-do-free-cho-o-2025188,2026-04-14T19:33:36.025880
scraped_vietnamworks_algolia_00066,Chuyên Viên Kinh Doanh - Tại Hà Nội (01 người) và Hải Phòng (01 người),Công Ty TNHH Standard Units Supply Việt Nam,,Hà Nội,12000000,15000000,full-time,<35,1,high,"- Phát triển khách hàng mới: Trực tiếp gặp gỡ, đàm phán, chốt hợp đồng với khách hàng. Develop new customers: Directly make apointment, discussion & contract confirmation with accounts - Phối hợp với Sales người Nhật và nhân viên trong nhóm để đạt mục tiêu kinh doanh của cá nhân và tập thể. Quản lý... Yêu cầu: YÊU CẦU CÔNG VIỆC - Tốt nghiệp Đại học (ưu tiên chuyên ngành Cơ khí, Tự động hóa, Kỹ thuật công nghiệp hoặc liên quan). - It nhất 1~2 năm kinh nghiệm (có thể chấp nhận mới ra trường) - Tiếng Anh: giao tiếp khá - Đàm phán, thuyết trình, lập kế hoạch công việc hàng tuần - Biết...",sales,VietnamWorks_Algolia,https://www.vietnamworks.com/viec-lam/chuyen-vien-kinh-doanh-tai-ha-noi-01-nguoi-va-hai-phong-01-nguoi-2028320,2026-04-14T19:33:36.025938
scraped_vietnamworks_algolia_00067,Nhân Sự Vận Hành Sàn Thương Mại Điện Tử,Công Ty Cổ Phần Thương Mại Tràng An- Việt Nam,,Hà Nội,0,0,full-time,<35,1,university,"• Lập kế hoạch và quản lý hoạt động kinh doanh, marketing online trên các sàn Thương mại điện tử Tik Tok, Shopee,... của Công ty. • Tham mưu, đề xuất với Ban giám đốc về phương án và định hướng phát triển TMĐT nhằm đáp ứng mục tiêu phát triển. • Khảo sát, đánh giá tình... Yêu cầu: YÊU CẦU CÔNG VIỆC • Am hiểu về marketing thương mại điện tử. • Có ít nhất 1 năm kinh nghiệm ở vị trí tương đương. • Ứng viên có kinh nghiệm và hiểu biết trong lĩnh vực kinh doanh ngành FMCG; ưu tiên ứng viên đến từ sàn TMĐT Lazada, Shopee, Tik Tok,... • Có kỹ năng...",skilled,VietnamWorks_Algolia,https://www.vietnamworks.com/viec-lam/nhan-su-van-hanh-san-thuong-mai-dien-tu-2028054,2026-04-14T19:33:36.025999
scraped_vietnamworks_algolia_00068,SAP Sales Executive,Citek Technology Joint-Stock Company,,Hồ Chí Minh,0,3000,full-time,any,3,university,"* Job Overview: At Citek, we are looking for dynamic and results-driven sales professionals to join our team as Sales Executives, specializing in promoting and selling SAP enterprise solutions. Sales Executive - Key Responsibilities: • Generate leads and develop new customer relationships • Conduct in-depth needs analysis, crafting solution proposals based on SAP S/4HANA’s capabilities. • Deliver engaging presentations,... Yêu cầu: • Bachelor’s degree in Business, Information Technology, or a related field • At least 3+ years of experience in sales in the fields of ERP solutions such as SAP S/4HANA, SAP Business One, SAP Public Cloud, Oracle NetSuite or Software solutions (HRM, CRM, SaaS,..) with deal sizes from $50,000+ • Successfully signed at least 03 SME customer...",sales,VietnamWorks_Algolia,https://www.vietnamworks.com/viec-lam/sap-sales-executive-2027246,2026-04-14T19:33:36.026054
scraped_vietnamworks_algolia_00069,Nhân Viên Sales Logistics Xuất Nhập Khẩu Nội Địa (KH Là Các Công Ty XNK Việt Nam) Hồ Chí Minh,Công Ty Cổ Phần Quốc Tế TICO,,Hồ Chí Minh,0,16000000,full-time,any,3,university,"• Tìm kiếm và phát triển khách hàng là các công ty XNK, các nhà máy tại Việt Nam. • Thực hiện các cuộc gọi điện, email và gặp gỡ khách hàng để tạo dựng mối quan hệ lâu dài. • Tư vấn giải pháp logistics tối ưu cho doanh... Yêu cầu: • Tốt nghiệp Đại học/ Cao đẳng chuyên ngành kinh tế, quản trị kinh doanh, xuất nhập khẩu, vận tải. • Tiếng Anh/Tiếng Trung giao tiếp • Năng động, nhanh nhẹn, yêu thích giao tiếp. • Có kỹ năng giao tiếp, làm việc nhóm tốt, tổ chức công việc, giải quyết vấn đề tốt. • Khả năng chịu...",warehouse,VietnamWorks_Algolia,https://www.vietnamworks.com/viec-lam/nhan-vien-sales-logistics-xuat-nhap-khau-noi-djia-kh-la-cac-cong-ty-xnk-viet-nam-ho-chi-minh-2027262,2026-04-14T19:33:36.026116
scraped_vietnamworks_algolia_00070,Trưởng Phòng Kinh Doanh,CÔNG TY TNHH PHÁT TRIỂN HƯƠNG VIỆT,,Hồ Chí Minh,18000000,30000000,full-time,any,3,high,"Bạn có đủ bản lĩnh để điều hành cỗ máy tăng trưởng cho một trong những nền tảng E-learning hàng đầu Việt Nam? Năm 2026, Hương Việt Group và hệ sinh thái CLS.VN không chỉ tìm kiếm một người quản lý, chúng tôi tìm kiếm một ""Đối tác chiến lược"" để hiện thực hóa... Yêu cầu: - Có ít nhất 3-5 năm kinh nghiệm thực chiến trong mảng B2B Sales (Ưu tiên IT, Phần mềm, SaaS hoặc Giải pháp kỹ thuật). - Có tư duy ""Solution Selling"" – Bán giải pháp thay vì bán tính năng. - Kỹ năng lãnh đạo truyền cảm hứng, có khả năng xây dựng đội ngũ từ ""Good"" đến ""Great"". - Sẵn...",sales,VietnamWorks_Algolia,https://www.vietnamworks.com/viec-lam/truong-phong-kinh-doanh-2010388,2026-04-14T19:33:36.026184
scraped_vietnamworks_algolia_00071,Quản Lý Kinh Doanh Kinh Nghiệm Từ 5 Năm,CÔNG TY TNHH PHÁT TRIỂN HƯƠNG VIỆT,,Hà Nội,25000000,40000000,full-time,any,5,high,"- Xây dựng, quản lý và phát triển đội ngũ kinh doanh. - Chịu trách nhiệm về chỉ tiêu doanh số của nhóm, lập kế hoạch hành động theo từng quý, tháng, tuần. - Hướng dẫn, đào tạo nhân sự mới về sản phẩm, kỹ năng tư vấn, quy trình bán hàng và kiến thức ngành. - Tìm kiếm, tiếp... Yêu cầu: • Ưu tiên có kinh nghiệm quan lý đội nhóm, tư vấn giải pháp, đàm phán và chốt sale trong mô hình B2B • Kỹ năng giao tiếp tốt, khả năng thuyết trình và tư vấn sản phẩm. • Chủ động, có khả năng phát triển thị trường và mở rộng mạng lưới đối tác. Năng lực & tố chất: - Tư...",sales,VietnamWorks_Algolia,https://www.vietnamworks.com/viec-lam/quan-ly-kinh-doanh-kinh-nghiem-tu-5-nam-2010389,2026-04-14T19:33:36.026251
scraped_vietnamworks_algolia_00072,Chuyên viên kế toán tổng hợp - Vin Nexus Center,Hệ thống Giáo dục Vinschool,,Hà Nội,0,0,full-time,<35,2,university,"Giới thiệu Trường Giáo dục chuyên biệt Vin Nexus Center là mô hình giáo dục phi lợi nhuận do Tập đoàn Vingroup đầu tư và phát triển, với sứ mệnh nâng cao chất lượng cuộc sống cho học sinh rối loạn phát triển - nhóm trẻ hiện vẫn đang thiếu hụt các dịch vụ giáo... Yêu cầu: • Tốt nghiệp đại học chuyên ngành tài chính, kế toán. • Có kinh nghiệm tối thiểu 2 năm trở lên ở vị trí kế toán tổng hợp, độ tuổi từ 26-36. • Am hiểu chuẩn mực, chế độ kế toán. • Thành thạo các phần mềm máy tính, đặc biệt là SAP, ERP. • Có tinh thần...",accounting,VietnamWorks_Algolia,https://www.vietnamworks.com/viec-lam/chuyen-vien-ke-toan-tong-hop-vin-nexus-center-2030890,2026-04-14T19:33:36.026315
scraped_vietnamworks_algolia_00073,[Junior] Giám Sát Thi Công Nội Thất | Interior Construction Supervisor (Up to $1000),"T.S.I Vietnam Co., Ltd",,Hà Nội,1000,500000000,full-time,any,0,university,"Tóm tắt công việc Giám sát Nội thất Cấp hỗ trợ các hoạt động thi công nội thất tại công trường. Vị trí này không dành cho ứng viên hoàn toàn chưa có kinh nghiệm thực tế, đồng thời yêu cầu cao về khả năng báo cáo chính xác và giao tiếp rõ ràng. Vai trò tập... Yêu cầu: • Tối thiểu 1 năm kinh nghiệm liên quan đến thi công nội thất hoặc xây dựng (chấp nhận sinh viên mới tốt nghiệp có định hướng rõ ràng) • Tốt nghiệp chuyên ngành Kiến trúc, Xây dựng hoặc liên quan (trung cấp trở lên) • Có hiểu biết cơ bản về bản vẽ kỹ thuật, mặt...",construction,VietnamWorks_Algolia,https://www.vietnamworks.com/viec-lam/junior-giam-sat-thi-cong-noi-that-interior-construction-supervisor-up-to-1000-2025150,2026-04-14T19:33:36.026378
scraped_vietnamworks_algolia_00074,Kế Toán Thuế (Giao Tiếp Tốt Tiếng Anh hoặc Tiếng Hoa) - Lương Upto 30 Million,Công Ty TNHH Horizon Construction Development OVERSEAS (Việt Nam),,Hồ Chí Minh,0,30000000,full-time,any,3,university,"Mô tả công việc: - Quản lý xuất hóa đơn cho các bộ phận - Kiểm tra tính hợp lý, hợp lệ, đầy đủ của chứng từ thanh toán - Phân tích số liệu kế toán, đánh giá các khoản phải thu, phải trả, và theo dõi tình hình tài chính doanh nghiệp. - Lập Báo cáo Thuế... Yêu cầu: 2. Yêu cầu: - Tốt nghiệp đại học chuyên ngành Kế toán, Tài chính hoặc các ngành liên quan. - Sử dụng thành thạo tiếng Trung hoặc tiếng Anh (nghe, nói, đọc, viết) - Ít nhất 3 năm kinh nghiệm quản lý thuế, có kinh nghiệm tại 4 công ty kế toán lớn và ưu tiên thuế...",accounting,VietnamWorks_Algolia,https://www.vietnamworks.com/viec-lam/ke-toan-thue-giao-tiep-tot-tieng-anh-hoac-tieng-hoa-luong-upto-30-million-2028598,2026-04-14T19:33:36.026445
scraped_vietnamworks_algolia_00075,Nhân Viên Kế Toán Có Kinh Nghiệm,Công Ty TNHH Sodick Việt Nam,,Hồ Chí Minh,0,0,full-time,any,5,university,"• Hạch toán, kiểm tra và tổng hợp chứng từ kế toán phát sinh. • Tra cứu & lưu trữ file hóa đơn điện tử, kiểm tra sắp xếp lưu trữ chứng từ & hồ sơ kế toán. • Lập báo cáo thuế GTGT, thuế nhà thầu hàng tháng, thuế... Yêu cầu: • Tối thiểu 5 năm kinh nghiệm ở vị trí kế toán tổng hợp • Có khả năng giao tiếp và đọc hiểu tài liệu tiếng Anh. • Tốt nghiệp cao đẳng, đại học chuyên ngành kế toán/ kiểm toán. • Chăm chỉ, trung thực, có tinh thần trách...",accounting,VietnamWorks_Algolia,https://www.vietnamworks.com/viec-lam/nhan-vien-ke-toan-co-kinh-nghiem-2028617,2026-04-14T19:33:36.026506
scraped_vietnamworks_algolia_00076,Product Management Trainee (Khối Kinh Doanh - Ngành Điện Tử),CÔNG TY TNHH THIẾT BỊ THÔNG MINH O-TECH VIỆT NAM,,Hồ Chí Minh,0,0,full-time,any,1,university,"• Support in product selection and GTM strategy for electronic devices, ensuring the product aligns with user needs and business objectives. • Research and analyze market trends, competitor activities, and user feedback to provide data for strategic product decisions. • Participate in building and managing the product roadmap, coordinating with engineering, design, and marketing teams to ensure product quality... Yêu cầu: Yêu cầu ứng viên • Preference for male candidates, with a university degree in relevant fields • Passionate about business and interested in electronic products • Preference for candidates with less than 1 year of relevant work experience • Strong logical thinking and data analysis skills • Good communication skills and a team-oriented mindset • Quick learner with a spirit of perseverance, commitment, and a high...",skilled,VietnamWorks_Algolia,https://www.vietnamworks.com/viec-lam/product-management-trainee-khoi-kinh-doanh-nganh-djien-tu-2028597,2026-04-14T19:33:36.026576
scraped_vietnamworks_algolia_00077,Polymer Sales PIC,Samsung C&T Corporation,,Hồ Chí Minh,0,0,full-time,<40,5,university,"The Polymer Sales PIC will be in charge of making deal done of mainly PE/PP and developing new customers in all over Vietnam. The sales manager will mainly deal with Korean , Indian and Chinese origin cargo. But also preferred to have ability to develop new origin. Basically, He or she should have at... Yêu cầu: Expected joining date: ASAP • Experience: at least 5 years of polymer trading experience in polymer trading companies. • Language: Fluent in English (Speaking and Listening) • Completion of a bachelor's degree at an accredited college or university • Having experience in developing Middle East cargo to Vietnamese market is preferred. Personality/ Ability • Detail-oriented, careful, hard-working, highly responsible, teamwork. Working...",sales,VietnamWorks_Algolia,https://www.vietnamworks.com/viec-lam/polymer-sales-pic-2010216,2026-04-14T19:33:36.026657
scraped_vietnamworks_algolia_00078,Quản Lý Chất Lượng ( Tiếng Nhật),Công Ty TNHH MTV Forval Việt Nam,,Hưng Yên,450000000,700000000,full-time,any,2,high,"1) Dịch thuật tiêu chuẩn chất lượng, hướng dẫn công việc Việt-> Nhật, Nhật-> Việt 2) Điều tra tổng hợp lỗi thao tác, dị thường sản phẩm phát sinh trong công đoạn, thông tin liên lạc cho công ty mẹ, nhận chỉ thị từ công ty mẹ chỉ thị cho xưởng sản xuất. 3) Tổng hợp... Yêu cầu: - Nam, nữ đều được - Ngoại ngữ: Tiếng Nhật N3 trở lên - Kinh nghiệm QC công ty sản xuất",other,VietnamWorks_Algolia,https://www.vietnamworks.com/viec-lam/quan-ly-chat-luong-tieng-nhat-2028651,2026-04-14T19:33:36.026722
scraped_vietnamworks_algolia_00080,Thư Ký,CÔNG TY TNHH SẢN XUẤT VÀ THƯƠNG MẠI,,Hồ Chí Minh,0,0,full-time,any,1,high,"• Lưu trữ, bảo quản, và cập nhật hồ sơ, tài liệu liên quan đến dự án theo quy định của công ty; • Soạn thảo các loại văn bản như công văn, biên bản cuộc họp, biên bản bàn giao, và các tài liệu liên quan khác. • Lên lịch, chuẩn bị tài liệu, ghi biên bản,... Yêu cầu: • Có kinh nghiệm làm thư ký là một lợi thế được ưu tiên; • Hiểu biết về quy trình về quản lý, lưu trữ hồ sơ; • Biết sử dụng phần mềm vi tính, thành thạo tin học văn phòng; • Có khả năng giao tiếp tốt; • Có trách nhiệm và có thể làm việc dưới áp lực cao, tăng ca,...",other,VietnamWorks_Algolia,https://www.vietnamworks.com/viec-lam/thu-ky-2028663,2026-04-14T19:33:36.026856
scraped_vietnamworks_algolia_00081,3 Nhân Viên Kỹ Thuật Tiếng Nhật N3,Công Ty TNHH Kyocera Việt Nam,,Hưng Yên,0,0,full-time,any,1,high,"1. Nhân viên Kỹ thuật sản phẩm - Quản lý và cải tiến thiết kế sản phẩm trong suốt vòng đời sản phẩm - Phân tích lỗi sản phẩm, đề xuất giải pháp khắc phục và phòng ngừa - Phối hợp với bộ phận R&D, sản xuất và chất lượng để tối ưu sản phẩm - Xây dựng tiêu chuẩn kỹ thuật,... Yêu cầu: - Tốt nghiệp Cao đẳng, Đại học chuyên ngành kỹ thuật liên quan - Kinh nghiệm: Có ít nhất 01 năm kinh nghiệm ở công ty sản xuất; - Có kinh nghiệm về phát triển hoặc quản lý sản phẩm là lợi thế, - Kỹ năng phân tích, giải quyết vấn đề tốt - Tiếng Nhật: Yêu...",skilled,VietnamWorks_Algolia,https://www.vietnamworks.com/viec-lam/3-nhan-vien-ky-thuat-tieng-nhat-n3-2028681,2026-04-14T19:33:36.026926
scraped_vietnamworks_algolia_00082,Kĩ Sư Cơ Khí Thiết Kế Máy Tự Động,"LTK Vietnam Co.,Ltd.",,Hưng Yên,0,0,full-time,any,2,university,"• Khảo sát, tư vấn phương án cải tiến máy móc cho khách hàng. • Thiết kế máy móc, thiết bị tự động hóa theo yêu cầu. • Lập bản vẽ chi tiết, bản vẽ lắp ráp bằng phần mềm CAD (SolidWorks, Inventor hoặc tương đương) • Phối... Yêu cầu: • Tốt nghiệp đại học chuyên ngành cơ khí chế tạo. • Có 2 - 3 năm kinh nghiệm làm việc trong lĩnh vực chế tạo máy tự động ( người chưa có kinh nghiệm sẽ được đào tạo ) • Ưu tiên ứng viên từng tham gia thiết kế các hệ thống tự động...",skilled,VietnamWorks_Algolia,https://www.vietnamworks.com/viec-lam/ki-su-co-khi-thiet-ke-may-tu-djong-2028594,2026-04-14T19:33:36.026986
scraped_vietnamworks_algolia_00083,Precision Machining Department (PMD) Process Engineer,VDL ETG VIETNAM COMPANY LIMITED,,Quảng Ninh,0,0,full-time,any,6,university,"The Precision Machining Department (PMD) Process Engineer is responsible for • Managing the manufacturing process, including introducing processes, modifying processes, issuing processes, and optimizing processes. • Ability to CNC programming and CNC turning for machining systems • Conducts root cause analyses of (complex) machining issues in production. • Machining parameter optimization for best machine performance and minimum production cost – Continuous... Yêu cầu: • Bachelor’s degree in an Engineering or operations related technical degree (e.g. Mechanical Engineering, Industrial Technology). • Must have a focus on Machining Technology. • Experience with low volume / high mixed machine and 5-axis machining technology. • Experience with machining (cast) iron and (cast) aluminum with precision tolerances. • Experience in fixture and tool design. • Experience with CAD/CAM software (preference for NX)....",other,VietnamWorks_Algolia,https://www.vietnamworks.com/viec-lam/precision-machining-department-pmd-process-engineer-2028610,2026-04-14T19:33:36.027089
scraped_vietnamworks_algolia_00084,Supply Chain Admin - Temporary 9 Months,Công Ty TNHH Fonterra Brands Việt Nam,,Hồ Chí Minh,0,0,full-time,any,3,university,"Role purpose Business Unit description: Fonterra Brand Vietnam - To be the most trusted source of dairy in the world Team fit: Supply Chain & Regulatory The Supply Chain Admin plays a supporting role in Supply Chain team, contributing to the efficient and compliant execution of supply chain operations. The position focuses on providing administrative... Yêu cầu: Section A: Qualification and experience Requirement - Education: Supply Chain, Logistics, International Trade, * Preferred: Experience in the dairy and nutritional food, science and chemical industry. - Experience • Basic understanding of Vietnam import customs procedures and the ability to interpret local laws and regulations. • Familiarity with administrative tasks in supply chain or regulatory environments. * Preferred: • Relationship management and organizational...",other,VietnamWorks_Algolia,https://www.vietnamworks.com/viec-lam/supply-chain-admin-temporary-9-months-2028620,2026-04-14T19:33:36.027175
scraped_vietnamworks_algolia_00090,Business Development Staff (Nhân Viên Phòng Phát Triển Kinh Doanh),"Hayakawa Electronics Vietnam Co., Ltd.",,Bắc Ninh,0,0,full-time,any,1,high,"Job Summary In-charge in business development ,find new customer, get new RFQ, complete quotation and follow process project. Be responsibility from making sample, sending sample, get sample appoval untill have mass information then transfer to sales in charge. 1. Responsibility for finding new customers - Send email or calling to new customer, direct meeting to introduce about company and... Yêu cầu: • Education: Requires a college degree in business, accountancy, engineering and other related field. • Work Experience: Requires at least one year work related experience in a manufacturing environment. • Skills: - Requires strong oral and written communication in English or Japanese. - Negotiation and planning capacity - Good communication skills are essential, both inside and outside the company. • Internal/External Contacts: - Interacts...",sales,VietnamWorks_Algolia,https://www.vietnamworks.com/viec-lam/business-development-staff-nhan-vien-phong-phat-trien-kinh-doanh-2030731,2026-04-14T19:33:36.027524
scraped_vietnamworks_algolia_00091,Autonomous Vessel Software Engineer (Ha Noi & Hai Phong),"Praxis Automation VIETNAM CO., LTD",,Hà Nội,0,0,full-time,any,4,university,"Working location: A new office to open in Hanoi / Hai Phong What will you do? Join our autonomy and navigation team and contribute to the development of autonomous and semi-autonomous vessel systems. You will work on software that enables vessels to safely navigate, maintain position, and execute missions using integrated navigation, sensor, and control systems.... Yêu cầu: • Bachelor’s degree in computer science, Software Engineering, Computer Engineering, Electrical Engineering, Robotics, Mathematics, Mechanics and Informatics, or equivalent • 4–6 years of professional experience in C++ software development, preferably for real-time or safety-critical systems. • Experience developing software for Linux embedded • Strong understanding of multithreading, timing constraints, and deterministic system behavior • Experience interfacing with hardware or lower-level systems via defined...",other,VietnamWorks_Algolia,https://www.vietnamworks.com/viec-lam/autonomous-vessel-software-engineer-ha-noi-and-hai-phong-2028679,2026-04-14T19:33:36.027587
scraped_vietnamworks_algolia_00098,Thực Tập Sinh Quan Hệ Khách Hàng Doanh Nghiệp,"Chailease International Leasing Co., Ltd. (Head Office)",,Bình Dương,0,140000000,freelance,any,0,high,"- Tìm kiếm khách hàng, liên hệ & giới thiệu dịch vụ cho thuê tài chính đến khách hàng doanh nghiệp. - Kiểm tra sơ bộ hồ sơ tín dụng. - Mở rộng & duy trì quan hệ với khách hàng hiện tại và khách hàng tiềm năng. - Đề xuất giải pháp thuê tài chính phù... Yêu cầu: - Sinh viên năm cuối hoặc đã tốt nghiệp Đại học/Cao đẳng (chuyên ngành Tài chính - Ngân hàng, Kinh tế, Kế toán, Quản trị kinh doanh, Ngoại thương là lợi thế). - Có khả năng giao tiếp tiếng Anh hoặc tiếng Trung. - Có thể thực tập ít nhất 4 ngày/tuần. - Giao tiếp tốt, thái...",other,VietnamWorks_Algolia,https://www.vietnamworks.com/viec-lam/thuc-tap-sinh-quan-he-khach-hang-doanh-nghiep--2030942,2026-04-14T19:33:36.028022
scraped_vietnamworks_algolia_00099,IT Auditor (Banking/ Financial Services),"Chailease International Leasing Co., Ltd. (Head Office)",,Hồ Chí Minh,0,0,full-time,<35,1,university,"- Build up IT standards, regulatory requirements, and internal policies. - Plan and execute independent internal IT audits and risk assessments for a variety of engagements. - Determine audit methods and scope to meet the general purpose of each internal audit item. - Review the effectiveness of IT general controls, IT applications, and other security audits supporting... Yêu cầu: - Bachelor degree or above, majored in Information Technology, Information Security, Computer Science or related majors. - Fluent in English (4 skills) . - Candidates with at least 1 year of experience in computer system auditing experience or audit experience in IT industry is highly preferred. - Have knowledge of regulations, products in the banking and finance industry,...",service,VietnamWorks_Algolia,https://www.vietnamworks.com/viec-lam/it-auditor-banking-financial-services--2030944,2026-04-14T19:33:36.028084
scraped_topcv_00000,Data Engineer/Data Analytics (DE/DA),CÔNG TY TNHH RU9,,Hồ Chí Minh,0,0,full-time,any,3,high,,other,TopCV,https://www.topcv.vn/viec-lam/data-engineer-data-analytics-de-da/2101649.html?ta_source=JobSearchList_LinkDetail&u_sr_id=eX1LKgY7JECnWDE2Y0gwvSbfr8yVCtaOXJTuSmK6_1776172461,2026-04-14T20:14:24.100952
scraped_topcv_00001,Nhân Viên Thiết Kế Đồ Hoạ/ Designer,Công Ty TNHH Bao Bì Minh Ngọc,,Hồ Chí Minh,10000000,25000000,full-time,any,1,high,,other,TopCV,https://www.topcv.vn/viec-lam/nhan-vien-thiet-ke-do-hoa-designer/2102165.html?ta_source=JobSearchList_LinkDetail&u_sr_id=eX1LKgY7JECnWDE2Y0gwvSbfr8yVCtaOXJTuSmK6_1776172461,2026-04-14T20:14:24.101052
scraped_topcv_00002,Kỹ Sư Trí Tuệ Nhân Tạo,TỔNG CÔNG TY MẠNG LƯỚI VIETTEL-CHI NHÁNH TẬP ĐOÀN CÔNG NGHIỆP-VIỄN THÔNG QUÂN ĐỘI,,Hà Nội,20000000,30000000,full-time,any,1,high,,other,TopCV,https://www.topcv.vn/viec-lam/ky-su-tri-tue-nhan-tao/2041920.html?ta_source=JobSearchList_LinkDetail&u_sr_id=eX1LKgY7JECnWDE2Y0gwvSbfr8yVCtaOXJTuSmK6_1776172461,2026-04-14T20:14:24.101150
scraped_topcv_00003,Senior Backend Engineer (Rust/Go/C++) - Lương Từ 1.500$ - 2.000$ + Thưởng Hiệu Quả Công Việc,CÔNG TY TNHH CỐ VẤN TÂM LÝ GIAO DỊCH S.T.E.P,,Hồ Chí Minh,0,0,full-time,any,2,high,,other,TopCV,https://www.topcv.vn/viec-lam/senior-backend-engineer-rust-go-c-luong-tu-1-500-2-000-thuong-hieu-qua-cong-viec/2104876.html?ta_source=JobSearchList_LinkDetail&u_sr_id=eX1LKgY7JECnWDE2Y0gwvSbfr8yVCtaOXJTuSmK6_1776172461,2026-04-14T20:14:24.101252
scraped_topcv_00004,Chuyên Viên Thiết Kế,CÔNG TY CỔ PHẦN VINSCHOOL,,Hà Nội,0,0,full-time,any,3,high,,other,TopCV,https://www.topcv.vn/viec-lam/chuyen-vien-thiet-ke/2104662.html?ta_source=JobSearchList_LinkDetail&u_sr_id=eX1LKgY7JECnWDE2Y0gwvSbfr8yVCtaOXJTuSmK6_1776172461,2026-04-14T20:14:24.101310
scraped_topcv_00005,ERP Implementation Analyst,"HEM-APPAREL CO., LTD",,Hồ Chí Minh,0,0,full-time,any,0,high,,other,TopCV,https://www.topcv.vn/viec-lam/erp-implementation-analyst/2105091.html?ta_source=JobSearchList_LinkDetail&u_sr_id=eX1LKgY7JECnWDE2Y0gwvSbfr8yVCtaOXJTuSmK6_1776172461,2026-04-14T20:14:24.101388
scraped_topcv_00006,Chuyên Viên Kỹ Thuật IoT Từ 4 Năm Kinh Nghiệm (TP.Hồ Chí Minh),CÔNG TY TNHH HIFARM,,Thanh Hóa,0,0,full-time,any,4,high,,skilled,TopCV,https://www.topcv.vn/viec-lam/chuyen-vien-ky-thuat-iot-tu-4-nam-kinh-nghiem-tp-ho-chi-minh/2102071.html?ta_source=JobSearchList_LinkDetail&u_sr_id=eX1LKgY7JECnWDE2Y0gwvSbfr8yVCtaOXJTuSmK6_1776172461,2026-04-14T20:14:24.101455
scraped_topcv_00007,Nhân Viên Quản Trị Dữ Liệu (Data Admin),CÔNG TY CỔ PHẦN BÁNH KẸO Á CHÂU,,Hồ Chí Minh,8000000,9000000,full-time,any,1,high,,other,TopCV,https://www.topcv.vn/viec-lam/nhan-vien-quan-tri-du-lieu-data-admin/1220636.html?ta_source=JobSearchList_LinkDetail&u_sr_id=eX1LKgY7JECnWDE2Y0gwvSbfr8yVCtaOXJTuSmK6_1776172461,2026-04-14T20:14:24.101532
scraped_topcv_00008,BrSE - Kỹ Sư Cầu Nối JLPT Từ N3,Công ty TNHH City Ascom Việt Nam,,Hà Nội,0,0,full-time,any,1,high,,other,TopCV,https://www.topcv.vn/viec-lam/brse-ky-su-cau-noi-jlpt-tu-n3/1577614.html?ta_source=JobSearchList_LinkDetail&u_sr_id=eX1LKgY7JECnWDE2Y0gwvSbfr8yVCtaOXJTuSmK6_1776172461,2026-04-14T20:14:24.101915
scraped_topcv_00009,"Nhân Viên Bình Bài & Thiết Kế (Bao Bì, Tem Nhãn, In Ấn)",CÔNG TY TNHH IN NHANH 66,,Hồ Chí Minh,0,0,full-time,any,1,high,,other,TopCV,https://www.topcv.vn/viec-lam/nhan-vien-binh-bai-thiet-ke-bao-bi-tem-nhan-in-an/2102109.html?ta_source=JobSearchList_LinkDetail&u_sr_id=eX1LKgY7JECnWDE2Y0gwvSbfr8yVCtaOXJTuSmK6_1776172461,2026-04-14T20:14:24.102044
scraped_topcv_00010,Fullstack Engineer (Kỹ Sư Fullstack) - Lương Từ 1.500$ - 2.000$ + Thưởng Hiệu Quả Công Việc,CÔNG TY TNHH CỐ VẤN TÂM LÝ GIAO DỊCH S.T.E.P,,Hồ Chí Minh,0,0,full-time,any,2,high,,other,TopCV,https://www.topcv.vn/viec-lam/fullstack-engineer-ky-su-fullstack-luong-tu-1-500-2-000-thuong-hieu-qua-cong-viec/2104890.html?ta_source=JobSearchList_LinkDetail&u_sr_id=eX1LKgY7JECnWDE2Y0gwvSbfr8yVCtaOXJTuSmK6_1776172461,2026-04-14T20:14:24.102132
scraped_topcv_00011,Fullstack Developer,CÔNG TY CỔ PHẦN CÔNG NGHỆ THANH TOÁN THÀNH PHỐ THÔNG MINH,,Hồ Chí Minh,0,0,full-time,any,3,high,,other,TopCV,https://www.topcv.vn/viec-lam/fullstack-developer/2107052.html?ta_source=JobSearchList_LinkDetail&u_sr_id=eX1LKgY7JECnWDE2Y0gwvSbfr8yVCtaOXJTuSmK6_1776172461,2026-04-14T20:14:24.102217
scraped_topcv_00012,IT Staff/ IT Helpdesk/IT Support,Công ty TNHH HS Hyosung Global Logistics Vina,,Hồ Chí Minh,0,0,full-time,any,1,high,,other,TopCV,https://www.topcv.vn/viec-lam/it-staff-it-helpdesk-it-support/1671582.html?ta_source=JobSearchList_LinkDetail&u_sr_id=eX1LKgY7JECnWDE2Y0gwvSbfr8yVCtaOXJTuSmK6_1776172461,2026-04-14T20:14:24.102344
scraped_topcv_00013,QC Mid-Senior,Công ty Cổ phần Công nghệ Tài chính Goline,,Hà Nội,14000000,20000000,full-time,any,2,high,,other,TopCV,https://www.topcv.vn/viec-lam/qc-mid-senior/2102599.html?ta_source=JobSearchList_LinkDetail&u_sr_id=eX1LKgY7JECnWDE2Y0gwvSbfr8yVCtaOXJTuSmK6_1776172461,2026-04-14T20:14:24.102444
scraped_topcv_00014,Nhân Viên Marketing Tổng Hợp Full- Stack,CÔNG TY TNHH DỊCH VỤ TƯ VẤN GIÁO DỤC QUỐC TẾ HƯNG THỊNH PHÁT,,Hồ Chí Minh,8000000,11000000,full-time,any,1,high,,other,TopCV,https://www.topcv.vn/viec-lam/nhan-vien-marketing-tong-hop-full-stack/2102440.html?ta_source=JobSearchList_LinkDetail&u_sr_id=eX1LKgY7JECnWDE2Y0gwvSbfr8yVCtaOXJTuSmK6_1776172461,2026-04-14T20:14:24.102571
scraped_topcv_00015,Senior Data Engineer (Quận 1 - HCM),CÔNG TY TNHH HCL VIETNAM,,Hồ Chí Minh,0,0,full-time,any,5,high,,other,TopCV,https://www.topcv.vn/viec-lam/senior-data-engineer-quan-1-hcm/2108723.html?ta_source=JobSearchList_LinkDetail&u_sr_id=eX1LKgY7JECnWDE2Y0gwvSbfr8yVCtaOXJTuSmK6_1776172461,2026-04-14T20:14:24.102645
scraped_topcv_00016,Tech Lead/Trưởng Phòng Phát Triển Phần Mềm .NET - Thu Nhập Upto 70 Triệu Đồng - Hỗ Trợ Thiết Bị - Hà Nội,Công ty cổ phần Onenet,,Thanh Hóa,70000000,70000000,full-time,any,5,high,,other,TopCV,https://www.topcv.vn/viec-lam/tech-lead-truong-phong-phat-trien-phan-mem-net-thu-nhap-upto-70-trieu-dong-ho-tro-thiet-bi-ha-noi/2105608.html?ta_source=JobSearchList_LinkDetail&u_sr_id=eX1LKgY7JECnWDE2Y0gwvSbfr8yVCtaOXJTuSmK6_1776172461,2026-04-14T20:14:24.102725
scraped_topcv_00017,"Integration Specialist (Night Shift, E-Com/ERP/Data)",CÔNG TY TNHH DICENTRAL VIỆT NAM,,Hồ Chí Minh,0,0,full-time,any,0,high,,other,TopCV,https://www.topcv.vn/viec-lam/integration-specialist-night-shift-e-com-erp-data/2105797.html?ta_source=JobSearchList_LinkDetail&u_sr_id=eX1LKgY7JECnWDE2Y0gwvSbfr8yVCtaOXJTuSmK6_1776172461,2026-04-14T20:14:24.102816
scraped_topcv_00018,Thực Tập Sinh Tài Năng (Tech/Data/Risk/Business),ProCông ty Tài chính tín dụng tiêu dùng TNHH MB SHINSEI (Mcredit),,Hà Nội,0,0,full-time,any,1,high,,other,TopCV,https://www.topcv.vn/viec-lam/thuc-tap-sinh-tai-nang-tech-data-risk-business/2103006.html?ta_source=JobSearchList_LinkDetail&u_sr_id=eX1LKgY7JECnWDE2Y0gwvSbfr8yVCtaOXJTuSmK6_1776172461,2026-04-14T20:14:24.102873
scraped_topcv_00019,Thực Tập Sinh Phân Tích & Triển Khai Nghiệp Vụ,Công ty cổ phần công nghệ Isofh,,Hà Nội,4000000,5000000,full-time,any,0,high,,other,TopCV,https://www.topcv.vn/viec-lam/thuc-tap-sinh-phan-tich-trien-khai-nghiep-vu/1683712.html?ta_source=JobSearchList_LinkDetail&u_sr_id=eX1LKgY7JECnWDE2Y0gwvSbfr8yVCtaOXJTuSmK6_1776172461,2026-04-14T20:14:24.102937
scraped_topcv_00020,Chuyên Viên Vận Hành Và Giải Pháp CNTT,Công ty Cổ phần Công nghệ Công nghiệp VConnex,,Hà Nội,0,0,full-time,any,2,high,,other,TopCV,https://www.topcv.vn/viec-lam/chuyen-vien-van-hanh-va-giai-phap-cntt/2100963.html?ta_source=JobSearchList_LinkDetail&u_sr_id=eX1LKgY7JECnWDE2Y0gwvSbfr8yVCtaOXJTuSmK6_1776172461,2026-04-14T20:14:24.103002
scraped_topcv_00021,Giáo Viên Dạy Lập Trình (Stem) / Giáo Viên Stem Coding Teacher- 28 Tiếng/Tuần - Quận 9,Wall Street English,,Hồ Chí Minh,7000000,75000000,full-time,any,1,high,,other,TopCV,https://www.topcv.vn/viec-lam/giao-vien-day-lap-trinh-stem-giao-vien-stem-coding-teacher-28-tieng-tuan-quan-9/2102695.html?ta_source=JobSearchList_LinkDetail&u_sr_id=eX1LKgY7JECnWDE2Y0gwvSbfr8yVCtaOXJTuSmK6_1776172461,2026-04-14T20:14:24.103072
scraped_topcv_00022,3. Kỹ Sư Phân Tích Hệ Thống & Quy Trình (Business Analyst) - Dự Án Chuyển Đổi Số - 3 Năm Kinh Nghiệm,Trung tâm Kỹ thuật,,Hà Nội,20000000,25000000,full-time,any,3,high,,other,TopCV,https://www.topcv.vn/viec-lam/3-ky-su-phan-tich-he-thong-quy-trinh-business-analyst-du-an-chuyen-doi-so-3-nam-kinh-nghiem/2102668.html?ta_source=JobSearchList_LinkDetail&u_sr_id=eX1LKgY7JECnWDE2Y0gwvSbfr8yVCtaOXJTuSmK6_1776172461,2026-04-14T20:14:24.103135
scraped_topcv_00023,4. Lập Trình Viên Fullstack (Java/React) - Kinh Nghiệm 3 Năm ( Lương Từ 20tr Trở Lên),Trung tâm Kỹ thuật,,Hà Nội,20000000,25000000,full-time,any,3,high,,other,TopCV,https://www.topcv.vn/viec-lam/4-lap-trinh-vien-fullstack-java-react-kinh-nghiem-3-nam-luong-tu-20tr-tro-len/2102732.html?ta_source=JobSearchList_LinkDetail&u_sr_id=eX1LKgY7JECnWDE2Y0gwvSbfr8yVCtaOXJTuSmK6_1776172461,2026-04-14T20:14:24.103195
scraped_topcv_00024,"Lập Trình Viên Java - 4 Năm Kinh Nghiệm - Làm Việc Tại Thanh Xuân, HN - Phúc Lợi Tốt, Thu Nhập Cao So Với Thị Trường",CÔNG TY CỔ PHẦN GIẢI PHÁP CÔNG NGHỆ NVINA,,Hà Nội,20000000,30000000,full-time,any,4,high,,other,TopCV,https://www.topcv.vn/viec-lam/lap-trinh-vien-java-4-nam-kinh-nghiem-lam-viec-tai-thanh-xuan-hn-phuc-loi-tot-thu-nhap-cao-so-voi-thi-truong/2078121.html?ta_source=JobSearchList_LinkDetail&u_sr_id=eX1LKgY7JECnWDE2Y0gwvSbfr8yVCtaOXJTuSmK6_1776172461,2026-04-14T20:14:24.103262
scraped_topcv_00025,"Chuyên Viên Đào Tạo Ứng Dụng AI (Thu Nhập 15-20 Triệu Tại Cầu Giấy, Hà Nội)",Công Ty TNHH Đầu Tư và Phát Triển Giáo Dục Big Ben,,Thanh Hóa,15000000,20000000,full-time,any,2,high,,other,TopCV,https://www.topcv.vn/viec-lam/chuyen-vien-dao-tao-ung-dung-ai-thu-nhap-15-20-trieu-tai-cau-giay-ha-noi/2103787.html?ta_source=JobSearchList_LinkDetail&u_sr_id=eX1LKgY7JECnWDE2Y0gwvSbfr8yVCtaOXJTuSmK6_1776172461,2026-04-14T20:14:24.103328
scraped_topcv_00026,Print Production Artist (English),ROWBOAT SOFTWARE,,Hồ Chí Minh,8000000,13000000,full-time,any,1,high,,production,TopCV,https://www.topcv.vn/viec-lam/print-production-artist-english/2105498.html?ta_source=JobSearchList_LinkDetail&u_sr_id=eX1LKgY7JECnWDE2Y0gwvSbfr8yVCtaOXJTuSmK6_1776172461,2026-04-14T20:14:24.103392
scraped_topcv_00027,UI/UX Designer,CÔNG TY TNHH MTV SEN VÀNG VIỆT NAM,,Hồ Chí Minh,0,0,full-time,any,2,high,,other,TopCV,https://www.topcv.vn/brand/goldenlotusjewelry/tuyen-dung/ui-ux-designer-j2104399.html?ta_source=JobSearchList_LinkDetail&u_sr_id=eX1LKgY7JECnWDE2Y0gwvSbfr8yVCtaOXJTuSmK6_1776172461,2026-04-14T20:14:24.103445
scraped_topcv_00028,Tester - Thu Nhập Hấp Dẫn - Tại Hà Nội,CÔNG TY TNHH EKYO VIỆT NAM,,Thanh Hóa,0,0,full-time,any,1,high,,other,TopCV,https://www.topcv.vn/viec-lam/tester-thu-nhap-hap-dan-tai-ha-noi/2110759.html?ta_source=JobSearchList_LinkDetail&u_sr_id=eX1LKgY7JECnWDE2Y0gwvSbfr8yVCtaOXJTuSmK6_1776172461,2026-04-14T20:14:24.103490
scraped_topcv_00029,Middle Full-Stack Developer,Công ty cổ phần PT HUB,,Hà Nội,0,40000000,full-time,any,3,high,,other,TopCV,https://www.topcv.vn/viec-lam/middle-full-stack-developer/2103394.html?ta_source=JobSearchList_LinkDetail&u_sr_id=eX1LKgY7JECnWDE2Y0gwvSbfr8yVCtaOXJTuSmK6_1776172461,2026-04-14T20:14:24.103541
scraped_topcv_00030,Technical Lead (SaaS Product),FIREAPPS TECHNOLOGY JOINT STOCK COMPANY,,Hồ Chí Minh,0,0,full-time,any,5,high,,other,TopCV,https://www.topcv.vn/viec-lam/technical-lead-saas-product/2107441.html?ta_source=JobSearchList_LinkDetail&u_sr_id=eX1LKgY7JECnWDE2Y0gwvSbfr8yVCtaOXJTuSmK6_1776172461,2026-04-14T20:14:24.103590
scraped_topcv_00031,Graphic Designer - Chuyên Viên Thiết Kế Đồ Họa (Quận 5 HCM Cũ),CÔNG TY TNHH DU HỌC TẬN TÂM,,Hồ Chí Minh,0,0,full-time,any,1,high,,other,TopCV,https://www.topcv.vn/viec-lam/graphic-designer-chuyen-vien-thiet-ke-do-hoa-quan-5-hcm-cu/2115371.html?ta_source=JobSearchList_LinkDetail&u_sr_id=eX1LKgY7JECnWDE2Y0gwvSbfr8yVCtaOXJTuSmK6_1776172461,2026-04-14T20:14:24.103641
scraped_topcv_00032,Senior AI Engineer,CÔNG TY TNHH DIGI-TEXX,,Hồ Chí Minh,0,0,full-time,any,5,high,,other,TopCV,https://www.topcv.vn/viec-lam/senior-ai-engineer/2070561.html?ta_source=JobSearchList_LinkDetail&u_sr_id=eX1LKgY7JECnWDE2Y0gwvSbfr8yVCtaOXJTuSmK6_1776172461,2026-04-14T20:14:24.103697
scraped_topcv_00033,"Thiết Kế Đồ Hoạ Ngành In Vải (AI, Photoshop) – Thu Nhập 20 Triệu/Tháng",CÔNG TY TNHH TM DV AN VIỆT PHÁT,,Hồ Chí Minh,20000000,20000000,full-time,any,2,high,,other,TopCV,https://www.topcv.vn/viec-lam/thiet-ke-do-hoa-nganh-in-vai-ai-photoshop-thu-nhap-20-trieu-thang/1720942.html?ta_source=JobSearchList_LinkDetail&u_sr_id=eX1LKgY7JECnWDE2Y0gwvSbfr8yVCtaOXJTuSmK6_1776172461,2026-04-14T20:14:24.103748
scraped_topcv_00034,QA Tester,CÔNG TY TRÁCH NHIỆM HỮU HẠN THK HOLDINGS VIỆT NAM,,Hồ Chí Minh,0,0,full-time,any,2,high,,other,TopCV,https://www.topcv.vn/viec-lam/qa-tester/2109203.html?ta_source=JobSearchList_LinkDetail&u_sr_id=eX1LKgY7JECnWDE2Y0gwvSbfr8yVCtaOXJTuSmK6_1776172461,2026-04-14T20:14:24.103847
scraped_topcv_00035,Business Analyst,CÔNG TY CỔ PHẦN TẬP ĐOÀN THIÊN KHÔI,,Hà Nội,15000000,25000000,full-time,any,3,high,,other,TopCV,https://www.topcv.vn/viec-lam/business-analyst/2105647.html?ta_source=JobSearchList_LinkDetail&u_sr_id=eX1LKgY7JECnWDE2Y0gwvSbfr8yVCtaOXJTuSmK6_1776172461,2026-04-14T20:14:24.103902
scraped_topcv_00036,Thiết Kế Đồ Họa (Graphic Designer - Performance Marketing),TAT ECOM JSC (CATTASAURUS LLC),,Hồ Chí Minh,10000000,20000000,full-time,any,1,high,,other,TopCV,https://www.topcv.vn/viec-lam/thiet-ke-do-hoa-graphic-designer-performance-marketing/2108912.html?ta_source=JobSearchList_LinkDetail&u_sr_id=eX1LKgY7JECnWDE2Y0gwvSbfr8yVCtaOXJTuSmK6_1776172461,2026-04-14T20:14:24.103949
scraped_topcv_00037,Digital Team Supervisor - IT Solution Department,ProCông ty TNHH Yamaha Motor Việt Nam,,Hà Nội,20000000,35000000,full-time,any,3,high,,other,TopCV,https://www.topcv.vn/viec-lam/digital-team-supervisor-it-solution-department/2047853.html?ta_source=JobSearchList_LinkDetail&u_sr_id=eX1LKgY7JECnWDE2Y0gwvSbfr8yVCtaOXJTuSmK6_1776172461,2026-04-14T20:14:24.104004
scraped_topcv_00038,Chuyên Viên Phân Tích Nghiệp Vụ Và Hỗ Trợ Người Dùng,Công ty Cổ phần Đầu Tư K&G Việt Nam,,Hà Nội,15000000,25000000,full-time,any,2,high,,other,TopCV,https://www.topcv.vn/viec-lam/chuyen-vien-phan-tich-nghiep-vu-va-ho-tro-nguoi-dung/2105292.html?ta_source=JobSearchList_LinkDetail&u_sr_id=eX1LKgY7JECnWDE2Y0gwvSbfr8yVCtaOXJTuSmK6_1776172461,2026-04-14T20:14:24.104058
scraped_topcv_00039,"Fullstack Team Lead (NodeJS / ReactJS) - 5 Năm Kinh Nghiệm - Làm Việc Tại Lê Đức Thọ, HN - Phúc Lợi Tốt, Thu Nhập 30 Triệu +++",CÔNG TY CỔ PHẦN YANSOFT,,Hà Nội,5000000,30000000,full-time,any,5,high,,other,TopCV,https://www.topcv.vn/viec-lam/fullstack-team-lead-nodejs-reactjs-5-nam-kinh-nghiem-lam-viec-tai-le-duc-tho-hn-phuc-loi-tot-thu-nhap-30-trieu/2116548.html?ta_source=JobSearchList_LinkDetail&u_sr_id=eX1LKgY7JECnWDE2Y0gwvSbfr8yVCtaOXJTuSmK6_1776172461,2026-04-14T20:14:24.104142
scraped_topcv_00040,"Technical Support Engineer (Fixed Night Shift, IT, Up To 30M Total Package)",Công ty TNHH ITECHWX,,Hồ Chí Minh,0,0,full-time,any,0,high,,other,TopCV,https://www.topcv.vn/viec-lam/technical-support-engineer-fixed-night-shift-it-up-to-30m-total-package/2114902.html?ta_source=JobSearchList_LinkDetail&u_sr_id=eX1LKgY7JECnWDE2Y0gwvSbfr8yVCtaOXJTuSmK6_1776172461,2026-04-14T20:14:24.104217
scraped_topcv_00041,UA Marketing (Android App) - Lương 10-20tr + Commission Hấp Dẫn,Công ty TNHH Thương mại quốc tế TNG,,Hà Nội,10000000,20000000,full-time,any,0,high,,other,TopCV,https://www.topcv.vn/viec-lam/ua-marketing-android-app-luong-10-20tr-commission-hap-dan/2106515.html?ta_source=JobSearchList_LinkDetail&u_sr_id=eX1LKgY7JECnWDE2Y0gwvSbfr8yVCtaOXJTuSmK6_1776172461,2026-04-14T20:14:24.104278
scraped_topcv_00042,Kiểm Duyệt Nội Dung (Photoshop Cơ Bản),CÔNG TY TNHH DIGI-TEXX,,Hồ Chí Minh,65000000,75000000,full-time,any,1,high,,other,TopCV,https://www.topcv.vn/viec-lam/kiem-duyet-noi-dung-photoshop-co-ban/1238890.html?ta_source=JobSearchList_LinkDetail&u_sr_id=eX1LKgY7JECnWDE2Y0gwvSbfr8yVCtaOXJTuSmK6_1776172461,2026-04-14T20:14:24.104337
scraped_topcv_00043,Nhân Viên Phần Mềm,CÔNG TY CỔ PHẦN NHẬT MINH TT,,Hồ Chí Minh,0,0,full-time,any,2,high,,other,TopCV,https://www.topcv.vn/viec-lam/nhan-vien-phan-mem/2098204.html?ta_source=JobSearchList_LinkDetail&u_sr_id=eX1LKgY7JECnWDE2Y0gwvSbfr8yVCtaOXJTuSmK6_1776172461,2026-04-14T20:14:24.104386
scraped_topcv_00044,"Lập Trình Viên Phát Triển Ứng Dụng Web (Integration, Data & Microservices) - Kinh Nghiệm Từ 3 Năm",CÔNG TY CỔ PHẦN GIẢI PHÁP GIÁO DỤC - Y TẾ NAM VIỆT,,Hà Nội,15000000,30000000,full-time,any,3,high,,service,TopCV,https://www.topcv.vn/viec-lam/lap-trinh-vien-phat-trien-ung-dung-web-integration-data-microservices-kinh-nghiem-tu-3-nam/2104775.html?ta_source=JobSearchList_LinkDetail&u_sr_id=eX1LKgY7JECnWDE2Y0gwvSbfr8yVCtaOXJTuSmK6_1776172461,2026-04-14T20:14:24.104445
scraped_topcv_00045,Business Analyst (TMS/Control Tower) - Chuyên Viên Phân Tích Và Vận Hành Hệ Thống Vận Tải & Control Tower,CÔNG TY LOGISTICS - TỔNG CÔNG TY BƯU ĐIỆN VIỆT NAM,,Hà Nội,0,0,full-time,any,3,high,,other,TopCV,https://www.topcv.vn/viec-lam/business-analyst-tms-control-tower-chuyen-vien-phan-tich-va-van-hanh-he-thong-van-tai-control-tower/2103577.html?ta_source=JobSearchList_LinkDetail&u_sr_id=eX1LKgY7JECnWDE2Y0gwvSbfr8yVCtaOXJTuSmK6_1776172461,2026-04-14T20:14:24.104499
scraped_topcv_00046,Kỹ Thuật Viên Triển Khai Dự Án Công Nghệ Thông Tin- Thu Nhập Đến 20 Triệu/Tháng,Công ty TNHH Phát triển thương mại và Kỹ thuật Toàn Cầu,,Hà Nội,20000000,20000000,full-time,any,3,high,,skilled,TopCV,https://www.topcv.vn/viec-lam/ky-thuat-vien-trien-khai-du-an-cong-nghe-thong-tin-thu-nhap-den-20-trieu-thang/2103164.html?ta_source=JobSearchList_LinkDetail&u_sr_id=eX1LKgY7JECnWDE2Y0gwvSbfr8yVCtaOXJTuSmK6_1776172461,2026-04-14T20:14:24.104569
scraped_topcv_00047,Nhân Viên Designer Social 2D_02 Năm Kinh Nghiệm_Thu Nhập Upto 15M++_Đi Làm Ngay Tại Cầu Giấy-Hà Nội,CÔNG TY TNHH MỸ PHẨM L & J,,Thanh Hóa,10000000,15000000,full-time,any,2,high,,other,TopCV,https://www.topcv.vn/viec-lam/nhan-vien-designer-social-2d-02-nam-kinh-nghiem-thu-nhap-upto-15m-di-lam-ngay-tai-cau-giay-ha-noi/2106151.html?ta_source=JobSearchList_LinkDetail&u_sr_id=eX1LKgY7JECnWDE2Y0gwvSbfr8yVCtaOXJTuSmK6_1776172461,2026-04-14T20:14:24.104619
scraped_topcv_00048,Kỹ Sư Tư Vấn Giải Pháp Công Nghệ(PRESALE),Công Ty TNHH PNK,,Hà Nội,30000000,40000000,full-time,any,2,high,,other,TopCV,https://www.topcv.vn/viec-lam/ky-su-tu-van-giai-phap-cong-nghepresale/2104578.html?ta_source=JobSearchList_LinkDetail&u_sr_id=eX1LKgY7JECnWDE2Y0gwvSbfr8yVCtaOXJTuSmK6_1776172461,2026-04-14T20:14:24.104671
scraped_topcv_00049,Kỹ Sư Quản Trị Hệ Thống,CÔNG TY CÔNG NGHỆ THÔNG TIN ĐIỆN LỰC MIỀN BẮC - CHI NHÁNH TỔNG CÔNG TY ĐIỆN LỰC MIỀN BẮC,,Hà Nội,0,0,full-time,any,0,high,,other,TopCV,https://www.topcv.vn/viec-lam/ky-su-quan-tri-he-thong/2114967.html?ta_source=JobSearchList_LinkDetail&u_sr_id=eX1LKgY7JECnWDE2Y0gwvSbfr8yVCtaOXJTuSmK6_1776172461,2026-04-14T20:14:24.104721
scraped_topcv_00000,Fullstack Developer Middle (Web App) – English/ Japanese (Up To 27M) Remote 5 Days/Month,CÔNG TY CỔ PHẦN DS SOLUTION VIỆT NAM,,Hà Nội,0,27000000,full-time,any,3,high,,other,TopCV,https://www.topcv.vn/viec-lam/fullstack-developer-middle-web-app-english-japanese-up-to-27m-remote-5-days-month/2124517.html?ta_source=JobSearchList_LinkDetail&u_sr_id=PefKQLm6aeQTCT4vpWg37HJMsJ1mqVPD2kj94fKx_1776173237,2026-04-14T20:27:20.185962
scraped_topcv_00042,Chương Trình Tài Năng Trẻ TopCV Mùa 2 - TopCV Next Gen 2026,Công ty Cổ phần TOPCV Việt Nam,,Hà Nội,0,0,full-time,any,1,high,,other,TopCV,https://www.topcv.vn/brand/topcv/tuyen-dung/chuong-trinh-tai-nang-tre-topcv-mua-2-topcv-next-gen-2026-j2104855.html?ta_source=JobSearchList_LinkDetail&u_sr_id=PefKQLm6aeQTCT4vpWg37HJMsJ1mqVPD2kj94fKx_1776173237,2026-04-14T20:27:20.190080
