id,title,company,skills,location,salary_min,salary_max,type,age_preference,experience_required,education_required,description,category,source,job_url,scraped_at
scraped_vietnamworks_algolia_06347,Chuyên Viên Thiết Kế Đồ Họa,Công Ty Cổ Phần Elmich,Marketing,Hà Nội,12000000,15000000,full-time,any,3,university,"Mô tả công việc: 1. Thực hiện hoàn thiện ảnh profile về thông tin sản phẩm (50%) • Tạo ảnh bối cảnh sản phẩm • Thiết kế ảnh profile giới thiệu sản phẩm theo kịch bản có sẵn. • Hậu... Yêu cầu: YÊU CẦU CÔNG VIỆC • Nam/Nữ tuổi từ 25-35 tuổi • Có ít nhất 3 năm kinh nghiệm thiết kế đồ họa • Sáng tạo, thẩm mỹ tốt, có trách nhiệm, chủ động trong công việc, khả năng chịu áp lực tốt. • Tốt nghiệp chuyên ngành thiết kế (hoặc trường Mỹ thuật công nghiệp, FPT Arena chuyên...",sales,VietnamWorks_Algolia,https://www.vietnamworks.com/chuyen-vien-thiet-ke-djo-hoa-2057819-jv,2026-05-26T12:56:54.165184
scraped_vietnamworks_algolia_07623,Purchaser,I. Schroeder KG (GmbH & Co),Communication,Hồ Chí Minh,9600000,18000000,full-time,any,5,university,"• Identify and develop qualified seafood suppliers across Vietnam, particularly for frozen items such as shrimp, pangasius, squid, octopus, shellfish, etc. • Negotiate price, payment terms, delivery schedules, and contractual conditions to meet company objectives. • Analyze market trends, raw material availability, and pricing forecasts to make timely and cost-effective purchasing decisions. • Collaborate closely with the... Yêu cầu: • Bachelor’s degree in relevant fields (International business, Business administration, Supply Chain Management, etc). • Have as least 5 years’ experience in seafood business. • Strong network of seafood suppliers, especially in key sourcing areas (Mekong Delta, Central Vietnam, etc.). • Knowledge of seafood production, export procedures, food safety regulations, and global quality standards. • Excellent communication, negotiation,...",other,VietnamWorks_Algolia,https://www.vietnamworks.com/purchaser-2056531-jv,2026-05-26T12:56:57.619532
scraped_vietnamworks_algolia_00057,Accounting & Tax Associate (Client Service),Dezan Shira & Cộng Sự Việt Nam,English,Đà Nẵng,8400000,15750000,full-time,any,2,university,"• Handle daily accounting works and full accounting, and financial works for assigned clients; • Prepare monthly, quarterly and annual tax reports including: Corporate Income Tax, Value Added Tax, Foreign Contractor’s Tax, and others as per set deadlines; • Prepare advisory reports of tax issues, finance and accounting matters when... Yêu cầu: • Minimum 2-3 year of relevant professional experience preferably related industries. • A bachelor’s degree with an emphasis in accounting would be preferable. • Excellent interpersonal and communications skills including strong written and verbal skills. • Excellent command of written and spoken English. • Good command of accounting...",accounting,VietnamWorks_Algolia,https://www.vietnamworks.com/accounting-and-tax-associate-client-service-2027210-jv,2026-05-25T19:46:09.139381
scraped_vietnamworks_algolia_00143,Trưởng Nhóm Bảo Trì,Công Ty Cổ Phần Tập Đoàn Sunhouse,,Bình Dương,600000000,800000000,full-time,any,2,high,"1. Quản lý công tác bảo trì – bảo dưỡng. - Lập kế hoạch bảo trì định kỳ (PM) cho toàn bộ máy móc thiết bị trong nhà máy. - Tổ chức thực hiện, giám sát và đánh giá hiệu quả bảo trì. - Đảm bảo máy móc hoạt động ổn định, giảm thiểu thời gian dừng máy. 2. Sửa chữa & xử... Yêu cầu: 1. Trình độ học vấn: Cao đẳng trở lên (Cơ khí/Tự động hóa/Điện công nghiệp) 2. Chuyên môn: Cơ khí / Điện/ Điện tử 3. Kinh nghiệm: Ít nhất 2 năm tại vị trí Nhóm trưởng Bảo trì 4. Kiến thức - Hiểu về hệ thống máy móc sản xuất - Kiến thức điện – cơ – khí – tự động hóa cơ bản...",other,VietnamWorks_Algolia,https://www.vietnamworks.com/truong-nhom-bao-tri--2038153-jv,2026-05-25T19:37:23.923773
scraped_mywork_00281,Nhân Viên Tư Vấn / Kinh Doanh Tại Bình Thạnh - Lương Cơ Bản Từ 10 Triệu Không Yêu Cầu Kinh Nghiệm,Công Ty Cổ Phần Đầu Tư Và Dịch Vụ A&t Services,Kinh Doanh,Hồ Chí Minh,50000000,200000000,full-time,any,1,high,Nhân Viên Tư Vấn / Kinh Doanh Tại Bình Thạnh - Lương Cơ Bản Từ 10 Triệu Không Yêu Cầu Kinh Nghiệm,bao_ve,MyWork,https://mywork.com.vn/viec-lam-nhan-vien-tu-van-kinh-doanh-tai-binh-thanh-luong-co-ban-tu-10-trieu-khong-yeu-cau-kinh-nghiem-job-200831795.html,2026-05-25T19:54:42.934171
scraped_vietnamworks_algolia_05561,Quản Lý Bộ Phận Tư Vấn và Phản Hồi Khách Hàng,Công Ty Cổ Phần Tập Đoàn Masterise,Kinh doanh|Cơ khí,Hưng Yên,8000000,15000000,full-time,any,0,university,"- Chịu trách nhiệm quản lý vận hành hằng ngày của đội ngũ Contact Center, đảm bảo các yêu cầu của khách hàng được tiếp nhận, phản hồi và xử lý đúng tiêu chuẩn chất lượng dịch vụ, thời hạn SLA và định hướng trải nghiệm khách hàng của Công ty. - Đóng vai trò... Yêu cầu: - Tốt nghiệp Đại học trở lên các chuyên ngành Quản trị Kinh doanh, Dịch vụ Khách hàng, Tài chính hoặc các ngành liên quan. - Có tối thiểu 4–6 năm kinh nghiệm trong lĩnh vực Chăm Sóc Khách hàng hoặc Trải nghiệm khách hàng trong lĩnh vực bất động sản, lĩnh vực dịch vụ...",skilled,VietnamWorks_Algolia,https://www.vietnamworks.com/quan-ly-bo-phan-tu-van-va-phan-hoi-khach-hang-2058750-jv,2026-05-26T12:56:52.451914
scraped_vietnamworks_algolia_04615,SMEs Banking Staff,Ngân Hàng Công Nghiệp Hàn Quốc- Chi Nhánh Hà Nội ( IBK Hanoi Branch),English|Korean|Excel|Word|Powerpoint,Hà Nội,9200000,17250000,full-time,any,1,university,"- Banking operation, SMEs and other banking services, duties including: • Handling customers’ application for account / loan opening, bank card, remittance, transfer, cash withdrawal & deposits, etc... • Dealing with incoming telegraphic transfer, e-banking • Acting as first line of defense in Anti-Money laundering (KYC, Transaction monitoring, Sanction filtering) • Ensuring transactions are completed with customer’s satisfaction... Yêu cầu: • University degree (copy of the transcript is required to enclose with CV) • Good command of MS Office (Excel, Word, PowerPoint...) and familiar with working on PC • Ability to communicate fluently in English or Korean • 1~2 years of banking experience is preferred (not mandatory required) • Ability...",other,VietnamWorks_Algolia,https://www.vietnamworks.com/smes-banking-staff-2050964-jv,2026-05-26T00:31:27.717926
scraped_vietnamworks_algolia_04839,People Experience Advisor (HRBP) - Commercial,Mondelēz Kinh Đô Việt Nam,Power Bi|Communication|English|Microsoft Office|Excel,Hưng Yên,8000000,15000000,full-time,any,4,university,"Business Partnering: • Support and advise the Line Managers in HR processes, training, recruitment, promotion, discipline, ... • Partner with Line Managers to provide the good employee’s experience in all employee cycle’s moments Performance Management: Implement performance management process through coaching and partnering with Line Managers within the consistent guidance of Mondelez. Training and development: Ensure successful delivery and implementation of... Yêu cầu: • At least 4 years of experience in HR with a strong customer service orientation • Education/Certifications: Bachelor's degree • Proficient in Microsoft Office (Power Point, Excel...); Power BI • Proficient in English • Partnering, planning, communication & data analysis skills • Experience working to deadlines with strong prioritization skills • Meticulous attention to detail • Ability to work under...",other,VietnamWorks_Algolia,https://www.vietnamworks.com/people-experience-advisor-hrbp-commercial-2047023-jv,2026-05-26T00:31:28.259231
scraped_vietnamworks_algolia_00798,Quản Lý Nghiệp Vụ Hệ Thống Kho,EuP Group,Kế toán|Kho vận,Hà Nội,20000000,30000000,full-time,<45,0,college,"1. MÔ TẢ CÔNG VIỆC • Quản trị hệ thống kho toàn công ty + Xây dựng và chuẩn hóa sơ đồ tổ chức, quy trình quản lý kho (nhập – xuất – tồn – kiểm kê) + Phối hợp với các trưởng bộ phận kho ở các nhà máy triển khai và áp dụng quy trình + Kiểm soát việc tuân... Yêu cầu: 2. YÊU CẦU ỨNG VIÊN: • Tốt nghiệp Đại học các ngành: Logistics & Chuỗi cung ứng, Quản trị kinh doanh. • Kinh nghiệm: Từ 3-5 năm vị trí quản lý Kho: Đã làm ở công ty có mô hình nhiều nhà máy • Kỹ năng giao tiếp và tuy duy Logic • Làm việc tại VP Hà Nội: A66, khu đấu giá...",accounting,VietnamWorks_Algolia,https://www.vietnamworks.com/quan-ly-nghiep-vu-he-thong-kho-2057269-jv,2026-05-25T23:16:54.518374
scraped_vietnamworks_algolia_07966,Kế Toán Kho Thủ Kho,Rugby School Hanoi,Kế toán|Kho vận,Hà Nội,9200000,17250000,full-time,any,1,university,"Mô tả chung: Vị trí Kế toán kho và thủ kho tại trường theo dõi các biến động tăng giảm của vật tư hàng hóa, VPP, Đồng phục, công cụ dụng cụ và tài sản cố định trong phạm vi trường mình quản lý và duy trì hệ thống sổ sách chứng từ có liên... Yêu cầu: Yêu cầu chung: • Hiểu rõ các chính sách, quy trình của công ty; • Hoàn thành nhanh chóng công việc được giao với hiệu quả cao • Đảm bảo tuân thủ các quy định của công ty,tuân thủ pháp luật • Góp phần xây dựng môi trường làm việc năng động, hiệu quả • Giải trình số liệu...",accounting,VietnamWorks_Algolia,https://www.vietnamworks.com/ke-toan-kho-thu-kho-2052451-jv,2026-05-26T12:56:58.521305
scraped_vietnamworks_algolia_00933,Kỹ Sư Phòng Sản Xuất,"SEI Electronic Components (Vietnam), Ltd.",Sản xuất,Hà Nội,9200000,17250000,full-time,any,0,university,"Là thành viên của Tập đoàn Sumitomo Electric (Nhật Bản), SEI Việt Nam không chỉ sản xuất linh kiện điện tử hàng đầu mà còn vận hành dựa trên &#34;Tinh thần Sumitomo&#34; : Đặt sự trung thực lên hàng đầu và không ngừng cải tiến (Kaizen) để đóng góp cho một xã hội bền vững.... Yêu cầu: - Tốt nghiệp đai học chuyên ngành kỹ thuật - Có thể sử dụng tiếng anh trong công việc - Nhiệt tình và có khả năng làm việc dưới áp lực. - Sẵn sàng làm thêm giờ khi được yêu cầu. Địa điểm: - KCN Thăng Long, Thiên Lộc, Hà Nội CHẾ ĐỘ PHÚC LỢI: Chế độ lương...",production,VietnamWorks_Algolia,https://www.vietnamworks.com/ky-su-phong-san-xuat--2054546-jv,2026-05-25T23:16:54.917762
scraped_vietnamworks_algolia_05447,"Chuyên Viên Quan Hệ Khách Hàng Cá Nhân/ Doanh Nghiệp (Hà Nội, Đồng Nai, Đông Nam Bộ)",Ngân Hàng TMCP Phát Triển TP.HCM (HDBank),Cơ khí,Nghệ An,8000000,15000000,full-time,any,1,university,"Địa điểm: Hà Nội, Đông Nam Bộ, Đồng Nai • Khai thác, tiếp nhận nhu cầu tín dụng; thu thập hồ sơ tín dụng; thẩm định khách hàng; trình hồ sơ cấp tín dụng theo quy định của HDBank; • Khai thác, tiếp thị bán các sản phẩm, dịch vụ ngân hàng của HDBank • Giám sát... Yêu cầu: • Có ít nhất 1 năm kinh nghiệm về bán hàng (ưu tiên kinh nghiệm trong lĩnh vực Tài chính - Ngân hàng). • Tốt nghiệp Đại học trở lên các ngành khối Kinh tế; • Kỹ năng giao tiếp, bán hàng, đàm phán & thuyết phục. • Kỹ năng giải quyết vấn đề và ra quyết...",skilled,VietnamWorks_Algolia,https://www.vietnamworks.com/chuyen-vien-quan-he-khach-hang-ca-nhan-doanh-nghiep-ha-noi-dong-nai-dong-nam-bo-2058947-jv,2026-05-26T12:56:52.219907
scraped_vietnamworks_algolia_06128,Nhân Viên Quản Lý Kho,Công Ty TNHH Emberfoods,Kế toán|Kho vận,Hồ Chí Minh,400000000,600000000,full-time,<50,2,high,"A. Xuất – Nhập hàng 1. Nhập kho NVL, bao bì, hóa chất - Đối chiếu hàng thực nhận với PO/Phiếu giao hàng - Kiểm tra cảm quan hàng hóa; Cân/đo lại hàng có giá trị cao hoặc nghi ngờ sai số. - Kiểm tra COA/CO/CQ với các nguyên liệu bắt buộc theo HACCP (bột, bơ, sữa,... Yêu cầu: - Tốt nghiệp nghề/trung cấp/cao đẳng chuyên ngành: Quản trị kho vận, Logistics, Kinh tế, Công nghệ thực phẩm hoặc tương đương - Kinh nghiệm từ 2 năm ở vị trí tương đương tại các nhà máy/xưởng sản xuất. Ưu tiên ứng viên từng làm việc tại các công ty sản xuất thực phẩm có...",accounting,VietnamWorks_Algolia,https://www.vietnamworks.com/nhan-vien-quan-ly-kho--2054314-jv,2026-05-26T12:56:53.693873
scraped_vietnamworks_algolia_05485,[URGENT] [HANOI] Employee Experience & Event Manager (Experienced),CÔNG TY TNHH YIC ONE,Communication|English,Hà Nội,9200000,17250000,full-time,any,3,high,"1. Job Summary • The Employee Experience & Event Manager will be responsible for designing and executing unique corporate events • that reflect YIC’s core values and ESG (Environmental, Social, and Governance) vision. • This role aims to strengthen the sense of belonging among employees, foster a vibrant organizational culture, • and lead successful large-scale events in collaboration... Yêu cầu: • Minimum 3 years of experience in corporate events, sustainability initiatives, employer branding, or marketing/PR projects. • Strong creative planning, content development, and storytelling skills with proven project management ability. • Excellent communication skills to engage diverse teams and build cross-cultural connections. • Fluency in English, both written and spoken. • Proactive, energetic mindset with passion for creating...",other,VietnamWorks_Algolia,https://www.vietnamworks.com/urgent-hanoi-employee-experience-and-event-manager-experienced-2053541-jv,2026-05-26T12:56:52.296719
scraped_vietnamworks_algolia_01202,Auditor/ Loss Adjuster,Vrs VietAdjusters,Problem Solving|English|Excel,Hà Nội,9200000,17250000,full-time,any,0,university,"vrs VietAdjusters is one of Vietnam’s top loss‑adjusting firms and part of vrs Adjusters – one of the world’s top‑3 loss‑adjusting networks (300&#43; offices across 140&#43; countries). Fresh off our win as “Adjuster of the Year – Vietnam”, we’re recruiting bright graduates ready to turn accounting skills into real‑world impact. What You’ll Get: • Attractive salary & benefits package... Yêu cầu: What We’re Looking For Must‑Have: • Bachelor’s in Accounting / Auditing Internship or project experience in finance / audit • Good English (writing & speaking) Additional language skills • Strong Excel & basic accounting software Familiarity with AI / data analysis tools • Team spirit, willingness to learn, and drive to grow • Curious mindset & problem solving flair Nice‑to‑Have: • Internship or project experience in...",other,VietnamWorks_Algolia,https://www.vietnamworks.com/auditor-loss-adjuster--2058014-jv,2026-05-25T23:38:03.233883
scraped_vietnamworks_algolia_05666,Kỹ Thuật Điện,Công Ty TNHH Xây Dựng Đông Nam,Cơ khí|Điện,Bà Rịa Vũng Tàu,8000000,15000000,full-time,<40,2,high,"MÔ TẢ CÔNG VIỆC: - Theo dõi, giám sát thi công hệ thống điện trên công trường. - Đi thực tế, kiểm tra công trường. - Tuân thủ các quy trình thiết kế của công ty và các quy định, tiêu chuẩn chuyên ngành. - Đề xuất vật tư thiết bị và kiểm soát khối lượng, trang thiết... Yêu cầu: • Tốt nghiệp Trung cấp/Cao Đẳng/Đại Học chuyên ngành hệ thống điện, kỹ thuật điện, điện công nghiệp, điện dân dụng, cơ khí, hoặc kỹ sư ngành MEP • Ưu tiên có kinh nghiệm tham gia thiết kế, thi công hệ thống điện (Trạm điện, tủ động lực, chiếu sáng…). • Am hiểu các kỹ thuật...",skilled,VietnamWorks_Algolia,https://www.vietnamworks.com/ky-thuat-djien-2058624-jv,2026-05-26T12:56:52.662774
scraped_vietnamworks_algolia_01320,Kỹ Sư Kết Cấu,Toda Vietnam Company Limited,,Hà Nội,0,20000000,full-time,<35,2,high,"Mô tả công việc • Tham gia phát triển dự án từ giai đoạn thiết kế ý tưởng đến hồ sơ mời thầu và hồ sơ thi công. • Phối hợp với team thiết kế, đóng góp ý tưởng và chia sẻ chuyên môn. • Triển khai bản vẽ kết cấu và lập bảng tính toán kết cấu.... Yêu cầu: Yêu cầu ứng viên • Tốt nghiệp Đại học chuyên ngành Xây dựng hoặc liên quan. • Có ít nhất 1 năm kinh nghiệm (chấp nhận sinh viên mới tốt nghiệp loại Khá/Giỏi chuyên ngành Kết cấu). • Nắm vững tiêu chuẩn thiết kế Việt Nam và các tiêu chuẩn quốc tế phổ biến (Eurocode, ACI, AISC…). • Sử...",other,VietnamWorks_Algolia,https://www.vietnamworks.com/ky-su-ket-cau-2054134-jv,2026-05-25T23:38:03.485942
scraped_vietnamworks_algolia_02124,Kỹ Sư Điện Công Nghiệp,Công Ty Cổ Phần Nosco Shipyard,Điện,Quảng Ninh,8000000,15000000,full-time,any,1,university,"2.1. Giám sát thi công tại Nhà máy • Giám sát các nhà thầu phụ thi công hệ thống điện và cơ khí tại hiện trường • Đảm bảo công nhân thực hiện đúng: o Bản vẽ thiết kế o Biện pháp thi công đã được phê duyệt o Tiêu chuẩn, quy chuẩn kỹ thuật ________________________________________ 2.2. Kiểm soát tiến độ • Theo... Yêu cầu: • Tốt nghiệp Đại học/Cao đẳng chuyên ngành Điện- Cơ khí hoặc các ngành liên quan. • Có ít nhất 1–3 năm kinh nghiệm ở vị trí tương đương (ưu tiên ngành sản xuất, đóng tàu, cơ khí). • Sử dụng thành thạo AutoCAD, bóc tách bản vẽ kỹ thuật điện • Trung thực, cẩn thận, có...",skilled,VietnamWorks_Algolia,https://www.vietnamworks.com/ky-su-djien-cong-nghiep-2047975-jv,2026-05-25T23:57:16.560629
scraped_vietnamworks_algolia_01838,Chuyên Gia Nghiên Cứu Thị Trường và Am Hiểu Khách Hàng (BĐS),One Mount,Cơ khí,Hà Nội,1000,2000,full-time,any,7,university,"VỀ ONE MOUNT One Mount được thành lập với tham vọng xây dựng hệ sinh thái công nghệ lớn nhất Việt Nam, cung cấp các giải pháp và dịch vụ xuyên suốt chuỗi giá trị từ lĩnh vực dịch vụ tài chính, phân phối, bất động sản và bán lẻ. Với thế mạnh về... Yêu cầu: 1. Về học vấn & Kinh nghiệm: • Trình độ: Tốt nghiệp Đại học trở lên các chuyên ngành Kinh tế, Tài chính, Ngoại thương hoặc các chuyên ngành liên quan. • Kinh nghiệm chuyên môn: Tối thiểu 07 năm kinh nghiệm trong lĩnh vực nghiên cứu thị trường tại các công ty BĐS hoặc tư vấn nước...",skilled,VietnamWorks_Algolia,https://www.vietnamworks.com/chuyen-gia-nghien-cuu-thi-truong-va-am-hieu-khach-hang-bds--2046044-jv,2026-05-25T23:57:15.987503
scraped_vietnamworks_algolia_05928,Customer Service Executive ( Financial Services ),Fiingroup,Kinh doanh,Hà Nội,1000,700000000,full-time,<35,2,high,"1. Kết nối & Phát triển thị trường • Xây dựng và duy trì quan hệ với khách hàng B2B trong lĩnh vực tài chính/chứng khoán. • Tham gia các cộng đồng chuyên môn và hỗ trợ giới thiệu sản phẩm, dịch vụ. • Phối hợp tổ chức hội thảo khách hàng cùng nội bộ hoặc với đối... Yêu cầu: • Kỹ năng giao tiếp, đàm phán và thuyết phục tốt. • Khả năng networking và xây dựng quan hệ nhanh. • Biết sử dụng LinkedIn hoặc công cụ tìm kiếm dữ liệu doanh nghiệp. • Tư duy chủ động, kiên trì và hướng mục tiêu. • Hiểu biết về thị trường tài chính và sản phẩm của công...",sales,VietnamWorks_Algolia,https://www.vietnamworks.com/customer-service-executive-financial-services-2058288-jv,2026-05-26T12:56:53.272270
scraped_vietnamworks_algolia_04416,Nhân Viên Định Phí,Tổng Công Ty CP Bảo Hiểm Toàn Cầu (GIC),Sql|Power Bi|Excel,Hồ Chí Minh,9600000,18000000,full-time,any,1,high,"I. Quản trị dữ liệu • Trích xuất, làm sạch và xử lý dữ liệu từ các hệ thống nội bộ (SQL, Excel, BI tools) • Xây dựng các tiêu chi đo lường chất lượng dữ liệu và thực hiện kiểm tra định kỳ nhằm kiểm soát độ tin cậy, phát hiện sai lệch • Thiết kế... Yêu cầu: Yêu cầu: - Kinh nghiệm: 1 - 3 năm - Có kiến thức cơ bản về dữ liệu, thống kê và nghiệp vụ bảo hiểm. - Kinh nghiệm trong lĩnh vực phân tích dữ liệu, định phí hoặc các công việc liên quan. - Kỹ năng/công cụ: ưu tiên SQL, power BI, Excel (Pivot, Power Query…). Thông tin...",other,VietnamWorks_Algolia,https://www.vietnamworks.com/nhan-vien-dinh-phi--2042919-jv,2026-05-26T00:31:27.239950
scraped_vietnamworks_algolia_02950,Sales Representative/ Đại Diện Kinh Doanh,Sony Electronics Vietnam,Excel|Word,Hải Phòng,7600000,14250000,full-time,any,1,high,"1. Store visit/Thị sát cửa hàng Select potential sub -dealer to co-operate on each area & visit. Target based on Visit Plan from Sales team Nhận đính Sub-dealer tiềm năng để hợp tác ở mỗi khu vực được giao và thực hiện thị sát. Mục tiêu dựa trên kế hoạch thị sát từ bộ... Yêu cầu: • Học vấn: tốt nghiệp Cao đẳng trở lên • Sử dụng tốt vi tính văn phòng (Word, Excel, Power Point), đặc biệt là dùng Excel • Ưu tiên kinh nghiệm ngành Điện Tử Tiêu Dùng • Từng làm promoter cho Sony từ 1 năm trở lên là lợi thế • Có kỹ năng giao tiếp tốt •...",sales,VietnamWorks_Algolia,https://www.vietnamworks.com/sales-representative-dai-dien-kinh-doanh--2046858-jv,2026-05-26T00:31:23.770834
scraped_vietnamworks_algolia_02364,Tech Expert Engagement Specialist,FPT Software,,Hà Nội,9200000,17250000,full-time,any,5,university,"ABOUT FPT SOFTWARE FPT Software, a subsidiary of FPT Group, is a leading global IT service provider headquartered in Vietnam. With 33,000&#43; employees in 88 offices across 30 countries, we serve 1,100&#43; clients, including 96 Fortune 500 companies. We believe diversity fuels innovation and strive to create an inclusive workplace where talents of all backgrounds... Yêu cầu: Basic Qualifications • 5-10 years of experience in the Tech industry, Recruitment, Partnership, or Community Development • Ability to confidently engage with senior engineers • Existing network of senior tech experts/industry leaders • Proactive, sharp, and genuinely curious about people and technology • Strong understanding of tech domains such as AI, Cloud, Automotive, BFSI, etc. Nice to have • Excellent...",other,VietnamWorks_Algolia,https://www.vietnamworks.com/tech-expert-engagement-specialist-2032058-jv,2026-05-25T23:57:17.039726
scraped_vietnamworks_algolia_04231,E-Commerce Operations & Customer Service Specialist,HYGGE INC.,Communication|English|Erp,Hồ Chí Minh,9600000,18000000,full-time,any,0,high,"Location: Binh Thanh District, Ho Chi Minh City, Vietnam Employment Type: Full-time Working Hours: Night Shift (9:00 PM – 6:00 AM, Vietnam Time) What You’ll Do Operations • Process and manage orders using Lingxing (ERP system) • Manage inventory movements across warehouses and fulfillment channels • Maintain accurate inventory data and ensure timely updates • Update and maintain shipping templates and... Yêu cầu: Requirements • Good spoken and written English (clear communication is more important than accent) • Ability to write professional business emails in English • Basic understanding of e-commerce operations and workflows Preferred Qualifications • Experience working with Amazon or other e-commerce platforms • Experience with ERP systems or order/inventory management tools • Basic understanding of order processing, inventory management, and fulfillment...",sales,VietnamWorks_Algolia,https://www.vietnamworks.com/e-commerce-operations-and-customer-service-specialist-2043510-jv,2026-05-26T00:31:26.767724
scraped_vietnamworks_algolia_00129,Nhân Viên Cơ Sở Vật Chất & An Ninh (Aeon Mall Thanh Hóa - 576),"AEONMALL Vietnam Co., Ltd.",Bảo vệ,Thanh Hóa,8000000,15000000,full-time,<35,1,university,"AEONMALL Vietnam Co., Ltd là thành viên trọng điểm của tập đoàn AEON (Nhật Bản), chuyên về lĩnh vực phát triển và vận hành Trung tâm thương mại (TTTM). Với triết lý cốt lõi “Khách hàng là trên hết” , chúng tôi không ngừng nỗ lực kiến tạo những TTTM hiện đại nhằm nâng tầm... Yêu cầu: - Tốt nghiệp Đại học. - Ứng viên có 1 – 3 năm kinh nghiệm và hiểu biết trong lĩnh vực vực vận hành tòa nhà và kiến thức về cơ điện (M&E) cũng như xây dựng là điểm cộng. - Thành thạo tiếng Anh và tiếng Việt (nghe, nói, đọc, viết). - Sử dụng tốt Microsoft...",security,VietnamWorks_Algolia,https://www.vietnamworks.com/nhan-vien-co-so-vat-chat-an-ninh-aeon-mall-thanh-hoa-576--2057840-jv,2026-05-25T19:37:23.887408
scraped_vietnamworks_algolia_05132,Giám Sát Kinh Doanh - Quận 1,Shinhan Vietnam Finance Company Limited,Kinh doanh|Lao động phổ thông,Hồ Chí Minh,3000000,3000000,full-time,any,2,high,"TÓM TẮT CÔNG VIỆC Mục tiêu chính là quản lý đội ngũ bán hàng thực hiện nhiệm vụ bán hàng và cung cấp dịch vụ khách hàng. Trách nhiệm này bao gồm công tác huấn luyện, đào tạo đội ngũ bán hàng một cách chuyên nghiệp và hiệu quả — đặc biệt là chỉ tiêu... Yêu cầu: 1. Trình độ chuyên môn - Tốt nghiệp Cao đẳng, Đại học,.... 2. Kinh nghiệm làm việc - Ít nhất 2 đến 3 năm kinh nghiệm tại vị trí Trưởng nhóm trở lên trong lĩnh vực tài chính, ngân hàng, với ít nhất 1 năm trong vai trò giám sát 3. Kiến thức - Kiến thức về lĩnh vực...",sales,VietnamWorks_Algolia,https://www.vietnamworks.com/giam-sat-kinh-doanh-quan-1--2048453-jv,2026-05-26T12:56:51.588781
scraped_vietnamworks_algolia_03013,Textile Service Engineer,Stäubli (H.k.) Ltd. Representative Office In Ho Chi Minh City,English,Hồ Chí Minh,9600000,18000000,full-time,any,2,university,"Stäubli (H.K.) Ltd. Representative Office in Ho Chi Minh City, Located at District 1 Company description Stäubli is a global industrial and mechatronics solution provider with three dedicated activities: Connectors, Robotics and Textile machinery, serving customers to increase their productivity in many industrial sectors. We are currently expanding our TEXTILE aftersales service team in Vietnam,... Yêu cầu: • University Degree in Engineering. Textile related subjects is a PLUS. • Preferably with 2 to 5 years of mechanical experience, with textile knowledge preferred • Good interpersonal skills, thinking/acting systemically and good motivator. • Willing to travel within Vietnam or other countries • Computer literate & familiar with MS Office applications • Fluent in written and spoken English, Mandarin or Cantonese...",service,VietnamWorks_Algolia,https://www.vietnamworks.com/textile-service-engineer--2046749-jv,2026-05-26T00:31:23.902608
scraped_vietnamworks_algolia_06389,Kế Toán Tổng Hợp,Công ty CP thiết bị Công Nghiệp Hoàng Ngọc Minh,Excel,Hà Nội,0,15000000,full-time,any,2,university,"Mô tả công việc • Hạch toán các nghiệp vụ kế toán phát sinh • Kiểm tra, đối chiếu số liệu giữa các phần hành • Theo dõi công nợ, chi phí, doanh thu • Lập báo cáo thuế, báo cáo nội bộ định kỳ • Hỗ trợ lập báo cáo tài chính • Lưu... Yêu cầu: • Tốt nghiệp Đại học/Cao đẳng chuyên ngành Kế toán • Kinh nghiệm 2–4 năm vị trí kế toán tổng hợp • Nắm vững nghiệp vụ kế toán, thuế • Thành thạo Excel, phần mềm kế toán • Cẩn thận, trung thực, có trách nhiệm • Có khả năng...",accounting,VietnamWorks_Algolia,https://www.vietnamworks.com/ke-toan-tong-hop-2057797-jv,2026-05-26T12:56:54.293681
scraped_vietnamworks_algolia_04794,Sales Management Specialist (Chinese-Speaking),Công Ty TNHH Công Nghệ Huawei Việt Nam,Communication|Chinese|Excel|Word,Hồ Chí Minh,9600000,18000000,full-time,any,3,high,"As a core sales operations role, this position empowers the frontline sales team through efficient process management, precise data analysis, and administrative support. The role ensures compliant, efficient sales execution to achieve regional targets and enhance operational performance. 作为企业销售体系的核心运营岗位，本职位通过高效的流程管理、精准的数据分析和行政支持，赋能一线销售团队。该角色确保销售活动合规、高效地执行，以实现区域目标并提升运营绩效。 Sales Process & Order Management 销售流程与订单管理 o Manage the end-to-end sales process (project registration, contract review, order processing, delivery,... Yêu cầu: 1. Have at least 3 years of experience in project management and sales management, and experience in data accounting, decision-making support, and KPI management. 2. Good command of Chinese (4 skills) 3. Be good at communication and proactively seek solutions to solve problems/issues. 4. Be proficient in PPT, Excel, and Word 5. Be sensitive to data and...",sales,VietnamWorks_Algolia,https://www.vietnamworks.com/sales-management-specialist-chinese-speaking-2045216-jv,2026-05-26T00:31:28.153197
scraped_vietnamworks_algolia_04810,Chuyên Viên Thủ Tục Bất Động Sản (Lương Upto 25M),CÔNG TY CỔ PHẦN TẬP ĐOÀN CÔNG NGHỆ & TÀI CHÍNH NOBLEX,Bất động sản|Thẩm định,Hà Nội,15000000,25000000,full-time,<35,1,university,"I. THÔNG TIN CHUNG Vị trí: Chuyên viên Thủ tục Khối/Ban-Trung tâm: Trung tâm chăm sóc & Tư vấn khách hàng Cấp Quản lý trực tiếp: Phó Giám đốc Trung tâm chăm sóc & Tư vấn khách hàng Địa điểm làm việc: - Tầng 4, tòa Sunshine 16 Phạm Hùng, Mỹ Đình, Hà Nội Số lượng tuyển dụng: 01 Thời gian làm việc: Từ Thứ 2 đến... Yêu cầu: III. YÊU CẦU Kinh nghiệm: - 01 năm vị trí Chuyên viên thủ tục tại Công ty lĩnh vực Bất động sản - Ưu tiên đã có kinh nghiệm xử lý giấy tờ pháp lý/ hợp đồng/ hồ sơ khách hàng. - Bằng cấp: Tốt nghiệp Cao đẳng/Đại học ngành: Kinh tế, Hành chính, Luật, … - Độ tuổi yêu cầu: 22-35 - Kỹ...",sales,VietnamWorks_Algolia,https://www.vietnamworks.com/chuyen-vien-thu-tuc-bat-djong-san-luong-upto-25m-2047980-jv,2026-05-26T00:31:28.189203
scraped_vietnamworks_algolia_02620,Chuyên Viên Quản Lý Rủi Ro Trung Tâm Giám Sát Và Vận Hành Dịch Vụ,Công Ty Cổ Phần Thanh Toán Quốc Gia Việt Nam,Lao động phổ thông|Cơ khí|Kho vận|Giáo dục,Hà Nội,9200000,17250000,full-time,any,1,university,"Mô tả công việc: - Vận hành nghiệp vụ QLRR giao dịch gian lận giả mạo cho các dịch vụ theo quy định bao gồm các nhiệm vụ: + Giám sát giao dịch nhằm phát hiện các trường hợp nghi ngờ gian lận, giả mạo, lừa đảo. Thực hiện cảnh báo và phối hợp với các Tổ chức... Yêu cầu: Yêu cầu: • Trình độ học vấn: - Tốt nghiệp đại học trở lên có chuyên ngành phù hợp thuộc một trong các ngành/nhóm ngành quản trị, kinh tế, tài chính, ngân hàng, luật, kế toán, phân tích dữ liệu ….. • Kinh nghiệm: - Có kinh nghiệm làm việc trong lĩnh vực có liên quan là...",skilled,VietnamWorks_Algolia,https://www.vietnamworks.com/chuyen-vien-quan-ly-rui-ro-trung-tam-giam-sat-va-van-hanh-dich-vu-2047256-jv,2026-05-25T23:57:17.554437
scraped_vietnamworks_algolia_03099,Sea Export Staff - Fresh Graduates Are Welcome,LX Pantos Vietnam,Communication|English|Korean,Hà Nội,9200000,17250000,full-time,any,0,university,"Our Global Shared Service Center (Global SSC) is currently hiring 15 Sea Export Staff to handle the transition of logistics operations from our Korean Headquarters to Vietnam. All new hires will be provided with comprehensive, step-by-step training by experienced professionals from Korea to ensure a seamless handover and stable operations. As part of the... Yêu cầu: - CV in English . Vietnamese is unacceptable. - Graduated from University. - From 2-3 years of working experience in Logistics, Sea Import-Export, SCM. - Fresh graduates from logistics-related majors are welcome. - Good at English communication (both speaking and writing). Proficiency in Korean is a plus. - Ability to write professionally via e-mail. - Customer-oriented attitude. Benefits • Attractive salary • International...",other,VietnamWorks_Algolia,https://www.vietnamworks.com/sea-export-staff-fresh-graduates-are-welcome-2049184-jv,2026-05-26T00:31:24.087439
scraped_vietnamworks_algolia_04937,Pricing Staff,"Piaggio Vietnam Co., Ltd (Pvn)",Teamwork|Communication|Problem Solving|Time Management|English,Hà Nội,9200000,17250000,full-time,any,1,university,"KEY RESPONSIBILITIES: • Be responsible for the accuracy of spare parts pricing database for all markets across APAC. • To follow up with markets to ensure that 100% of the parts in catalogue have a price structure in systems. • To understanding and monitoring of the pricing strategies across the different entities in APAC. • To work closely... Yêu cầu: • Bachelor’s degree in Business Management, Economics, or Trading,… • Good English skills. • At least 1-2 years of Supply Chain Management, Merchandiser, Procurement,… • Strong communication, teamwork, problem solving, computer skills, time management, and a growth mindset. • Good negotiation skills, customer oriented, proactive, and creative. • Able to manage time effectively and handle multiple tasks. • Careful, patient, and...",sales,VietnamWorks_Algolia,https://www.vietnamworks.com/pricing-staff-2043623-jv,2026-05-26T00:31:28.505693
scraped_vietnamworks_algolia_00295,Chuyên Viên Khách Hàng Doanh Nghiệp,Ngân hàng TMCP Tiên Phong (TPBank),Cơ khí,Hà Nội,12000000,20000000,full-time,<35,1,university,"- Bán các sản phẩm và dịch vụ dành cho khách hàng doanh nghiệp (KHDN) để đạt được các chỉ tiêu cá nhân và mục tiêu kinh doanh được giao - Xây dựng các đầu mối Khách hàng tiềm năng cần có để hoàn thành mục tiêu doanh số hàng tháng. - Triển khai các hoạt... Yêu cầu: • Tốt nghiệp đại học chuyên ngành Kinh tế, tài chính, ngân hàng hoặc tương đương • Có tối thiểu 01 năm kinh nghiệm làm tín dụng cá nhân/ doanh nghiệp tại các Ngân hàng • Ưu tiên ứng viên có kinh nghiệm làm việc tại phòng tài chính kế toán ở các doanh nghiệp • Có...",skilled,VietnamWorks_Algolia,https://www.vietnamworks.com/chuyen-vien-khach-hang-doanh-nghiep-2036295-jv,2026-05-25T19:37:24.396924
scraped_vietnamworks_algolia_00306,GGEC - Kỹ Sư Quy Trình/Sản Xuất PE - Tiếng Trung/ Tiếng Anh,Công Ty TNHH Điện Khí Quốc Quang (Việt Nam)- GGEC,Sản xuất,Nghệ An,8000000,15000000,full-time,any,1,university,"• Phụ trách bảo trì công nghệ hàng ngày của dây chuyền sản xuất, đảm bảo sự ổn định của quy trình và tỷ lệ đạt chuẩn • Phân tích và xử lý những bất thường của quy trình sản xuất (chất lượng sản phẩm không đạt / hiệu suất thấp / ảnh hưởng đến... Yêu cầu: • Tuổi: 25-40, Tốt nghiệp Cao đẳng và Đại học trở lên; ưu tiên có chuyên môn về cơ khí, điện tử, tự động hóa, vật liệu, kỹ sư công nghiệp • Có 1-3 năm kinh nghiệm liên quan về kỹ sư công nghệ; sinh viên mới tốt nghiệp xuất sắc cũng có thể được...",production,VietnamWorks_Algolia,https://www.vietnamworks.com/ggec-ky-su-quy-trinhsan-xuat-pe-tieng-trung-tieng-anh-2040427-jv,2026-05-25T19:46:12.427227
scraped_vietnamworks_algolia_04465,Customs & Documentation Supervisor (Forwarding),"YCH - Protrade Co., Ltd.",Communication|English|Excel|Word,Bình Dương,1100,900000000,full-time,any,5,high,"* Location: YCH Bình Hòa, Thuận An, Bình Dương (gần trạm thu phí cầu ông Bố). Please consider your commute to ensure long-term cooperation and work-life balance. * Job summary: We are looking for a Customs & Documentation Supervisor to lead the documentation team and ensure smooth customs clearance operations for import-export shipments. This role plays... Yêu cầu: • 3-5 years of experience in relevant positions; • Experience in Forwarding/3PL companies • Possession of a Certificate of Customs Brokerage Training is plus • Bachelor’s or College degree in International Business, Economics, Logistics, or Supply Chain Management. • Good at MS Office (Word, Excel, Outlook) and expert knowledge of e-customs software (VNACCS/VCIS/ECUS). • Good English communication skills (both speaking and writing) is...",construction,VietnamWorks_Algolia,https://www.vietnamworks.com/customs-documentation-supervisor-forwarding-2042590-jv,2026-05-26T00:31:27.361680
scraped_vietnamworks_algolia_02657,Chuyên Viên Công Nợ & Chăm Sóc Khách Hàng,Công Ty Cổ Phần Tập Đoàn BIG One,Kế toán|Kinh doanh|Cơ khí|Giúp việc,Hà Nội,15000000,25000000,full-time,any,3,high,"II. Nhiệm vụ cụ thể: • Theo dõi và thực hiện công tác thu hồi công nợ của khách hàng theo từng giai đoạn của HĐMB, đảm bảo dòng thu theo kế hoạch. • Phối hợp với Ngân hàng, hỗ trợ khách hàng thực hiện việc vay vốn Ngân hàng, đẩy nhanh tiến độ... Yêu cầu: • Tốt nghiệp Cao đẳng trở lên các chuyên ngành Tài chính, Ngân hàng, Kế toán, Kiểm toán, Luật, Quản trị Kinh doanh, Kinh tế. • Có kinh nghiệm ít nhất 3 năm kinh nghiệm làm việc trong lĩnh vực thu hồi nợ bất động sản. • Thường xuyên cập nhật các quy định, kiến thức...",accounting,VietnamWorks_Algolia,https://www.vietnamworks.com/chuyen-vien-cong-no-and-cham-soc-khach-hang-2028013-jv,2026-05-25T23:57:17.623543
scraped_vietnamworks_algolia_02019,Kỹ Sư Hiện Trường,Công Ty Cổ Phần Xây Dựng Và Đầu Tư Visicons,,Nghệ An,16000000,30000000,full-time,any,0,university,"- Giám sát hiện trường: Quản lý, hướng dẫn các tổ đội trên công trường thi công, lập tiến độ chi tiết, triển khai tổ chức thi công theo đúng kế hoạch. - QS: Bóc tách khối lượng, tính toán khối lượng cho các tổ đội nhân công; Kiểm soát khối lượng thi công theo... Yêu cầu: • Tốt nghiệp Cao đẳng/Đại học chuyên ngành xây dựng dân dụng, kinh tế xây dựng • Có kinh nghiệm tại vị trí liên quan là một lợi thế, chấp nhận sinh viên mới ra trường • Có kỹ năng hoạch định, quản lý tốt, chịu được áp lực công việc cao • Sử dụng tốt các...",other,VietnamWorks_Algolia,https://www.vietnamworks.com/ky-su-hien-truong-2056799-jv,2026-05-25T23:57:16.348346
scraped_vietnamworks_algolia_02769,Kỹ Sư Thiết Kế Kết Cấu,CÔNG TY CỔ PHẦN TƯ VẤN VÀ THIẾT KẾ D&B,,Hồ Chí Minh,9600000,18000000,full-time,any,3,university,"• Tiếp nhận thông tin đầu vào của hồ sơ thiết kế (tiến độ, quy mô, chất lượng, yêu cầu của Chủ đầu tư...) từ Chủ trì thiết kế hoặc Trưởng nhóm. • Tham gia tính toán, lên phương án thiết kế sơ bộ, phương án tối ưu theo hướng dẫn của Trưởng nhóm/Chủ trì... Yêu cầu: • Tốt nghiệp chuyên ngành Kỹ sư Xây dựng dân dụng và công nghiệp (Ưu tiên: Trường ĐH Bách khoa TP.HCM, ĐH Kiến trúc TP.HCM, ĐH Sư phạm Kỹ thuật TP.HCM). • Ít nhất 3 năm kinh nghiệm và tham gia tối thiểu 01 dự án trên 25 tầng trong vai trò kỹ sư thiết...",other,VietnamWorks_Algolia,https://www.vietnamworks.com/ky-su-thiet-ke-ket-cau-2051987-jv,2026-05-25T23:57:17.835365
scraped_vietnamworks_algolia_00078,Nhân Viên Kinh Doanh Bất Động Sản - Lương Cứng Từ 8-25Tr/tháng + Hoa Hồng 500 Triệu/giao Dịch - Không Áp Doanh Số,Công Ty Cổ Phần Dịch Vụ Và Địa Ốc Đất Xanh Miền Bắc,Kinh doanh|Bất động sản|Thẩm định,Hà Nội,8000000,25000000,full-time,<45,0,high,"• Tìm kiếm và tư vấn khách hàng có nhu cầu mua bất động sản thuộc giỏ hàng đa dạng, độc quyền : chung cư, liền kề, biệt thự, đất nền, nghỉ dưỡng… • Chăm sóc khách hàng trước - trong - sau bán hàng. Giải đáp thắc mắc và hỗ trợ trong suốt quá trình... Yêu cầu: • Yêu thích lĩnh vực kinh doanh, chủ động trong giao tiếp, tác phong chuyên nghiệp và có tinh thần cầu tiến. • Có kỹ năng thuyết phục, đàm phán và khả năng làm việc nhóm hiệu quả. • Sẵn sàng học hỏi, thích nghi nhanh và có tinh thần trách nhiệm cao trong công việc. •...",sales,VietnamWorks_Algolia,https://www.vietnamworks.com/nhan-vien-kinh-doanh-bat-dong-san-luong-cung-tu-8-25tr-thang-hoa-hong-500-trieu-giao-dich-khong-ap-doanh-so--2023586-jv,2026-05-25T19:46:09.385098
scraped_vietnamworks_algolia_04684,Trưởng Phòng Hệ Thống & Tuân Thủ,Vietnamworks' Client,C,Hồ Chí Minh,40000000,50000000,full-time,any,5,university,"II.TÓM TẮT CÔNG VIỆC Chịu trách nhiệm Xây dựng, quản lý, kiểm soát tuân thủ hệ thống quản lý chất lượng, trách nhiệm xã hội; các tiêu chuẩn về sức khỏe, an toàn và môi trường theo quy định của luật hiện hành và các tiêu chuẩn của khách hàng. III.CHỨC NĂNG-NHIỆM VỤ 1. Tham mưu xây... Yêu cầu: • Giải quyết công việc phù hợp, chặt chẽ, hiệu quả, kịp thời. • Làm việc với khách hàng và các đơn vị kiểm tra, đánh giá: đúng quy trình, hiệu quả. Giao tiếp lịch thiệp. • Xử lý tình huống tốt. • Phân công công việc trong bộ phận hợp lý. • Chấp hành đúng phân công...",other,VietnamWorks_Algolia,https://www.vietnamworks.com/truong-phong-he-thong-and-tuan-thu-2050140-jv,2026-05-26T00:31:27.883275
scraped_vietnamworks_algolia_01045,Assistant Key Account Manager (Ecommerce),FrieslandCampina Vietnam,Communication|English,Hồ Chí Minh,9600000,18000000,full-time,any,3,university,"Key objectives: - To execute the aligned customer & strategy business plan in a profitable and sustainable way for the assigned customers Job Responsibilities: 1. Commercial Management • Be responsible for achieving monthly, quarterly, and annual sales targets in line with company sales allocation. • Assist Key Account Manager (KAM) in developing and executing Joint Business Plans (JBP), Trade... Yêu cầu: - Education : Bachelor Degree in Business or related fields - Experience : + At least 02 years of experience in eCommerce account management role in related field/ Experience in TikTok is an advantage + Understanding e-commerce, livestreaming, and digital trends landscape - Skills: • Basic English communication skill (written and spoken) • Confident, fast moving, disciplined, reliable and friendly personality •...",other,VietnamWorks_Algolia,https://www.vietnamworks.com/assistant-key-account-manager-ecommerce-2052394-jv,2026-05-25T23:38:02.885305
scraped_vietnamworks_algolia_05953,Assistant Supply Chain Manager (1-year contract),Sharkninja Vietnam,,Hồ Chí Minh,9600000,18000000,full-time,any,8,high,"About the Role: Shark Ninja is looking to expand its supply chain beyond China by sourcing finished goods from other regions to support its global growth. This role is responsible for commercial aspects of finished goods sourcing and component sourcing, procurement, including finding new vendors/technologies, supply chain development, maintenance of existing vendors and their development;... Yêu cầu: What We Expect: • Strong knowledge of supply chain management principles and practices. • A self-starter who shows initiative and able to work independently to move forward. • A team player, who can build cross functional alignment. • As a corporate citizen, learn and support SharkNinja’s Diversity, Equity & Inclusion strategy. • Be an Ally, find internal Champions. • Explore SharkNinja’s Employee Resource Groups or...",other,VietnamWorks_Algolia,https://www.vietnamworks.com/assistant-supply-chain-manager-1-year-contract-2051666-jv,2026-05-26T12:56:53.325254
scraped_vietnamworks_algolia_05312,Kỹ Sư Điện (Công Trường) - Mức Lương Từ 25 Đến 30 Triệu,"CÔNG TY TNHH DAI-DAN CO.,LTD",English|Excel,Hà Nội,25000000,30000000,full-time,<35,4,college,"*** Địa điểm làm việc: TP Hà Nội hoặc TP Hồ Chí Minh - Supervise Electrical works can using basic English Thiết kế và giám sát về điện, tiếng Anh cơ bản. - Understand of electrical works Có kỹ năng hiểu biết về lĩnh vực điện. - Meeting with contractor, manage schedule and coordinate on site Tham... Yêu cầu: - 4~12 years experience for supervisor. Graduated from University /college of major in Electricity. Từ 4~ 12năm kinh nghiệm về giám sát điện. Tốt nghiệp Đại học hoặc Cao đẳng hoặc tương đương. - Good command of computer skills such as: AutoCAD, Excel & Words. Can speak English for job Có kỹ năng sử dụng máy tính...",skilled,VietnamWorks_Algolia,https://www.vietnamworks.com/ky-su-djien-cong-truong-muc-luong-tu-25-djen-30-trieu-2055347-jv,2026-05-26T12:56:51.951951
scraped_vietnamworks_algolia_07522,Nhân Viên Sourcing,Vifon,,Hồ Chí Minh,500000000,700000000,full-time,any,0,high,"- Tìm kiếm, đánh giá và phát triển nhà cung cấp trong và ngoài nước nhằm phục vụ nhu cầu phát triển sản phẩm của Công ty - Làm việc trực tiếp với nhà cung cấp để phát triển sản phẩm OEM theo yêu cầu của Công ty. - Thu thập và chuẩn bị hồ sơ... Yêu cầu: - Giới tính: Ưu tiên Nam. - Trình độ: Tốt nghiệp Đại học. - Chuyên ngành: Thương mại quốc tế, Ngoại thương, Quản trị kinh doanh quốc tế hoặc các ngành liên quan. - Ngoại ngữ: Tiếng Anh tốt. Biết thêm tiếng Trung là lợi thế. - Kinh nghiệm: Tối thiểu 1 năm. Ưu tiên ứng viên đã...",other,VietnamWorks_Algolia,https://www.vietnamworks.com/nhan-vien-sourcing--2047596-jv,2026-05-26T12:56:57.314930
scraped_vietnamworks_algolia_00256,Chuyên Viên Quan Hệ Khách Hàng - [BAC A BANK - CN Huế/ Bình Định/ Phú Yên/ Đà Lạt/ An Giang/ Cà Mau],Bắc Á Bank - Https://tuyendung.baca-Bank.vn/,Cơ khí,Thanh Hóa,8000000,15000000,full-time,any,0,university,"• Trực tiếp tìm kiếm, mở rộng và gia tăng mới nguồn khách hàng cho BAC A BANK. • Trực tiếp liên hệ, gặp gỡ, tư vấn, thuyết phục khách hàng sử dụng các sản phẩm của BAC A BANK. • Lập kế hoạch chi tiết và thực hiện việc mở rộng, phát triển mạng lưới... Yêu cầu: Trình độ đào tạo: Tốt nghiệp đại học trở lên, chuyên ngành Kinh tế, Tài chính ngân hàng, kế toán … Yêu cầu về kinh nghiệm: Ưu tiên ứng viên có kinh nghiệm trong lĩnh vực ngân hàng. Yêu cầu chuyên môn: • Hiểu biết về thị trường tài chính ngân hàng, hiểu biết chung về hoạt...",skilled,VietnamWorks_Algolia,https://www.vietnamworks.com/chuyen-vien-quan-he-khach-hang-bac-a-bank-cn-hue-binh-djinh-phu-yen-dja-lat-an-giang-ca-mau-2036515-jv,2026-05-25T19:46:11.611497
scraped_vietnamworks_algolia_00156,Trưởng Nhóm Content,Công ty TNHH XNK Bepos Việt Nam,Kinh doanh|Marketing,Hà Nội,14000000,20000000,full-time,any,3,university,"Đảm bảo hệ thống content đúng định vị thương hiệu, insight khách hàng, hỗ trợ hiệu quả cho bán hàng, livestream, booking và TMĐT. • Định hướng & Lên kế hoạch: Phối hợp định hướng nội dung; lập lịch tuần/tháng/campaign chi tiết cho Facebook, TikTok, IG, Shopee, Website và nhóm Zalo đại lý. • Xây dựng... Yêu cầu: • Học vấn: Tốt nghiệp Đại học/Cao đẳng chuyên ngành Marketing, Truyền thông, Báo chí hoặc liên quan. • Kinh nghiệm: Tối thiểu 3 năm kinh nghiệm Content Marketing/Creator; ưu tiên có kinh nghiệm lead nhóm hoặc điều phối. • Chuyên môn: Am hiểu content social, kịch bản video ngắn, social commerce, insight làm đẹp/skincare. • Kỹ...",sales,VietnamWorks_Algolia,https://www.vietnamworks.com/truong-nhom-content-2058655-jv,2026-05-25T19:37:23.952380
scraped_vietnamworks_algolia_06020,Logistics Manager,Sharkninja Vietnam,Time Management|English|Chinese,Hồ Chí Minh,9600000,18000000,full-time,any,10,university,"About the Role: With the development of SharkNinja business, Logistics Department, as an indispensable part of the whole company, we are looking for someone who is willing to face the challenges, have good experience in logistics industry, have the ability to work with suppliers/forwarders in day to day operations in shipping arrangement, documents preparation and... Yêu cầu: Experience required: • 10+ years in logistics experience preferred. • Manufacturing environment logistics experience. • Forwarding Industry background/experience. Functional Skills/Knowledge: • Good communications skills. • Fluent in both Vietnamese and English (Chinese is a plus). • Team player. • Result-Oriented to have getting things done manner. • Cooperative with both internal and external teams as business requirement. • Understand time management. • Sense of urgency...",warehouse,VietnamWorks_Algolia,https://www.vietnamworks.com/logistics-manager-2054923-jv,2026-05-26T12:56:53.465484
scraped_vietnamworks_algolia_01116,Chuyên Viên Nhân Sự (Thu Nhập Từ 18 Triệu Trở Lên) - Độ Tuổi Từ 27 - 35,Công Ty TNHH Bất Động Sản Smartland,Hành chính,Hồ Chí Minh,500000000,700000000,full-time,<35,3,high,"• Đồng hành cùng đội ngũ kinh doanh trong công tác nhân sự hằng ngày • Theo dõi tình hình nhân sự, nắm bắt tâm lý và hỗ trợ xử lý các vấn đề phát sinh • Phối hợp với Quản lý kinh doanh để ổn định đội ngũ nhân sự sales • Tham gia xử lý... Yêu cầu: • Tối thiểu từ 3 năm kinh nghiệm trong lĩnh vực Nhân sự • Nhanh nhẹn, giao tiếp tốt, có khả năng xử lý tình huống linh hoạt • Có tư duy tích cực, chủ động học hỏi và thích nghi nhanh với môi trường tốc độ cao • Có khả năng quan sát, nắm bắt tâm...",other,VietnamWorks_Algolia,https://www.vietnamworks.com/chuyen-vien-nhan-su-thu-nhap-tu-18-trieu-tro-len-djo-tuoi-tu-27-35-2057390-jv,2026-05-25T23:38:03.043937
scraped_vietnamworks_algolia_01321,"Nhân Viên Kỹ Sư QS Công Trường Miền Bắc - (Hà Nội, Thái Nguyên, Hải Phòng) Lương 25-35 Triệu","MDA E&C Co.,ltd",Nông nghiệp,Hà Nội,25000000,35000000,full-time,any,5,university,"- Lập dự toán, lập BOQ chi tiết khối lượng, giá trị cho dự án - Kiểm tra, khối lượng, theo dõi hồ sơ thanh toán của các nhà thầu phụ, tổ đội thi công - Cập nhật và xây dựng cơ sở dữ liệu - giá vật liệu trên thị trường. Yêu cầu: - Tốt nghiệp Đại học chuyên ngành xây dựng, Kinh tế quản lý xây dựng, Kiến trúc hoặc các chuyên ngành liên quan - Có trên 2 năm kinh nghiệm trở lên - Khuyến khích gửi CV bằng Tiếng Anh - Tiếng Anh tốt là một lợi thế * QUYỀN LỢI: - Mức lương: 25-35 triệu - Thời gian làm...",other,VietnamWorks_Algolia,https://www.vietnamworks.com/nhan-vien-ky-su-qs-cong-truong-mien-bac-ha-noi-thai-nguyen-hai-phong-luong-25-35-trieu--2054446-jv,2026-05-25T23:57:14.977614
scraped_vietnamworks_algolia_04273,Giám Đốc Bán Hàng Khách Hàng Doanh Nghiệp (Corporate Sales Director),Tổng Công Ty CP Bưu Chính Viettel,Kinh doanh|Cơ khí,Hà Nội,20000000,35000000,full-time,any,0,university,"• Tìm kiếm, tiếp cận, đàm phán dịch vụ chuyển phát cho các khách hàng doanh nghiệp. • Trực tiếp tham gia đàm phán giá, chào thầu, kí hợp đồng và xây dựng luồng vận hành với từng khách hàng; • Phân tích cơ chế và chính sách giá bán, từ đó đề xuất phương án... Yêu cầu: • Tốt nghiệp Đại Học chuyên ngành về Marketing, Ngoại thương, Quản trị kinh doanh các chuyên ngành liên quan khác, ưu tiên người có kinh nghiệm • Biết cách quản lý và điều hành Team • Kỹ năng giao tiếp, lắng nghe và thấu cảm với khách hàng • Kỹ năng giải quyết vấn đề và...",skilled,VietnamWorks_Algolia,https://www.vietnamworks.com/giam-djoc-ban-hang-khach-hang-doanh-nghiep-corporate-sales-director-2043357-jv,2026-05-26T00:31:26.890902
scraped_vietnamworks_algolia_02804,Chuyên Viên Kiểm Soát Khối Lượng,Công Ty BIM Group Kiên Giang,Bảo vệ,Kiên Giang,8000000,15000000,full-time,any,5,university,"• Kiểm soát, bóc tách và xác nhận khối lượng thi công • Lập, kiểm tra và soát xét dự toán, thanh toán, quyết toán • Kiểm soát chi phí, hợp đồng, phát sinh trong quá trình thi công • Đảm bảo tính chính xác, minh bạch giữa bản vẽ - thi công - thanh toán • Kết... Yêu cầu: • Tốt nghiệp đại học chuyên ngành kinh tế Xây dựng, Xây dựng dân dụng và công nghiệp hoặc các chuyên ngành phù hợp khác. • Có ít nhất 5 năm kinh nghiệm làm việc tương đương. • Có kinh nghiệm trong đo bóc khối lượng tại các dự án lớn: Khách sạn, khu nghỉ dưỡng,...",security,VietnamWorks_Algolia,https://www.vietnamworks.com/chuyen-vien-kiem-soat-khoi-luong-2052326-jv,2026-05-25T23:57:17.901232
scraped_vietnamworks_algolia_05264,Trưởng Bộ Môn Khoa Học Công Nghệ,Hệ Thống Trường Quốc Tế Tây Úc,Kế toán|Kho vận,Hồ Chí Minh,9600000,18000000,full-time,any,0,high,"- Tham gia công tác dạy các môn KHCN: Steam/Robotics/ICT - Xây dựng, thiết kế; đánh giá, góp ý chỉnh sửa giáo trình và chương trình đào tạo giảng dạy - Tham gia & hỗ trợ Triển khai các môn học Steam/ Robotics/ICT - Tham gia các sự kiện, hội thảo, cuộc thi có liên quan đến... Yêu cầu: - Trình độ: Tốt nghiệp đại học về các chuyên ngành liên quan nhu CNTT, Vật lý, Điện tử,.. - Ưu tiên ứng viên tốt nghiệp các trường Đại học Bách Khoa, Đại học Công nghệ, Đại học quốc gia, Đại học Sư phạm. - Có ít nhất 2-3 năm kinh nghiệm trong giảng dạy hoặc...",accounting,VietnamWorks_Algolia,https://www.vietnamworks.com/truong-bo-mon-khoa-hoc-cong-nghe--2054848-jv,2026-05-26T12:56:51.861664
scraped_vietnamworks_algolia_03784,[ Hot Job ] LG 전자 베트남법인 영업분야 한국인 채용 (Sales),LG Electronics Việt Nam Hải Phòng,English|Korean,Hải Phòng,7600000,14250000,full-time,any,0,university,"+ 영업 전략/기획, 고객발굴 및 시장조사, 고객 영업활동 Make sale plan, finding customers client & research market, Sales Activities to Customers + 계약 및 협상, 수주 후 매출/수금관리 Contracts & Negotiation, Sales/Post-sales Debt Collection Management Yêu cầu: + Candidate studying in Korean or Topik 6 is preferable + 기업에서 생산/기획 관련한 업무 경험자 (신입인 경우 대학에서 관련 전공수업, 학회 등 경험 보유자) Have experience in production/planning in manufcturing company (Accept fresher with related major in university) + Be able to comunicate by English ■ 베트남법인 근무 시간 / 처우 (Benefits) - 급여: Discuss when interview -...",sales,VietnamWorks_Algolia,https://www.vietnamworks.com/hot-job-lg-pi-tai-ang-hong-chun-lu-li-lou-shang-tuo-shuang-lu-ddotbing-sales-2025748-jv,2026-05-26T00:31:25.538131
scraped_vietnamworks_algolia_02228,Design Store Manager (Retail Interior Design Manager),Công Ty Cổ Phần Everpia,Marketing|Kinh doanh Online,Hưng Yên,8000000,15000000,full-time,any,0,university,"*** General Information • Position: Design Store Manager • Quantity: 01 • Working time: Monday – Friday (7:30 – 16:15) + 2 Saturdays/month • Location: Hung Yen Factory – Tan Quang Industrial Park, Nhu Quynh, Hung Yen, Near Ocean Park 1 (~1km) – Company shuttle bus from Hanoi *** Job Description •... Yêu cầu: *** Requirements • Bachelor’s degree in Interior Design / Architecture • Experience in retail design / showroom chain / store design • Strong skills in AutoCAD, Revit, 3Ds Max, SketchUp, Photoshop • Solid understanding of technical drawings & construction process • Strong project management, negotiation, cost control skills • ...",sales,VietnamWorks_Algolia,https://www.vietnamworks.com/design-store-manager-retail-interior-design-manager-2034286-jv,2026-05-25T23:57:16.755113
scraped_vietnamworks_algolia_03638,Giám Đốc Phòng Giao Dịch - Đơn vị mới - Tỉnh Nghệ An (2026TD453162),NGÂN HÀNG TMCP QUÂN ĐỘI – MBBANK,Excel|Word,Nghệ An,8000000,15000000,full-time,any,3,university,"- Thiết lập và trực tiếp xây dựng, tổ chức thực hiện kế hoạch của đơn vị - Quản lý, tổ chức và triển khai công tác bán hàng, phát triển và duy trì các mối quan hệ khách hàng của Phòng giao dịch - Triển khai các chương trình chăm sóc khách hàng tại... Yêu cầu: - Tốt nghiệp Đại học trở lên chuyên ngành Tài chính, Ngân hàng, Kinh tế…. -Hiểu biết về ngành tài chính - ngân hàng, sản phẩm/dịch vụ ngân hàng -Thành thạo tin học văn phòng (word, excel, outlook…) -Tối thiểu 3 năm kinh nghiệm kinh doanh Ngân hàng, trong đó 1 năm làm việc tại vị trí...",other,VietnamWorks_Algolia,https://www.vietnamworks.com/giam-djoc-phong-giao-dich-djon-vi-moi-tinh-nghe-an-2026td453162-2045590-jv,2026-05-26T00:31:25.229495
scraped_vietnamworks_algolia_00355,NPI Engineer (Video & Security Devices),Công Ty TNHH Ajax Systems Việt Nam,Bảo vệ|IT,Hưng Yên,8000000,15000000,full-time,any,5,high,"• Lead the deployment of video product lines (IP PoE Cameras, NVR, WiFi/Battery Cameras) from design to mass production. • Collaborate closely with EMS/ODM partners to monitor and optimize assembly and testing processes. • Execute and manage the end-to-end NPI lifecycle, including EVT, DVT, PVT, and MP stages. • Set up and balance new production lines to ensure target yield and... Yêu cầu: Job Requirements • Bachelor’s Degree in Electrical/Electronic Engineering, Mechatronics, or related technical fields. • Minimum 5 years of experience in NPI/Manufacturing, with 2-3 years specifically in Video devices (CCTV, NVR, WiFi Camera). • In-depth knowledge of production line structures, including SMT, DIP, Assembly, Testing, and Packing. • Proven experience working directly with EMS sub-contractors, preferably in video transmission equipment. • Technical expertise in Image...",security,VietnamWorks_Algolia,https://www.vietnamworks.com/npi-engineer-video-security-devices-2050109-jv,2026-05-25T19:46:12.973599
scraped_vietnamworks_algolia_05514,Operations Staff - INBOUND,CÔNG TY TNHH COSCO SHIPPING LINES (VIỆT NAM),Communication|English|Chinese|Excel,Hải Phòng,7600000,14250000,full-time,any,1,university,"• Send emails to partners informing the ship's name, profile code, deadline to upload MNF, deadline to return Discharge list. • Handle, upload MNF on VNSW within deadline • Download and convert Discharge List into excel file for services, checking quantity before sending out. • Handle daily DISCHARGE LIST & Vessel operation • Handle wrong seal report/Check, Keep... Yêu cầu: • Graduated from university with a relevant major. • Language: Good command of spoken and written English, Chinese is advantaged. • 1-2 years of working experience, preferably in sales/shipping lines will be a plus. • Excellent communication skills, able to build and maintain relationships. • High responsibility, being able to work under pressure.",other,VietnamWorks_Algolia,https://www.vietnamworks.com/operations-staff-inbound-2048809-jv,2026-05-26T12:56:52.358483
scraped_vietnamworks_algolia_03186,Digital Performance Executive,Panasonic Sales Vietnam,Communication|English,Hồ Chí Minh,9600000,18000000,full-time,any,1,university,"- Support the development of digital strategies, planning approaches, and performance metrics across platforms/channels to effectively drive traffic and influence customer behavior. - Set up and execute digital performance campaigns across multiple social media platforms/channels, such as Meta, Google, TikTok, Ad Network booking, and others. - Monitor overall campaign performance, analyze ongoing campaigns using data analytics,... Yêu cầu: - Bachelor's Degree in relevant discipline - At least 1 year in Digital Marketing with solid experience in advertising metric - Experienced in working as performance team in agency is a plus - Strong communication & analytical skills - Strong project management capabilities and organizational skills. - Good at English (4 skills)",other,VietnamWorks_Algolia,https://www.vietnamworks.com/digital-performance-executive-2052255-jv,2026-05-26T00:31:24.273763
scraped_vietnamworks_algolia_06758,Giám Đốc Ban Đầu Tư,Công Ty Cổ Phần Le Delta,Tài chính,Hà Nội,70000000,90000000,full-time,<50,8,university,"MỤC TIÊU CÔNG VIỆC 1. Tham mưu tư vấn cho HĐQT, Ban Lãnh đạo Công ty trong việc hoạch định chiến lược, kế hoạch đầu tư, thẩm định, đánh giá các khoản đầu tư, tuân thủ theo quy định của Pháp luật và theo quy định của Công ty. 2. Đảm bảo việc điều hành toàn... Yêu cầu: Bằng cấp/ Chứng chỉ - Tốt nghiệp Đại học trở lên chuyên ngành Kinh tế đầu tư, Xây dựng, Kiến trúc … Kiến thức cần thiết - Am hiểu về quy trình đầu tư, các dự án đầu tư bất động sản, dự án đầu tư nông nghiệp, …., luật đầu tư cũng như hệ thống văn...",other,VietnamWorks_Algolia,https://www.vietnamworks.com/giam-djoc-ban-djau-tu-2054043-jv,2026-05-26T12:56:55.315906
scraped_vietnamworks_algolia_04079,Junior Design Coordinator,Công Ty TNHH Phát Triển Phú Mỹ Hưng,Communication|English|Excel|Word|Powerpoint,Hồ Chí Minh,400000000,600000000,full-time,<35,0,university,"About the Company Phu My Hung Development Corporation is a leading urban developer in Vietnam and the pioneer behind Phu My Hung Urban Area – one of the first international-standard model urban developments in Ho Chi Minh City. Established on May 19th, 1993 as a joint venture between the Ho Chi Minh City People’s Committee (represented... Yêu cầu: Education: • Bachelor’s Degree in Architecture (Ho Chi Minh City University of Architecture preferred). Experience: • Fresh graduate. No working experience required. Language: • English: Must (good conversational and working proficiency). Technical Skills: • Proficient in MS Office (Word, Excel, PowerPoint). • Proficient in CAD or other design-related software. Soft Skills: • Ability to work independently and in a team environment. • Good coordination and communication...",sales,VietnamWorks_Algolia,https://www.vietnamworks.com/junior-design-coordinator-2049900-jv,2026-05-26T12:56:49.400595
scraped_vietnamworks_algolia_01154,Graphic Design Team Lead,Home Credit Vietnam - Explore Your Dream Team,Figma|Leadership,Hồ Chí Minh,9600000,18000000,full-time,any,5,high,"*According to Decree No.13/2023/ND-CP on protecting personal data (“PDP”), Home Credit Vietnam would apply &#34;Personal Data Processing Agreement&#34; with all candidates to ensure compliance with the decree. By submitting this application to Home Credit Vietnam Finance Company Limited through Vietnamworks, you agree to allow Home Credit to proceed your provided information in accordance with... Yêu cầu: - 5&#43; years of experience in graphic design, preferably in a marketing, brand, or agency environment - 1-2 years of experience as a Art Director - Strong portfolio demonstrating creative leadership and a range of design work across digital and offline platforms - Mastery of Adobe Creative Suite (Illustrator, Photoshop, InDesign) and familiarity with Figma - Excellent sense...",sales,VietnamWorks_Algolia,https://www.vietnamworks.com/graphic-design-team-lead--2052031-jv,2026-05-25T23:38:03.134355
scraped_vietnamworks_algolia_06522,Nhân Viên Mua Hàng,Công Ty TNHH Thương Mại & Tư Vấn Minh Anh,Excel|Word,Hà Nội,9000000,12000000,full-time,any,1,high,"Mô tả công việc • Lên kế hoạch nhập khẩu hàng hóa dựa trên số liệu kinh doanh của Công ty • Liên hệ với các nhà cung cấp trong và ngoài nước để tiến hành đặt đơn hàng • Lên kế hoạch thanh toán và theo dõi quá trình thanh toán cho nhà cung cấp • Chuẩn... Yêu cầu: Thời gian làm việc: • Từ 08:00 – 17:30 (nghỉ trưa 1:30) từ thứ 2 đến thứ 7 hàng tuần (mùa thấp điểm sẽ được nghỉ cả thứ 7) Yêu cầu • Ngoại ngữ: Tiếng Anh email thành thạo • Có kỹ năng tin học văn phòng: soạn thảo email, word, excel, • Năng động, tự tin, có khả...",skilled,VietnamWorks_Algolia,https://www.vietnamworks.com/nhan-vien-mua-hang--2057534-jv,2026-05-26T12:56:54.713964
scraped_vietnamworks_algolia_01861,Chuyên Viên Kinh Doanh B2B (Media/advertising) – LC 8 Triệu + % Doanh Thu - Thu Nhập Không Giới Hạn,Hana Media,Kinh doanh|Marketing,Hà Nội,9200000,17250000,full-time,any,1,high,"• Tìm kiếm và phát triển khách hàng doanh nghiệp có nhu cầu quảng cáo, truyền thông • Tư vấn giải pháp marketing/truyền thông phù hợp theo mục tiêu kinh doanh của khách hàng • Xây dựng proposal, báo giá và trình bày kế hoạch truyền thông • Đàm phán, ký kết hợp đồng và theo dõi tiến... Yêu cầu: • Tối thiểu 1 năm kinh nghiệm Sales B2B (ưu tiên Advertising/Media/Agency) • Kỹ năng giao tiếp, thuyết trình và đàm phán tốt • Có khả năng xây dựng proposal, báo giá và chốt deal • Chủ động, chịu được áp lực doanh số • Có network khách hàng (FMCG, BĐS, Ngân hàng, Ô tô…) là lợi thế • Thành...",sales,VietnamWorks_Algolia,https://www.vietnamworks.com/chuyen-vien-kinh-doanh-b2b-mediaadvertising-lc-8-trieu-percent-doanh-thu-thu-nhap-khong-gioi-han-2057151-jv,2026-05-25T23:38:04.625343
scraped_vietnamworks_algolia_06878,Kỹ Sư Kinh Doanh/ Sales Engineer (Hỗ Trợ Data KH),Công Ty TNHH Thương Mại & Kỹ Thuật V.M.S,Kinh doanh|IT,Hồ Chí Minh,15000000,30000000,full-time,any,1,university,"• Phân tích thị trường, tìm kiếm và mở rộng khách hàng tìm năng. • Lên kế hoạch công việc theo thị trường phù hợp với mục tiêu kinh doanh đã đặt ra. • Tiếp cận Khách hàng thông qua các phương thức gọi - gặp - email - khác. • Chăm sóc,... Yêu cầu: - Cao đẳng/đại học thuộc khối kinh tế - khối điện tử - khối cơ khí. - Có kỹ năng tạo cuôc gặp và xây dựng mối quan hệ với Khách hàng. - Có kỹ năng tìm kiếm khách hàng mới, mở rộng thị trường. - Có kỹ năng giao tiếp, tư vấn, trao...",sales,VietnamWorks_Algolia,https://www.vietnamworks.com/ky-su-kinh-doanh-sales-engineer-ho-tro-data-kh-2057080-jv,2026-05-26T12:56:55.578960
scraped_vietnamworks_algolia_00499,Section Production Manager,Công Ty TNHH Công Nghiệp T.A Việt Nam,IT|Sản xuất|Marketing,Nghệ An,8000000,15000000,full-time,<40,5,university,"1. Description CSW Industrials (Nasdaq: CSWI) is a U.S. publicly traded company with approximately $6B market capitalization, serving a variety of HVAC end markets through three business units: Contractor Solutions, Engineered Building Solutions, and Specialized Reliability Solutions. Our manufacturing facility, TRUAIRE Vietnam, is located in Nhon Trach 1 Industrial Zone, Dong Nai. We are looking for Section... Yêu cầu: 3. Requirements 3.1 Education - Bachelor’s degree in: • Mechatronics (preferred) • Mechanical Engineering/Automation or related fields • Age preference: 28-38 3.2 Experience - Minimum 3–5 years in manufacturing environment. - At least 2–3 years in production management role. - Strong experience in: • Stamping/Metal forming • Welding • Assembly processes - Experience with automation/robotics is a strong advantage. 3.3 Skills & Competencies - Strong...",sales,VietnamWorks_Algolia,https://www.vietnamworks.com/section-production-manager-2055607-jv,2026-05-25T19:46:14.725634
scraped_vietnamworks_algolia_01053,Trưởng phòng Hoạch Định & Quyết Toán,Capital House Group,,Hà Nội,1200,1800,full-time,<45,3,university,"1. Mô tả công việc • Phối hợp cùng Trưởng Trung tâm trong việc tổng hợp, chuẩn hóa và quản trị số liệu của các pháp nhân và dự án trong hệ sinh thái. • Hỗ trợ xây dựng, cập nhật và vận hành các file quản trị số liệu, báo cáo tổng hợp và báo... Yêu cầu: • Tốt nghiệp đại học chuyên ngành Kế toán, Kiểm toán, Thuế, Tài chính doanh nghiệp hoặc các ngành liên quan. • Có từ 3 đến 6 năm kinh nghiệm ở một trong các mảng: kiểm toán, tư vấn thuế, tài chính doanh nghiệp, báo cáo quản trị, tổng hợp số liệu hoặc phân tích...",other,VietnamWorks_Algolia,https://www.vietnamworks.com/truong-phong-hoach-djinh-and-quyet-toan-2048050-jv,2026-05-25T23:38:02.901969
scraped_vietnamworks_algolia_00669,IT Application Engineer (Biết Tiếng Trung),"SVP Vietnam Co.,Ltd",Chinese,Hải Dương,1000,1200,full-time,any,0,high,"POSITION SUMMARY: The Application Engineer will focus on hands-on application support and execution for manufacturing systems in Vietnam. The primary responsibility of this role is to support the rollout, localization, and stable operation of Shanghai-led IT initiatives within the Vietnam factory environment. This position is execution-oriented and delivery-focused, designed to strengthen day-to-day system operations and project... Yêu cầu: REQUIREMENTS AND PREFERRED EXPERIENCE: Required Qualifications & Skills • Strong execution mindset with the ability to translate requirements into practical, on-site actions. • Strong problem-solving skills and attention to operational detail. • Chinese (Mandarin) language capability is required to support...",other,VietnamWorks_Algolia,https://www.vietnamworks.com/it-application-engineer-biet-tieng-trung-2049422-jv,2026-05-25T23:16:54.164448
scraped_vietnamworks_algolia_03904,Corporate Finance (Senior) Manager,ONPOINT COMPANY LIMITED,Leadership,Hồ Chí Minh,9600000,18000000,full-time,any,7,university,"Role Overview We are looking for a Corporate Finance (Senior) Manager to play a key role in the company's corporate finance activities — including investor relations, fundraising, M&A support, IPO preparation, and banking relationships. You will work closely with senior leadership, external advisors, and financial institutions on high-impact projects that support the company's growth and... Yêu cầu: 1. Experience: • Bachelor's degree in Finance, Accounting, Economics, or a related field; an MBA or Master's degree is a plus. • Experience in investment banking, Big 4 advisory, corporate finance, or private equity is preferred. • Exposure to IPO preparation, M&A, fundraising, or banking relationship management is an advantage. • Professional certifications such as CFA, CPA, CA,...",accounting,VietnamWorks_Algolia,https://www.vietnamworks.com/corporate-finance-senior-manager-2053909-jv,2026-05-26T00:31:25.826650
scraped_vietnamworks_algolia_02383,Kỹ Sư Nông Nghiệp,Công ty TNHH Hoei VN,Nông nghiệp,Lâm Đồng,8000000,15000000,full-time,any,2,college,"- Lập kế hoạch sản xuất theo mùa vụ, diện tích và sản lượng mục tiêu - Lên kế hoạch gieo trồng –... Yêu cầu: • Tốt nghiệp Cao đẳng/Đại học chuyên ngành Nông nghiệp / Trồng trọt • Có ít nhất 2 năm kinh nghiệm liên quan • Hiểu về kỹ thuật canh tác, dinh dưỡng, sâu bệnh • Trung thực, cẩn thận, có trách nhiệm • Sức khỏe tốt, sẵn sàng làm việc tại farm Chế độ phúc lợi - Lương: Thỏa thuận theo...",agriculture,VietnamWorks_Algolia,https://www.vietnamworks.com/ky-su-nong-nghiep-2056529-jv,2026-05-25T23:57:17.079893
scraped_mywork_00109,Kế Toán Thanh Toán - Account Payable,Công Ty TNHH Akati Wood (Việt Nam),Kế Toán,Hà Nội,12000000,15000000,full-time,any,3,high,Kế Toán Thanh Toán - Account Payable,bao_ve,MyWork,https://mywork.com.vn/viec-lam-ke-toan-thanh-toan-account-payable-job-200835398.html,2026-05-25T19:54:42.834644
scraped_vietnamworks_algolia_06746,Leader Line Sản Xuất,Công Ty TNHH Điện Tử UMC Việt Nam,Excel|Word|Powerpoint,Hải Phòng,300000000,400000000,full-time,<35,1,high,"* Chịu trách nhiệm triển khai kế hoạch sản xuất, tổ chức sản xuất đảm bảo chất lượng kỹ thuật, sản lượng đặt ra và năng suất cao. * Xử lý các vấn đề liên quan đến chất lượng trong sản xuất,cải tiến, phân tích giảm thiểu lỗi trong quá trình sản xuất. * Quản lý,... Yêu cầu: * Nam/Nữ, tuổi từ 20 - 35. * Tốt nghiệp một trong các chuyên ngành sau: Điện tử / Tự động hóa / Công nghệ chế tạo máy / Quản trị doanh nghiệp. * Biết sử dụng máy tính và tin học văn phòng: Word, Excel, Powerpoint. * Hiểu biết về 5S, 7 công cụ QC, Kaizen,...",production,VietnamWorks_Algolia,https://www.vietnamworks.com/leader-line-san-xuat--2057347-jv,2026-05-26T12:56:55.288957
scraped_vietnamworks_algolia_01869,Chuyên Viên Đào Tạo Bán Hàng,Hyundai Thành Công Việt Nam (Hyundai.thanhcong.vn),Kinh doanh|Cơ khí|Giáo dục,Hà Nội,9200000,17250000,full-time,any,2,university,"• Theo dõi, quản lý, đánh giá các hoạt động đào tạo của Đại lý (thông qua Giảng viên nội bộ), đảm bảo số lượng và chất lượng các hoạt động đào tạo tại Đại lý phụ trách. • Theo dõi thúc đẩy các hoạt động tự học online, theo dõi các chỉ số thường... Yêu cầu: • Tốt nghiệp Đại học trở lên • Tối thiểu 02 năm kinh nghiệm trong lĩnh vực Đào tạo, Sales Operation hoặc Planning (ưu tiên ngành Ô tô/FMCG). • Có kinh nghiệm tổ chức, quản lý và triển khai hoạt động đào tạo trong tổ chức lớn; ưu tiên có kinh nghiệm E-learning và phát triển...",skilled,VietnamWorks_Algolia,https://www.vietnamworks.com/chuyen-vien-djao-tao-ban-hang-2057124-jv,2026-05-25T23:38:04.639984
scraped_vietnamworks_algolia_07380,Nhân Viên Xuất Nhập Khẩu (Import-Export Staff),CÔNG TY TNHH RFTECH THÁI NGUYÊN,Kế toán|Kho vận,Thanh Hóa,8000000,15000000,full-time,<35,2,high,"Là một mắt xích quan trọng trong mạng lưới toàn cầu của Tập đoàn RFTech (Hàn Quốc), RFTech Việt Nam không chỉ là nhà sản xuất hàng đầu về thiết bị viễn thông 5G và linh kiện di động mà còn vận hành dựa trên triết lý ""Hướng tới tương lai và con người"" .... Yêu cầu: Yêu cầu công việc - Độ tuổi dưới 35. - Có ít nhất 2 năm kinh nghiệm trong lĩnh vực xuất nhập khẩu. - Am hiểu quy trình xuất nhập khẩu của doanh nghiệp FDI. - Có kinh nghiệm trong việc tra cứu mã HS. - Kỹ năng quản lý chứng từ và theo dõi nhập xuất tồn kho. -...",accounting,VietnamWorks_Algolia,https://www.vietnamworks.com/nhan-vien-xuat-nhap-khau-import-export-staff-2053149-jv,2026-05-26T12:56:56.839346
scraped_vietnamworks_algolia_01308,Nhân Viên Tư Vấn Tuyển Sinh,CÔNG TY TNHH THƯƠNG MẠI VÀ PHÁT TRIỂN GIÁO DỤC VA SUNSMART,Kinh doanh,Hà Nội,7000000,10000000,full-time,any,1,university,"Tại VA SunSmart, chúng tôi không chỉ dạy Tiếng Anh - Chúng tôi ươm mầm những thế hệ tự tin, bản lĩnh và giàu trí tuệ. Với sứ mệnh đem lại những giá trị tri thức cho cộng đồng, VA SunSmart không ngừng tìm kiếm những mảnh ghép phù hợp để cùng chung tay lan... Yêu cầu: 3. YÊU CẦU ỨNG VIÊN • Tốt nghiệp Cao đẳng/Đại học (ưu tiên ngành Kinh tế, Sư phạm, Marketing, Quản trị kinh doanh). • Kỹ năng giao tiếp, thuyết phục tốt; giọng nói rõ ràng, dễ nghe. • Năng động, kiên trì, chịu áp lực doanh số. • Ưu tiên ứng viên có kinh nghiệm trong lĩnh vực giáo dục, tuyển sinh, tư...",sales,VietnamWorks_Algolia,https://www.vietnamworks.com/nhan-vien-tu-van-tuyen-sinh-2054374-jv,2026-05-25T23:38:03.461576
scraped_vietnamworks_algolia_03788,QC Inspection - Nhân Viên Kiểm Soát Chất Lượng Kết Cấu Thép,Công Ty Cổ Phần Kết Cấu Thép ATAD,Bảo vệ,Nghệ An,8000000,15000000,full-time,any,0,high,"Công ty Cổ phần Kết cấu Thép ATAD là doanh nghiệp hàng đầu trong lĩnh vực thiết kế, sản xuất và lắp dựng kết cấu thép tiền chế tại Việt Nam và khu vực. Với hơn 20 năm phát triển, ATAD đã hiện diện tại hơn 40 quốc gia, sở hữu các nhà máy hiện... Yêu cầu: • Giới Tính: Nam • Tốt nghiệp Đại học/ Cao đẳng; chuyên ngành Cơ khí/ Kỹ Thuật/ Xây Dựng • Từ 2-3 năm kinh nghiệm trong lĩnh vực QA/QC mảng công trình/ xây dựng/ cơ khí hoặc kết cấu thép, đường ống, bồn bình, check NDT • Ưu tiên người tỉnh Đồng Nai (khu vực Cẩm Mỹ, Suối Tre, Xuân...",security,VietnamWorks_Algolia,https://www.vietnamworks.com/qc-inspection-nhan-vien-kiem-soat-chat-luong-ket-cau-thep-2027188-jv,2026-05-26T00:31:25.546676
scraped_vietnamworks_algolia_01204,Accounts Receivable Accountant,Công Ty TNHH I.P. One (Việt Nam),Communication|Sap,Hồ Chí Minh,9600000,18000000,full-time,any,1,university,"• Issue invoices, debit notes, and credit notes accurately and in a timely manner. • Record all customer payments and receipts into the SAP system. • Monitor aging reports to ensure timely collection of outstanding balances. • Follow up with customers for overdue payments and coordinate with the sales or customer service teams for collection issues. • Prepare... Yêu cầu: • Bachelor’s degree in accounting, finance, or a related field. • 1–3 years of experience in accounts receivable (experience in FMCG or manufacturing is an advantage). • Knowledge of accounting principles and AR processes. • Being proficient in information technology and having experience using SAP accounting software is an advantage. • Good communication and coordination skills. • Attention to...",other,VietnamWorks_Algolia,https://www.vietnamworks.com/accounts-receivable-accountant-2048117-jv,2026-05-25T23:38:03.238042
scraped_vietnamworks_algolia_04604,Trưởng Phòng Hành Chính Nhân Sự – Ưu Tiên Kinh Nghiệm Ngành Xây Dựng,Công Ty Cổ Phần Xây Dựng Vijako Việt Nam,Hành chính|Xây dựng|Cơ khí,Hà Nội,25000000,40000000,full-time,any,2,university,"1. Quản lý, điều hành công tác nhân sự: • Tham mưu Tổng Giám đốc về cơ cấu tổ chức, định biên nhân sự và phương án kiện toàn bộ máy phù hợp với định hướng phát triển của Công ty. • Xây dựng kế hoạch nhân sự theo kế hoạch sản xuất kinh doanh; tổ... Yêu cầu: 1. Kinh nghiệm • Tối thiểu 02 năm kinh nghiệm tại vị trí tương đương. • Ưu tiên ứng viên đã làm việc tại các Công ty Xây dựng quy mô từ 100 nhân sự trở lên. 2. Trình độ & kiến thức chuyên môn • Tốt nghiệp Đại học các chuyên ngành: Quản trị Nhân lực, Luật,...",skilled,VietnamWorks_Algolia,https://www.vietnamworks.com/truong-phong-hanh-chinh-nhan-su-uu-tien-kinh-nghiem-nganh-xay-dung-2041940-jv,2026-05-26T00:31:27.689838
scraped_vietnamworks_algolia_02118,Chuyên Viên Hợp Tác Đối Tác (Phụ Trách Mảng Phi Nhân Thọ),Bắc Á Bank - Https://tuyendung.baca-Bank.vn/,,Hà Nội,9200000,17250000,full-time,any,2,university,"Mục đích Công việc: Chịu trách nhiệm xây dựng, triển khai và phát triển các mô hình hợp tác với các công ty bảo hiểm phi nhân thọ nhằm đạt các mục tiêu doanh số và khai thác lợi ích từ các đối tác bảo hiểm. Nhiệm vụ chính: • Nghiên cứu, đề xuất triển khai các... Yêu cầu: Trình độ đào tạo: • Tốt nghiệp Đại học các chuyên ngành Bảo hiểm, Kinh tế, Tài chính, Ngân hàng, Quản trị kinh doanh. • Có chứng chỉ bảo hiểm phi nhân thọ theo quy định Yêu cầu về kinh nghiệm: • Có tối thiểu 2 năm kinh nghiệm công...",other,VietnamWorks_Algolia,https://www.vietnamworks.com/chuyen-vien-hop-tac-djoi-tac-phu-trach-mang-phi-nhan-tho-2034662-jv,2026-05-25T23:57:16.549923
scraped_mywork_00227,Nhân Viên Kế Toán Doanh Thu Và Công Nợ Phải Thu - Đi Làm Ngay,Công Ty Cổ Phần Aspire,Kế Toán,Hồ Chí Minh,15000000,20000000,full-time,any,5,high,Nhân Viên Kế Toán Doanh Thu Và Công Nợ Phải Thu - Đi Làm Ngay,bao_ve,MyWork,https://mywork.com.vn/viec-lam-nhan-vien-ke-toan-doanh-thu-va-cong-no-phai-thu-di-lam-ngay-job-200831898.html,2026-05-25T19:54:42.890906
scraped_vietnamworks_algolia_03836,Giám đốc Quản trị danh mục Xử lý nợ - Khối Xử lý nợ,Ngân hàng TMCP Đông Nam Á (SeABank),,Hà Nội,9200000,17250000,full-time,any,5,university,"1. Phụ trách đầu mối xây dựng/tổng hợp và trình cấp có thẩm quyền phê duyệt kế hoạch xử lý nợ, KPIs và SLA cho các đơn vị thuộc Khối Xử lý nợ. 2. Phân công, hướng dẫn, chỉ đạo cán bộ, nhân viên và/hoặc trực tiếp thực hiện: • Phân tích và... Yêu cầu: 1. Trình độ học vấn: • Tốt nghiệp Đại học chính quy trở lên chuyên ngành kinh tế, tài chính, kế toán, ngân hàng, luật. • Ưu tiên ứng viên có bằng tốt nghiệp loại Giỏi/ Xuất sắc các chuyên ngành phù hợp với vị trí ứng tuyển. 2. Kinh nghiệm công tác: • Tối...",other,VietnamWorks_Algolia,https://www.vietnamworks.com/giam-djoc-quan-tri-danh-muc-xu-ly-no-khoi-xu-ly-no-2050187-jv,2026-05-26T00:31:25.652257
scraped_vietnamworks_algolia_03738,Chuyên Gia Quản Lý Dự Án (PMO),Ngân Hàng TMCP Quốc Dân ( NCB ),IT,Hà Nội,9200000,17250000,full-time,any,3,university,"• Quản lý và điều phối dự án: - Trực tiếp quản lý hoặc điều phối các dự án được giao theo phân công từ PMO. - Xây dựng và giám sát kế hoạch dự án, quản lý phạm vi, tiến độ, chi phí và chất lượng. ... Yêu cầu: • Trình độ học vấn/chuyên môn: Tốt nghiệp Đại học trở lên, chuyên ngành: Quản trị Kinh doanh, Công nghệ thông tin, Tài chính - Ngân hàng hoặc tương đương. • Có tối thiểu 3 năm kinh nghiệm trong quản lý dự án, ưu tiên trong ngành ngân hàng, tài chính, công nghệ. Có...",other,VietnamWorks_Algolia,https://www.vietnamworks.com/chuyen-gia-quan-ly-du-an-pmo-2054336-jv,2026-05-26T00:31:25.436942
scraped_mywork_00374,Nhân Viên Tư Vấn Tại Văn Phòng - Không Yêu Cầu Kinh Nghiệm,Công Ty TNHH Đại Lý Bảo Hiểm Hoàng Long Phát,Kinh doanh|Hành chính,Hồ Chí Minh,7000000,20000000,full-time,any,1,high,Nhân Viên Tư Vấn Tại Văn Phòng - Không Yêu Cầu Kinh Nghiệm,bao_ve,MyWork,https://mywork.com.vn/viec-lam-nhan-vien-tu-van-tai-van-phong-khong-yeu-cau-kinh-nghiem-job-200826855.html,2026-05-25T19:54:43.006851
scraped_vietnamworks_algolia_00222,"Manual Test Engineer (Junior - Senior, Hybrid working)",LG Electronics Development Vietnam Company Limited,Communication|English,Hà Nội,1000,500000000,full-time,<35,1,university,"Roles & Responsibility As member of Software Validation team, you will be responsible for testing software for Automotive domain as below: • Software testing for in-vehicle Infotainment applications including Cluster, AVN-audio video navigation and Telematics; • Analyze project requirements, design / execute / update test cases & test scripts; • Report, track, and monitor defects in the defect... Yêu cầu: • Bachelor's degree in Information Technology, Computer Science, Computer Engineering, Electronics Engineering, Telecommunication Engineering or equivalent; ect. • From 1 year of experience in software testing (automotive domain is preferred); • English: Basic conversational skills is required, intermediate preferred • Ability to understand English documents specialized in IT field, and basic communication skills; • Good logical thinking and...",other,VietnamWorks_Algolia,https://www.vietnamworks.com/manual-test-engineer-junior-senior-hybrid-working-2048648-jv,2026-05-25T19:37:24.168000
scraped_vietnamworks_algolia_05156,Chuyên Viên Quản Lý Thiết Kế - Quy Hoạch (Chủ Đầu Tư Bất Động Sản),Công Ty CP Tập Đoàn Đầu Tư Thái Nam,Bất động sản|Tài chính|Thẩm định,Hà Nội,9200000,17250000,full-time,<50,5,university,"1. Kiểm soát Thiết kế - Lập/kiểm tra quy hoạch (do tư vấn lập), thiết kế ý tưởng, thiết kế quy hoạch. - Lập tờ trình, báo cáo thiết kế thuộc dự án phụ trách. - Kiểm tra, phát hành và chịu trách nhiệm hồ sơ thiết kế quy hoạch trước khi trình duyệt. - Điều phối, quản... Yêu cầu: - Tốt nghiệp đại học chuyên ngành Kiến trúc, Quy hoạch đô thị hoặc các ngành liên quan - Nắm vững các chỉ tiêu quy hoạch và quy trình pháp lý Quy chuẩn – Tiêu chuẩn hiện hành. - Tối thiểu 05 năm kinh nghiệm làm việc trong lĩnh vực quy hoạch - Ưu tiên ứng viên...",sales,VietnamWorks_Algolia,https://www.vietnamworks.com/chuyen-vien-quan-ly-thiet-ke-quy-hoach-chu-djau-tu-bat-djong-san-2048395-jv,2026-05-26T12:56:51.636763
scraped_vietnamworks_algolia_01908,Kỹ Thuật Viên Thiết Bị Y Tế (Medical Equipment Technician),CÔNG TY CỔ PHẦN THƯƠNG MẠI VÀ PHÁT TRIỂN CÔNG NGHỆ LACONIA VIỆT NAM,Cơ khí|IT|Y tế,Hà Nội,10000000,15000000,full-time,any,1,university,"Phụ trách các dòng thiết bị nha khoa và thiết bị y tế như: máy scan, ghế nha khoa, máy laser, máy siêu âm, X-quang, thiết bị chăm sóc răng miệng… • Lắp đặt, cài đặt và hướng dẫn khách hàng sử dụng thiết bị • Kiểm tra, sửa chữa, bảo trì và bảo dưỡng thiết... Yêu cầu: • Tốt nghiệp Trung cấp/Cao đẳng/Đại học chuyên ngành Kỹ thuật y sinh, Điện – Điện tử hoặc liên quan • Có từ 1 năm kinh nghiệm kỹ thuật, bảo trì hoặc hỗ trợ kỹ thuật thiết bị • Ưu tiên ứng viên có thể đi công tác tỉnh và biết lái xe ô...",skilled,VietnamWorks_Algolia,https://www.vietnamworks.com/ky-thuat-vien-thiet-bi-y-te-medical-equipment-technician-2056958-jv,2026-05-25T23:38:04.722578
scraped_mywork_00328,Kỹ Sư Kỹ Thuật Điện - Điện Tử,Công Ty TNHH Thương Mại Điện Tử Tin Học Ei,Kỹ Thuật|Điện|Điện Tử,Hồ Chí Minh,10000000,15000000,full-time,any,4,high,Kỹ Sư Kỹ Thuật Điện - Điện Tử,bao_ve,MyWork,https://mywork.com.vn/viec-lam-ky-su-ky-thuat-dien-dien-tu-job-200830121.html,2026-05-25T19:54:42.981074
scraped_vietnamworks_algolia_04372,Kỹ Sư Thiết Kế Máy/ Mechanical Engineer,Damen Song Cam Shipyard (Dscs),English,Hải Phòng,7600000,14250000,full-time,any,1,university,"PURPOSE AND SCOPE OF THE JOB Participation in basic design and development of complete detailed engineering packages for new and standard vessels and floating structures within project plans, according to technical specifications, Class and governmental regulations, Damen standards and building yard requirements under guidance and with using basic decisions or prototype as incoming data. KEY RESPONSIBILITIES/... Yêu cầu: REQUIRED QUALIFICATIONS Education • Higher education technical • Qualification in Mechanical/Marine Engineering • Good written and verbal English Experience • More than 01 year of experience in Engineering KEY COMPETENCIES • Cooperation: Cooperate with others to achieve a common objective • Accuracy: Work accurately and carefully with an eye for detail, directed at preventing (careless) mistakes • Efficiency of the work: Contribute actively towards...",skilled,VietnamWorks_Algolia,https://www.vietnamworks.com/ky-su-thiet-ke-may-mechanical-engineer-2026726-jv,2026-05-26T00:31:27.133659
scraped_vietnamworks_algolia_03902,Warehouse Manager,Công Ty TNHH Vinatic Hải Phòng,Leadership|Communication|Time Management,Hải Phòng,7600000,14250000,full-time,any,3,university,"JOB PURPOSE: Responsible for the overall management of warehouse activities. To review and monitor operational activities to improve the operational effectiveness of the Warehouse. Responsible for a Warehouse team you will use your management skills to ensure all processes and procedures are adhered to including Health & Safety, and all your team have... Yêu cầu: - At least B.A degree requirement, MBA is preferred - Good knowledge of warehouse management including FIFO, safety stock, lean management, & safety first operation - Good skills in negotiation, communication, time management, & leadership - At least 10 year experience in warehouse management in manufacturing - Good experience in document record & traceability - Warehouse management...",warehouse,VietnamWorks_Algolia,https://www.vietnamworks.com/warehouse-manager-2050173-jv,2026-05-26T00:31:25.821075
scraped_vietnamworks_algolia_07988,Kế Toán Thanh Toán (Nữ),Công Ty TNHH Xuất Nhập Khẩu Thiết Bị Khoa Học Công Nghệ Hữu Hảo,Excel,Hà Nội,10000000,15000000,full-time,any,1,high,"Công ty TNHH XNK Thiết bị khoa học công nghệ Hữu Hảo chuyên nhập khẩu và kinh doanh về mặt hàng thiết bị phòng thí nghiệm, trường học, thiết bị vật tư công nghiệp, vui lòng truy cập Website để biết thêm thông tin chi tiết : www.huuhao.vn Chúng tôi cần tuyển dụng Kế toán... Yêu cầu: - Tốt nghiệp Cao đẳng/Đại học chuyên ngành Kế toán - Tối thiểu 1 năm kinh nghiệm kế toán công nợ hoặc kế toán tổng hợp - Thành thạo Excel và phần mềm MISA - Cẩn thận, có trách nhiệm và kỹ năng quản lý công việc tốt. Ưu tiên ứng viên đã lập gia đình, có địa...",accounting,VietnamWorks_Algolia,https://www.vietnamworks.com/ke-toan-thanh-toan-nu-2046912-jv,2026-05-26T12:56:58.569510
scraped_vietnamworks_algolia_05860,Product GTM Project Specialist,OPPO Vietnam,Go|Communication|English|Chinese,Hồ Chí Minh,18000000,25000000,full-time,<35,1,university,"1. New Product Go-to-Market (GTM) Project Management • Lead and coordinate the end-to-end new product launch process in the Vietnam market, ensuring launch readiness and achievement of business objectives. • Manage and execute all key initiatives under the 4P framework: Product / Price / Place / Promotion. • Monitor project timelines, control critical milestones, and drive cross-functional... Yêu cầu: • Bachelor’s degree or above; • Strong academic background with outstanding GPA or academic achievements; • Good command of English communication skills, both written and spoken; • Chinese proficiency (listening, speaking, reading, and writing) is a strong advantage; • Strong project management and multitasking capabilities, with the ability to coordinate across multiple stakeholders in a fast-paced environment; • Strong...",sales,VietnamWorks_Algolia,https://www.vietnamworks.com/product-gtm-project-specialist-2058386-jv,2026-05-26T12:56:53.113114
scraped_topcv_00039,Nhân Viên Kỹ Thuật Camera Công Trình - Bình Thạnh (Thu Nhập Từ 8 - 13M) - Ưu Tiên Có Kinh Nghiệm IT Phần Cứng,Công ty TNHH Quảng Tin,Xây dựng|Cơ khí|IT,Hồ Chí Minh,8000000,13000000,full-time,any,1,high,,skilled,TopCV,https://www.topcv.vn/viec-lam/nhan-vien-ky-thuat-camera-cong-trinh-binh-thanh-thu-nhap-tu-8-13m-uu-tien-co-kinh-nghiem-it-phan-cung/2163180.html?ta_source=JobSearchList_LinkDetail&u_sr_id=eVQNT9GDflXGtV5slTXslhycutRG4WdnaI5yLnxY_1779725888,2026-05-25T23:20:31.832354
scraped_vietnamworks_algolia_01601,Defence Cooperation Driver (LE1),Embassy Of Australia Hanoi,English,Hà Nội,22573807,25407017,full-time,any,5,high,"The Embassy of Australia in Hanoi is looking for a talented and energetic individual to fulfil the position of Defence Cooperation Driver (LE1) . A merit list from this recruitment exercise may be used to fill similar positions over the next 18 months from the date of advertisement. Working for the Department of Defence and under... Yêu cầu: Applicants should be a holder of a current Vietnamese driver's license with at least five years of proven driving experience. Applicants should also have demonstrated knowledge of car maintenance and troubleshooting, road regulations and vehicle registration procedures. Working level English skill is required with positive attitude and proven ability to use initiative and work...",driver,VietnamWorks_Algolia,https://www.vietnamworks.com/defence-cooperation-driver-le1-2050872-jv,2026-05-25T23:38:04.065144
scraped_mywork_00551,Nhân Viên Sales Admin,Công Ty TNHH Dịch Vụ Thương Mại Thế Giới Sài Gòn,Kinh doanh|Hành chính,Hồ Chí Minh,50000000,70000000,full-time,any,1,high,Nhân Viên Sales Admin,lai_xe,MyWork,https://mywork.com.vn/viec-lam-nhan-vien-sales-admin-job-200838152.html,2026-05-26T13:56:33.126356
scraped_vietnamworks_algolia_03040,Trưởng Nhóm ISO,Công Ty TNHH Taishodo Việt Nam,,Hải Phòng,7600000,14250000,full-time,any,2,university,"- Thiết lập, duy trì và cải tiến hệ thống quản lý theo ISO 9001, ISO 13485 - Xây dựng, rà soát, cập nhật quy trình, quy định, biểu mẫu liên quan đến hệ thống ISO. - Lập kế hoạch và tổ chức đánh giá nội bộ định kỳ. - Phối hợp và làm việc với các... Yêu cầu: - Nam/Nữ. Tốt nghiệp Đại học - Tối thiểu 3 – 5 năm kinh nghiệm làm việc với hệ thống ISO - Trình độ tiếng Anh: Có thể đối ứng Audit bằng tiếng Anh - Ưu tiên ứng viên đã từng làm việc trong môi trường sản xuất / nhà máy / doanh nghiệp FDI. Quyền Lợi - Ứng...",other,VietnamWorks_Algolia,https://www.vietnamworks.com/truong-nhom-iso-2055831-jv,2026-05-26T00:31:23.961015
scraped_vietnamworks_algolia_06198,Giám Sát Kinh Doanh - Khu Vực Long An,Shinhan Vietnam Finance Company Limited,Kinh doanh|Lao động phổ thông,Long An,3000000,3000000,full-time,any,2,high,"TÓM TẮT CÔNG VIỆC Mục tiêu chính là quản lý đội ngũ bán hàng thực hiện nhiệm vụ bán hàng và cung cấp dịch vụ khách hàng. Trách nhiệm này bao gồm công tác huấn luyện, đào tạo đội ngũ bán hàng một cách chuyên nghiệp và hiệu quả — đặc biệt là chỉ tiêu... Yêu cầu: 1. Trình độ chuyên môn - Tốt nghiệp Cao đẳng, Đại học,.... 2. Kinh nghiệm làm việc - Ít nhất 2 đến 3 năm kinh nghiệm tại vị trí Trưởng nhóm trở lên trong lĩnh vực tài chính, ngân hàng, với ít nhất 1 năm trong vai trò giám sát 3. Kiến thức - Kiến thức về lĩnh vực...",sales,VietnamWorks_Algolia,https://www.vietnamworks.com/giam-sat-kinh-doanh-khu-vuc-long-an--2054531-jv,2026-05-26T12:56:53.836974
scraped_vieclam24h_00021,Công Ty TNHH Công Nghệ Môi,,,Hồ Chí Minh,9600000,18000000,full-time,any,0,high,"Chuyên thiết kế các công trình hệ thống xử lý nước thải, nước cấp, khí thải. Khảo sát công trình/ Làm báo giá / Làm hồ sơ thầu Bóc vật tư công trình T ổ chức, quản lý và phân công công việc cho đội ngũ thiết kế Kiểm soát tiến độ, chất lượng hồ sơ thiết kế môi trường Báo cáo công việc định kỳ phụ trách công việc được giao và chịu trách nhiệm với Ban giám đốc.",other,Vieclam24h,https://vieclam24h.vn/moi-truong-xu-ly-chat-thai/truong-phong-thiet-ke-he-thong-moi-truong-thu-nhap-tren-30-trieu-c44p122id200831923.html,2026-05-25T20:07:50.149386
scraped_mywork_00553,Tài Xế Lái Xe (Đi Làm Ngay),Công Ty TNHH Vietnam Moving,Lái Xe,Hồ Chí Minh,10000000,14000000,full-time,any,3,high,Tài Xế Lái Xe (Đi Làm Ngay),phuc_vu,MyWork,https://mywork.com.vn/viec-lam-tai-xe-lai-xe-di-lam-ngay-job-200838176.html,2026-05-26T13:56:33.126527
scraped_vietnamworks_algolia_01229,Sales Account Executive,FUJIFILM Business Innovation Vietnam,English,Hà Nội,500000000,600000000,full-time,any,1,university,• Sell Fujifilm Business Innovation (FBVN) Products and solution directly to Key Account Customers in Hanoi & provinces nearby • Make phone calls to customers to find out potential customers • Visiting listed customers directly to an allocated territory and discovering the potential needs of customers • Delivering sustainable business performance and achieving sales target to contribute... Yêu cầu: 1. Qualifications: • Sales Experience DIRECT (B2B) is preferred • Graduated at University • Good at English speaking • Experience with MS Office application 2. ...,sales,VietnamWorks_Algolia,https://www.vietnamworks.com/sales-account-executive-2047558-jv,2026-05-25T23:38:03.293006
scraped_vietnamworks_algolia_02518,Fresh Australian Accountant,Odyssey Resources (Vietnam) Limited.,English,Hồ Chí Minh,9600000,18000000,full-time,any,0,university,"We are looking for young professionals with high attention to detail and a passion for delivering high-quality accounting work. In return we offer excellent remuneration and a long term career opportunity. Your job would involve preparation of financial statements, tax returns and for entities in Australia and other countries. As a Fresh Australian Accountant... Yêu cầu: Odyssey encourages and rewards independent thinkers and those who have the aptitude to achieve. We seek: - University graduate, majoring in Accounting or other related, with good grades. - Strong English skills. All our accounting work is in English and you must be confident in written English. - Being flexible and able to work independently within...",other,VietnamWorks_Algolia,https://www.vietnamworks.com/fresh-australian-accountant-1-1-1-3-1-1-2-1-1-1-1-1-1-1-1--2044825-jv,2026-05-25T23:57:17.349602
scraped_vietnamworks_algolia_03404,Tuyển Gấp_ Kế Toán Tổng Hợp Tại Hà Nội _ Upto 20Tr,Công Ty Cổ Phần Đầu Tư Và Công Nghệ Bắc Hà,Excel,Hà Nội,0,22000000,full-time,any,1,university,"Công ty Cổ phần Đầu tư và Công nghệ Bắc Hà hoạt động trong lĩnh vực kinh doanh TBYT trên 20 năm, hiện là nhà phân phối chính hãng của nhiều hãng thiết bị y tế nổi tiếng thế giới, gồm Hãng Draeger/Đức (Máy thở, Máy mê, Monitor,..); Hãng Medtronic/Mỹ (Máy thở Bennett); Hãng... Yêu cầu: Yêu cầu của công việc. - Tốt nghiệp Cao đẳng/Đại học chuyên ngành Kế toán, Tài chính hoặc liên quan. - Có kinh nghiệm kế toán nội bộ (ưu tiên trong lĩnh vực thương mại/trang thiết bị y tế). - Nắm vững nghiệp vụ kế toán cơ bản. - Thành thạo Excel và phần mềm kế toán. - Cẩn...",accounting,VietnamWorks_Algolia,https://www.vietnamworks.com/tuyen-gap-ke-toan-tong-hop-tai-ha-noi-upto-20tr-2055161-jv,2026-05-26T00:31:24.745294
scraped_vietnamworks_algolia_07062,Trưởng Phòng Nghiên Cứu và Phát Triển,CÔNG TY TNHH DƯỢC PHẨM NHẤT NHẤT,R,Tây Ninh,8000000,15000000,full-time,any,5,university,"• Quản lý và thực hiện theo chức năng và nhiệm vụ của phòng R&D • Nghiên cứu và phát triển sản phẩm đã và đang thực hiện công bố mới. • Tìm hiểu về sản phẩm mới, kiến thức về chuyên môn và đề xuất sản phẩm • Quản lý và phát triển nhân sự R&D • Xử lý khiếu... Yêu cầu: • Tốt nghiệp Đại học Dược (ưu tiên Dược sĩ Đại học hoặc Thạc sĩ chuyên ngành bào chế, công nghệ dược). • Có kinh nghiệm tối thiểu 5 năm ở vị trí tương đương hoặc kỹ năng nghiên cứu các sản phẩm hóa dược. • Có kiến thức về các hệ thống tiêu chuẩn, văn bản pháp lý...",other,VietnamWorks_Algolia,https://www.vietnamworks.com/truong-phong-nghien-cuu-va-phat-trien-2047429-jv,2026-05-26T12:56:55.939355
scraped_vietnamworks_algolia_06358,Senior Data Engineer (AI / ADAS Data Loop) (1 Year contract),Bosch Global Software Technologies Company Limited,Python|Sql|Docker|Apache|Spark|Kafka|Airflow|Pandas|Numpy|Git,Hồ Chí Minh,9600000,18000000,full-time,any,2,high,"This position will be contracted through Bosch’s external vendor under a one-year agreement. Department Information: The EDS department focuses on software tooling development to support embedded products in the Advanced Driver Assistance System (ADAS) domain. We develop tools that streamline software and system development for technologies such as radar, video, and ultrasonic sensors. Serving... Yêu cầu: Qualifications Technical Requirements - Strong proficiency in Python (mandatory) for data processing and automation. - Experience with Pandas, NumPy; knowledge of OpenCV is a plus. - Experience with data pipeline tools such as Apache Airflow, Spark, Kafka (or similar). - Solid knowledge of SQL and/or NoSQL databases. - Experience with Git, CI/CD concepts, and Docker is an advantage. - Familiarity with...",other,VietnamWorks_Algolia,https://www.vietnamworks.com/senior-data-engineer-ai-adas-data-loop-1-year-contract--2057850-jv,2026-05-26T12:56:54.191491
scraped_mywork_00588,Nhân Viên Đóng Gói Đi Làm Ngay,Công Ty TNHH Động Học Stella,Lao động phổ thông,Hồ Chí Minh,6000000,6500000,full-time,any,1,high,Nhân Viên Đóng Gói Đi Làm Ngay,bao_ve,MyWork,https://mywork.com.vn/viec-lam-nhan-vien-dong-goi-di-lam-ngay-job-200832666.html,2026-05-25T19:54:43.059259
scraped_vietnamworks_algolia_01115,"Assistant, Planning & Coordination (Proficiency English)",Công Ty Cổ Phần Đầu Tư Nam Long,Marketing,Hồ Chí Minh,9600000,18000000,full-time,any,5,university,"1. Hỗ trợ Giám đốc Phát triển Dự án trong việc lập kế hoạch, điều phối và kiểm soát tiến độ, ngân sách, nguồn lực và hồ sơ pháp lý của dự án từ giai đoạn chuẩn bị đến triển khai, bàn giao. 2. Đảm bảo các công việc của dự án được triển khai... Yêu cầu: • Tốt nghiệp Đại học trở lên các ngành Xây dựng, Quản lý Dự án, Kinh tế Xây dựng hoặc các ngành liên quan. • Tối thiểu 5 năm kinh nghiệm trong lập kế hoạch và điều phối dự án, ưu tiên lĩnh vực bất động sản / xây dựng quy mô lớn. • Có kinh...",sales,VietnamWorks_Algolia,https://www.vietnamworks.com/assistant-planning-and-coordination-proficiency-english-2056714-jv,2026-05-25T23:38:03.042049
scraped_vietnamworks_algolia_06564,HSE Staff - Nhân Viên An Toàn Vệ Sinh Môi Trường,"Bando Manufacturing (Viet Nam) Co.,Ltd",,Hưng Yên,8000000,15000000,full-time,any,0,high,"- Tuần tra nhà máy xác định mối nguy và đánh giá rủi ro từ đó đề xuất các biện pháp phòng ngừa tai nạn lao động, bệnh nghề nghiệp, sự cố môi trường. - Đào tạo cho nhân viên của toàn nhà máy về công tác môi trường và an toàn lao động. -... Yêu cầu: - Nam, dưới 35tuổi - Tốt nghiệp đại học, cao đẳng các ngành Môi trường, Hóa, An toàn vệ sinh lao động hoặc ngành nghề liên quan - Hiểu biết hệ thống quản lý ISO 14001 - Có kiến thức quản lý rủi ro và ứng phó tình huống khẩn cấp - Không yêu cầu kinh nghiệm - Giao...",other,VietnamWorks_Algolia,https://www.vietnamworks.com/hse-staff-nhan-vien-an-toan-ve-sinh-moi-truong-4-1--2053509-jv,2026-05-26T12:56:54.814511
scraped_vietnamworks_algolia_07359,Customer Service & Trucking Supervisor,CÔNG TY CỔ PHẦN ITL FREIGHT MANAGEMENT - CHI NHÁNH MIỀN BẮC,Kinh doanh|Xây dựng,Hà Nội,9200000,17250000,full-time,<40,6,university,"- Supervise truck dispatching operations, route planning, and service quality control. - Monitor and control transportation-related costs through EFMS and IFMS systems; verify trip documents and input operational data. - Coordinate with relevant stakeholders (Warehouse, Customer Service, drivers, and subcontractors) to resolve operational issues. - Handle operational exceptions including delays, damages, documentation issues, and urgent changes. - Ensure... Yêu cầu: - Bachelor’s degree in a relevant field with knowledge of Logistics and Supply Chain operations. - Minimum over 6 years of experience in logistics/transportation operations, including at least 3 year in a Team Leader or Supervisor role. - Preferably experienced in managing 3PL providers, drivers, and transportation cost control. - Strong understanding of customs regulations and procedures. -...",sales,VietnamWorks_Algolia,https://www.vietnamworks.com/customer-service-and-trucking-supervisor-2047683-jv,2026-05-26T12:56:56.789339
scraped_vietnamworks_algolia_03461,C&B Advisor (6-month Contract),Mondelēz Kinh Đô Việt Nam,C|Communication|Problem Solving|English|Excel,Hồ Chí Minh,9600000,18000000,full-time,any,2,university,"A. Main responsibilities: 1. Payroll Operations: • Do assigned tasks related to payroll process for VN market (Payroll processing, Personal Income Tax managing, Payroll cost reports...) to ensure agreed processes and services are delivered in line with agreed service levels, customer service and key performance indicators 2. Team Collaboration: • Be proactive in giving excellent support and contribution... Yêu cầu: • University degree or equivalent education • At least 1.5 years’ experience in C&B in multinational and professional companies • English communication • Problem solving, Planning, Communication skills • Good Excel skills, experience working with payroll systems • Able to maintain, analyze the database & suggest with valued initiatives",other,VietnamWorks_Algolia,https://www.vietnamworks.com/candb-advisor-6-month-contract-2054764-jv,2026-05-26T00:31:24.864922
scraped_vietnamworks_algolia_06647,[Vinphaco] Tổ Trưởng Tổ Hóa Lý,Công Ty Cổ Phần Dược Phẩm Vĩnh Phúc,,Vĩnh Phúc,8000000,15000000,full-time,any,2,university,"- Hỗ trợ Trưởng phòng trong công tác quản lý, điều hành hoạt động của tổ Hóa lý Phòng Kiểm tra chất lượng - Quản lý công tác kiểm nghiệm hóa lý các mẫu nguyên liệu, bao bì, mẫu bán thành phẩm, thành phẩm, mẫu nghiên cứu, mẫu theo dõi độ ổn định. -... Yêu cầu: - Bằng cấp, trình độ: Đại học Dược/Hóa phân tích - Kinh nghiệm: Tối thiểu 2 năm kinh nghiệm tại vị trí tương đương Kiến thức: &#43; Có kiến thức chuyên môn về Hóa phân tích/Kiểm nghiệm hóa lý &#43; Có kinh nghiệm về vận hành sử dụng các thiết bị trong phân tích...",other,VietnamWorks_Algolia,https://www.vietnamworks.com/vinphaco-to-truong-to-hoa-ly--2053441-jv,2026-05-26T12:56:55.020372
scraped_vietnamworks_algolia_00843,Purchasing & Logistics Staff,Công Ty TNHH Linh Kiện Điện Tử SEI (Việt Nam),Communication|English|Microsoft Office,Hà Nội,9200000,17250000,full-time,any,0,high,"As a member of the Sumitomo Electric Group (Japan), SEI Vietnam is not only a leading manufacturer of electronic components but also operates under the &#34;Sumitomo Spirit&#34; : Prioritizing integrity above all and continuously innovating (Kaizen) to contribute to a sustainable society. With the vision of becoming a &#34;Glorious Excellent Company&#34; , we welcome a Purchasing... Yêu cầu: Detail Requirements: Knowledge, experiences, skills (Các yêu cầu cụ thể: Học vấn/Kinh nghiệm/Kỹ năng) - Bachelor&#039;s degree in Business, Logistics, International Trade, or related field. - Fluent in English. - Strong negotiation and communication skills. - Proficient in Microsoft Office. - Ability to work under pressure and meet deadlines. The specific requirement (Các yêu cầu riêng biệt) - Good understanding of import-export regulations and documentation. BENEFIT: Salary and...",accounting,VietnamWorks_Algolia,https://www.vietnamworks.com/purchasing-logistics-staff--2050683-jv,2026-05-25T23:16:54.652942
scraped_vietnamworks_algolia_05942,Kế Toán Thuế Upto 25 Triệu ( Hà Nội ),Công Ty TNHH Khoáng Sản Vina Global,Kế toán,Hà Nội,18000000,25000000,full-time,<45,5,university,"1. Kiểm soát & phân tích rủi ro thuế • Nhận diện và phân tích rủi ro thuế dựa trên kế hoạch hoạt động kinh doanh và số liệu kế toán. • Chủ động đánh giá các khoản chi phí, doanh thu có nguy cơ rủi ro về thuế. 2. Tư... Yêu cầu: • Tuổi 30 <=45 • Tốt nghiệp Đại học chuyên ngành Kế toán, Tài chính, Kiểm toán. • Có kinh nghiệm làm Kế toán thuế (ưu tiên 5 năm trở lên). • Am hiểu luật thuế, quy định về hóa đơn, chứng từ. • Có kinh nghiệm làm việc với cơ quan thuế, thanh tra thuế. • Tư duy...",accounting,VietnamWorks_Algolia,https://www.vietnamworks.com/ke-toan-thue-upto-25-trieu-ha-noi--2058265-jv,2026-05-26T12:56:53.301348
scraped_vietnamworks_algolia_07000,Sales (B2B Food Ingredients/Horeca),Navigos Search,Communication|English|Japanese,Tây Ninh,1100,1400,full-time,<45,5,university,"• Job Responsibilities 1. New Business Development (Main Mission) • Develop new B2B customers • Expand customer base in food and supplement industries • Approach distributors, trading companies, and brand owners 2. Sales Activities • Visit customers and conduct proposal-based... Yêu cầu: Mandatory • Minimum 5 years of sales experience • Experience in B2B food ingredient sales (Chemical industry experience may also be considered) • Business-level English communication skills (meetings, communication with Japan, reading/writing/speaking) Preferred • Japanese language skills • Knowledge of food ingredients such as gelatin, collagen, stabilizers, etc.",sales,VietnamWorks_Algolia,https://www.vietnamworks.com/sales-b2b-food-ingredientshoreca-2056844-jv,2026-05-26T12:56:55.823555
scraped_vietnamworks_algolia_02484,Supplier Development Leader,Công Ty Trách Nhiệm Hữu Hạn Meggitt (Việt Nam),IT,Nghệ An,8000000,15000000,full-time,any,3,university,"Position Summary The Supplier Development Leader is accountable for driving and improving Supplier’s Performance across the Division. Position will directly report to the Division Supplier Development Manager. The Supplier Development Leader will collaborate with supply chain management, quality, and engineering teams ensuring customer requirements are met. Main Duties • Responsible for driving performance improvements in Delivery,... Yêu cầu: Minimum Qualifications Education Level: (Required): Bachelor's Degree (Preferred): MBA Degree Field of Study/Area of Experience • Engineering college degree required. Mechanical, Electronic or Manufacturing Engineering preferred. • Minimum of 3-5 years in the same role required. Previous experience in supplier development preferred. • ...",other,VietnamWorks_Algolia,https://www.vietnamworks.com/supplier-development-leader-2047080-jv,2026-05-25T23:57:17.279114
scraped_vietnamworks_algolia_02563,[Hà Nội] Chuyên Viên Cao Cấp Tự Doanh Ngoại Tệ - Khối Nguồn Vốn và Thị Trường Tài Chính,Ngân Hàng TMCP Tiên Phong (Tpbank),Kế toán|Tài chính,Hà Nội,9200000,17250000,full-time,any,1,high,"· Nghiên cứu thị trường, phân tích, tổng hợp các dữ liệu để phục vụ nhu cầu báo cáo, nhu cầu xây dựng chiến lược kinh doanh theo từng thời kỳ. · Xây dựng, thực hiện, quản lý danh... Yêu cầu: Yêu cầu · Bằng cấp và chuyên ngành: Đại học trở lên (hệ chính quy) · Chuyên ngành: Tài chính, Ngân hàng, Kinh tế hoặc tương đương tại các trường ĐH Ngoại thương/ĐH Kinh tế quốc dân/Học viện tài chính/Học...",accounting,VietnamWorks_Algolia,https://www.vietnamworks.com/ha-noi-chuyen-vien-cao-cap-tu-doanh-ngoai-te-khoi-nguon-von-va-thi-truong-tai-chinh-2033186-jv,2026-05-25T23:57:17.439528
scraped_vietnamworks_algolia_04327,Recruiter Intern (Recruitment Trainee),Navigos Group,Communication|English,Hà Nội,100000000,200000000,freelance,any,0,university,"• Determine applicant qualifications by interviewing applicants; analyzing responses; verifying references; follow up with clients. • Evaluate applicants by discussing job requirements and applicant qualifications with hiring managers; interviewing applicants on consistent set of qualifications. • Updates job knowledge. • Join team projects as a recruiter as well as a consultant recruitment. • Support internal & external events Yêu cầu: • Proficiency in communication and professional work in English. • Smart, Adaptable, Hardworking. • Great team player. • Task driven. • MS office tools • Leader/Member of Student Clubs/Associations is a plus.",other,VietnamWorks_Algolia,https://www.vietnamworks.com/recruiter-intern-recruitment-trainee-2042978-jv,2026-05-26T00:31:27.028937
scraped_vietnamworks_algolia_02493,Air Freight Forwarding Executive,"Logisteed Vietnam Co., Ltd.",Communication|English|Microsoft Office,Hồ Chí Minh,9600000,18000000,full-time,<45,2,high,"Job Summary We are looking for an experienced Air Freight Forwarding Executive to manage daily air import/export operations and ensure smooth coordination with airlines, agents, customers, and internal teams. The role is suitable for candidates with strong operational knowledge in freight forwarding and customer service mindset. Key Responsibilities • Handle daily air import/export shipments and operational activities. • Receive... Yêu cầu: Must-have Requirements • College/University degree in Business Administration, International Economics, Commerce, Logistics or related fields. • Minimum 2–3 years of experience in freight forwarding operations. • Good knowledge of air import/export procedures. • Experience working with airlines, co-loaders, overseas agents, and customers. • Good command of English communication. • Proficient in Microsoft Office. • Strong communication and problem-solving skills. • Customer-oriented mindset with high responsibility. Nice-to-have Requirements • Experience using CargoWise system. • CCO certificate...",other,VietnamWorks_Algolia,https://www.vietnamworks.com/air-freight-forwarding-executive-2053178-jv,2026-05-25T23:57:17.299341
scraped_vieclam24h_00054,Đội,,,Hồ Chí Minh,9600000,18000000,full-time,any,0,high,"1. Kiểm tra các hoạt động liên quan đến công tác đảm bảo an toàn PCCC: ˗ Thường xuyên cập nhật các văn bản, quy định của pháp luật liên quan PCCC và xây dựng, rà soát, cập nhật các quy trình, quy định liên quan đến công tác an toàn PCCC, cứu nạn cứu hộ; ˗ Lập phương án Phòng cháy và cứu nạn, cứu hộ theo quy định pháp luật. ˗ Kiểm tra định kỳ/đột xuất việc tuân thủ các quy định về an toàn PCCC: thời hạn sử dụng, bảo trì bảo dưỡng của các trang thiết bị PCCC,… và kiến nghị khắc phục; ˗ Theo dõi việc khắc phục các kiến nghị phát sinh; ˗ Quản lý, kiểm soát chứng chỉ huấn luyện nghiệp vụ PCCC - CNCH; ˗ Tư vấn, đề xuất mua/trang bị các thiết bị mới, hiện đại phục vụ công tác PCCC; ˗ Theo dõi, đôn đốc việc thực hiện diễn tập PCCC theo đúng thời gian đăng ký; ˗ Hỗ trợ, tư vấn giải quyết các vấn đề phát sinh liên quan đến công tác PCCC; ˗ Phối hợp tham gia hỗ trợ các hoạt động liên quan đến công tác PCCC khi có yêu cầu; ˗ Phối hợp xử lý các vụ việc liên quan PCCC; ˗ Báo cáo định kỳ/đột xuất tình hình thực hiện công tác PCCC; ˗ Báo cáo, đề xuất khen thưởng các nhân viên có thành tích trong công tác PCCC, đề xuất xử lý nhân viên không chấp hành; ˗ Xây dựng, duy trì mối quan hệ liên kết mật thiết với Công an PCCC để phối hợp/hỗ trợ xử lý khi phát sinh các sự cố liên quan. 2. Đào tạo, tuyên truyền và hướng dẫn nghiệp vụ PCCC cho nhân viên tại khu vực được phân công: ˗ Đào tạo, hướng dẫn về công tác PCCC cho nhân viên bảo vệ tân tuyển và đào tạo nâng cao về nghiệp vụ PCCC cho các cấp nhân viên Công ty. ˗ Soạn thảo, ban hành văn bản cảnh báo, nhắc nhở Đội/Tổ bảo vệ các vấn đề liên quan an toàn PCCC để nâng cao mức độ cảnh giác, phòng ngừa đối với các nguy cơ cháy nổ tiềm ẩn. - Các công việc khác theo yêu cầu của Ban Giám đốc và cấp quản lý.",other,Vieclam24h,https://vieclam24h.vn/an-ninh-bao-ve/doi-truong-phong-chay-chua-chay-c2p122id200836831.html,2026-05-25T19:51:43.626583
scraped_mywork_00533,Nhân Viên Tư Vấn Bảo Hiểm Khách Hàng Ưu Tiên (Is / Eis Priority) - Hồ Chí Minh,Công Ty TNHH Bảo Hiểm Nhân Thọ Sun Life Việt Nam,Kinh doanh|Cơ khí|IT|Tài chính|Marketing,Hồ Chí Minh,20000000,30000000,full-time,any,3,high,Nhân Viên Tư Vấn Bảo Hiểm Khách Hàng Ưu Tiên (Is / Eis Priority) - Hồ Chí Minh,bao_ve,MyWork,https://mywork.com.vn/viec-lam-nhan-vien-tu-van-bao-hiem-khach-hang-uu-tien-is-eis-priority-ho-chi-minh-job-200829602.html,2026-05-25T19:54:43.047536
scraped_vietnamworks_algolia_06054,Kỹ Sư Giám Sát Mạng Lưới Trạm Đổi Pin,Công Ty Cổ Phần Phương Tiện Điện Thông Minh Selex,Lao động phổ thông|IT,Hà Nội,700000000,900000000,full-time,any,1,university,"1. Mô tả công việc - Theo dõi và giám sát hoạt động của hệ thống trạm đổi pin trên nền tảng quản trị tập trung, đảm bảo mạng lưới vận hành ổn định, liên tục và an toàn. - Giám sát các chỉ số vận hành như: trạng thái hoạt động, uptime, cảnh báo lỗi,... Yêu cầu: - Tốt nghiệp Cao đẳng/Đại học các chuyên ngành: Điện, Điện tử, Cơ điện tử, Tự động hóa, Cơ khí, Kỹ thuật hệ thống hoặc các ngành kỹ thuật liên quan. - Ưu tiên ứng viên có 01 năm kinh nghiệm trong các lĩnh vực: vận hành kỹ thuật, hạ tầng, năng lượng, trạm sạc/đổi...",production,VietnamWorks_Algolia,https://www.vietnamworks.com/ky-su-giam-sat-mang-luoi-tram-doi-pin-2054710-jv,2026-05-26T12:56:53.538312
scraped_vietnamworks_algolia_04512,Nhân Viên Khai Thác Dự Án Thu Nhập Hấp Dẫn,Công ty Cổ phần HOBI Việt Nam,Excel|Word|Powerpoint,Hà Nội,10000000,50000000,full-time,any,2,college,"- Tìm kiếm khách hàng là các dự án thi công, dự án bán vật tư về sàn gỗ, sàn nhựa. - Lập hồ sơ chào giá, báo giá cho khách hàng. - Soạn thảo hợp đồng, đàm phán và ký kết hợp đồng. - Bám sát tiến độ, là đầu mối giải quyết và hỗ trợ... Yêu cầu: - Tốt nghiệp Cao đẳng trở lên, ưu tiên các ngành: Kinh tế, Thương mại, Xây dựng, Kỹ thuật hoặc liên quan - Am hiểu thị trường vật liệu xây dựng, nội thất (sàn gỗ, sàn nhựa…) và hoạt động kinh doanh dự án. - Thành thạo tin học văn phòng (Word, Excel, PowerPoint) - Tối thiểu...",other,VietnamWorks_Algolia,https://www.vietnamworks.com/nhan-vien-khai-thac-du-an-thu-nhap-hap-dan-2042236-jv,2026-05-26T00:31:27.480355
scraped_vietnamworks_algolia_04979,Business Analyst,Công Ty Cổ Phần Bán Lẻ Kỹ Thuật Số FPT,C|Excel,Hồ Chí Minh,9600000,18000000,full-time,any,1,college,"• Tổng hợp yêu cầu liên quan giữa người dùng và hệ thống • Phân tích, tư vấn, tối ưu hóa giải pháp liên quan đến hệ thống • Xây dựng quy trình, kiểm tra chức năng theo yêu cầu • Phân tích dữ liệu từ các nguồn trên hệ thống xem tính chính xác, hiệu quả... Yêu cầu: • Tốt nghiệp Đại học trở lên chuyên ngành công nghệ thông tin, kinh tế, quản trị kinh doanh.. hoặc có liên quan • Thành thạo vi tính văn phòng, đặc biệt Excel • Có khả năng thu thập, tổng hợp, phân tích thông tin • Biết sử dụng và có kiến thức về cơ sở dữ...",sales,VietnamWorks_Algolia,https://www.vietnamworks.com/business-analyst-2042287-jv,2026-05-26T00:31:28.610883
scraped_mywork_00353,"Nhân Viên Kinh Doanh Internet - Fpt Telecom Khu Vực Gò Vấp, Quận 12 - Thu Nhập Đến 20 Triệu",Công Ty Cổ Phần Viễn Thông Fpt,Internet|Kinh Doanh,Hồ Chí Minh,8000000,25000000,full-time,any,2,high,"Nhân Viên Kinh Doanh Internet - Fpt Telecom Khu Vực Gò Vấp, Quận 12 - Thu Nhập Đến 20 Triệu",bao_ve,MyWork,https://mywork.com.vn/viec-lam-nhan-vien-kinh-doanh-internet-fpt-telecom-khu-vuc-go-vap-quan-12-thu-nhap-den-20-trieu-job-200827504.html,2026-05-25T19:54:42.993214
scraped_vietnamworks_algolia_05149,Giáo Viên Toán cấp THPT (Mathematics Teacher),Trường Trung học phổ thông Lương Văn Can,Giáo dục,Hà Nội,9200000,17250000,full-time,<35,2,university,"• Giảng dạy các môn Toán cho học sinh theo chương trình học của trường. • Phát triển và cập nhật tài liệu giảng dạy phù hợp với nhu cầu học sinh. • Tham gia vào các hoạt động giáo dục và ngoại khóa của trường. • Đánh giá và theo dõi sự tiến bộ của học... Yêu cầu: • Tốt nghiệp hệ chính quy bậc đại học tại các trường: Đại học Sư phạm Hà Nội I, Đại học Sư phạm Hà Nội II, hoặc các cơ sở đào tạo sư phạm được Bộ GD&ĐT công nhận. • Tốt nghiệp ĐH chuyên ngành Sư phạm Toán; nắm vững chương trình SGK 2018; ưu...",other,VietnamWorks_Algolia,https://www.vietnamworks.com/giao-vien-toan-cap-thpt-mathematics-teacher-2048503-jv,2026-05-26T12:56:51.623485
scraped_vietnamworks_algolia_07992,Backend Developer,Công ty TNHH Thương mại và Giao nhận vận tải quốc tế Trang Huy,Python|Php,Hà Nội,17000000,25000000,full-time,any,2,university,"2.1 - PHẠM VI/ SCOPE - Thực hiện các hoạt động hàng ngày liên quan đến công việc được giao tại Công ty. 2.2 - MỤC TIÊU/ TARGET - Đảm bảo các hoạt động và công việc được giao hàng ngày diễn ra ổn định, hiệu quả và tạo dựng được hình ảnh tích cực của... Yêu cầu: 1. Education: Bachelor’s Degree in following (as preferable) Or Bachelor’s Degree in related fields • Software Development • Computer Engineering • Computer Science • Information System 2. Professional major: Back-end developer 3. Related experiences: 2 years of Odoo experience, 2 years of experience in logistics 4. Essential Capabilities: • Fluency or understanding of specific languages, such as PHP/Golang/ Python • Experience in building...",other,VietnamWorks_Algolia,https://www.vietnamworks.com/backend-developer-2052311-jv,2026-05-26T12:56:58.577079
scraped_vietnamworks_algolia_03735,"[HCM] Associate/Coordinator, Warehouse Operations",APL Logistics Vietnam Company Limited,Leadership|Communication|English,Hồ Chí Minh,9600000,18000000,full-time,any,3,high,• Monitor service providers to ensure compliance with customer and vendor requirements. • Oversee processes and audits to meet customer standards. • Problem Resolution – ensure issues are tackled immediately and escalate to warehouse supervisor when there are potential costs impact and service issues. • Maintain operational reports and inventory records; ensure timely and accurate reporting. • Review and propose processes which... Yêu cầu: • Experience: o Associate: 1-2 years of relevant work experience o Coordinator: 2-4 years of relevant work experience • Leadership: Previous team leadership experience is preferred. • Technical Skills: Experience with Warehouse Management Systems (WMS) and strong data analytical skills. • Communication: Excellent communication and problem-solving abilities • Language Proficiency: Basic proficiency in English. • Work Under Pressure: Ability to meet tight deadlines and work effectively under pressure. • Technology...,warehouse,VietnamWorks_Algolia,https://www.vietnamworks.com/hcm-associatecoordinator-warehouse-operations-2045734-jv,2026-05-26T00:31:25.430236
scraped_vietnamworks_algolia_03771,Lab Colorist (Kỹ Thuật Viên Phòng Thí Nghiệm),Hanesbrands Inc. (HY Plant),Cơ khí,Hưng Yên,8000000,15000000,full-time,<35,0,university,"- Đánh giá và phê duyệt màu sắc của mẫu, mẫu sản xuất bằng trực quan và/hoặc thiết bị đo màu. - Đưa ra nhận xét và hướng dẫn nhà máy/nhà cung cấp điều chỉnh các mẫu chưa đạt yêu cầu màu sắc. - Kiểm tra và đánh giá sự thay đổi màu sắc sau các... Yêu cầu: Yêu cầu kinh nghiệm làm việc/ Kỹ năng / Trình độ - Tốt nghiệp đại học ngành Dệt may hoặc các ngành kỹ thuật có liên quan trở lên - Ngôn ngữ Viết, Nói tiếng Anh cơ bản - Không yêu cầu kinh nghiệm - Ưu tiên kinh nghiệm làm việc trong các phòng thí nghiệm",skilled,VietnamWorks_Algolia,https://www.vietnamworks.com/lab-colorist-ky-thuat-vien-phong-thi-nghiem-2044930-jv,2026-05-26T00:31:25.509873
scraped_mywork_00049,Nhân Viên Hỗ Trợ Phát Triển Nhà Bán Hàng Tiktok - Làm Hành Chính,Công Ty TNHH MTV Sunshine Care,Hành Chính|Bán Hàng,Hồ Chí Minh,6000000,8000000,full-time,any,2,high,Nhân Viên Hỗ Trợ Phát Triển Nhà Bán Hàng Tiktok - Làm Hành Chính,bao_ve,MyWork,https://mywork.com.vn/viec-lam-nhan-vien-ho-tro-phat-trien-nha-ban-hang-tiktok-lam-hanh-chinh-job-200836265.html,2026-05-25T19:54:42.799958
scraped_vietnamworks_algolia_02643,Trưởng Bộ Phận Bán Hàng Tại Điểm Giới Thiệu Dịch Vụ/ Unit Head of POS Sales,FE CREDIT,Kinh doanh|Cơ khí|IT,Nghệ An,8000000,15000000,full-time,any,5,high,"MỤC TIÊU/ OBJECTIVES Trực tiếp chịu trách nhiệm trên doanh số được giao, phát triển mạng lưới, điểm bán mới. Hỗ trợ Giám Đốc Trung Tâm Bán Hàng Bán Hàng Tại Điểm Giới Thiệu Dịch Vụ giám sát hoạt động hằng ngày của nhóm CCE/CC và các shop TW, CDL thuộc liên kết của Vùng... Yêu cầu: • Cử nhân tốt nghiệp, chuyên ngành: Quản trị kinh doanh, Kinh tế hoặc lĩnh vực liên quan Bachelor’s degree in business administration, Economics major or relevant major • 05-06 năm kinh nghiệm làm việc trong lĩnh vực bán hàng qua điện thoại sản có liên quan đến các sản phẩm tài chính 05-06 years...",skilled,VietnamWorks_Algolia,https://www.vietnamworks.com/truong-bo-phan-ban-hang-tai-diem-gioi-thieu-dich-vu-unit-head-of-pos-sales-2034238-jv,2026-05-25T23:57:17.597281
scraped_vietnamworks_algolia_06764,E-Commerce Growth & Content Lead,Công Ty TNHH Công Nghệ Huawei Việt Nam,Communication|English|Chinese,Hồ Chí Minh,9600000,18000000,full-time,any,3,university,"KEY RESPONSIBILITIES OF THIS ROLE 1. New Product Launch Strategy & Execution • Strategic Planning: Formulate and execute the e-commerce marketing and content strategy for new product launches based on product positioning, target audience personas, and specific channel characteristics, ensuring alignment with the master marketing (Big MKT) plan. • End-to-End Content Creation: Oversee the end-to-end production of... Yêu cầu: Job Requirements: • At least 3 years of experience in E-commerce Marketing/ Social Commerce or Digital Commerce. • Proficiency in English or Chinese for business communication; Chinese is an advantage. • Strong understanding of TikTok commerce ecosystem and influencer marketing Skill Requirement: 1. Ability to adapt quickly and work under a fast-paced environment. 2. Highly focused on finding solutions, getting...",sales,VietnamWorks_Algolia,https://www.vietnamworks.com/e-commerce-growth-and-content-lead-2057266-jv,2026-05-26T12:56:55.334647
scraped_vietnamworks_algolia_05269,Transportation Pricing Specialist,CÔNG TY CỔ PHẦN ITL FREIGHT MANAGEMENT - CHI NHÁNH MIỀN BẮC,Communication|English,Hà Nội,9200000,17250000,full-time,<40,3,university,"1. Transportation Solutions & Pricing Analyze customer transportation requirements and propose suitable logistics solutions Support RFQ/tender projects including costing, pricing analysis, and solution preparation Support transportation cost optimization initiatives 2. Vendor Management Develop and manage transportation vendors/subcontractors Monitor vendor performance, pricing competitiveness, service quality, and capacity Support sourcing and rate negotiations 3. Project Implementation & Operations Support Coordinate with Operations and Customer Service... Yêu cầu: • Bachelor’s degree in Logistics, Supply Chain, Transportation, Business, or related fields • Good working knowledge of English communication • Minimum 3–5 years of experience in logistics, transportation, supply chain, or business solution roles • Good understanding of trucking/transportation operations and vendor management • Strong analytical, problem-solving, negotiation, and coordination skills • Good communication and stakeholder management capability • Proficient...",sales,VietnamWorks_Algolia,https://www.vietnamworks.com/transportation-pricing-specialist-2055069-jv,2026-05-26T12:56:51.872437
scraped_vietnamworks_algolia_05116,Chuyên Viên Tuyển Dụng/ Recruitment Specialist,CÔNG TY CỔ PHẦN NĂNG LƯỢNG VINENERGO,Hành chính|IT,Hà Nội,9200000,17250000,full-time,<40,4,university,"Tổng quan về vị trí VinEnergo là thành viên của Vingroup. Với sứ mệnh trở thành nhà đầu tư và phát triển năng lượng xanh toàn diện, đóng góp cho mục tiêu Net Zero của Việt Nam và khẳng định vị thế quốc gia trên bản đồ năng lượng toàn cầu, VinEnergo phát triển đa... Yêu cầu: 1. Trình độ học vấn: Tốt nghiệp Đại học trở lên chuyên ngành Quản trị Nhân sự, Quản trị Kinh doanh, Kinh tế, Luật hoặc các ngành liên quan. 2. Kinh nghiệm: • Tối thiểu 4–5 năm kinh nghiệm tuyển dụng chuyên sâu, ưu tiên trong lĩnh vực Năng lượng tái tạo, Điện,...",other,VietnamWorks_Algolia,https://www.vietnamworks.com/chuyen-vien-tuyen-dung-recruitment-specialist-2026633-jv,2026-05-26T12:56:51.556376
scraped_vietnamworks_algolia_03973,Parttime Sinh Viên Kiến Trúc - Triển Khai Bản Vẽ,Công Ty Phát Triển Phần Mềm Xây Dựng Aureole (Aureole CSD),Xây dựng,Hồ Chí Minh,9600000,18000000,part-time,<35,0,high,"- Tiếp nhận thông tin, yêu cầu và bóc tách các hạng mục công việc từ cấp trên. - Thiết kế, triển khai các công trình kiến trúc-xây dựng bằng Revit, AutoCAD, bao gồm việc chuẩn bị bản vẽ, chi tiết kỹ thuật và tài liệu. - Báo cáo tiến độ công việc và các vấn... Yêu cầu: - Sinh viên CĐ/ĐH năm 3-4 ngành Kiến trúc hoặc các chuyên ngành liên quan (ĐH Văn Lang, CĐ Kiến trúc Xây dựng,...) - Kinh nghiệm: Không yêu cầu - Kỹ năng: Có kiến thức chuyên môn, đọc hiểu bản vẽ thiết kế kiến trúc, kết cấu. Sử dụng thành thạo các phần mềm thiết kế...",construction,VietnamWorks_Algolia,https://www.vietnamworks.com/parttime-sinh-vien-kien-truc-trien-khai-ban-ve-2043964-jv,2026-05-26T00:31:25.999187
scraped_vietnamworks_algolia_05397,Dự Án K1_Tuyển Tư Vấn Thực Hiện Hoạt Động Đánh Giá Cuối Kỳ,ActionAid Vietnam,Kinh doanh,Cà Mau,8000000,15000000,full-time,any,1,high,"Mục tiêu hoạt động Hoạt động nhằm thu thập bằng chứng (dưới dạng dữ liệu cuối kỳ tại các xã/phường dự án) để phục vụ (i) việc phân tích và đánh giá kết quả dự án và (ii) các đối thoại và kiến nghị chính sách, đặc biệt liên quan đến việc giảm khí... Yêu cầu: Kết quả đầu ra Kết quả đầu ra của hoạt động sẽ là báo cáo đánh giá cuối kỳ (tiếng Việt và tiếng Anh) bao gồm các nội dung sau: • Bảng chú giải thuật ngữ và từ viết tắt • Bối cảnh dự án • Mục tiêu dự án • Các kết quả đạt được của dự án...",sales,VietnamWorks_Algolia,https://www.vietnamworks.com/du-an-k1_tuyen-tu-van-thuc-hien-hoat-djong-djanh-gia-cuoi-ky-2055171-jv,2026-05-26T12:56:52.119961
scraped_mywork_00398,Nhân Viên Telesales Tư Vấn Cho Vay Tiền Mặt (Hà Nội / Tp.HCM),Công Ty Tài Chính TNHH Hd Saison,Kinh doanh,Hồ Chí Minh,12000000,25000000,full-time,any,1,high,Nhân Viên Telesales Tư Vấn Cho Vay Tiền Mặt (Hà Nội / Tp.HCM),bao_ve,MyWork,https://mywork.com.vn/viec-lam-nhan-vien-telesales-tu-van-cho-vay-tien-mat-ha-noi-tp-hcm-job-200818190.html,2026-05-25T19:54:43.020545
scraped_vietnamworks_algolia_00401,Trưởng Phòng Thủ Tục Tài Xế - Bike,GSM,Lái xe,Hà Nội,1800,3000,full-time,any,7,high,"Chịu trách nhiệm quản trị toàn bộ hoạt động Phòng Thủ tục Tài xế, đảm bảo vận hành đúng quy trình, tuân thủ, dữ liệu chính xác và kiểm soát rủi ro. Quản lý & vận hành đội ngũ - Quản lý đội ngũ ~30&#43; nhân sự, phân bổ và bố trí nguồn lực hợp... Yêu cầu: - Tốt nghiệp Trung cấp/Đại học trở lên - Tối thiểu 5 năm kinh nghiệm trong vận hành/nhân sự; có kinh nghiệm quản lý đội nhóm lớn - Có kỹ năng quản lý tài chính , đặc biệt trong kiểm soát công nợ, số liệu - Tổ chức công việc tốt, tư duy hệ thống, làm việc chi...",driver,VietnamWorks_Algolia,https://www.vietnamworks.com/truong-phong-thu-tuc-tai-xe-bike-2057371-jv,2026-05-25T19:46:13.627002
scraped_vietnamworks_algolia_05380,Kế Toán Bán Hàng (Sales Accountant),CÔNG TY CỔ PHẦN DƯỢC PHẨM IP,Kế toán|Kinh doanh|Cơ khí,Hồ Chí Minh,8000000,10000000,full-time,any,1,university,"Kế toán bán hàng (Sales Accountant) là vị trí chịu trách nhiệm quản lý hóa đơn, chứng từ, ghi nhận doanh thu, kiểm soát công nợ và lập báo cáo bán hàng. Công việc chính bao gồm: lập hóa đơn, đối chiếu hàng hóa tồn kho, theo dõi công nợ khách hàng, nhập liệu... Yêu cầu: • Tốt nghiệp Đại học, Cao đẳng chuyên ngành Kế toán, Tài chính hoặc các chuyên ngành liên quan. • Có ít nhất 1 năm kinh nghiệm làm kế toán bán hàng hoặc các vị trí tương đương. • Nắm vững các nghiệp vụ kế toán, luật thuế hiện hành, đặc biệt là các quy định liên quan đến...",accounting,VietnamWorks_Algolia,https://www.vietnamworks.com/ke-toan-ban-hang-sales-accountant-2054959-jv,2026-05-26T12:56:52.087904
scraped_vietnamworks_algolia_03484,General Accountant (Kế Toán Tổng Hợp) - Retail Industry (Hai Ba Trung Ward - Hanoi),Công Ty TNHH Bán Lẻ Fujimart Việt Nam,Excel|Sap,Hà Nội,0,1000,full-time,any,3,university,"1. Quản lý hạch toán & báo cáo tài chính - Tiếp nhận, kiểm tra và đối chiếu số liệu kế toán, đảm bảo tính chính xác và nhất quán giữa các phòng ban. - Thực hiện hạch toán đầy đủ các bút toán tổng hợp theo tháng/năm, đảm bảo tuân thủ chuẩn mực kế toán. -... Yêu cầu: Yêu cầu ứng viên - Tốt nghiệp Đại học chuyên ngành Kế toán/Tài chính. - Tối thiểu 3–5 năm kinh nghiệm kế toán tổng hợp , ưu tiên ngành Retail, FMCG, F&B, chuỗi cửa hàng . - Có kinh nghiệm làm việc với hệ thống nhiều cửa hàng/kho . - Thành thạo phần mềm kế toán (BRAVO,MISA, FAST, SAP…) và Excel. -...",accounting,VietnamWorks_Algolia,https://www.vietnamworks.com/general-accountant-ke-toan-tong-hop-retail-industry-hai-ba-trung-ward-hanoi-2025442-jv,2026-05-26T00:31:24.913436
scraped_vietnamworks_algolia_06251,Inventory Leader,Công Ty TNHH Bi Chain Việt Nam,Kho vận,Long An,0,600000000,full-time,any,1,high,"1. Quản lý và kiểm soát tồn kho - Theo dõi số liệu tồn kho hàng ngày trên hệ thống WMS. Kiểm tra, làm rõ, điều chỉnh các luân chuyển tồn kho thiếu chưa chính xác. - Đảm bảo độ chính xác giữa số liệu hệ thống và thực tế kho. ... Yêu cầu: - Tốt nghiệp Cao đẳng trở lên, ưu tiên các chuyên ngành: Logistics, Quản lý chuỗi cung ứng, hoặc các ngành liên quan. - Tối thiểu 3 năm kinh nghiệm trong lĩnh vực kho vận hoặc logistics, ít nhất 1 năm kinh nghiệm ở vị trí quản lý hoặc trưởng nhóm...",warehouse,VietnamWorks_Algolia,https://www.vietnamworks.com/inventory-leader--2054438-jv,2026-05-26T12:56:53.951033
scraped_vietnamworks_algolia_03472,Nhân Viên Kinh Doanh Thiết Bị Y Tế,"Công Ty TNHH Thiết Bị Minh Tâm (Mitalab Co., Ltd)",Kinh doanh|Y tế,Hồ Chí Minh,9600000,18000000,full-time,any,1,high,"Ngành hàng: - Huyết học-Đông máu - Sinh học phân tử & Giải phẫu bệnh MÔ TẢ CÔNG VIỆC - Tìm hiểu các thông tin về thị trường, đối thủ, sản phẩm và khách hàng - Tìm kiếm khách hàng mới, duy trì và phát triển quan hệ kinh doanh với các khách hàng hiện có - Tư vấn... Yêu cầu: - Trình độ từ Đại học trở lên khối xét nghiệm, y dược, điện tử y sinh, công nghệ sinh học, kinh tế ... - Tối thiểu 01 năm kinh nghiệm ở vị trí tương đương tại các Công ty kinh doanh trong lĩnh vực công nghệ y tế, dược phẩm bán hàng qua kênh...",sales,VietnamWorks_Algolia,https://www.vietnamworks.com/nhan-vien-kinh-doanh-thiet-bi-y-te--2025076-jv,2026-05-26T00:31:24.886574
scraped_vietnamworks_algolia_05692,Nhân Viên Chăm Sóc Khách Hàng,Interlink JSC - North Branch,Kinh doanh|Cơ khí|Giúp việc,Hải Phòng,9000000,12000000,full-time,any,1,high,"• Phụ trách các vấn đề liên quan hàng Xuất – Nhập, cập thật thông tin cho khách hàng. Liên hệ hãng tàu để release booking, Submit VGM, SI cho hãng tàu, làm Bill of Lading • Gửi Debit Note cho Khách hàng, Pre-alert cho các đại lý nước ngoài. • Nhận loading confirm từ hãng... Yêu cầu: • Tốt nghiệp Cao đẳng trở lên, được đào tạo về nghiệp vụ xuất khẩu, ngoại thương... • Sử dụng thành thạo máy tính và các phần mềm tin học cơ bản • Có kinh nghiệm làm việc tối thiểu 01 năm tại vị trí tương đương/liên quan trực tiếp đến yêu cầu công việc tại...",skilled,VietnamWorks_Algolia,https://www.vietnamworks.com/nhan-vien-cham-soc-khach-hang-2051897-jv,2026-05-26T12:56:52.714487
scraped_vietnamworks_algolia_01793,Chuyên Viên Content Marketing Executive,Công ty TNHH SMB Viêt Nam,Kinh doanh|Marketing,Hồ Chí Minh,13000000,18000000,full-time,any,1,high,"Chúng tôi đang tìm kiếm một Content Marketing Executive có khả năng viết nội dung chiều sâu, tư duy chủ động, làm chủ công nghệ (AI, Canva, Adobe, Google Office) và sẵn sàng học ngành tài chính. Bạn sẽ chịu trách nhiệm sản xuất nội dung hướng đến cộng đồng người Việt – đặc... Yêu cầu: • 1-2 năm kinh nghiệm ở vị trí content marketing hoặc tương đương. • Thành thạo AI (ChatGPT, Gemini hoặc tương tự) và có thể minh chứng qua bài test hoặc portfolio. • Sử dụng tốt Canva (thiết kế cơ bản đến trung cấp: bài post, infographic, slide). • Thành thạo Google Office (Docs, Sheets, Slides) phục...",sales,VietnamWorks_Algolia,https://www.vietnamworks.com/chuyen-vien-content-marketing-executive-2053940-jv,2026-05-25T23:38:04.475733
scraped_vietnamworks_algolia_03658,Trưởng Nhóm Pháp Chế,Công Ty Cổ Phần Đầu Tư Y Tế - Dược Phẩm Việt Nam,,Hà Nội,18000000,22000000,full-time,any,5,high,"- Hỗ trợ soạn thảo, kiểm tra tính pháp lý của toàn bộ Hợp đồng phát sinh của Công ty - Tư vấn các vấn đề về quản trị công ty đại chúng, vấn đề pháp lý cho HĐQT, thực hiện soạn thảo Biên bản và Nghị quyết HĐQT, trình ký và lưu hồ sơ Biên bản,... Yêu cầu: Trình độ học vấn: Tốt nghiệp đại học trở lên các chuyên ngành Luật Kinh nghiệm - Có ít nhất 05 năm kinh nghiệm tại vị trí Chuyên viên pháp chế trong doanh nghiệp - Có kinh nghiệm làm công ty niêm yết - Có ngoại ngữ để review Hợp đồng tiếng anh Kiến thức: Có kiến thức về pháp luật...",other,VietnamWorks_Algolia,https://www.vietnamworks.com/truong-nhom-phap-che-2045599-jv,2026-05-26T00:31:25.268411
scraped_vietnamworks_algolia_02475,Kế Toán Tổng Hợp,Công Ty Cổ Phần Dịch Vụ Sài Gòn Ô Tô,Kế toán,Hồ Chí Minh,8000000,14000000,full-time,any,2,university,"I. MỤC TIÊU CÔNG VIỆC: - Đảm bảo cung cấp cho Trưởng phòng kế toán, Ban tổng Giám đốc & các cơ quan hữu quan theo quyết định của Trưởng phòng kế toán hoặc Ban tổng Giám đốc các báo cáo tài chính của toàn công ty kịp thời và chính xác - Kiểm tra giám sát... Yêu cầu: IV. MỐI QUAN HỆ 1.Bên trong: Các phòng ban 2.Bên ngoài: Ngân hàng, Ford VN, Các đơn vị góp vốn V. CHỈ TIÊU ĐÁNH GIÁ CÔNG VIỆC: - Kiểm tra, giám sát, phát hiện, điều chỉnh, ngăn ngừa các sai sót trong việc thực hiện các phần hành kế toán - Lập và gởi báo cáo theo yêu cầu chính...",accounting,VietnamWorks_Algolia,https://www.vietnamworks.com/ke-toan-tong-hop--2049785-jv,2026-05-25T23:57:17.261177
scraped_vietnamworks_algolia_00734,Kỹ Sư Giám Sát Thi Công (Điện & Chiếu Sáng),Saigoncomm,Excel|Word,Hà Nội,0,25000000,full-time,any,2,university,"• Lập kế hoạch và giám sát tiến độ: Xây dựng kế hoạch thực hiện các hạng mục dự án dựa trên tiến độ chung. Phối hợp làm việc với giám sát Chủ đầu tư để giải quyết vướng mắc tại công trường và bàn giao mặt bằng thi công. • Giám sát thi công:... Yêu cầu: • Trình độ học vấn: Tốt nghiệp chuyên ngành kỹ thuật điện, điện tử viễn thông, công nghệ thông tin. • Kinh nghiệm: Ít nhất 2 năm kinh nghiệm trong công tác thi công, giám sát hiện trường, và quản lý dự án. • Kỹ năng: Thành thạo AutoCAD, Excel, Word và đọc hiểu tài liệu...",skilled,VietnamWorks_Algolia,https://www.vietnamworks.com/ky-su-giam-sat-thi-cong-djien-and-chieu-sang-2037524-jv,2026-05-25T23:16:54.345307
scraped_vietnamworks_algolia_01727,Thợ Tiện - Cơ Khí Chế Tạo,Chi Nhánh Tổng Công Ty Đường Sắt Việt Nam - Xí Nghiệp Đầu Máy Sài Gòn,Cơ khí,Hồ Chí Minh,9600000,18000000,full-time,any,0,high,"Mô tả công việc • Vận hành máy tiện, phay, bào • Gia công chi tiết cơ khí theo bản vẽ • Kiểm tra độ chính xác sản phẩm • Đảm bảo tiêu chuẩn kỹ thuật trong gia công Yêu cầu: Yêu cầu ứng viên • Chứng chỉ sơ cấp trở lên ngành: Cơ khí chế tạo / Tiện – phay – bào / Cơ khí chuyên dùng • Có kiến thức vận hành máy cơ khí • Sức khỏe tốt, chịu được môi trường xưởng • Kinh nghiệm làm việc tại xưởng cơ khí, nhà máy sản xuất • Thu...",skilled,VietnamWorks_Algolia,https://www.vietnamworks.com/tho-tien-co-khi-che-tao-2053937-jv,2026-05-26T00:31:21.173749
scraped_vietnamworks_algolia_05415,Sales Engineer - Lương Cứng Từ 15 Triệu Đến 30 Triệu,Công Ty Cổ Phần Unico VINA,Kinh doanh,Hồ Chí Minh,1500,700000000,full-time,any,3,high,"• Chủ động tìm kiếm, nghiên cứu và khai thác thông tin cũng như nhu cầu của khách hàng, đối tác tiềm năng • Giới thiệu và tư vấn sản phẩm cho khách hàng/đối tác • Làm việc với đội ngũ sales và kỹ thuật để khảo sát, lên phương án và báo cáo giải pháp... Yêu cầu: I. Yêu cầu công việc: • Tốt nghiệp Đại học các chuyên ngành như Cơ khí/Cơ điện/Tự động hoá hoặc các ngành kỹ thuật có liên quan. • Độ tuổi: từ 25 đến dưới 35 tuổi. • Có kinh nghiệm hoặc giữ vị trí tương đương từ 2-3 năm trong lĩnh vực kinh doanh thiết bị công...",sales,VietnamWorks_Algolia,https://www.vietnamworks.com/sales-engineer-luong-cung-tu-15-trieu-den-30-trieu--2054860-jv,2026-05-26T12:56:52.155293
scraped_vietnamworks_algolia_03392,Kỹ Sư PCCC (Vận Hành Khu Công Nghiệp),Kizuna JV Corporation,Cơ khí|Kho vận,Hồ Chí Minh,9600000,18000000,full-time,any,0,high,"- Phụ trách thiết kế, triển khai và giám sát hệ thống PCCC (báo cháy, chữa cháy, sprinkler, cấp nước, thoát khói…). - Lập, theo dõi hồ sơ thẩm duyệt và nghiệm thu PCCC; làm việc với Cảnh sát PCCC và các bên liên quan. - Phối hợp với các bộ môn MEP khác trong quá... Yêu cầu: - Tốt nghiệp Đại học/Cao đẳng chuyên ngành Phòng cháy chữa cháy hoặc các ngành kỹ thuật liên quan. - Có ít nhất 3 năm kinh nghiệm chuyên trách về mảng PCCC - Ưu tiên ứng viên có Chứng chỉ hành nghề tư vấn thiết kế/giám sát PCCC . - Sử dụng tốt tiếng Anh trong công việc...",skilled,VietnamWorks_Algolia,https://www.vietnamworks.com/ky-su-pccc-van-hanh-khu-cong-nghiep--2055227-jv,2026-05-26T00:31:24.719302
scraped_vietnamworks_algolia_01005,Facade Engineer (Airport Project),Công Ty Cổ Phần Tập Đoàn Masterise,Bất động sản|Marketing,Hà Nội,9200000,17250000,full-time,any,5,university,"Responsibilities: • Supervise and monitor all facade fabrication and installation activities • Ensure facade works are executed according to approved drawings, MOS, and ITP • Monitor factory production quality and fabrication processes • Coordinate and follow up facade mock-up production, installation, and approvals • Coordinate and monitor facade material testing and approval procedures • Follow up site testing activities including... Yêu cầu: Minimum Requirements: • Bachelor’s degree in Civil Engineering, Architecture, or related engineering field • Minimum 5 years of experience in facade and cladding works • Strong knowledge of curtain wall, glazing, aluminum, steel, and facade systems • Experience in high-rise building and...",sales,VietnamWorks_Algolia,https://www.vietnamworks.com/facade-engineer-airport-project-2052413-jv,2026-05-25T23:57:14.326059
scraped_vietnamworks_algolia_06552,Field Service Engineer (Automation),Công Ty TNHH Saikopack Việt Nam,Sql|Communication|English|Ms Word|Excel|Word,Hồ Chí Minh,350000000,500000000,full-time,any,1,high,"Position Purpose: - Provide effective technical service to customers including installation, troubleshooting, maintenance, calibration, training, etc. Technical Support - Basic knowledge of industrial equipment, Robotic - Basic of knowledge programming PLC, and HMI for automation projects - Basic knowledge of .Net, SQL, Image processing, and Mechanical - Design control circuits and select equipment for electrical cabinets - Read electrical drawings for... Yêu cầu: Yêu cầu ứng viên - From 22 to 30 years old. - At least 1 year working in same position. - University or above, bachelor&#039;s degree in Automation, Machinery, Electronics or related fields. - Proficient in English communication (Basic business level). - Proficient level of computer skills including MS Word, Excel, Power Point. - Have a good business manner...",service,VietnamWorks_Algolia,https://www.vietnamworks.com/field-service-engineer-automation--2057479-jv,2026-05-26T12:56:54.779602
scraped_vietnamworks_algolia_06608,"Kỹ Sư Sản Xuất (PE, EE) - Lương Upto $1200","Neweb VIETNAM CO.,LTD (WNC)",Sản xuất,Nghệ An,1200,700000000,full-time,any,3,high,"- Xử lý và cải thiện các vấn đề phát sinh trong sản xuất Phân tích các vấn đề phát sinh của sản phẩm do khách hàng phản ánh và đưa ra phương án cải thiện - Có kỹ năng phân tích thống kê và viết 8D - Có thể viết SOP quy trình sản xuất sản... Yêu cầu: 1. Tốt nghiệp Cao Đẳng - Đại học trở lên 2. Từ 3 năm kinh nghiệm trở lên trong lĩnh vực sản xuất điện tử 3. Tiếng Anh hoặc Tiếng Trung giao tiếp tốt. *** QUYỀN LỢI DÀNH CHO ỨNG VIÊN - Thử việc nhận 100% lương - Mức lương cạnh tranh, hấp dẫn (Thu nhập xứng đáng...",production,VietnamWorks_Algolia,https://www.vietnamworks.com/ky-su-san-xuat-pe-ee-luong-upto-1200--2053956-jv,2026-05-26T12:56:54.923797
scraped_vietnamworks_algolia_04609,Giám Sát Chính Xây Dựng/Hoàn thiện,Công ty TNHH Tư vấn Quản lý Dự án Mặt Trời,Lao động phổ thông|Xây dựng,Hà Nội,0,1200,full-time,<40,7,university,"1. Mô tả công việc: Giám sát thi công các hạng mục Xây dựng/Hoàn thiện<ins> đảm bảo đúng bản vẽ, tiêu chuẩn kỹ thuật và tiến độ Kiểm tra vật tư, chất lượng thi công, nghiệm thu và ghi nhận hiện trường Theo dõi khối lượng, tiến độ, xử lý các vấn đề phát sinh Phối hợp với... Yêu cầu: 1. Mô tả công việc: - Giám sát thi công các hạng mục Xây dựng/Hoàn thiện đảm bảo đúng bản vẽ, tiêu chuẩn kỹ thuật và tiến độ; - Kiểm tra vật tư, chất lượng thi công, nghiệm thu và ghi nhận hiện trường; - Theo dõi khối lượng, tiến độ, xử lý các vấn đề phát sinh; - Phối hợp với nhà...",construction,VietnamWorks_Algolia,https://www.vietnamworks.com/giam-sat-chinh-xay-dunghoan-thien-2042105-jv,2026-05-26T00:31:27.702832
scraped_vietnamworks_algolia_02558,Phó Phòng Tổng Hợp (Phụ Trách Dịch Vụ Vận Hành Các Văn Phòng Bán Hàng BĐS Miền Nam),Sun Property | Thành Viên Thuộc Tập Đoàn Sun Group,Kinh doanh|Hành chính|Cơ khí|Kho vận,Hồ Chí Minh,9600000,18000000,full-time,<40,5,university,"I. Mục tiêu công việc • Quản lý, điều phối và giám sát toàn bộ hoạt động vận hành, dịch vụ tại Sales Gallery (an ninh, lễ tân, F&B, HK). • Đảm bảo Sales Gallery luôn vận hành trơn tru, đảm bảo tiêu chuẩn cao cấp, an toàn – sạch sẽ – chuyên nghiệp. II. Trách nhiệm... Yêu cầu: • Ngoại hình sáng, thân thiện, giọng nói truyền cảm, giao tiếp khéo léo • Tối thiểu 5 năm kinh nghiệm quản lý vận hành, ưu tiên BĐS/hospitality. • Kỹ năng quản trị nhân sự, ngân sách, dịch vụ khách hàng. • Khả năng điều phối đa bộ phận, xử lý tình huống nhanh. • Tinh thần dịch...",skilled,VietnamWorks_Algolia,https://www.vietnamworks.com/pho-phong-tong-hop-phu-trach-dich-vu-van-hanh-cac-van-phong-ban-hang-bdjs-mien-nam-2049662-jv,2026-05-25T23:57:17.429514
scraped_vietnamworks_algolia_01948,Quản Lý Đơn Hàng Ngành May Mặc,Công Ty TNHH Dệt May Topmode,Cơ khí|May mặc,Hà Nội,15000000,30000000,full-time,any,1,university,"I. Mục tiêu công việc: - Tiếp nhận trao đổi thông tin với khách hàng ; - Giúp doanh nghiệp nâng cao năng suất lao động và hiệu quả sản xuất kinh doanh. Duy trì và nâng cao chất lượng nguồn nhân lực, hàng hoá, tạo lợi thế cạnh tranh cho doanh nghiệp. II. Chức năng và Nhiệm vụ - Tiếp nhận... Yêu cầu: - Tốt nghiệp Đại học (chuyên ngành Công nghệ May, Kinh doanh, Kinh tế Quốc tế,...) - Có ít nhất 1 năm kinh nghiệm làm việc ở vị trí tương đương tại công ty hoặc xưởng may - Tiếng Anh tốt - Kỹ năng giao tiếp tốt, kỹ năng đàm phán, kỹ năng giải quyết vấn đề; -...",skilled,VietnamWorks_Algolia,https://www.vietnamworks.com/quan-ly-djon-hang-nganh-may-mac-2055524-jv,2026-05-25T23:38:04.811712
scraped_vietnamworks_algolia_03782,Kỹ Sư Lập Trình CNC,CÔNG TY TNHH THIẾT BỊ VINMACHINE,IT,Hà Nội,9200000,17250000,full-time,<35,2,university,"• Lập trình gia công trên máy tiện CNC, phay CNC • Bóc tách bản vẽ kỹ thuật và xây dựng quy trình gia công • Lựa chọn dao cụ, thông số cắt phù hợp với vật liệu gia công • Sử dụng phần mềm CAM/3D để lập trình và mô phỏng gia công • Tối ưu chương... Yêu cầu: • Ứng viên có đam mê và nhiệt huyết trong lĩnh vực gia công CNC • Tốt nghiệp đại học/cao đẳng chuyên ngành Cơ khí chế tạo máy, Cơ điện tử • Có kinh nghiệm làm việc từ 2 năm trở lên trong lập trình CNC • Thành thạo lập trình tiện CNC, phay CNC • Biết sử...",other,VietnamWorks_Algolia,https://www.vietnamworks.com/ky-su-lap-trinh-cnc-2022136-jv,2026-05-26T00:31:25.534062
scraped_vietnamworks_algolia_02658,Project Manager,Ecv Technology Company Limited,Aws|Communication|Agile|Scrum,Hồ Chí Minh,0,800000000,full-time,any,2,high,"About eCloudvalley eCloudvalley (www.ecloudvalley.com) is a born-in-the-cloud AWS Premier Consulting Partner with a vision and mission to successfully evolve and accelerate each of our customers’ journey to the Cloud. Established in 2014, eCloudvalley has a global footprint across the APAC region and has built strong localized teams in each country with multiple competencies and certifications... Yêu cầu: REQUIREMENTS Experience & Knowledge • 3–5 years in a Project Management role focused on AWS Cloud or cloud services delivery. • Proven track record managing enterprise-scale cloud migration or managed services projects. • Solid understanding of core AWS services (EC2, S3, RDS, VPC, IAM, Lambda, CloudFormation). • Familiarity with Agile, Scrum, Waterfall, and hybrid delivery methodologies. • Strong communication skills — translating technical concepts for...",sales,VietnamWorks_Algolia,https://www.vietnamworks.com/project-manager--2049854-jv,2026-05-26T12:56:46.298120
scraped_vietnamworks_algolia_01788,SEO & Growth Marketing Officer,IDP Education (Vietnam),Excel|Word|Powerpoint,Hồ Chí Minh,9600000,18000000,full-time,any,3,university,"JOB DESCRIPTION: 1. SEO & Organic Growth • Develop and execute comprehensive SEO strategies to improve rankings, traffic, and conversions • Conduct keyword research, content gap analysis, and competitor benchmarking • Optimize on-page, technical SEO, and content structure across websites • Monitor and report performance using tools such as Google Analytics, Search Console, ahref, similarweb etc. • Identify website UX, UI... Yêu cầu: • Minimum of 3 years of hands-on SEO experience required, specifically within education, edtech, or service-based industries. • Good knowledge of CRO (conversion rate optimization) • Good understanding of HTML, CMS platforms, and website performance optimization • Experience working with content, UX, or product teams • Have good knowledge of MS office (excel, word, PowerPoint) and data analytics to compute various reports • Experience working...",sales,VietnamWorks_Algolia,https://www.vietnamworks.com/seo-growth-marketing-officer-2057286-jv,2026-05-25T23:38:04.464352
scraped_vietnamworks_algolia_06441,Kỹ Sư Cơ Khí,Công ty TNHH Đoàn Kết Tiến,Cơ khí,Đà Nẵng,15000000,20000000,full-time,any,0,university,"MÔ TẢ CÔNG VIỆC • Trực tiếp chỉ huy, điều hành và quản lý công tác thi công lắp đặt thiết bị công nghiệp tại hiện trường. • Lập kế hoạch thi công, quản lý tiến độ, chất lượng và an toàn lao động (HSE). • Kiểm soát bản vẽ, bóc tách khối lượng và quản lý... Yêu cầu: • Tốt nghiệp Đại học chuyên ngành Cơ khí, Chế tạo máy hoặc các chuyên ngành liên quan. • Có kinh nghiệm giám sát/chỉ huy thi công lắp đặt máy móc, dây chuyền công nghiệp. • Sẵn sàng đi công tác tại các công trình trên toàn quốc. • Kỹ năng quản lý đội nhóm, giải quyết...",skilled,VietnamWorks_Algolia,https://www.vietnamworks.com/ky-su-co-khi-2044178-jv,2026-05-26T12:56:54.503171
scraped_vietnamworks_algolia_01841,Sales Executive (Air Cargo/ Freight Forwarding),CÔNG TY CỔ PHẦN GIAO NHẬN VẬN TẢI ĐA QUỐC GIA ACT,Kinh doanh,Hồ Chí Minh,400000000,600000000,full-time,<35,1,high,"WHY JOIN US • Lợi thế: là đại lý có hợp đồng với các Hãng hàng không & mạng lưới agent khắp thế giới • Hỗ trợ Data khách hàng • Target thấp bonus hoa hồng cao • Tổng thu nhập có thể lên đến $2000 - $3000 nếu có tệp khách hàng ổn định MÔ TẢ CÔNG... Yêu cầu: • Độ tuổi: 23 – 35 tuổi (Nam/Nữ) • Trình độ: Tốt nghiệp Cao đẳng trở lên, ưu tiên chuyên ngành Ngoại thương, Vận tải, Logistics • Kinh nghiệm: tối thiểu 1 năm kinh nghiệm ở vị trí Sales (ưu tiên đường hàng không) • Kiến thức chuyên môn: - Am hiểu Incoterm và quy trình xuất nhập khẩu - Có kiến thức về hoạt...",sales,VietnamWorks_Algolia,https://www.vietnamworks.com/sales-executive-air-cargo-freight-forwarding-2048132-jv,2026-05-25T23:57:15.993291
scraped_vietnamworks_algolia_00637,Kế Toán Thuế (Tax Accountant),CÔNG TY TNHH THORESEN – VI NA MA,Kế toán,Hồ Chí Minh,9600000,18000000,full-time,<45,7,university,"• Kê khai và báo cáo thuế hàng tháng: GTGT, TNCN • Báo cáo thuế quý: TNDN, thuế nhà thầu • Quyết toán thuế năm: GTGT, TNDN, TNCN, thuế nhà thầu • Thực hiện hồ sơ miễn giảm thuế nhà thầu theo Hiệp... Yêu cầu: • Từ 35 – 45 tuổi (có thể linh hoạt) • Tốt nghiệp Đại học chuyên ngành Kế toán/Tài chính/Kinh tế • Tối thiểu 7 năm kinh nghiệm về báo cáo và quyết toán thuế • Am hiểu sâu các sắc thuế: GTGT,...",accounting,VietnamWorks_Algolia,https://www.vietnamworks.com/ke-toan-thue-tax-accountant-2058230-jv,2026-05-25T23:16:54.067410
scraped_vietnamworks_algolia_04390,Kiến Trúc Sư 3D,Công Ty Cổ Phần ABT Homes,Xây dựng,Hà Nội,10000000,30000000,full-time,any,1,university,"Cơ hội dành cho Kiến trúc sư 3D yêu thích sáng tạo và muốn “biến ý tưởng thành hình ảnh sống động”! Tham gia trực tiếp vào các dự án thực tế, phát triển kỹ năng thiết kế 3D trong môi trường chuyên nghiệp và năng động. MÔ TẢ CÔNG VIỆC • Thực hiện thiết... Yêu cầu: Yêu cầu chung: • Ít nhất 01 năm kinh nghiệm. • Sử dụng thành thạo phần mềm 3DsMax, Sketchup, Autocad, Photoshop… • Có khả năng tư duy về hình khối từ 2D để lên phối cảnh 3D. • Có khả năng tìm...",construction,VietnamWorks_Algolia,https://www.vietnamworks.com/kien-truc-su-3d-2027824-jv,2026-05-26T00:31:27.178287
scraped_vietnamworks_algolia_01505,Senior Sales Tour Inbound - Ưu Tiên Tiếng Tây Ban Nha. Lương Upto 30Tr/tháng,PASSION ASIA TRAVEL,Kinh doanh,Hà Nội,15000000,30000000,full-time,any,1,high,"• Tư vấn, thiết kế chương trình tour và xây dựng báo giá phù hợp theo nhu cầu của khách hàng quốc tế. • Chăm sóc và phát triển tệp khách hàng B2B thị trường nói tiếng Tây Ban Nha. • Nguồn lead B2B inbound chất lượng được cung cấp... Yêu cầu: • Thành thạo tiếng Tây Ban Nha 4 kỹ năng: Nghe – Nói – Đọc – Viết. • Có tối thiểu 1 năm kinh nghiệm ở vị trí Sales Tour Inbound hoặc các vị trí liên quan đến thị trường khách quốc tế nói tiếng Tây Ban Nha. • Am...",sales,VietnamWorks_Algolia,https://www.vietnamworks.com/senior-sales-tour-inbound-uu-tien-tieng-tay-ban-nha-luong-upto-30tr-thang-2051038-jv,2026-05-25T23:38:03.866644
scraped_topcv_00026,Senior IT Maintenance Engineer,CHI NHÁNH CÔNG TY TNHH KDDI VIỆT NAM TẠI THÀNH PHỐ HỒ CHÍ MINH,IT,Thanh Hóa,0,0,full-time,any,5,high,,other,TopCV,https://www.topcv.vn/viec-lam/senior-it-maintenance-engineer/2137242.html?ta_source=JobSearchList_LinkDetail&u_sr_id=eVQNT9GDflXGtV5slTXslhycutRG4WdnaI5yLnxY_1779725888,2026-05-25T23:20:31.824655
scraped_vietnamworks_algolia_07711,Chuyên Viên Quản Lý Hoạt Động Dịch Vụ Đại Lý,Hyundai Thành Công Việt Nam (Hyundai.thanhcong.vn),,Hồ Chí Minh,9600000,18000000,full-time,any,0,university,"- Tham vấn, đóng góp cải tiến bộ tiêu chuẩn đánh giá Hoạt động Dịch vụ - Phụ tùng toàn hệ thống phù hợp mục tiêu chung theo từng kỳ - Lập kế hoạch và triển khai đào tạo Phi kỹ thuật cho nhân sự Đại lý và các bên liên quan (Quy trình Dịch... Yêu cầu: - Tốt nghiệp Đại học chuyên ngành Cơ khí, Ô tô - Có tối thiểu 02 năm kinh nghiệm trong ngành ô tô hoặc lĩnh vực liên quan (Ưu tiên ứng viên từng làm việc tại Đại lý ô tô hoặc vị trí Cố vấn dịch vụ/Phụ tùng) - Có kỹ năng đào tạo, thuyết trình...",other,VietnamWorks_Algolia,https://www.vietnamworks.com/chuyen-vien-quan-ly-hoat-djong-dich-vu-djai-ly-2024694-jv,2026-05-26T12:56:57.926327
scraped_vietnamworks_algolia_02210,BIM Engineer (Infrastructure),Công Ty TNHH Xây Dựng Phát Triển Việt Nam (VINADECO),,Hồ Chí Minh,10400000,20000000,full-time,<35,0,high,"+ Tư vấn công nghệ BIM/CIM cho nhà thầu thi công Nhật Bản. + Quản lý tiến độ, chất lượng sản phẩm nhà thầu thiết kế phụ. +Sử dụng các phần mềm Civil3D, AutoCAD, Revit, Infraworks, Dynamo,... dựng mô hình BIM 3D phục vụ công tác thi công và công tác thiết kế + Rà soát... Yêu cầu: 【Điều kiện chung】 - Công ty chủ yếu chú trọng vào thái độ làm việc và khả năng học hỏi, đam mê yêu thích với công việc liên quan đến BIM cho hạ tầng (CIM). - Độ tuổi không quá 27 tuổi. - Không yêu cầu có kinh nghiệm thực tế từ trước. Khi vào công ty...",other,VietnamWorks_Algolia,https://www.vietnamworks.com/bim-engineer-infrastructure-2052121-jv,2026-05-25T23:57:16.720372
scraped_mywork_00579,Nhân Viên Phục Vụ Nhà Hàng (Part Time),Công Ty Cổ Phần Bảo Tàng Phở Việt Nam,Phục Vụ,Hồ Chí Minh,6000000,10000000,full-time,any,1,high,Nhân Viên Phục Vụ Nhà Hàng (Part Time),bao_ve,MyWork,https://mywork.com.vn/viec-lam-nhan-vien-phuc-vu-nha-hang-part-time-job-200831663.html,2026-05-25T19:54:43.057525
scraped_vietnamworks_algolia_04599,Sales Executive,CÔNG TY TNHH VẬT LIỆU BĂNG KEO NITTO DENKO (VIỆT NAM),Communication|English|Chinese,Hà Nội,9200000,17250000,full-time,<35,1,university,"Main responsibilities: 1. Collaboration with Team Leaders - Cooperate with Marketing Team Leader to prioritize and select new potential products - Cooperate with Sales Team Leader to gather current and historic order information, analyze sales trends - Generate annual/ quarter/ month sales planning (including detailed action plan to obtain sales target) - Calculate and review actual volume and... Yêu cầu: Required 1. University degree 2. Good English communication skill, able to use Chinese 3. Have 1 year sales & marketing experience 4. Proactive salesperson, High Responsibility 5. Proficient MS skill SALARY AND WORKING ENVIRONMENTS 1. Salary: Negotiable, (fixed salary, no commission) 2. Working time: Monday to Friday: 08:00 – 17:15 (Rest hour: 12:00 – 13:00) 3. Salary review: 1 time/year 4. Salary bonus: 2 times/year 5. Overtime hour: Depend on the amount of work, comply...",sales,VietnamWorks_Algolia,https://www.vietnamworks.com/sales-executive-2041962-jv,2026-05-26T00:31:27.678719
scraped_vietnamworks_algolia_07554,INJ - Kỹ Thuật Viên Bảo Dưỡng,Công Ty TNHH Elentec Việt Nam,Microsoft Office,Hà Nội,9200000,17250000,full-time,any,0,high,"- Kỹ thuật bảo dưỡng, Sửa chữa máy ép nhựa, robot, máy nước và các thiết bị khác trong xưởng sản xuất… Yêu cầu: - Nam, Tốt nghiệp Cao Đẳng, Đại Học chuyên ngành cơ khí chế tạo điện, tự động hóa - CHẤP NHẬN SINH VIÊN MỚI RA TRƯỜNG chưa có kinh nghiệm sẽ được đào tạo - Sử dụng Microsoft Office, Auto CAD cơ bản. *** Thời gian làm việc/ Lương - Làm ca ngày/đêm - Lương thỏa thuận",skilled,VietnamWorks_Algolia,https://www.vietnamworks.com/inj-ky-thuat-vien-bao-duong-2056598-jv,2026-05-26T12:56:57.394430
scraped_vietnamworks_algolia_00014,"Chuyên Viên Cao Cấp Quan Hệ Khách Hàng Ưu Tiên - PRM (Long An, Tiền Giang, Cần Thơ, Kiên Giang)",Techcombank,Cơ khí|Marketing,Long An,0,26000000,full-time,any,2,university,"Địa điểm làm việc: Long An, Tiền Giang, Cần Thơ, Kiên Giang - Quản lý, chăm sóc danh mục được giao định kỳ & đánh giá được hiệu quả danh mục khách hàng. - Xây dựng mạng lưới khách hàng, mở rộng quan hệ từ tệp khách hàng sẵn có để khai thác, tìm kiếm các... Yêu cầu: - Tốt nghiệp Đại học chuyên ngành: Tài chính ngân hàng; Ngoại thương; Kinh tế hoặc lĩnh vực liên quan.... - Tối thiểu 02 năm trong lĩnh vực ngân hàng, tài chính, chứng khoán, bất động sản hàng hiệu, ở các vị trí bán hàng các sản phẩm tín dụng, phi tín dụng (bảo hiểm,...",skilled,VietnamWorks_Algolia,https://www.vietnamworks.com/chuyen-vien-cao-cap-quan-he-khach-hang-uu-tien-prm-long-an-tien-giang-can-tho-kien-giang--2052914-jv,2026-05-25T23:16:51.934512
scraped_vietnamworks_algolia_07942,KOL / Content Creator,CÔNG TY CỔ PHẦN WELLBRIDGE GLOBAL,Kinh doanh|Marketing,Hồ Chí Minh,9600000,18000000,full-time,any,0,high,"Nội dung công việc • Quay và tham gia sản xuất short video trên TikTok, Instagram Reels… • Review sản phẩm và tham gia các campaign truyền thông của brand • Xây dựng hình ảnh cá nhân và phát triển kênh social cùng công ty • Tham gia livestream, shooting hoặc các hoạt động quảng bá khi cần Yêu cầu: • Nữ dưới 23 tuổi • Tự tin về ngoại hình và thần thái • Có sức hút cá nhân, giao tiếp tốt • Tự tin trước camera, năng động và bắt trend tốt • Yêu thích lĩnh vực làm đẹp, sức khỏe, lifestyle là một lợi thế Quyền lợi - Hỗ trợ ký túc xá/chỗ ở - Lương cơ bản...",sales,VietnamWorks_Algolia,https://www.vietnamworks.com/kol-content-creator-2052391-jv,2026-05-26T12:56:58.473089
scraped_vietnamworks_algolia_03041,Nhân Viên Xuất Nhập Khẩu,Công Ty TNHH Đồ Chơi Thông Minh Sun Vigor Việt Nam,Kế toán|Kho vận,Hải Phòng,7600000,14250000,full-time,any,3,high,"- Chuẩn bị chứng từ Xuất nhập khẩu - Khai báo hải quan Xuất nhập khẩu - Phối hợp với đơn vị giao nhận vận tải (FWD) để kiểm tra tờ khai hải quan và theo dõi tiến độ lô hàng xuất nhập khẩu theo yêu cầu của các bộ phận liên quan - Phối hợp với... Yêu cầu: - Ưu tiên ứng viên có chứng chỉ nghiệp vụ hải quan. - Tốt nghiệp Đại học chuyên ngành Xuất nhập khẩu, Logistics, Kinh tế quốc tế. - Có ít nhất 3 năm kinh nghiệm trong lĩnh vực Xuất nhập khẩu/ Logistics/ Chuỗi cung ứng. - Am hiểu sâu về Logistics, chuỗi cung ứng...",accounting,VietnamWorks_Algolia,https://www.vietnamworks.com/nhan-vien-xuat-nhap-khau--2035373-jv,2026-05-26T00:31:23.962803
scraped_vietnamworks_algolia_04447,Deputy Accounting Manager,Wilmar CLV,Kế toán,Hồ Chí Minh,1000,1300,full-time,any,5,university,"MỤC ĐÍCH CHÍNH CÔNG VIỆC 1) Chịu trách nhiệm lập, tổng hợp và trình bày các báo cáo tài chính định kỳ, đảm bảo việc ghi nhận, xử lý và báo cáo thông tin tài chính minh bạch, chính xác, tuân thủ đầy đủ các quy định pháp luật hiện hành cũng như các chính... Yêu cầu: YÊU CẦU CHO CÔNG VIỆC: - Học vấn:Tốt nghiệp Đại học chính quy chuyên ngành Kế toán tài chính. - Kinh nghiệm: Tối thiểu 05 năm kinh nghiệm ở vị trí quản lý kế toán thanh toán và có ít nhất 02 năm kinh nghiệm quản lý nhóm. - Kỹ năng mềm: + Khả năng tổ chức công...",accounting,VietnamWorks_Algolia,https://www.vietnamworks.com/deputy-accounting-manager-2042858-jv,2026-05-26T00:31:27.318344
scraped_vietnamworks_algolia_01698,"Assistant Manager, Actuarial Services",FWD Vietnam Life Insurance Company Limited,,Hồ Chí Minh,9600000,18000000,full-time,any,5,university,"PURPOSE: To assist Pricing Director leads in execute and deliver Compensation-related tasks that help FWD Vietnam realize such business ambition. KEY ACCOUNTABILITIES: - Provide support in reviewing the appropriateness of the proposed compensation scheme (core compensation and incentive contests) before presenting it to management. - Track monthly CRE overrun/underrun for each channel to support timely management actions. - Develop... Yêu cầu: QUALIFICATIONS / EXPERIENCE - Degree holder of any disciplines, (Mathematics/Actuarial Science with good progress in pursuing professional qualifications would be an advantage). - Has good experience in valuation, financial reporting and modelling areas (05-07 years). - Preferably ASA or close to ASA with at least 04 Actuarial Exams + VEEs. - Preferably has experience in pricing and modelling areas. - Prophet experience is...",service,VietnamWorks_Algolia,https://www.vietnamworks.com/assistant-manager-actuarial-services-2053761-jv,2026-05-25T23:38:04.270659
scraped_vietnamworks_algolia_06640,"Specialist, Tax",Công Ty TNHH Phát Triển Phú Mỹ Hưng,Communication|English,Hồ Chí Minh,9600000,18000000,full-time,any,4,university,"About the Company Phu My Hung Development Corporation is a leading urban developer in Vietnam and the pioneer behind Phu My Hung Urban Area – one of the first international-standard model urban developments in Ho Chi Minh City. Established on May 19th, 1993 as a joint venture between the Ho Chi Minh City People’s Committee... Yêu cầu: Education • Graduated from University, majoring in Tax or Accounting. Experience • At least 4 years of experience as a Tax Accountant, Tax Analyst, or similar position. • Preference for candidates with experience in Big Four CPA firms (Deloitte, KPMG, PwC, EY). • Good numerical skills. • Strong attention to detail. Soft Skills • Fluent written and oral communication skills in English. • Ability...",other,VietnamWorks_Algolia,https://www.vietnamworks.com/specialist-tax--2053627-jv,2026-05-26T12:56:55.000905
scraped_mywork_00002,Nhân Viên Kỹ Thuật Ra File CNC - Thu Nhập Tới 18Tr,Công Ty TNHH Tư Vấn Thiết Kế & Thi Công Phan Thành,Kỹ Thuật,Hồ Chí Minh,15000000,18000000,full-time,any,3,high,Nhân Viên Kỹ Thuật Ra File CNC - Thu Nhập Tới 18Tr,bao_ve,MyWork,https://mywork.com.vn/viec-lam-nhan-vien-ky-thuat-ra-file-cnc-thu-nhap-toi-18tr-job-200837486.html,2026-05-25T19:54:42.716397
scraped_vietnamworks_algolia_05897,Tax Manager,ONPOINT COMPANY LIMITED,,Hồ Chí Minh,9600000,18000000,full-time,any,8,university,"• Manage and coordinate all activities of the tax accounting team to ensure compliance with current tax regulations. • Take responsibility for the preparation, review, and timely submission of tax returns (VAT, CIT, PIT, foreign contractor tax, business license tax, etc.). • Supervise tax accounting entries in the accounting system, ensuring accuracy, transparency, and completeness of... Yêu cầu: • Bachelor’s degree in accounting, Auditing, Finance, or Taxation. • Professional certifications in accounting/tax (e.g., CPA, ACCA.) are an advantage. • Minimum 5 years of experience in accounting/tax, including at least 2 years in a senior or team leader role. • Strong knowledge of Vietnamese tax laws and accounting regulations; experience in working with tax authorities. • Proven...",other,VietnamWorks_Algolia,https://www.vietnamworks.com/tax-manager-2037762-jv,2026-05-26T12:56:53.199582
scraped_vietnamworks_algolia_03785,Kế Toán Bán Hàng - Lương 14 Triệu,Công Ty Cổ Phần Dây và Cáp Điện Chung Anh Phát,Kế toán|Kinh doanh|Cơ khí,Hà Nội,0,14000000,full-time,any,2,university,"• Tiếp nhận đơn hàng, lên báo giá, làm hợp đồng mua bán với khách hàng. • Theo dõi đơn đặt mua bán hàng hóa, đơn cung ứng hàng hóa. • Hàng ngày nhập số liệu bán hàng vào sổ sách kế toán. • Làm bảng kê hóa đơn GTGT đầu vào với Nhà sản xuất, và... Yêu cầu: • Nam, nữ tốt nghiệp Đại học chuyên ngành kế toán, kiểm toán. • Tối thiểu 2 năm kinh nghiệm trong lĩnh vực kế toán; • Chăm chỉ, cẩn thận, thật thà, nhanh nhẹn, chịu khó học hỏi. • Sử dụng tốt tin học văn phòng. • Sử dụng tốt phần mềm kế toán Fast Accounting. Quyền lợi: - Lương chính...",accounting,VietnamWorks_Algolia,https://www.vietnamworks.com/ke-toan-ban-hang-luong-14-trieu-2027705-jv,2026-05-26T00:31:25.539991
scraped_vietnamworks_algolia_06479,Chuyên Viên Phân Tích Nghiệp Vụ (Business Analyst),Công ty Cổ phần Chứng khoán An Bình,Kinh doanh|IT,Hà Nội,9200000,17250000,full-time,any,1,university,"II. MÔ TẢ CÔNG VIỆC: • Nghiên cứu và đề xuất cải tiến sản phẩm, tính năng ứng dụng giao dịch, hệ thống nhằm đáp ứng nhu cầu của khách hàng. Phối hợp với Phòng Nền tảng số để xây dựng và cải tiến nền tảng giao dịch trực tuyến. • Làm rõ, giải thích yêu... Yêu cầu: II. Yêu cầu công việc • Trình độ: Tốt nghiệp Đại học trở lên các chuyên ngành: Hệ thống thông tin quản lý (MIS), Công nghệ thông tin, Tài chính hoặc tương đương. • Kinh nghiệm: Có ít nhất 01 năm kinh nghiệm làm việc trong lĩnh vực Công nghệ tài chính (Fintech), Chứng khoán hoặc...",sales,VietnamWorks_Algolia,https://www.vietnamworks.com/chuyen-vien-phan-tich-nghiep-vu-business-analyst-2057655-jv,2026-05-26T12:56:54.609775
scraped_vietnamworks_algolia_02352,Trưởng Bộ Phận Nhân Sự ( Phụ Trách Đào Tạo/ C&B),"Công Ty Cổ Phần Nhựa Á Đông (Adc Plastic., Jsc)",Hành chính|Giáo dục,Hưng Yên,1200,1700,full-time,any,2,university,"1- HOẠT ĐỘNG ĐÀO TẠO • Xây dựng kế hoạch đào tạo quý/năm phù hợp với định hướng của Công ty và định hướng phát triển nhân sự. • Xây dựng, cập nhật các quy trình, quy chế đào tạo; xây dựng các chính sách thúc đẩy hoạt động đào tạo (nội bộ/thuê ngoài). • Xây... Yêu cầu: 1- Tốt nghiệp Đại học trở lên chuyên ngành: quản trị nhân lực, quản trị kinh doanh, kinh tế, luật... 2- Tối thiểu 05 năm kinh nghiệm trở lên tham gia công tác xây dựng và quản lý hoạt động đào tạo tại các doanh nghiệp có quy mô >300 nhân sự HOẶC tối...",other,VietnamWorks_Algolia,https://www.vietnamworks.com/truong-bo-phan-nhan-su-phu-trach-dao-tao-c-b-2047915-jv,2026-05-25T23:57:17.013860
scraped_vietnamworks_algolia_00229,Recruitment Staff,Navigos Group,Communication|English,Hà Nội,0,700000000,full-time,any,2,university,"Navigos Search, a part of Navigos Group, is the No.1 provider of executive search services in Vietnam with professional, dedicated, and experienced recruitment consultant teams. Join us as a Recruitment Consultant in the segment of Industrial Manufacturing, Japan Desk... and become first-class business professionals, who are: IN CHARGE OF • Actively researching, approaching, and promoting... Yêu cầu: • Professionals with at least 2 years of experience in Recruitment, Sales, Headhunting... • Advanced English skills. • Strong interpersonal and communication skills, with the ability to engage senior-level stakeholders. • Goal-oriented individuals with a proactive and resilient mindset.",other,VietnamWorks_Algolia,https://www.vietnamworks.com/recruitment-staff--2049872-jv,2026-05-25T19:37:24.193241
scraped_vietnamworks_algolia_07513,Assistant Supply Chain Manager,Sharkninja Vietnam,,Hồ Chí Minh,9600000,18000000,full-time,any,8,high,"About the Role: Shark Ninja is looking to expand its supply chain beyond China by sourcing finished goods from other regions to support its global growth. This role is responsible for commercial aspects of finished goods sourcing and component sourcing, procurement, including finding new vendors/technologies, supply chain development, maintenance of existing vendors and their development;... Yêu cầu: What We Expect: • Strong knowledge of supply chain management principles and practices. • A self-starter who shows initiative and able to work independently to move forward. • A team player, who can build cross functional alignment. • As a corporate citizen, learn and support SharkNinja’s Diversity, Equity & Inclusion strategy. • Be an Ally, find internal Champions. • Explore SharkNinja’s Employee Resource Groups or...",other,VietnamWorks_Algolia,https://www.vietnamworks.com/assistant-supply-chain-manager-2050092-jv,2026-05-26T12:56:57.275456
scraped_vietnamworks_algolia_07746,Planogram Officer (Nhân viên Bố Trí Gian Hàng),Watsons (Viet Nam) Limited,English|Microsoft Office,Hồ Chí Minh,10000000,14000000,full-time,<40,1,high,"1. Planogram & space management: - Basing on space & category plan, setting up main POG for each brand/category/SKU on facing display, SKU display correctly. - Promotion POG for Endcap monthly. - Guidance & work with stores/suppliers on detailed POG for products display/position in stores for main shelf, Off shelf display. - Space management and... Yêu cầu: 1. College or Bachelor’s degree, with more than 1 year of experience in a similar position within the retail. 2. Proficient in Microsoft Office. Knowledge of Space Management software is an advantage. 3. Good command of English, both spoken and written. 4. Strong analytical skills with the ability to interpret data and manage processes effectively. 5. Self-confident, with good interpersonal skills, and able...",skilled,VietnamWorks_Algolia,https://www.vietnamworks.com/planogram-officer-nhan-vien-bo-tri-gian-hang-2049502-jv,2026-05-26T12:56:58.057778
scraped_vietnamworks_algolia_03446,Digital Marketing Executive,VPĐD Acme Equipment Pte LTD Tại Tp. Hồ Chí Minh (Singapore),English,Hồ Chí Minh,500000000,600000000,full-time,any,2,high,"- Enhance web presence, optimize website to increase GG’rank which involve SEO, SEM, HTML, Remarketing tools - Manage social media channels (FB, Instagram, Youtube, Pinterest...) - Manage, edit, translate marketing material such as videos, webpages, brochure, etc for local market region - Guidance on strategy support for e-commerce site: update photos, function, and stock of products on... Yêu cầu: Experience: - At least 2 years working experience. - Able to work independently - Good Knowledge on SEO or SEO related online services. - Good knowledge on Adobe editing suite - Able to communicate and Speak in English. All resume are to be submitted in English to the following: email application as listed below or ACME EQUIPMENT PTE. LTD. 11...",sales,VietnamWorks_Algolia,https://www.vietnamworks.com/digital-marketing-executive-350-1-1--2054938-jv,2026-05-26T00:31:24.834072
scraped_vietnamworks_algolia_00729,Trưởng Phòng Kinh Doanh LOGISTICS,Công Ty TNHH Dịch Vụ Mua Hàng Quốc Tế Bfy,Kế toán|Kinh doanh|Kho vận,Hà Nội,1000,500000000,full-time,any,2,university,"Dẫn dắt tăng trưởng mảng liên vận đường sắt quốc tế CÔNG TY CỔ PHẦN KHO VẬN VÀ DỊCH VỤ HẬU CẦN BFY là doanh nghiệp hoạt động trong lĩnh vực logistics – kho vận – vận tải, cung cấp giải pháp hậu cần cho doanh nghiệp trong và ngoài nước. Với định hướng mở rộng... Yêu cầu: • Tốt nghiệp Đại học trở lên, ưu tiên các chuyên ngành Quản trị Kinh doanh, Marketing hoặc các ngành có liên quan. • Có ít nhất 2 năm kinh nghiệm ở vị trí Trưởng phòng Kinh doanh Logistics hoặc vị trí tương đương, ưu tiên ứng viên có kinh nghiệm trong lĩnh vực liên...",accounting,VietnamWorks_Algolia,https://www.vietnamworks.com/truong-phong-kinh-doanh-logistics--2038667-jv,2026-05-25T23:16:54.332310
scraped_vietnamworks_algolia_03863,Marketing and Design Assistant,Atlas Industries (Vietnam) Limited,English,Hồ Chí Minh,9600000,18000000,full-time,any,2,high,"General Description The Marketing & Design Assistant is a dual-purpose role based at Atlas’s Ho Chi Minh City Head Office. This position supports the Marketing team in executing daily departmental activities and providing business development support. At the same time, the Marketing & Design Assistant serves as the primary internal resource for visual content creation.... Yêu cầu: • Degree holder in marketing • At least 2 years of experience in graphic design or a junior marketing role • Skilled in InDesign, Photoshop, WordPress, and the use of A.I. assisted design • A portfolio demonstrating a range of work across both print and digital assets • Intermediate level of English proficiency • Consistency of visual assets across...",sales,VietnamWorks_Algolia,https://www.vietnamworks.com/marketing-and-design-assistant--2045320-jv,2026-05-26T00:31:25.720633
scraped_vietnamworks_algolia_00456,Cán Bộ Vận Hành Nhà Máy Điện Rác Tại Sóc Sơn,Công Ty Cổ Phần Năng Lượng Môi Trường Thiên Ý Hà Nội,Cơ khí|Điện|Kho vận|Sản xuất,Hà Nội,9200000,17250000,full-time,any,0,high,"Phụ trách vận hành lò hơi, tuabin, điện, xử lý nước thải, xử lý nước khử khoáng, an toàn môi trường... Yêu cầu: - Độ tuổi từ 20 tuổi trở lên, trình độ từ cao đẳng trở lên - Ưu tiên ứng viên tốt nghiệp đại học Bách Khoa, Điện Lực, Tài nguyên môi trường… ở các chuyên ngành kỹ thuật nhiệt, điện lạnh, công nghệ đốt, thiết kế cơ khí, nhiệt động lực học, điện tự động...",skilled,VietnamWorks_Algolia,https://www.vietnamworks.com/can-bo-van-hanh-nha-may-dien-rac-tai-soc-son--2048212-jv,2026-05-25T19:46:14.332358
scraped_vietnamworks_algolia_03661,Lập Trình PC (Topv),CÔNG TY TRÁCH NHIỆM HỮU HẠN TOP ENGINEERING VINA,C,Hà Nội,14000000,30000000,full-time,<50,3,university,"- Thiết kế phát triển chương trình phần mềm của máy tự động, lập trình thiết phần mền theo yêu cầu tiến độ của khách hàng - Phân tích lỗi, đối ứng nhanh khi phát sinh vấn đề - Quản lý Version, lịch sử chương trình - Điều khiển motion, tín hiệu IO và các thiết bị... Yêu cầu: Yêu cầu: - Nam, tốt nghiệp Đại học trở lên các chuyên ngành tự động hóa, điện tử, công nghệ máy tính - Ưu tiên ứng viên có kinh nghiệm 3 năm trở lên ở vị trí tương đương - Am hiểu về ngôn ngữ lập trìnhC/ C++, C# trên môi trường Visual Studio - Am hiểu các...",other,VietnamWorks_Algolia,https://www.vietnamworks.com/lap-trinh-pc-topv-2045615-jv,2026-05-26T00:31:25.274249
scraped_vietnamworks_algolia_01900,Chuyên Viên Dự Toán & Thanh Quyết Toán (Lương Upto 25 Triệu),Công Ty Cổ Phần Xây Dựng Và Sản Xuất Nội Thất KB,,Hà Nội,0,25000000,full-time,<45,2,high,"• Lập, kiểm tra và quản lý hồ sơ dự toán, khối lượng, thanh toán – quyết toán các dự án xây lắp (Nội thất, M&E, thang máy, thiết bị kỹ thuật…) • Bóc tách khối lượng từ bản vẽ thiết kế, hồ sơ thi công • Lập hồ sơ thanh toán, nghiệm thu với chủ đầu... Yêu cầu: • NAM/NỮ, ĐỘ TUỔI: từ 25 đến 45 tuổi • Tốt nghiệp Đại học chuyên ngành Kinh tế Xây dựng hoặc các ngành liên quan; • Có kinh nghiệm từ 02 năm trở lên ở vị trí tương đương (ưu tiên ứng viên đã tham gia các dự án lĩnh vực Nội thất M&E, thiết bị kỹ thuật, thang...",other,VietnamWorks_Algolia,https://www.vietnamworks.com/chuyen-vien-du-toan-thanh-quyet-toan-luong-upto-25-trieu-2056943-jv,2026-05-25T23:38:04.705828
scraped_vietnamworks_algolia_07619,Chuyên Viên Tài Chính,Trường Đại Học Đại Nam,Kế toán|Tài chính,Hà Nội,9200000,17250000,full-time,any,2,university,"1. Mục tiêu công việc Triển khai việc lập kế hoạch tài chính, ngân sách, dự báo dòng tiền, phân tích hiệu quả hoạt động và xây dựng báo cáo quản trị. Vị trí này tập trung chuyển hóa dữ liệu tài chính - vận hành thành thông tin quản trị rõ ràng, kịp thời,... Yêu cầu: *Trình độ: • Tốt nghiệp Đại học trở lên ngành Tài chính, Kế toán, Kiểm toán hoặc ngành liên quan (Ưu tiên bằng Giỏi). • Có chứng chỉ quốc tế như CFA, CPA là lợi thế. *Kinh nghiệm: • Tối thiểu 2-3 năm kinh nghiệm ở vị trí phân tích tài chính/kế toán quản trị. • Ưu tiên ứng...",accounting,VietnamWorks_Algolia,https://www.vietnamworks.com/chuyen-vien-tai-chinh-2056549-jv,2026-05-26T12:56:57.608317
scraped_vietnamworks_algolia_02225,SENIOR PROJECT SALES ENGINEER (ELECTRICAL),Công Ty TNHH Thiết Bị Đóng Ngắt Mạch Điện Sunlight (Việt Nam),Communication,Hà Nội,1200,1800,full-time,<45,4,university,"• Identify, develop, and secure new project opportunities in electrical/ MEP sector • Manage the full sales cycle: quotation, negotiation, contract signing, and project follow-up • Build and maintain strong relationships with Owners, Consultants, Main Contractors, and MEP Contractors • Maintain and expand existing customer base and key accounts • Provide technical consultation and propose suitable electrical solutions... Yêu cầu: • Bachelor’s degree in Electrical / Electronics Engineering • Minimum 4–6 years of experience in project sales (electrical/ MEP industry) • Hands-on experience in LV/ MV panels, busway, or electrical systems • Established network with Developers / Contractors / Consultants is highly preferred • Strong sales mindset, communication,...",skilled,VietnamWorks_Algolia,https://www.vietnamworks.com/senior-project-sales-engineer-electrical-2053140-jv,2026-05-25T23:57:16.749253
scraped_vietnamworks_algolia_00497,Phó Phòng Quản Lý Thiết Kế (Xây Dựng),Công Ty Cổ Phần Bất Động Sản Trường Sơn,Xây dựng,Hồ Chí Minh,1400,1700,full-time,any,0,high,"- Chủ trì làm việc với các đơn vị tư vấn trong công tác kiểm soát, tiêu chí kỹ thuật có liên quan đến kiến trúc, cảnh quan; - Tham gia đánh giá kỹ thuật liên quan kiến trúc, cảnh quan trong quá trình lựa chọn nhà thầu, nhà cung cấp; - Tổ chức kiểm tra, soát... Yêu cầu: - Tối thiểu 10 năm kinh nghiệm liên tục trong công tác quản lý, giám sát xây dựng chuyên nhà cao tầng - làm việc trực tiếp tại dự án; trong đó tối thiểu 03 năm đảm nhiệm vai trò Trưởng bộ phận hoặc tương đương. - Đại học chuyên ngành...",construction,VietnamWorks_Algolia,https://www.vietnamworks.com/pho-phong-quan-ly-thiet-ke-xay-dung-2058751-jv,2026-05-26T12:56:41.431637
scraped_vietnamworks_algolia_03159,"Assistant Manager, Investment & Portfolio Management (Real Estate Field)",CapitaLand Development (Vietnam),Tài chính,Hà Nội,9200000,17250000,full-time,any,2,university,"- Support managing Company’s asset portfolio including residential, office, retail projects. Monitoring project timeline, legal process, budget, cash flow, and return for each asset. - Getting involves in new investments including research, deal evaluation, and structuring, financial analysis (including feasibility studies); Support to prepare approval papers/documents to seek approval from Management and the Group’s Investment... Yêu cầu: - At least 2-3 years of relevant experience in business development of the real estate industry - Knowledge of Vietnam’s real estate market and real estate related space - A highly numerate, strategic thinker with good analytical skills and working knowledge of financial tools - Background in finance, accounting, real estate or auditing and strong in financial...",other,VietnamWorks_Algolia,https://www.vietnamworks.com/assistant-manager-investment-portfolio-management-real-estate-field--2042903-jv,2026-05-26T00:31:24.216075
scraped_vietnamworks_algolia_02671,Trưởng Phòng Đấu Thầu,Công Ty Cổ Phần Tập Đoàn BRG,,Hà Nội,9200000,17250000,full-time,any,15,university,"Quản lý, điều hành và chịu trách nhiệm về kết quả thực hiện công việc của bộ phận/lĩnh vực được phân công phụ trách đảm bảo phù hợp theo định hướng của LĐTĐ; tuân thủ các quy chế, quy định, quy trình hướng dẫn công việc của Tập đoàn và các quy định liên... Yêu cầu: Trình độ học vấn (Educational background): Đại học trở lên Chuyên ngành (Major): Kinh tế Xây dựng, Xây dựng Dân dụng và công nghiệp Chứng chỉ bắt buộc (nếu có)/(Required certification if any): Chứng chỉ hành nghề định giá xây dựng, Lĩnh vực: Định giá, hạng I, II, III, đC cấp, Bộ Xây dựng, Sở Xây...",other,VietnamWorks_Algolia,https://www.vietnamworks.com/truong-phong-dau-thau--2030179-jv,2026-05-25T23:57:17.650041
scraped_vietnamworks_algolia_04139,Costing Accounting Staff / Kế Toán Thuế & Giá Thành (Upto 20M),CÔNG TY TNHH HANS WORLD LOGISTICS VIỆT NAM – CHI NHÁNH HÀ NỘI,English|Microsoft Office|Excel,Hà Nội,0,20000000,full-time,any,3,university,"- Review all payment request before payment process: Check Debit Notes, HBL/MBL and input invoices - Making payment for all domestic supliers via IBK (for shipping lines, logistics companies, trucking companies) - Input data to Acc Software (Red invoice, statement of IBK…) - Making AP domestic Report, - Prepare COGS report, Monitor and analyze accounting cost - Preparing reconciliation minutes with suppliers - Collect soft copy... Yêu cầu: - Bachelor’s degree in Accounting . Prefer CPA - Have 3-5 years experience in accounting, in Logistics company is an advantage - Have experience in doing costing, internal system, and financial reports - Good at English . - Proficient in Microsoft Office, especially Excel, Accounting Software. - Have a good knowledge about Tax Law, Accounting Law and other...",accounting,VietnamWorks_Algolia,https://www.vietnamworks.com/costing-accounting-staff-ke-toan-thue-gia-thanh-upto-20m-2043576-jv,2026-05-26T00:31:26.544511
scraped_vietnamworks_algolia_03129,Giám Đốc Trung Tâm Kinh Doanh,Công Ty Cổ Phần HTC Viễn Thông Quốc Tế,Kinh doanh|Giáo dục,Hà Nội,9200000,17250000,full-time,any,4,high,"Mô tả công việc: - Tìm kiếm, phát triển và thực hiện ký kết hợp đồng với tập khách hàng sử dụng dịch vụ viễn thông và công nghệ như: dịch vụ thuê kênh truyền, dịch vụ Data Center, các giải pháp thoại, contactcenter, cloud và giải pháp quản lý tập trung hệ thống... cho... Yêu cầu: Yêu cầu: - Tối thiểu 3,4 năm kinh nghiệm quản lý kinh doanh, bán hàng trong lĩnh vực CNTT - Có kinh nghiệm, kỹ năng trong xây dựng tập khách hàng B2B - Có kinh nghiệm quản lý mục tiêu, KPI của đội ngũ kinh doanh - Ưu tiên ứng viên có mạng lưới KH và networking hoặc...",sales,VietnamWorks_Algolia,https://www.vietnamworks.com/giam-djoc-trung-tam-kinh-doanh-2055680-jv,2026-05-26T00:31:24.151025
scraped_vietnamworks_algolia_07353,Trưởng Phòng Xét Nghiệm,Công ty Cổ phần Quốc tế Chăm sóc sức khỏe doanh nghiệp Yecxanh,,Hà Nội,9200000,17250000,full-time,any,5,university,"• Chịu trách nhiệm toàn bộ hoạt động chuyên môn và vận hành của Phòng Xét nghiệm, đảm bảo hiệu quả, chính xác và tuân thủ quy định. • Tổ chức và giám sát quy trình: Lấy mẫu, Tiếp nhận, Bảo quản, Xử lý mẫu bệnh phẩm theo đúng quy trình kỹ thuật. • Đảm bảo... Yêu cầu: Trình độ chuyên môn: • Tốt nghiệp Đại học trở lên chuyên ngành Xét nghiệm. • Có chứng chỉ hành nghề (tối thiểu 36 tháng kể từ ngày cấp), phạm vi: Sinh hóa, Huyết học, Vi sinh. • Có chứng chỉ an toàn sinh học, nội kiểm – ngoại kiểm và chứng nhận đào tạo liên tục...",other,VietnamWorks_Algolia,https://www.vietnamworks.com/truong-phong-xet-nghiem-2047202-jv,2026-05-26T12:56:56.773917
scraped_vietnamworks_algolia_04789,"Kỹ Sư Nông Nghiệp - Bảo Lộc, Lâm Đồng",Công ty cổ phần đầu tư và phát triển Chân trời mới,Nông nghiệp,Lâm Đồng,16000000,22000000,full-time,<45,3,university,"II/ MỤC TIÊU CÔNG VIỆC Triển khai và vận hành toàn bộ hoạt động trồng, chăm sóc và quản lý vườn cà phê Robusta cao sản. Đảm bảo: • Năng suất mục tiêu: ≥ 4–6 tấn nhân/ha • Chất lượng đồng đều, đạt tiêu chuẩn xuất khẩu • Chi phí/ha được kiểm soát tối ưu II/ TRÁCH NHIỆM CHÍNH: 1.... Yêu cầu: 1. Trình độ: Tốt nghiệp đại học các ngành: Nông học / Khoa học cây trồng / Bảo vệ thực vật 2. Kinh nghiệm: - Tối thiểu 3–5 năm kinh nghiệm trồng cà phê - Ưu tiên: • Đã từng triển khai dự án trồng mới (greenfield) • Có kinh nghiệm tại Lâm Đồng / Tây Nguyên 3. Kỹ năng...",agriculture,VietnamWorks_Algolia,https://www.vietnamworks.com/ky-su-nong-nghiep-bao-loc-lam-djong-2044772-jv,2026-05-26T00:31:28.141452
scraped_vietnamworks_algolia_01119,Initiatives Project Development Executive (Social Commerce),Công Ty Cổ Phần Metub Việt Nam,IT|Bất động sản|Marketing,Hồ Chí Minh,9600000,18000000,full-time,any,3,university,"Job summary At Melive, we&#039;re on a mission to accelerate social commerce. We connect passionate creators with ambitious brands, igniting sales and engagement through captivating livestreams and short-form videos. As a Project Lead, you will ensure the smooth execution of day-to-day operations and grow new business as a project owner. This role is crucial for... Yêu cầu: Qualifications We&#039;re seeking a highly motivated individual with: 3&#43; years working experience; with 1&#43; years of experience in so-com or ecom project management, or related industries. Passionate and experienced in one or all of these areas: Social Media & Advertising, Creator Commerce, Creator Economy, Digital Marketing. Excellent organizational and project management skills, with the ability to manage multiple...",sales,VietnamWorks_Algolia,https://www.vietnamworks.com/initiatives-project-development-executive-social-commerce-2049462-jv,2026-05-25T23:38:03.050397
scraped_vietnamworks_algolia_03629,Chuyên Viên Kế Toán Thuế (Thu Nhập Hấp Dẫn),Công Ty TNHH Dịch Vụ Giao Nhận Hàng Hóa Thời Gian,Kế toán,Hồ Chí Minh,9600000,18000000,full-time,any,3,high,"• Phân công công việc cho các thành viên trong nhóm thuế, hướng dẫn, đào tạo kế toán viên thuế đảm bảo hoàn thành đúng tiến độ và chất lượng công việc được giao. • Giám sát, hỗ trợ và đánh giá hiệu quả công việc của từng nhân viên trong nhóm. • Cập nhật, nghiên cứu và phổ... Yêu cầu: • Tốt nghiệp Cao đẳng/ Đại học chuyên ngành Kế toán, Kiểm toán, Tài chính hoặc một số ngành kinh tế khác có liên quan. • Kinh nghiệm: 3 năm kế toán thuế ở các cty FWD, logistics • Am hiểu thủ tục, chế độ kế toán và luật thuế hiện hành. • Sử dụng thành thạo máy tính đặc biệt...",accounting,VietnamWorks_Algolia,https://www.vietnamworks.com/chuyen-vien-ke-toan-thue-thu-nhap-hap-dan-2050746-jv,2026-05-26T00:31:25.211591
scraped_vietnamworks_algolia_02628,Chuyên Viên Cao Cấp Tuyển Dụng,Tập Đoàn T-CORP (T-CORP)/ Chứng Khoán T-CAP (T-CAP),Hành chính,Hà Nội,25000000,30000000,full-time,<35,8,university,"Vai trò và mục tiêu - Đảm bảo tuyển đúng người – đúng thời điểm – đúng nhu cầu; nâng cao chất lượng ứng viên, rút ngắn thời gian tuyển dụng và góp phần xây dựng đội ngũ nhân sự bền vững cho doanh nghiệp. 1. Thực hiện công tác tuyển dụng của tập đoàn... Yêu cầu: Yêu cầu: - Giới tính: Nam/Nữ - Độ tuổi: 27-35 - Ngoại hình: Khỏe mạnh, cân đối - Học vấn: Có bằng Cử nhân trở lên trong các lĩnh vực như: Quản trị nguồn nhân lực, Quản trị Kinh doanh, Tâm lý học hoặc các ngành liên quan như Xã hội học, Luật,. - Kinh nghiệm: + Tối thiểu 3-5 năm ở vị...",other,VietnamWorks_Algolia,https://www.vietnamworks.com/chuyen-vien-cao-cap-tuyen-dung-2052919-jv,2026-05-25T23:57:17.569453
scraped_vietnamworks_algolia_06952,Kỹ Sư Kiểm Soát Chất Lượng (Quality Control Engineer),"POSCO VST CO., Ltd",Lao động phổ thông|Bảo vệ|IT,Nghệ An,8000000,15000000,full-time,<40,0,university,"• Thực hiện các hoạt động kiểm soát chất lượng sản phẩm trong sản xuất. • Tổng hợp và báo cáo tình trạng chất lượng định kỳ (ngày/tuần/tháng/năm). • Phân tích, báo cáo các vấn đề chất lượng bất thường và rủi ro tiềm ẩn; phối hợp xử lý với các bộ phận liên quan. • Làm... Yêu cầu: • Ưu tiên Nam. • Tốt nghiệp đại học chuyên ngành kỹ thuật, cơ khí hoặc các ngành liên quan. • Có kiến thức vững về các tiêu chuẩn chất lượng và quy trình sản xuất. • Kỹ năng phân tích và giải quyết vấn đề tốt. • Khả năng làm việc độc lập và làm việc nhóm...",production,VietnamWorks_Algolia,https://www.vietnamworks.com/ky-su-kiem-soat-chat-luong-quality-control-engineer-2056956-jv,2026-05-26T12:56:55.731618
scraped_vietnamworks_algolia_04226,[Viettel Asset] - Nhân Viên Giám Sát Dịch Vụ Tòa Nhà/các Tòa Nhà,Tập Đoàn Công Nghiệp - Viễn Thông Quân Đội - Công Ty Quản Lý Tài Sản Viettel,Lao động phổ thông|Thẩm định,Hà Nội,10000000,20000000,full-time,<35,2,university,"1. Giám sát, vận hành (80%): • Hỗ trợ Nhân viên quản lý kỹ thuật Tòa nhà và phối hợp với Bộ phận liên quan xử lý các yêu cầu của Khách hàng liên quan đến Dịch vụ tại Tòa nhà. • Giám sát tính tuân thủ thực hiện Hợp đồng của các nhà thầu đảm... Yêu cầu: 1. Trình độ Học vấn/ Chuyên môn có Liên quan • Tốt nghiệp Cao đẳng/Đại học trở lên chuyên ngành Kinh tế, hành chính, nhân sự, khách sạn,.. 2. Kinh nghiệm Liên quan • Có ít nhất 02 năm kinh nghiệm và/hoặc đào tạo liên quan. • Đã tiếp xúc với hệ thống quản lý khách hàng là...",production,VietnamWorks_Algolia,https://www.vietnamworks.com/viettel-asset-nhan-vien-giam-sat-dich-vu-toa-nhacac-toa-nha-2052900-jv,2026-05-26T00:31:26.755258
scraped_vietnamworks_algolia_01587,Product Specialist,Công Ty Cổ Phần Dược Phẩm Imexpharm,Communication|Microsoft Office,Hồ Chí Minh,9600000,18000000,full-time,any,3,university,"JOB SUMMARY As a Product Specialist, you will: • Development of marketing plans (brand strategic & operational plans), which may include distribution channel solutions (digital, social media, inside sales), execution of marketing activities, and building promotional materials for a specific product or therapeutic area/franchise. • Assists the Deputy Marketing Manager with product training plan/ budget development & management. KEY RESPONSIBILITIES • Development... Yêu cầu: Experience & Knowledge & Skill  Bachelor’s Degree in Pharmacy or Medicine.  Graduate with 3 year Experience working in pharmaceutical industry.  Experience in managing OTC products is a strong advantage  Excellent in Microsoft Office and other presentation software.  Ability to work independently and as part of a team.  Ability to think and execute innovative marketing plans.  Strong attention to detail.  Good communication Skills.  Good...",sales,VietnamWorks_Algolia,https://www.vietnamworks.com/product-specialist-2057590-jv,2026-05-25T23:38:04.032560
scraped_vietnamworks_algolia_00283,Nhân Viên Vận Hành Máy,Opella,Cơ khí|Kho vận,Hồ Chí Minh,9600000,18000000,full-time,any,0,high,"Vận hành máy: - Am hiểu việc vận hành máy sau khi được đào tạo - Vận hành máy và thực hiện các công việc sản xuất đúng theo hồ sơ lô, qui trình. - Đảm bảo về năng suất, tiến độ, chất lượng của từng loại sản phẩm. - Thực hiện dọn quang... Yêu cầu: 1/ Trình độ học vấn: Tốt nghiệp THPT trở lên, ưu tiên ứng viên có kiến thức về máy móc, dược hoặc quản lý công nghiệp. 2/ Kinh nghiêm liên quan: Khoảng 6 tháng - 1 năm kinh nghiệm trong môi trường sản xuất, kho vận 3/ Năng lực chính: Có kỹ năng vận...",skilled,VietnamWorks_Algolia,https://www.vietnamworks.com/nhan-vien-van-hanh-may--2058927-jv,2026-05-26T12:56:40.938861
scraped_vietnamworks_algolia_05663,Kỹ Sư Dự Án (Xây Dựng),Công Ty TNHH Koastal Eco Industries.,Excel|Word|Powerpoint,Thanh Hóa,8000000,15000000,full-time,any,1,university,"NHIỆM VỤ CHÍNH Tham gia lập, thẩm định/duyệt biện pháp thi công - Tiếp nhận hồ sơ và triển khai dự án; - Hướng dẫn tư vấn Đội thi công lập biện pháp thi công công trình, duyệt sơ bộ các biện pháp thi công do các đơn vị lập; - Trực tiếp hoặc phối hợp với các... Yêu cầu: - Kinh nghiệm: 1 năm - Trình độ học vấn: Đại học - Chuyên môn: Xây dựng - Phẩm chất cá nhân: Đạo đức tốt - Tiếng anh: Giao tiếp - Kỹ năng vi tính: Word, Excel, Powerpoint, Project, Autocad QUYỀN LỢI: - Trợ cấp tiền điện thoại, Công tác phí, Khối công trường có: Trợ cấp công trình, Trợ...",construction,VietnamWorks_Algolia,https://www.vietnamworks.com/ky-su-du-an-xay-dung-2058641-jv,2026-05-26T12:56:52.656635
scraped_vietnamworks_algolia_01471,Chuyên Viên Đối Ngoại Kinh Doanh,Công Ty TNHH Asel Vietnam,Kinh doanh,Hà Nội,9200000,17250000,full-time,any,0,high,"• Tìm kiếm, phát triển và duy trì mối quan hệ với đối tác, khách hàng và các tổ chức liên quan • Thực hiện các hoạt động kết nối, hợp tác kinh doanh nhằm mở rộng mạng lưới đối tác của công ty. • Tư vấn, giới thiệu sản phẩm/dịch vụ của công ty đến... Yêu cầu: • Tốt nghiệp cao đẳng, đại học chuyên ngành kinh tế, marketing, quản trị kinh doanh, kỹ thuật, xây dựng, thiết kế, kiến trúc…. • Có kinh nghiệm trong lĩnh vực sales, đối ngoại, phát triển đối tác hoặc kinh doanh là lợi thế • Kỹ năng giao tiếp, đàm phán và...",sales,VietnamWorks_Algolia,https://www.vietnamworks.com/chuyen-vien-djoi-ngoai-kinh-doanh-2057861-jv,2026-05-25T23:38:03.799004
scraped_vietnamworks_algolia_04795,Chuyên Viên Khách Hàng Doanh Nghiệp (Tiếng Hoa) - TP. Hồ Chí Minh,Sacombank – Ngân Hàng TMCP Sài Gòn Thương Tín,Cơ khí,Hồ Chí Minh,9600000,18000000,full-time,any,0,university,"- Thực hiện chỉ tiêu kinh doanh được giao. - Quản lý, chăm sóc, duy trì và phát triển mối quan hệ Khách hàng. - Cung cấp các SPDV và giải pháp tài chính cho Khách hàng. - Thực hiện nghiệp vụ cấp tín dụng (bao gồm thẻ tín dụng), cung ứng dịch vụ ngoại hối, phái... Yêu cầu: - Yêu cầu về ngoại ngữ: Ứng viên người gốc Hoa hoặc giao tiếp tốt tiếng Hoa (Phổ Thông/Quảng Đông/Tiều) để phục vụ và phát triển khách hàng người Hoa. - Tốt nghiệp Đại học trở lên các chuyên ngành: Kinh tế, Kế toán, Tài chính, Ngân hàng, Marketing hoặc các ngành có liên...",skilled,VietnamWorks_Algolia,https://www.vietnamworks.com/chuyen-vien-khach-hang-doanh-nghiep-tieng-hoa-tp-ho-chi-minh-2045218-jv,2026-05-26T00:31:28.155217
scraped_vietnamworks_algolia_03716,[Hà Nội] Business Intelligence Executive (Data Analyst Executive),Diana Unicharm JSC,Kinh doanh|IT,Hà Nội,9200000,17250000,full-time,any,3,high,"Responsible for operating data systems and transforming information into analytical reports that support business decision-making: • Phân tích, xử lý Dữ liệu & BI Data Analytics & BI, Data Processing • Thu thập, làm sạch dữ liệu B2C/C2C; sử dụng công cụ crawling và cơ chế chống chặn. Collect/clean B2C/C2C data; utilize crawling & anti-blocking tools. • Kiến trúc & Báo... Yêu cầu: • Tốt nghiệp Đại học các ngành Kinh tế, Ngoại thương, TM, QTKD hoặc Tài chính,... Bachelor’s degree in Economics, Foreign Trade, Business, or Finance,... • Từ 3 năm kinh nghiệm Chuyên viên phân tích kinh doanh tại vị trí tương đương hoặc Kế hoạch kinh doanh/Trade trong ngành FMCG Min. 3 years in a similar role or Sales/Trade...",sales,VietnamWorks_Algolia,https://www.vietnamworks.com/ha-noi-business-intelligence-executive-data-analyst-executive-2051160-jv,2026-05-26T00:31:25.386455
scraped_vietnamworks_algolia_02672,Lập Trình Viên MES,Công Ty Cổ Phần Hyundai Aluminum Vina,Java|Sap,Thanh Hóa,8000000,15000000,full-time,any,1,high,"• Phát triển MES Miracom và Vận hành - Chỉnh sửa Program và Chỉnh sửa Logic Sevice - Phát triển dựa trên yêu cầu cải tiến của doanh nghiệp hoặc doanh nghiệp mới • Vận hành MES Việt Nam và hỗ trợ đào tạo • Quản lý SAP Interface • Phát triển Programe tự động hoá và cải tiến bảo trì Yêu cầu: • Tốt nghiệp Đại học chuyên ngành Công nghệ thông tin, Kỹ thuật phần mềm, Khoa học máy tính, Hệ thống thông tin, Tự động hóa hoặc ngành kỹ thuật liên quan • Có kinh nghiệm phát triển Miracom MES (ưu tiên) • Trên 3 năm kinh nghiệm phát triển web trong JAVA / JSP(bắt buộc) hoặ trên...",other,VietnamWorks_Algolia,https://www.vietnamworks.com/lap-trinh-vien-mes-2031139-jv,2026-05-26T00:31:23.189469
scraped_vietnamworks_algolia_04473,Regulatory Management & Trade Compliance Executive 12Months,Merck Vietnam,English|Excel,Hồ Chí Minh,9600000,18000000,full-time,<40,0,university,"Report to: Regulatory Management & Trade Compliance Associate Manager | Life Science Your role: • Review and match customer licenses with company's licenses in Vietnam. • Track and manage import / export quotas. • Coordinate regulatory pathways. • Collaborate with the Demand & Supply Team. • Monitor all Life Science shipments. • Support customs clearance processes. • Respond to customer inquiries. • Maintain... Yêu cầu: Who you are: • Graduated in University Degree: chemistry, Biology, Microbiology, Pharmacy, Biotechnology, or related science. Fresh graduate is welcome. • Attention to details in documentation • PC literate: sufficient knowledge of PC, network and standard packages used under Windows • Fluent in English proficient • Excel proficient What we offer: We are curious minds that come from a broad...",other,VietnamWorks_Algolia,https://www.vietnamworks.com/regulatory-management-and-trade-compliance-executive-12months-2051415-jv,2026-05-26T00:31:27.381007
scraped_vietnamworks_algolia_04442,Graphic Designer - Mức Lương: Up to 30Tr (Nam/ Nữ),Công Ty TNHH Eikodo Việt Nam,Marketing,Hà Nội,25000000,30000000,full-time,any,4,university,"Mô tả công việc • Xây dựng visual branding, concept cho các thương hiệu và sản phẩm mới theo định hướng của cấp trên. • Phối hợp với các bộ phận liên quan để chỉnh sửa thiết kế nhằm đảm bảo tính khả thi, thẩm mỹ và chính xác khi đưa vào sản xuất thực tế. •... Yêu cầu: Yêu cầu công việc • Tốt nghiệp Cao đẳng/Đại học các chuyên ngành liên quan • Có tối thiểu 4 năm kinh nghiệm trong lĩnh vực thiết kế đồ họa • Có tư duy sáng tạo và gu thẩm mỹ tốt • Khả năng minh họa (digital painting) tốt • Biết tận dụng tốt các công cụ AI • Kỹ...",sales,VietnamWorks_Algolia,https://www.vietnamworks.com/graphic-designer-muc-luong-up-to-30tr-nam-nu-2042741-jv,2026-05-26T00:31:27.305393
scraped_vietnamworks_algolia_05957,Chuyên Viên Cao Cấp Phát Triển Dự Án,Tân Hoàng Minh Group,,Hà Nội,1000,1500,full-time,<40,5,university,"- Tham gia thực hiện các công tác phát triển dự án ở giai đoạn tài trợ Quy hoạch, lập và xin phê duyệt Quy hoạch chi tiết, thủ tục phê duyệt chủ trương đầu tư, lựa chọn Nhà đầu tư, thủ tục tính tiền sử dụng đất hoặc tiền thuê đất, thẩm duyệt... Yêu cầu: - Tốt nghiệp đại học trở lên chuyên ngành: Kiến trúc, xây dựng, quản lý đất đai, kinh tế xây dựng. - Am hiểu hệ thống pháp luật về quy hoạch – đất đai – xây dựng hiện hành (Luật Quy hoạch đô thị, Luật Đất đai, QCVN 01:2021/BXD...). - Tối thiểu 5 năm kinh nghiệm...",other,VietnamWorks_Algolia,https://www.vietnamworks.com/chuyen-vien-cao-cap-phat-trien-du-an--2054905-jv,2026-05-26T12:56:53.334156
scraped_vietnamworks_algolia_03888,Kế Toán Tổng Hợp (Xây Dựng),CÔNG TY TNHH TENOX CHÂU Á,Excel|Word,Hồ Chí Minh,0,16000000,full-time,any,2,university,"JOB SUMMARY: Bạn sẽ chịu trách nhiệm chính trong việc kiểm soát và vận hành hệ thống kế toán của công ty, đặc biệt trong việc theo dõi chi phí và công nợ theo từng dự án xây dựng, đảm bảo tính minh bạch và hiệu quả tài chính. MÔ TẢ CÔNG VIỆC: - Kiểm tra tính hợp... Yêu cầu: - Tốt nghiệp Cao đẳng/Đại học chuyên ngành Kế toán - Có tối thiểu 2 năm kinh nghiệm làm việc ở vị trí tương đương - Ưu tiên ứng viên có kinh nghiệm kế toán xây dựng - Sử dụng thành thạo Word, Excel và phần mềm kế toán - Cẩn thận, có trách nhiệm cao và có khả năng làm việc dưới...",accounting,VietnamWorks_Algolia,https://www.vietnamworks.com/ke-toan-tong-hop-xay-dung-2045133-jv,2026-05-26T00:31:25.783184
scraped_mywork_00234,(Vĩnh Long) Kỹ Sư Triển Khai Bản Vẽ Nhà Thép Tiền Chế / BIM MEP,Công Ty Phát Triển Phần Mềm Xây Dựng Aureole,,Hồ Chí Minh,7000000,9000000,full-time,any,1,high,(Vĩnh Long) Kỹ Sư Triển Khai Bản Vẽ Nhà Thép Tiền Chế / BIM MEP,bao_ve,MyWork,https://mywork.com.vn/viec-lam-vinh-long-ky-su-trien-khai-ban-ve-nha-thep-tien-che-bim-mep-job-200833400.html,2026-05-25T19:54:42.895154
scraped_vietnamworks_algolia_00100,Trưởng Phòng Quản Lý Thay Đổi (CMO) - Khối Chiến Lược,Ngân Hàng TMCP Đại Chúng Việt Nam,,Hà Nội,9200000,17250000,full-time,any,3,university,"Chịu trách nhiệm chỉ đạo triển khai các hoạt động Phòng QLTĐ, bao gồm: 1. Nhiệm vụ quản lý - Định hướng hoạt động, xây dựng mục tiêu và văn hóa làm việc của đội ngũ - Xây dựng, tổ chức triển khai kế hoạch công việc cấp Phòng - Quản lý và phát triển nhân sự,... Yêu cầu: Bằng cấp: - Tốt nghiệp đại học chuyên ngành Tài chính Ngân hàng, Kinh tế, Nhân sự, Truyền thông, Quản trị kinh doanh Kiến thức chuyên môn: - Am hiểu về chiến lược, các mô hình quản trị, quản lý sự thay đổi, am hiểu các giải pháp tác động (truyền thông, đào tạo, chính...",other,VietnamWorks_Algolia,https://www.vietnamworks.com/truong-phong-quan-ly-thay-doi-cmo-khoi-chien-luoc-2033774-jv,2026-05-25T19:37:23.812795
scraped_mywork_00552,Nhân Viên Kế Toán Nội Bộ Đi Làm Ngay,Công Ty TNHH Vietnam Moving,Kế Toán,Hồ Chí Minh,11000000,13000000,full-time,any,4,high,Nhân Viên Kế Toán Nội Bộ Đi Làm Ngay,phuc_vu,MyWork,https://mywork.com.vn/viec-lam-nhan-vien-ke-toan-noi-bo-di-lam-ngay-job-200838175.html,2026-05-26T13:56:33.126451
scraped_vietnamworks_algolia_04550,Nhân Viên Kỹ Thuật,Công Ty TNHH Khí Công Nghiệp Messer Việt Nam,Erp,Hà Nội,12000000,16500000,full-time,any,2,university,"• Hỗ trợ đội ngũ bán hàng trong việc khảo sát và thiết kế cho khách hàng của Messer • Lập danh sách vật tư và chuẩn bị ERP để mua hàng. • Hỗ trợ kiểm tra và đào tạo cho công nhân của khách hàng. • Thực hiện công việc sửa chữa và khắc phục sự... Yêu cầu: • Tốt nghiệp đại học chuyên ngành cơ khí, điện, có thể sử dụng bản vẽ CAD và có kiến thức về kỹ thuật, vật liệu, đo lường, dụng cụ đo. • Tối thiểu 2 năm kinh nghiệm làm việc. • Có khả năng làm việc nhóm cũng như làm việc độc lập. ***Quyền lợi: - Thưởng lên...",skilled,VietnamWorks_Algolia,https://www.vietnamworks.com/nhan-vien-ky-thuat-2042028-jv,2026-05-26T00:31:27.565557
scraped_vietnamworks_algolia_05300,Nhân Viên Quản Lý Dự Án/ Giám Sát Nội Bộ (Cầu Đường),Công Ty Cổ Phần Xây Dựng Nasaco - Chi Nhánh TP. Hồ Chí Minh,Excel|Word,Hồ Chí Minh,18000000,25000000,full-time,any,0,university,"• Triển khai đấu thầu công trình; • Kiểm tra thi công các công trình; • Kiểm tra hồ sơ thanh, quyết toán công trình; • Lập kế hoạch và báo cáo công việc tháng. Yêu cầu: • Nam trên 25 tuổi • Tốt nghiệp đại học chuyên nghành xây dựng cầu đường; • Sử dụng thành thạo word, excel, autocad…. • Trung thực, siêng năng, cẩn thận, xử lý tốt các tình huống, vấn đề phát sinh trong công việc, giải quyết vấn đề một cách hiệu quả. Quyền lợi: • Lương, thưởng theo...",production,VietnamWorks_Algolia,https://www.vietnamworks.com/nhan-vien-quan-ly-du-an-giam-sat-noi-bo-cau-djuong-2055192-jv,2026-05-26T12:56:51.931151
scraped_vietnamworks_algolia_05131,"[Yên Phong, Bắc Ninh] Trợ Lý Quản Đốc Xưởng Khuôn (25-30 Triệu)",Công Ty Cổ Phần Công Nghiệp Kimsen,,Bắc Ninh,25000000,30000000,full-time,any,3,college,"• Chế tạo, cải tiến và sửa chữa khuôn đùn nhôm, jig phục vụ hàn, CNC. • Lập kế hoạch và điều phối công việc của Xưởng Khuôn theo yêu cầu sản xuất. • Quản lý nhân sự trong Xưởng: đào tạo, đánh giá, sắp xếp ca làm việc... • Đề xuất cải tiến thiết kế khuôn... Yêu cầu: Yêu cầu ứng viên • Tốt nghiệp chuyên ngành Cơ khí, Chế tạo máy, Khuôn mẫu, Cơ điện tử... từ Cao đẳng trở lên. • Có kinh nghiệm lĩnh vực khuôn, ưu tiên khuôn đùn nhôm / khuôn cơ khí chính xác. • Am hiểu quy trình gia công CNC. Thành thạo đọc hiểu bản vẽ kỹ...",other,VietnamWorks_Algolia,https://www.vietnamworks.com/yen-phong-bac-ninh-tro-ly-quan-djoc-xuong-khuon-25-30-trieu--2048450-jv,2026-05-26T12:56:51.586822
scraped_vietnamworks_algolia_04118,Trưởng Phòng Xuất Nhập Khẩu - Lương Upto 45 Triệu,Công Ty TNHH Kento,Kế toán|Kho vận,Hà Nội,35000000,45000000,full-time,any,3,university,"1. Quản lý hoạt động xuất nhập khẩu & lưu hành sản phẩm • Tổ chức, điều hành toàn bộ hoạt động nhập khẩu hàng hóa của Công ty, đảm bảo tiến độ giao nhận theo kế hoạch kinh doanh. • Kiểm soát và rà soát chứng từ xuất nhập khẩu: hợp đồng ngoại thương, invoice, packing list,... Yêu cầu: 1. Năng lực chuyên môn • Tốt nghiệp Đại học trở lên các ngành: Kinh tế đối ngoại, Xuất nhập khẩu, Logistics, Thương mại quốc tế,… • Am hiểu nghiệp vụ xuất nhập khẩu, vận tải, bảo hiểm, thanh toán quốc tế, khai báo hải quan, hồ sơ công bố, lưu hành sản phẩm tại thị...",accounting,VietnamWorks_Algolia,https://www.vietnamworks.com/truong-phong-xuat-nhap-khau-luong-upto-45-trieu-2052883-jv,2026-05-26T00:31:26.477774
scraped_vietnamworks_algolia_02176,SAP ABAP Developer,Công ty Cổ phần Hyundai Aluminum Vina,Sap,Hà Nội,9200000,17250000,full-time,any,4,high,"Responsibilities: • Join implementation/ AMS SAP projects as ABAP developer or technical leader (propose solution, write technical specification, Coding, Unit Test). • Review/Finalize solutions and results with SAP internal/ external functional team. • Overall knowledge on SAP Hana Database impacts & effects. • Good experience in SAP Enhancement (BADI, Enhancement Spot, Implicit Enhancement, User Exit …) • Development of... Yêu cầu: • Have at least 4-5 years’ experience working as SAP ABAP Developer. • Have experience with SAP PI/PO. • Good analytical thinking and problem-solving skills. • Flexible, serious, honest, independent, and responsible. • Highly motivated and customer service oriented.",other,VietnamWorks_Algolia,https://www.vietnamworks.com/sap-abap-developer-2047897-jv,2026-05-26T00:31:22.126894
scraped_vietnamworks_algolia_07444,Chuyên Viên Điều Phối Dự Án (Project Coordinator),IIG VIỆT NAM,Bất động sản|Marketing,Hà Nội,14000000,17000000,full-time,<50,3,university,"• Tìm kiếm, phát triển và đề xuất các dự án/khách hàng tiềm năng (đặc biệt trong lĩnh vực giáo dục, đào tạo). • Xây dựng kế hoạch, đề án và triển khai các dự án được phê duyệt đảm bảo tiến độ – chất lượng – ngân sách. • Điều phối hoạt động dự án... Yêu cầu: • Tốt nghiệp Đại học (Kinh tế, QTKD, Ngoại ngữ, Giáo dục hoặc liên quan). • Tối thiểu 3 năm kinh nghiệm trong các mảng: điều phối dự án, kinh doanh B2B, chăm sóc khách hàng ưu tiên có kinh nghiệm trong lĩnh vực giáo dục hoặc liên quan. • Có kiến thức về quản lý...",sales,VietnamWorks_Algolia,https://www.vietnamworks.com/chuyen-vien-djieu-phoi-du-an-project-coordinator-2048998-jv,2026-05-26T12:56:57.010875
scraped_vietnamworks_algolia_05687,Documentation Executive,Ben Line Vietnam,Teamwork,Hồ Chí Minh,9600000,18000000,full-time,any,3,university,"* Export Documentation: - Receive and chase for Shipping instruction (S/I) from customers or oversea partners, - Verify S/I and create Bill of Lading (B/L) in systems (principals and oversea partners) - Update export customers’ contact details/codes into principals’ and agent’s system. - Send Draft B/L to customers for confirmation, proceed with any B/L amendment requests... Yêu cầu: - 1 year or more working experience in import - export documentation for shipping, logistics companies is an advantage - Bachelor’s degree either in Marine Transportation or Foreign Trade or Economics or Logistics Management - Good shipping & logistics knowledge - Candidates that have worked overseas in Singapore / Malaysia would be an advantage - Good discipline, teamwork...",other,VietnamWorks_Algolia,https://www.vietnamworks.com/documentation-executive--2051886-jv,2026-05-26T12:56:52.704893
scraped_vietnamworks_algolia_04296,Finance Specialist (Highly Competitive Salary),Công Ty TNHH Seah M&S Việt Nam,Communication|English|Excel,Bà Rịa Vũng Tàu,8000000,15000000,full-time,<35,2,university,"1. JOB PURPOSE Support financial planning and analysis activities, including budgeting, ROI tracking, and cash flow management, to ensure effective financial control and support business decision-making. 2. KEY RESPONSIBILITIES 1. Calculate and track Return on Investment (ROI) to evaluate business performance and operational efficiency. 2. Prepare and analyze financial reports, including Profit & Loss (P&L), Cost of Goods Sold... Yêu cầu: 1. Education: Bachelor’s degree in Finance, Accounting, or a related field. 2. Experience: At least 2 years of experience in finance, financial planning, or related roles. 3. Knowledge: - Solid understanding of financial analysis, budgeting, and cost control. - Basic knowledge of accounting principles and financial reporting. 4. Skills: - Strong Excel skills (pivot tables, lookups, data analysis). - Analytical thinking and problem-solving skills. - Good English communication skills...",accounting,VietnamWorks_Algolia,https://www.vietnamworks.com/finance-specialist-highly-competitive-salary-2043392-jv,2026-05-26T00:31:26.951758
scraped_vietnamworks_algolia_06734,Sales Manager (Logistics Service),Asia Chemical Corporation,Leadership|Communication|English,Hồ Chí Minh,9600000,18000000,full-time,any,5,university,"• Develop and execute sales strategies to meet and exceed quarterly and annual revenue and margin targets. • Manage global key accounts and oversee acquisition of new clients in logistics and supply chain sectors. • Lead negotiations with customers regarding Cost, Insurance, and Freight (CIF) pricing, Delivered Duty Paid (DDP) pricing, foreign exchange (FX) rates, and quarterly volume allocations. • Supervise... Yêu cầu: • Bachelor’s degree in business administration, Logistics, Supply Chain Management, International Trade or related fields. • Minimum 5 years of experience in international sales, preferably in logistics or supply chain industries. • Proven leadership experience in managing sales teams and driving performance. • Strong command of English in all four skills (listening, speaking, reading, writing). • Excellent communication, negotiation, analytical, and problem-solving skills. • Solid...",sales,VietnamWorks_Algolia,https://www.vietnamworks.com/sales-manager-logistics-service--2057337-jv,2026-05-26T12:56:55.262820
scraped_vietnamworks_algolia_01428,Kế Toán Viên,Công ty Cổ phần đầu tư thương mại BP,Kế toán,Hồ Chí Minh,0,12000000,full-time,<35,1,university,"• Hạch toán các nghiệp vụ kế toán phát sinh hàng ngày (thu, chi, công nợ, ngân hàng, hoá đơn…); • Kiểm tra, đối chiếu số liệu giữa các bộ phận nội bộ, giữa công ty với đối tác làm việc; • Theo dõi và quản lý công nợ phải thu, phải trả; • Lập báo cáo tài chính định kỳ... Yêu cầu: • Tốt nghiệp Đại học chuyên ngành: Kế toán/ Tài chính/ Kiểm toán; • Có ít nhất 1 năm kinh nghiệm ở vị trí tương đương; • Nắm vững nghiệp vụ kế toán và các quy định pháp luật liên quan; • Thành thạo vi tính văn phòng và phần mềm Kế toán (MISA); • Kỹ năng phân tích, tổng hợp số liệu...",accounting,VietnamWorks_Algolia,https://www.vietnamworks.com/ke-toan-vien-2048975-jv,2026-05-25T23:38:03.710539
scraped_mywork_00078,Quản Lý Cụm,Công Ty TNHH Giải Pháp F&b Onset,,Hồ Chí Minh,14000000,17000000,full-time,any,3,high,Quản Lý Cụm,bao_ve,MyWork,https://mywork.com.vn/viec-lam-quan-ly-cum-job-200835249.html,2026-05-25T19:54:42.818318
scraped_vietnamworks_algolia_02251,Nhân Viên Kinh Doanh,Công Ty TNHH VINA Buhmwoo,Kinh doanh,Hồ Chí Minh,30000000,30000000,full-time,<35,1,high,"• Tìm kiếm và phát triển khách hàng mới • Tư vấn giải pháp dung dịch gia công kim loại phù hợp với nhu cầu khách hàng • Duy trì và phát triển mối quan hệ với khách hàng hiện tại • Khảo sát nhu cầu, theo dõi quá trình sử dụng sản phẩm tại khách hàng • Phối... Yêu cầu: Must-have: • Tốt nghiệp Cao đẳng/Đại học, từ 22 tuổi đến 30 tuổi • Có khả năng giao tiếp tiếng Anh cơ bản • Kỹ năng giao tiếp, đàm phán và chăm sóc khách hàng • Sẵn sàng đi thị trường Nice-to-have: • Có kinh nghiệm Sales B2B hoặc ngành công nghiệp • Hiểu biết về CNC, cơ khí, vật liệu hoặc máy...",sales,VietnamWorks_Algolia,https://www.vietnamworks.com/nhan-vien-kinh-doanh--2049944-jv,2026-05-25T23:57:16.803177
scraped_vietnamworks_algolia_02836,Cryogenics Engineer,FPT Corporation,,Hà Nội,9200000,17250000,full-time,any,3,university,"FPT Quantum là một trong năm đơn vị chiến lược trong hệ sinh thái FPT, được thành lập với sứ mệnh chiến lược: Đưa Việt Nam trở thành một điểm sáng trên bản đồ công nghệ lượng tử toàn cầu. Chúng tôi tập trung vào việc làm chủ những công nghệ cốt lõi nhất—từ... Yêu cầu: ● Học vấn: Tốt nghiệp chuyên ngành Vật lý (Physics). ● Kinh nghiệm: Ít nhất 3 năm làm việc với các hệ thống siêu lạnh hoặc vị trí tương đương. ● Kiến thức chuyên môn: ○ Có kiến thức chuyên sâu về các khái niệm nhiệt động lực học (Enthalpy, Entropy, Phase...). ○ Hiểu rõ hệ thống và nguyên lý vận hành của...",other,VietnamWorks_Algolia,https://www.vietnamworks.com/cryogenics-engineer-2045420-jv,2026-05-26T00:31:23.525923
scraped_vietnamworks_algolia_02682,Kế Toán Tổng Hợp | General Accountant,CÔNG TY TNHH OTIS MINH CHÂU,Microsoft Office,Hồ Chí Minh,16000000,20000000,full-time,any,2,university,"- Kiểm tra, rà soát BCTC các khách hàng của công ty; - Quản lý nhóm kế toán, phân công công việc cho các thành viên trong nhóm; Lên kế hoạch và sắp xếp lịch kiểm tra sổ sách, kiểm toán với khách hàng - Lập báo cáo tài chính tuân theo chuẩn mực VAS; IFRS; - Thực hiện công tác... Yêu cầu: * Yêu cầu kinh nghiệm: - Trình độ học vấn: tốt nghiệp Đại học trở lên chuyên ngành Kế toán - Kiểm toán; - Trình độ tin học: Sử dụng thành thạo Microsoft Office; phần mềm kế toán (Misa, Fast,...); - Kinh nghiệm làm việc: từ 02-03 năm ở vị trí kế toán, kiểm toán; ưu tiên ứng viên đã...",accounting,VietnamWorks_Algolia,https://www.vietnamworks.com/ke-toan-tong-hop-or-general-accountant-2046662-jv,2026-05-25T23:57:17.670819
scraped_vietnamworks_algolia_04940,Sales Supervisor GT (HCM/ Long Khánh/ Long An),Bel,Kinh doanh|Xây dựng,Nghệ An,8000000,15000000,full-time,any,2,high,"Với nhu cầu phát triển và mở rộng, Bel Vietnam tuyển dụng 03 vị trí giám sát bán hàng mới với chi tiết như sau: - 01 giám sát bán hàng - HCM - 01 giám sát bán hàng - Long Khánh (Đồng Nai) - 01 giám sát bán hàng - Long An - Gò Dầu (Tây... Yêu cầu: 1.Học vấn: Cao đẳng hoặc Đại học 2. Kinh nghiệm: 2-3 năm kinh nghiệm trong ngành hàng tiêu dùng tại vị trí GSBH 3.Kỷ năng yêu cầu : - Có kỹ năng dẫn dắt và quản lý nhân viên và đội nhóm - Có kỹ năng hàng động và hướng đến kết quả - Có kiến thức va...",sales,VietnamWorks_Algolia,https://www.vietnamworks.com/sales-supervisor-gt-hcm-long-khanh-long-an-2043533-jv,2026-05-26T00:31:28.512684
scraped_vietnamworks_algolia_07616,Officer - Production Planning,B. Braun,Communication|English|Excel,Hà Nội,9200000,17250000,full-time,any,1,university,"About the Role We are seeking a proactive and strategic Production Planning Officer to join our team at B Braun Vietnam. As a Production Planning Officer, you will plan and coordinate production schedules, materials, and capacity to ensure smooth manufacturing operations and on-time delivery. This role works closely with Production, SCM, and global stakeholders to... Yêu cầu: What you will bring to the team: • Bachelor’s degree in Supply Chain or Economic / Business Administration and related degree • At least 01 year of experience in production planning in a manufacturing company (required) • Strong experience in Excel at least from intermediate level (required) • Fluent English skills in both communication and in writing, equivalent to IELTS 6.5 (required) • Being...",sales,VietnamWorks_Algolia,https://www.vietnamworks.com/officer-production-planning--2056479-jv,2026-05-26T12:56:57.599916
scraped_vietnamworks_algolia_06731,Nhân Viên Lái Xe Riêng Cho Giám Đốc (Nữ),Công ty TNHH Đại Hoàng Long Trung Yên (Xây dựng – BĐS Chủ đầu tư),Lái xe,Hà Nội,35000000,35000000,full-time,<35,3,high,"1. Thông tin chung • Địa điểm làm việc: Tại Hà Nội và đi công tác theo yêu cầu • Thời gian làm việc: Từ Thứ 2 – Thứ 7 (Có phát sinh ngoài giờ hoặc Chủ nhật tùy theo lịch trình của Giám đốc). • Loại xe: các loại xe như: Mercedes hoặc Ranger Rover … 2. Mô tả... Yêu cầu: 3. Yêu cầu • Kinh nghiệm: Ít nhất 3–5 năm lái xe hạng sang cho lãnh đạo (Ưu tiên người đã từng lái cho Giám đốc nữ). • Giới tính: Nam ( độ tuổi từ 25 đến 35) • Kỹ năng: Lái xe điềm đạm, an toàn, xử lý tình huống tốt. Am hiểu đường xá Hà Nội và các...",driver,VietnamWorks_Algolia,https://www.vietnamworks.com/nhan-vien-lai-xe-rieng-cho-giam-djoc-nu-2057366-jv,2026-05-26T12:56:55.255528
scraped_vietnamworks_algolia_07847,Financial Planning & Analysis Manager,CÔNG TY CỔ PHẦN CHUỖI NHÀ HÀNG SVN,,Hà Nội,9200000,17250000,full-time,<35,2,university,"TRÁCH NHIỆM / RESPONSIBILITY 1 Phân tích PnL theo brand / cửa hàng / kênh doanh thu 2 Xây dựng Planning – Budget – Forecast – Cashflow (Xây dựng kế hoạch tài chính, ngân sách năm và forecast định kỳ theo tháng/quý; theo dõi dòng tiền, phân tích chênh lệch giữa thực tế và kế hoạch,... Yêu cầu: Trình độ học vấn/ Academic - Nam nữ từ 28 < 40 Tốt nghiệp Đại Học trở lên chuyên ngành Tài Chính – Kế Toán – Kiểm toán Kiến thức/ Knowledge - Mạnh về phân tích dữ liệu, đã có những thành tích trong tối ưu chi phí…. Kỹ năng/ Skill - Kỹ năng quản lý và lãnh đạo...",other,VietnamWorks_Algolia,https://www.vietnamworks.com/financial-planning-and-analysis-manager-2047000-jv,2026-05-26T12:56:58.277764
scraped_vietnamworks_algolia_00711,Senior Database Engineering - Governance,FPT Software,Python|Sql|Aws,Hồ Chí Minh,9600000,18000000,full-time,any,7,university,"ABOUT FPT SOFTWARE • FPT Software, a subsidiary of FPT Group, is a leading global IT service provider headquartered in Vietnam. With 33,000&#43; employees in 88 offices across 30 countries, we serve 1,100&#43; clients, including 96 Fortune 500 companies. • We believe diversity fuels innovation and strive to create an inclusive workplace where talents of all backgrounds thrive.... Yêu cầu: • 7&#43; years of experience in Data Engineering, Data Quality, or Data Observability within enterprise environments. • 3&#43; years of experience in AWS Cloud Platform with Glue and EMR Pipelines. • Demonstrated experience implementing data monitoring, observability, or reliability frameworks. • Strong technical proficiency in SQL and Python, and enterprise data platforms. • Hands-on experience with at least one...",other,VietnamWorks_Algolia,https://www.vietnamworks.com/senior-database-engineering-governance-2058300-jv,2026-05-25T23:16:54.282709
scraped_vietnamworks_algolia_06284,Logistics Specialist (Temporary 7-Month Contract),Samsung Vina Electronics (Savina-S),Kho vận,Hồ Chí Minh,9600000,18000000,full-time,any,2,university,"1. [Outbound Management] - Fix error if any in sending DO, GI ED. - Control on time GI (OTGI) KPI with warehouse. - Change PGI/RDD as request from D2C, Shop, Call Center. - Check POD uploading status and remind 3PL to upload fully via email/chat. - Control OT IOD Receipt (IOD) and In Time OB Delivery (Consumer RDD) KPI. -... Yêu cầu: - Good University degree, preferably in Supply chain, Business, Analytics (preferably with experience in Consumer Electronics or relevant industry.) - Typically requires minimum 1-2 years of related experience and a Bachelor&#039;s degree. - Results-oriented, and able to work independently.",warehouse,VietnamWorks_Algolia,https://www.vietnamworks.com/logistics-specialist-temporary-7-month-contract-2057924-jv,2026-05-26T12:56:54.032874
scraped_vietnamworks_algolia_05826,"Senior Executive, Fraud Investigator",Smartpay JSC,,Hồ Chí Minh,9600000,18000000,full-time,any,3,university,"Job Purpose Summary We are seeking a senior fraud risk professional to lead transaction monitoring, fraud detection, and investigation across our payment services, including merchant acquiring and cross-border transactions. This role is responsible for minimizing fraud losses, strengthening risk controls, ensuring regulatory compliance, and contributing to fraud strategy and system optimization while supporting business growth. Key Responsibilities... Yêu cầu: Education/Qualification Bachelor degree in Finance, Banking, Economics, Data Analytics, or related fields. Experience - 5+ years of experiences in fraud risk, transaction monitoring, or risk operations (fintech, banking, payments intermediary services preferred) - Proven experience in implementing and managing anti-fraud programs, including fraud rule design and optimization, the ability to identify, investigate, and mitigate various types of fraud...",other,VietnamWorks_Algolia,https://www.vietnamworks.com/senior-executive-fraud-investigator-2048444-jv,2026-05-26T12:56:53.033509
scraped_vietnamworks_algolia_06085,[Bà Rịa - Vũng Tàu] Chuyên Viên Thu Mua Vật Tư,Công Ty Cổ Phần Thép Hòa Phát Dung Quất,Excel|Word,Hồ Chí Minh,35000000,35000000,full-time,any,1,high,"- Lập kế hoạch, triển khai mua vật tư, thiết bị, linh kiện máy móc dựa theo nhu cầu sản xuất của công ty sau khi được Ban giám đốc phê duyệt; - Chịu trách nhiệm giao dịch với nhà cung cấp, báo cáo tổng hợp tới TP & PP các thông tin nhận được... Yêu cầu: – Nam, tuổi từ 22 đến 35; – Trình độ chuyên môn: Đại học các ngành nghề; – Sử dụng thành thạo tiếng Trung hoặc tiếng Anh (4 kỹ năng: nghe, nói, đọc, viết); – Sử dụng thành thạo tin học văn phòng thông dụng: word, excel, power point, outlook... – Giao tiếp tốt, làm việc độc lập,...",other,VietnamWorks_Algolia,https://www.vietnamworks.com/ba-ria-vung-tau-chuyen-vien-thu-mua-vat-tu-2057991-jv,2026-05-26T12:56:53.605882
scraped_vietnamworks_algolia_05067,Talent Acquisition Specialist (Tuyển Dụng Nhân Tài),Lotus Group,Hành chính|IT,Hồ Chí Minh,9600000,18000000,full-time,any,4,university,"CHUYÊN VIÊN TUYỂN DỤNG NHÂN TÀI Chịu trách nhiệm triển khai hoạt dộng tuyển dụng hiệu quả, đồng thời từng bước phát triển năng lực theo định hướng HRBP. Vị trí này đóng vai trò là nguồn nhân sự kế thừa cho HRBP trong tương lai, bảo đảm vừa đáp ứng nhu cầu tuyển... Yêu cầu: 1. Thái Độ (Attitude)  Chủ động, nhanh nhạy và có tinh thần ownership trong công việc tuyển dụng.  Tư duy dịch vụ nội bộ (internal customer mindset), hỗ trợ hiệu quả cho các phòng ban.  Tinh thần học hỏi và phát triển theo định hướng HRBP.  Kiên trì, linh hoạt và chịu được áp lực tuyển...",other,VietnamWorks_Algolia,https://www.vietnamworks.com/talent-acquisition-specialist-tuyen-dung-nhan-tai-2058826-jv,2026-05-26T12:56:51.459078
scraped_vietnamworks_algolia_05327,Production Management Assistant,Công Ty TNHH Triac Composites,Communication|English,Hồ Chí Minh,10000000,15000000,full-time,<35,1,high,"PURPOSE OF THE JOB: The Production Assistant is responsible to provide timely and accurate administrative support to the Operations Manager and Production Office Management as required. This role combines administrative and organizational tasks with translation duties, requiring flexibility to work both in the office and on the factory floor. Tasks are to control, to administer, and... Yêu cầu: • Strong organizational and multitasking skills. • Proficiency in English with excellent translation ability (written and spoken). • Ability to work effectively in both office and factory environments. • Good communication and interpersonal skills. • Familiarity with production processes or manufacturing environments is an advantage. • Competence in MS Office or similar productivity tools. • Attention to detail and problem-solving...",sales,VietnamWorks_Algolia,https://www.vietnamworks.com/production-management-assistant-2052994-jv,2026-05-26T12:56:51.980854
scraped_vietnamworks_algolia_04210,Satellite System Test Engineer (Cubesat Tester),CÔNG TY CỔ PHẦN VINSPACE,IT,Hà Nội,9200000,17250000,full-time,any,1,university,"Bạn sẽ là người chịu trách nhiệm đảm bảo toàn bộ hệ thống vệ tinh CubeSat hoạt động đúng thiết kế , từ cấp độ module đến tích hợp hệ thống. Nhiệm vụ chính • Xây dựng và thực hiện kế hoạch kiểm thử cho: o Các module vệ tinh: OBC, EPS, ADCS, COM, Payload o Giao tiếp giữa các... Yêu cầu: Bắt buộc • Tốt nghiệp các ngành: o Điện – Điện tử o Tự động hóa o Cơ điện tử o Hàng không vũ trụ • Kinh nghiệm: o ≥ 1–3 năm trong:  Embedded systems / Hardware testing  Hoặc robotics / UAV / satellite • Hiểu biết về: o Vi điều khiển (STM32, ARM Cortex…) o Giao tiếp: UART, SPI, I2C, CAN o Đọc hiểu schematic,...",other,VietnamWorks_Algolia,https://www.vietnamworks.com/satellite-system-test-engineer-cubesat-tester-2049027-jv,2026-05-26T00:31:26.711704
scraped_mywork_00305,"Nhân Viên Kho Trạm Giao Nhận, Bưu Cục [Tp HCM, Long An, Bình Dương]",Công Ty TNHH Spx Express,Kế toán|Kho vận,Hồ Chí Minh,8000000,11000000,full-time,any,3,high,"Nhân Viên Kho Trạm Giao Nhận, Bưu Cục [Tp HCM, Long An, Bình Dương]",bao_ve,MyWork,https://mywork.com.vn/viec-lam-nhan-vien-kho-tram-giao-nhan-buu-cuc-tp-hcm-long-an-binh-duong-job-200831097.html,2026-05-25T19:54:42.947489
scraped_vietnamworks_algolia_01393,"Customer Support (Order Processing, English, Shifts)",The One Digi Corp,English|Chinese,Hồ Chí Minh,300000000,500000000,full-time,any,1,high,"Notice: This job requires rotating shifts, Please apply only if you are able to work rotating shifts (Please refer to the details below) A - JOB SCOPE: 1/ Customer Inquiries & Support: ● Respond promptly to customer inquiries through various channels, including email, live chat, and phone. ● Provide accurate and detailed pricing and delivery... Yêu cầu: ● Bachelor’s degree in English, Hospitality, Tourism, Human Resource Management, Business Administration, or a related field. ● No prior experience required, training will be provided. ● Skills: ○ Strong written, reading, and speaking skills in English and/or Chinese (prefer cdd can use both languages) ○ Logical thinking ability to approach and resolve customer inquiries effectively. ○ Ability to work...",sales,VietnamWorks_Algolia,https://www.vietnamworks.com/customer-support-order-processing-english-shifts-2057951-jv,2026-05-25T23:38:03.637767
scraped_vietnamworks_algolia_07432,Receptionist Working At Hanoi Branch,Md Dermatics Vietnam Co Ltd,Communication|English|Microsoft Office|Ms Excel|Excel,Hà Nội,350000000,550000000,full-time,any,0,high,"1. RECEPTION: Answer incoming calls: - Receive all incoming calls/ fax then forward calls to the appropriate person - Take and deliver the message accurately and completely Welcome guests & monitor security: -Welcome guests/ vendors/ candidates/,… and direct to appropriate person - Monitor people coming and going through the reception doors&#34; Manage mail: - Receives, sorts and distributes incoming mails & packages - Manages... Yêu cầu: - Welcome fresh graduates - Proficient in Microsoft Office, especially in MS Excel. - Good communication skills in English is a plus Working place: Quận Cầu Giấy, TP. Hà Nội",service,VietnamWorks_Algolia,https://www.vietnamworks.com/receptionist-working-at-hanoi-branch--2056832-jv,2026-05-26T12:56:56.980895
scraped_vietnamworks_algolia_06495,Sales Logistics Executive (Freight Forwarding),CÔNG TY CỔ PHẦN DỊCH VỤ VẬN TẢI QUỐC TẾ HỔ ĐÔNG DƯƠNG,Kế toán|Kinh doanh|Kho vận,Hà Nội,9200000,17250000,full-time,any,0,high,"Bạn yêu thích kinh doanh và mong muốn phát triển sự nghiệp trong lĩnh vực Logistics – Xuất nhập khẩu? Gia nhập Công ty Cổ phần Dịch vụ Vận tải Quốc tế Hổ Đông Dương để được làm việc trong môi trường logistics quốc tế chuyên nghiệp, tiếp xúc trực tiếp với khách hàng doanh... Yêu cầu: • Tốt nghiệp Cao đẳng/Đại học các ngành: Logistics, Xuất nhập khẩu , Kinh doanh quốc tế, Quản trị kinh doanh , Kinh tế hoặc các ngành liên quan. • Có kinh nghiệm sales từ 6 tháng trở lên (ưu tiên trong lĩnh vực Logistics/Freight Forwarding). • Chấp nhận ứng viên có định hướng theo Sales Logistics...",accounting,VietnamWorks_Algolia,https://www.vietnamworks.com/sales-logistics-executive-freight-forwarding--2057458-jv,2026-05-26T12:56:54.650248
scraped_vietnamworks_algolia_06735,Senior Business Development/ Account Manager (English Languagues Speaking),Avery Dennison Vietnam,English,Hồ Chí Minh,9600000,18000000,full-time,any,7,university,"Job overview: Reporting to the Sales Manager, the incumbent is responsible for increasing the company’s revenues by achieving sales objectives within the assigned territory and/or account. Key responsibilities: - Execute selling activities in relation to specific RBIS (Retail Brands & Information Solutions) Master Customer programs within a geographic territory. - Execute selling activities for the entire IBMS product... Yêu cầu: - Open for Bachelor Degree from any discipline. - Strong sense of Commercial/ Negotiation skills and mindset of Business development - At least 4 - 5 years business development / sales experience for Senior Executive level - Prefer experience in B2B sales/ apparel / footwear manufacturing, merchandising and trim accessory supply. - Fluent in English or Bilingual - Computer...",sales,VietnamWorks_Algolia,https://www.vietnamworks.com/senior-business-development-account-manager-english-languagues-speaking--2037390-jv,2026-05-26T12:56:55.265322
scraped_vietnamworks_algolia_02930,Textile Technical Engineer,Công Ty TNHH WGR Industries,,Gia Lai,1000,2000,full-time,any,3,university,"Job Description: 1. Equipment Operation and Process Execution: • Operate, adjust, and perform daily maintenance of production equipment in assigned processes (e.g. DTY texturizing, weaving, coating). • Follow standard operating procedures and technical instructions strictly. • Monitor and control production parameters such as temperature, speed, tension, etc. to ensure product quality. • Participate in testing, trial runs, and adjustments of new... Yêu cầu: Professional Requirement: Textile Engineering, Mechanical/Electrical Engineering, or related fields is preferred. Experience Requirement: Minimum 3 years of experience working in textile manufacturing factories, such as weaving, DTY texturizing, coating, or related processes. Knowledge, Skill Requirement: • Familiar with at least one textile process (weaving, DTY, coating, etc.) including equipment operation and basic process principles. • Able to understand...",other,VietnamWorks_Algolia,https://www.vietnamworks.com/textile-technical-engineer-2056050-jv,2026-05-25T23:57:18.161946
scraped_vietnamworks_algolia_00063,Chuyên Gia Kiến Trúc và Giải Pháp Dữ Liệu,Ngân Hàng TMCP Đại Chúng Việt Nam,Xây dựng,Hà Nội,9200000,17250000,full-time,any,5,university,"Chủ trì thực hiện các nhiệm vụ sau - Xây dựng kiến trúc dữ liệu hiện đại có khả năng nâng cao hiệu suất phân tích dữ liệu và chiến lược kinh doanh dựa trên dữ liệu của NH; - Xây dựng các tiêu chuẩn về thiết kế luồng dữ liệu, thiết kế lưu trữ, tổ... Yêu cầu: Bằng cấp: Tốt nghiệp Đại học trở lên các chuyên ngành thuộc lĩnh vực Công nghệ Thông tin; Kiến thức chuyên môn: - Theo yêu cầu về năng lực chuyên môn và năng lực quản lý quy định trong Khung năng lực của Khối CNTT trong từng thời kỳ. Kinh nghiệm làm việc: - Có tối thiểu 05...",construction,VietnamWorks_Algolia,https://www.vietnamworks.com/chuyen-gia-kien-truc-va-giai-phap-du-lieu-2048614-jv,2026-05-25T19:46:09.214219
scraped_vietnamworks_algolia_05582,Marketing Analyst,Ben Line Vietnam,Sql|Critical Thinking|Microsoft Office|Excel|Powerpoint,Hồ Chí Minh,9600000,18000000,full-time,any,2,university,"Purpose • To assist and enhance BLA’s reputation as a leading ships’ agency company in the Asia Pacific region. • Improve operational and service efficiencies across the Marine Agency business. • Working to achieve a sustainable and consistent Commercial and Operation’s department in line with the group’s commercial and Operational aspirations and targets. Key responsibilities 1. Tender Support, Reports... Yêu cầu: Requirements Qualifications: Diploma or equivalent Skills: • Analysis • Reading statistics • Producing reports • Presentations Experience: 1+ years within the shipping sector is preferred Knowledge: Basic shipping Behaviour: • Background in International Trade, Shipping or Marine Services is preferred • Strong command of Excel, PowerPoint, and general Microsoft Office applications • Working knowledge of SQL and data handling • Critical thinking, attention to detail, and the...",sales,VietnamWorks_Algolia,https://www.vietnamworks.com/marketing-analyst-2033248-jv,2026-05-26T12:56:52.493819
scraped_vietnamworks_algolia_04922,Export & Import Document Dist 7 (Freight Forwarding),Ecu Worldwide Vietnam,Teamwork|Communication|English|Excel|Word,Hồ Chí Minh,9600000,18000000,full-time,any,1,university,"1. Export Documentation • Prepare and handle export documentation. • Coordinate with customers to confirm shipment details and quantity of goods. • Update shipment status for customers (receipts, photos, damage notifications if any). • Request Bill of Lading details from customers, complete B/L and submit SI to carrier; check MBL. • Work with suppliers to obtain invoices and coordinate... Yêu cầu: • College/University degree in International Business, Logistics, Economics, or Foreign Trade. • 1–2 years experience in import/export or logistics. • Good English skills (reading & writing import/export documents, basic communication). • Proficiency in MS Office (Excel, Word). • Good communication, teamwork, and problem-solving skills. • Careful, honest, responsible, and able to work under pressure.",other,VietnamWorks_Algolia,https://www.vietnamworks.com/export-and-import-document-dist-7-freight-forwarding-2025494-jv,2026-05-26T00:31:28.466369
scraped_vietnamworks_algolia_04103,Trưởng Phòng Tài Chính Đầu Tư (Mảng Bất Động Sản),Công Ty Cổ Phần Tập Đoàn Phú Thái Holdings,Kế toán|Bất động sản|Tài chính|Thẩm định,Hà Nội,9200000,17250000,full-time,<50,5,university,"I/THÔNG TIN CÔNG VIỆC - Bộ phận: Tài chính - Công ty/Đơn vị: Công ty CP BĐS Phú Thái_ Đơn vị thành viên Tập đoàn Phú Thái - Địa điểm làm việc: 44B Lý Thường Kiệt – Hoàn Kiếm - Thời gian làm việc: 44 giờ/tuần, từ thứ Hai đến thứ Sáu; nghỉ Thứ Bảy và Chủ Nhật. II/... Yêu cầu: IV. YÊU CẦU ỨNG VIÊN - Tốt nghiệp Đại học chuyên ngành Tài chính, Kế toán, Đầu tư hoặc liên quan - Có 5–10 năm kinh nghiệm - Có kinh nghiệm bất động sản/đầu tư dự án - Thành thạo financial modeling - Hiểu sâu về dòng tiền và cấu trúc vốn Ưu tiên: - Có kinh nghiệm làm việc với...",accounting,VietnamWorks_Algolia,https://www.vietnamworks.com/truong-phong-tai-chinh-djau-tu-mang-bat-djong-san-2044135-jv,2026-05-26T00:31:26.348911
scraped_vietnamworks_algolia_03548,"Trưởng phòng Khách hàng cá nhân - Đơn vị mới - CN Nam Gia Lâm - Xã Gia Lâm, Hà Nội (2026TD453241)",NGÂN HÀNG TMCP QUÂN ĐỘI – MBBANK,Cơ khí,Hà Nội,9200000,17250000,full-time,any,3,university,"1. Trực tiếp xây dựng, triển khai và giám sát việc thực hiện kế hoạch của Phòng Khách hàng cá nhân (KHCN) 2. Quản lý và tổ chức công việc theo mảng chức năng được phân công - Thiết lập mục tiêu kinh doanh, xây dựng chương trình hành động và chịu trách nhiệm về kết... Yêu cầu: 1. Trình độ học vấn: Cử nhân chuyên ngành Kinh tế/ Tài chính/ Ngân hàng 2. Ngoại ngữ: TOEIC 500 trở lên hoặc chứng chỉ tương đương 3. Kinh nghiệm: Tối thiểu 03 năm lĩnh vực tài chính/ngân hàng. - Tối thiểu 01 năm tại vị trí quản lý tương đương cấp Trưởng phòng/ Phó phòng/ Trưởng...",skilled,VietnamWorks_Algolia,https://www.vietnamworks.com/truong-phong-khach-hang-ca-nhan-djon-vi-moi-cn-nam-gia-lam-xa-gia-lam-ha-noi-2026td453241-2046088-jv,2026-05-26T00:31:25.050934
scraped_vieclam24h_00009,Kế Toán Tổng Hợp - Thu Nhập Từ 12-,,Kế Toán,Hồ Chí Minh,15000000,15000000,full-time,any,1,high,"Thực hiện kiểm tra, đối chiếu và tổng hợp số liệu kế toán giữa các phòng ban, chi nhánh đảm bảo tính chính xác và minh bạch. Hạch toán đầy đủ các nghiệp vụ phát sinh: doanh thu, chi phí, công nợ, tài sản cố định, khấu hao, thuế,... Theo dõi và quản lý công nợ phải thu - phải trả; phối hợp xử lý các khoản công nợ tồn đọng. Kiểm tra sự cân đối giữa số liệu kế toán chi tiết và tổng hợp, đảm bảo số dư cuối kỳ chính xác. Lập báo cáo thuế định kỳ, báo cáo tài chính tháng/quý/năm theo quy định. Chuẩn bị hồ sơ, giải trình số liệu với cơ quan thuế, kiểm toán khi cần. Thực hiện lưu trữ chứng từ, sổ sách kế toán khoa học và đúng quy định. Tham gia cải tiến quy trình kế toán, nâng cao hiệu quả kiểm soát và quản trị tài chính nội bộ. Hỗ trợ cung cấp số liệu, báo cáo phục vụ công tác quản trị và ra quyết định của Ban Giám Đốc. Thực hiện các công việc khác theo phân công của cấp trên.",accounting,Vieclam24h,https://vieclam24h.vn/ke-toan/ke-toan-tong-hop-thu-nhap-tu-12-15-trieu-c17p73id200798284.html,2026-05-25T19:51:43.517106
scraped_vietnamworks_algolia_04689,Kỹ Sư Cơ Sở Hạ Tầng (FAC),Công Ty TNHH Liteon Việt Nam,Microsoft Office,Quảng Ninh,8000000,15000000,full-time,any,1,college,"1. Kỹ sư Kỹ thuật (Engineering Engineer) • Phụ trách quản lý các dự án xây dựng, cải tạo và mở rộng Facility trong nhà máy. • Đảm bảo tiêu chuẩn kỹ thuật, giám sát thi công, nghiệm thu và bàn giao hệ thống đúng tiến độ. 2. Trưởng nhóm Sửa chữa (Repair Team Leader) • Quản... Yêu cầu: - Tốt nghiệp từ Trung cấp nghề trở lên (ưu tiên Đại học đối với các vị trí kỹ sư/quản lý) - Có kinh nghiệm làm việc trong lĩnh vực liên quan - Sử dụng được Microsoft Office, có kỹ năng phối hợp, giao tiếp và quản lý công việc, - Có khả năng sử dụng tiếng...",other,VietnamWorks_Algolia,https://www.vietnamworks.com/ky-su-co-so-ha-tang-fac--2050031-jv,2026-05-26T00:31:27.896502
scraped_vietnamworks_algolia_04862,Receptionist,Công Ty Cổ Phần VSAP LAB,Microsoft Office|Excel|Word|Powerpoint,Đà Nẵng,8400000,15750000,full-time,<35,1,university,"About the Company VSAP LAB is a fully-funded Vietnamese startup specializing in Advanced Packaging solutions for semiconductor chips. We focus on research and innovation to provide design, manufacturing, prototyping, and testing services. Our mission is to deliver the best form factors, performance, and fastest time to market for our customers’ chips. We aim to enable... Yêu cầu: Requirements • College or Bachelor’s degree in Business Administration, Hospitality, Linguistics, or a related field. • At least 1–2 years of experience in a Receptionist, Front Desk, or Admin Assistant role. • Experience working in a professional corporate environment or hospitality industry is a plus • Proficiency in Microsoft Office Suite (Word, Excel, PowerPoint). • Competent in basic graphic design and video editing (e.g.,...",service,VietnamWorks_Algolia,https://www.vietnamworks.com/receptionist-2046521-jv,2026-05-26T00:31:28.314126
scraped_mywork_00082,Nhân Viên Bảo Trì Cơ Điện,Công Ty TNHH Castec Vina,Điện,Hà Nội,10000000,20000000,full-time,any,3,high,Nhân Viên Bảo Trì Cơ Điện,bao_ve,MyWork,https://mywork.com.vn/viec-lam-nhan-vien-bao-tri-co-dien-job-200835329.html,2026-05-25T19:54:42.818949
scraped_mywork_00018,Chuyên Viên Chăm Sóc Khách Hàng Vip - Không Cần Kinh Nghiệm,Công Ty Cổ Phần BĐS Asian Holding,Chăm Sóc,Hồ Chí Minh,10000000,15000000,full-time,any,1,high,Chuyên Viên Chăm Sóc Khách Hàng Vip - Không Cần Kinh Nghiệm,bao_ve,MyWork,https://mywork.com.vn/viec-lam-chuyen-vien-cham-soc-khach-hang-vip-khong-can-kinh-nghiem-job-200837656.html,2026-05-26T13:56:32.828776
scraped_vietnamworks_algolia_06686,Nhân Viên Tác Nghiệp Ban Vận Chuyển,Công Ty Cổ Phần Sữa Việt Nam (Vinamilk),Lái xe|Kho vận,Hà Nội,9200000,17250000,full-time,any,1,university,"Địa điểm làm việc : Xí nghiệp Kho vận Hà Nội, Km 10, Quốc lộ 5, Xã Gia Lâm, TP. Hà Nội TÓM TẮT CÔNG VIỆC - Chịu trách nhiệm trước Trưởng Ban Vận Chuyển về việc quản lý hàng đổi và dịch vụ vận chuyển. - Chịu trách nhiệm trước Trưởng Ban Vận Chuyển phân công và... Yêu cầu: HỌC VẤN & CHUYÊN NGÀNH: - Tốt nghiệp đại học khối kinh tế, ngành logistic, ngành giao thông vận tải, ưu tiên chuyên ngành công nghệ thông tin KINH NGHIỆM: - Có kinh nghiệm trong công tác thống kê, lưu trữ chứng từ. - Có kinh nghiệm trong công tác điều phối vận chuyển hàng hóa - Có kinh...",driver,VietnamWorks_Algolia,https://www.vietnamworks.com/nhan-vien-tac-nghiep-ban-van-chuyen-2053531-jv,2026-05-26T12:56:55.126376
scraped_vietnamworks_algolia_06182,Kỹ Thuật Viên Vận Hành Máy Mài,"Molex Vietnam Co., Ltd.",Cơ khí|Kho vận,Hà Nội,9200000,17250000,full-time,any,1,high,"• Chuẩn bị và nạp nguyên vật liệu, linh kiện lên máy móc • Hiểu rõ các thông số kỹ thuật của công việc và kết quả mong muốn bằng cách đọc bản vẽ kỹ thuật, bản vẽ cơ khí, v.v. Giám sát máy móc trong quá trình thực hiện công việc và thực hiện... Yêu cầu: Có 1 năm kinh nghiệm vận hành máy mài Có khả năng đọc bản vẽ Có khả năng mài chi tiết nhỏ Cẩn thận, tỉ mỉ, chăm chỉ",skilled,VietnamWorks_Algolia,https://www.vietnamworks.com/ky-thuat-vien-van-hanh-may-mai--2054027-jv,2026-05-26T12:56:53.805031
scraped_vietnamworks_algolia_00722,Sales B2B,FPT Software,Kinh doanh,Hồ Chí Minh,9600000,18000000,full-time,any,3,university,"ABOUT FPT SOFTWARE • FPT Software, a subsidiary of FPT Group, is a leading global IT service provider headquartered in Vietnam. With 33,000&#43; employees in 88 offices across 30 countries, we serve 1,100&#43; clients, including 96 Fortune 500 companies. • We believe diversity fuels innovation and strive to create an inclusive workplace where talents of all backgrounds thrive.... Yêu cầu: • A bachelor’s degree in Business Administration, Business Management, or any other related fields. • 3&#43; year of experience in software development/outsourcing/product B2B sales • Outstanding communications and interpersonal skills, dynamic, outgoing with demonstrated ability to develop new corporate relationship as well as maintaining existing relationships • Entrepreneurial and innovative in problem-solving within the product...",sales,VietnamWorks_Algolia,https://www.vietnamworks.com/sales-b2b--2058279-jv,2026-05-25T23:16:54.315022
scraped_vietnamworks_algolia_06888,Chuyên Viên Đầu Tư Và QLDA Cao Cấp,CÔNG TY CỔ PHẦN NĂNG LƯỢNG FECON,Tài chính,Hà Nội,9200000,17250000,full-time,any,5,university,"1) Tìm kiếm, đánh giá, đề xuất dự án, cơ hội đầu tư trong lĩnh vực năng lượng - 40% - Đánh giá, tổng hợp thị trường, pháp luật chính sách; Nghiên cứu, phát triển dự án được giao và tìm kiếm cơ hội đầu tư dự án mới; - Khảo sát, tính toán, xây... Yêu cầu: Kiến thức chuyên môn : - Tốt nghiệp Đại học trở lên các ngành về năng lượng, điện lực hoặc liên quan; - Nắm vững các luật, quy định liên quan trong ngành điện, bên cạnh đó có hiểu biết về luật đầu tư, xây dựng, quản lý dự án, đấu thầu… - Kiến thức, kỹ năng về...",other,VietnamWorks_Algolia,https://www.vietnamworks.com/chuyen-vien-djau-tu-va-qlda-cao-cap-2050295-jv,2026-05-26T12:56:55.597650
scraped_vietnamworks_algolia_01126,(HCM) Kế Toán Thanh Toán - Up to 15 Triệu/tháng,Công Ty Cổ Phần Giáo Dục American Study,Kế toán,Hồ Chí Minh,0,15000000,full-time,any,2,high,"●Thực hiện các nhiệm vụ kế toán liên quan đến nghiệp vụ thanh toán ●Kiểm tra tính hợp lệ của đề nghị thanh toán, và lập lệnh chi tiền, ủy nhiệm chi, công văn mua ngoại tệ và nộp ra ngân hàng ●Lập hồ sơ vay vốn ngân hàng và trả nợ vay ngân hàng (nếu... Yêu cầu: ●Có ít nhất 2 năm kinh nghiệm làm về kế toán ●Tốt nghiệp đại học trở lên ●Tiếng Anh đọc, hiểu giao tiếp khá ●Kỹ năng giao tiếp tốt, làm việc team-work hiệu quả ●Trung thực, chăm chỉ, cẩn thận, nhiệt huyết và có trách nhiệm cao trong công việc Phúc lợi: ●Thu nhập: up to 15 triệu/tháng ●Tháng lương thứ...",accounting,VietnamWorks_Algolia,https://www.vietnamworks.com/-hcm-ke-toan-thanh-toan-up-to-15-trieuthang-2054839-jv,2026-05-25T23:38:03.065573
scraped_vietnamworks_algolia_04592,Chuyên Viên Kinh Doanh Khách Hàng Chiến Lược (Key Account Executive),Công ty Cổ phần Kobayashi Vina,Kinh doanh|Cơ khí,Hồ Chí Minh,16000000,25000000,full-time,any,2,university,"I. BẠN SẼ LÀM GÌ TẠI KOBAVINA? Vị trí Chuyên viên Kinh doanh Khách hàng Chiến lược (B2B Account Executive) tại KOBAVINA đóng vai trò trọng yếu trong việc vận hành và phát triển mảng kinh doanh sản xuất gia công, vượt khỏi phạm vi của công tác điều phối thông thường. Nhân sự đảm nhiệm... Yêu cầu: III. TIÊU CHUẨN NĂNG LỰC VÀ YÊU CẦU CÔNG VIỆC 1. Về Tư duy và Phẩm chất Nghề nghiệp (Văn hóa Doanh nghiệp) • Tư duy Quản trị (Ownership): Dám chịu trách nhiệm đến cùng với kết quả công việc, tuyệt đối không mang tâm lý đổ lỗi cho hoàn cảnh (như lỗi tại xưởng, tại khách...",skilled,VietnamWorks_Algolia,https://www.vietnamworks.com/chuyen-vien-kinh-doanh-khach-hang-chien-luoc-key-account-executive-2042235-jv,2026-05-26T00:31:27.661619
scraped_mywork_00131,Nhân Viên Phát Triển Thị Trường / Kinh Doanh B2B / Sale Thị Trường,Công Ty TNHH Kính Mắt Simba,Kinh Doanh,Hồ Chí Minh,10000000,25000000,full-time,any,3,high,Nhân Viên Phát Triển Thị Trường / Kinh Doanh B2B / Sale Thị Trường,bao_ve,MyWork,https://mywork.com.vn/viec-lam-nhan-vien-phat-trien-thi-truong-kinh-doanh-b2b-sale-thi-truong-job-200834721.html,2026-05-25T19:54:42.843869
scraped_vietnamworks_algolia_00816,3D Apparel Designer (CLO 3D / Optitex),"Hansae HCM Co., Ltd",Communication|English|Korean,Hồ Chí Minh,9600000,18000000,full-time,any,0,high,Job Summary We are looking for a 3D Apparel Designer to transform fashion concepts into high-quality 3D renderings and support virtual garment development. You will collaborate closely with Technical and Sales teams to ensure design accuracy and brand consistency. Key Responsibilities • Translate design concepts into accurate 3D garment renderings • Create and adjust 3D samples using... Yêu cầu: Must-have Requirements • Degree in Fashion Design or related field (or equivalent experience) • Experience in 3D garment design or related roles • Open to candidates with no experience • Basic English communication (reading & writing) • Understanding of garment construction and pattern making Benefits • Periodic health check-ups • Monthly phone allowance • Free Korean language classes at the company • 13th-month salary...,sales,VietnamWorks_Algolia,https://www.vietnamworks.com/3d-apparel-designer-clo-3d-optitex--2058167-jv,2026-05-25T23:16:54.571103
scraped_vietnamworks_algolia_01936,Kỹ Sư Kết Cấu (Dự Án Mỹ) / Structural Engineer,Pyra Ixi,Teamwork,Hồ Chí Minh,12000000,20000000,full-time,any,3,university,"Job Summary Tham gia thiết kế và triển khai hồ sơ kết cấu cho các dự án tại Mỹ bao gồm commercial, residential và industrial buildings. Làm việc trực tiếp với đội ngũ kỹ sư quốc tế và tiếp cận quy trình thiết kế theo tiêu chuẩn Mỹ. Key Responsibilities • Thiết kế và tính toán kết cấu... Yêu cầu: Must-have • Tốt nghiệp chuyên ngành Xây dựng/Kết cấu • Tối thiểu 3 năm kinh nghiệm thiết kế kết cấu • Thành thạo ETABS, SAP2000, AutoCAD hoặc Revit • Đọc hiểu tài liệu kỹ thuật tiếng Anh tốt • Có tinh thần trách nhiệm và teamwork Nice-to-have • Có kinh nghiệm dự án Mỹ hoặc quốc tế • Hiểu biết về US Codes...",other,VietnamWorks_Algolia,https://www.vietnamworks.com/ky-su-ket-cau-du-an-my-structural-engineer-2057469-jv,2026-05-26T12:56:44.816677
scraped_vietnamworks_algolia_03138,Head of Purchasing (Food),Vietnamworks' Client,Leadership,Hồ Chí Minh,9600000,18000000,full-time,any,8,university,"1. Role & Scope We are looking for an experienced Head of Purchasing (Food) to lead and manage the purchasing strategy and operations for key product categories including FMCG, Food, Beverage, and Confectionery. The successful candidate will be responsible for supplier management, category performance, pricing strategy, product development, and ensuring product availability to support business... Yêu cầu:  Qualifications & Experience • Bachelor’s degree in Business, Marketing, Supply Chain, or related field • Minimum 3–5 years of experience in category management or buying • Minimum 3 years in senior leadership or multi-category management role • Strong experience in supplier negotiation and product sourcing • Experience in private label development is highly preferred • Experience working in fast-paced retail or...",other,VietnamWorks_Algolia,https://www.vietnamworks.com/head-of-purchasing-food-2029033-jv,2026-05-26T00:31:24.169538
scraped_vietnamworks_algolia_04885,Giao Dịch Viên,Ngân Hàng TNHH MTV Việt Nam Hiện Đại (Modern Bank of Vietnam - MBV),,Hồ Chí Minh,9600000,18000000,full-time,any,1,high,"- Thực hiện các hoạt động vận hành Quỹ và dịch vụ khách hàng tại Chi nhánh: Giao dịch tiền mặt (nộp/rút tiền mặt; tiết kiệm, nhận/chuyển tiền, séc…); Giao dịch phi tiền mặt (chuyển khoản, tiết kiệm, thu phí…) - Thực hiện cung cấp các dịch vụ tại Chi nhánh gồm: Xác nhận số dư/thông tin... Yêu cầu: Yêu cầu: - Trình độ chuyên môn: Cử nhân CĐ/ĐH, ưu tiên chuyên ngành Kinh tế/Tài chính/Ngân hàng/Quản trị kinh doanh - Hiểu biết về về các sản phẩm, dịch vụ của Ngân hàng dành cho Khách hàng cá nhân - Kỹ năng bán hàng, giao tiếp tốt, ngoại hình ưa nhìn - Độ tuổi: 22-30 tuổi - Nam cao 1m70 trở lên, nữ...",other,VietnamWorks_Algolia,https://www.vietnamworks.com/giao-dich-vien--2045896-jv,2026-05-26T00:31:28.368151
scraped_vietnamworks_algolia_03160,Solar Energy Technology Engineer,"Zhejiang Uniview Technologies Co.,Ltd",Communication,Hà Nội,9200000,17250000,full-time,any,0,college,"1. Job Responsibilities 1. Assist dealers/installers in completing on-site surveys, product selection, installation, and commissioning of residential storage products to ensure smooth delivery and stable operation. 2. Handle product technical consultations and fault reporting for distributors/installers, quickly diagnose equipment malfunctions, promptly resolve after-sales issues, and enhance customer satisfaction. 3. Conduct training and empowerment for distributors/installers, including the... Yêu cầu: 1. Education and Major: Associate degree or above, in Electrical, New Energy, Automation, or related fields; fresh graduates are acceptable. 2. Possess certain electrical knowledge and be familiar with the basic principles of household electrical devices. 3. Excellent communication and customer service skills, with strong logical thinking and problem analysis abilities. 4. Candidates with experience in household...",other,VietnamWorks_Algolia,https://www.vietnamworks.com/solar-energy-technology-engineer-2055566-jv,2026-05-26T00:31:24.218562
scraped_vietnamworks_algolia_00005,Kỹ Sư Presales (Điện Nhẹ / Trạm Sạc Ô Tô Điện),Công ty cổ phần thương mại và công nghệ kỹ thuật Ecome,Excel,Hà Nội,12000000,18000000,full-time,any,1,high,"• Phối hợp kinh doanh khảo sát, thu thập yêu cầu khách hàng. • Tư vấn và đề xuất giải pháp kỹ thuật (điện nhẹ / trạm sạc ô tô điện). • Bóc tách khối lượng, lập BOQ, cấu hình thiết bị. • Làm báo giá kỹ thuật, tài liệu chào thầu. • Chuẩn bị hồ sơ kỹ thuật, catalogue, bản vẽ trình... Yêu cầu: • Tốt nghiệp chuyên ngành Điện, Điện tử, Tự động hóa hoặc liên quan. • Có kinh nghiệm ≥ 1 năm ở vị trí Presale/Thiết kế/Bóc tách khối lượng (ưu tiên điện nhẹ, M&E, năng lượng). • Đọc hiểu bản vẽ kỹ thuật tốt. • Thành thạo Excel, AutoCAD (biết thêm phần mềm khác là lợi thế). • Cẩn thận, tư duy giải...",skilled,VietnamWorks_Algolia,https://www.vietnamworks.com/ky-su-presales-dien-nhe-tram-sac-o-to-dien-2032997-jv,2026-05-25T19:46:08.423532
scraped_vietnamworks_algolia_05124,Data Governance Manager,United Overseas Bank (Vietnam) Limited (UOB),Sql,Hồ Chí Minh,9600000,18000000,full-time,any,5,high,"About UOB United Overseas Bank Limited (UOB) is a leading bank in Asia with a global network of more than 500 branches and offices in 19 countries and territories in Asia Pacific, Europe and North America. In Asia, we operate through our head office in Singapore and banking subsidiaries in China, Indonesia, Malaysia and Thailand,... Yêu cầu: • 5-7 years relevant experience • Strong skills in SAS/SQL for querying, data transformation, and optimization • Ability to design and understand data schema models suitable for data mart • Good in integrating data from multiple sources • Understanding of data quality principles to maintain data accuracy • Ability to troubleshoot issues and find efficient solutions to technical challenges •...",other,VietnamWorks_Algolia,https://www.vietnamworks.com/data-governance-manager--2048409-jv,2026-05-26T12:56:51.573534
scraped_mywork_00426,Chủ Quản HSE / Trưởng Phòng HSE - Tây Ninh,Công Ty TNHH Cocreation Grass Corporation Việt Nam,,Hồ Chí Minh,10000000,20000000,full-time,any,5,high,Chủ Quản HSE / Trưởng Phòng HSE - Tây Ninh,bao_ve,MyWork,https://mywork.com.vn/viec-lam-chu-quan-hse-truong-phong-hse-tay-ninh-job-200827798.html,2026-05-25T19:54:43.028612
scraped_vietnamworks_algolia_04000,[Tuyển Gấp] Nhân Viên Thiết Kế Khuôn Đúc Nhựa,Công Ty TNHH Kuroda Kagaku Việt Nam,,Hải Dương,10000000,16000000,full-time,<35,0,high,"- Phụ trách thiết kế khuôn đúc nhựa, lên bản vẽ 2D, 3D - Tổng hợp, phân tích yêu cầu kỹ thuật, lựa chọn kết cấu khuôn hợp lý - Chịu trách nhiệm về kỹ thuật trong quá trình sản xuất - Thực hiện kiểm tra, đánh giá chất lượng khuôn mẫu chế tạo bởi bộ phận... Yêu cầu: + Nam từ 21-35 tuổi + Tốt nghiệp Cao đẳng trở lên các khối ngành cơ khí, kỹ thuật... + Yêu cầu bắt buộc phải có trình độ tiếng Nhật từ N3 trở lên hoặc tiếng anh đọc hiểu bản vẽ và phần mềm + Yêu cầu phải có kinh nghiệm từ 1-2 năm trở lên, biết...",other,VietnamWorks_Algolia,https://www.vietnamworks.com/tuyen-gap-nhan-vien-thiet-ke-khuon-duc-nhua--2044347-jv,2026-05-26T00:31:26.058139
scraped_vietnamworks_algolia_03397,Kỹ Sư Nội Nghiệp / Kỹ Sư Qs (Mảng Dự Án Vật Liệu Hoàn Thiện),Motif Group Vietnam JSC,,Hà Nội,15000000,20000000,full-time,any,1,university,"• Mức lương: 15tr – 20tr VNĐ (Thỏa thuận theo năng lực) • Địa điểm làm việc: Tại văn phòng công ty (Có đi công trường khi cần đối chiếu khối lượng). • Hình thức: Toàn thời gian cố định. 1. Giới thiệu về công ty Chúng tôi là đơn vị chuyên cung cấp vật tư và thi công trọn... Yêu cầu: 3. Yêu cầu công việc • Kinh nghiệm: Tối thiểu 1 - 2 năm kinh nghiệm làm QS hoặc Kỹ sư nội nghiệp trong ngành Xây dựng hoàn thiện, nội thất, ván sàn, cửa, trần thạch cao. • Học vấn: Tốt nghiệp Cao đẳng/Đại học chuyên ngành Kinh tế xây dựng, Kỹ thuật công trình, Kiến trúc hoặc...",other,VietnamWorks_Algolia,https://www.vietnamworks.com/ky-su-noi-nghiep-ky-su-qs-mang-du-an-vat-lieu-hoan-thien--2054918-jv,2026-05-26T00:31:24.731562
scraped_mywork_00184,Nhân Viên Kế Toán Kho,Công Ty TNHH SX TM DV Thuận Tiến Phát,Kế Toán,Hồ Chí Minh,9000000,12000000,full-time,any,1,high,Nhân Viên Kế Toán Kho,bao_ve,MyWork,https://mywork.com.vn/viec-lam-nhan-vien-ke-toan-kho-job-200833646.html,2026-05-25T19:54:42.855367
scraped_vietnamworks_algolia_05855,Kế Toán Trưởng,VIETNAM Investments Group,Kế toán,Hồ Chí Minh,12000000,12000000,full-time,any,0,high,"Vietnam Investments Group đang tìm kiếm ứng viên cho vị trí Kế Toán Trưởng cho công ty thành viên là VTC Academy. VTC Academy là Học viện đào tạo Thiết Kế, Công Nghệ Thông tin, và Quản trị Chuỗi cung ứng, với các cơ sở tại Hà Nội, TP. HCM và Đà Nẵng từ... Yêu cầu: ● Thời gian làm việc: 40 giờ/tuần.Giờ hành chính, từ thứ Hai đến thứ Bảy (Trong đó, ngày thứ Bảy sẽ đi làm theo điều động của Công ty và được áp dụng nghỉ bù theo Quy định quản lý giờ công) - Sáng : Từ 08 giờ 30 phút đến 12 giờ. - Chiều : Từ 13...",accounting,VietnamWorks_Algolia,https://www.vietnamworks.com/ke-toan-truong--2058395-jv,2026-05-26T12:56:53.100443
scraped_vietnamworks_algolia_04944,AI Engineer,MCGAAW,Python,Hồ Chí Minh,9600000,18000000,full-time,any,2,university,"We are looking for an AI Engineer with 2 years of experience to join our AI team in Ho Chi Minh City. You will help build production-grade intelligent systems that combine large language models (LLMs), retrieval-augmented generation (RAG), and agentic workflows. The ideal candidate has shipped at least one serious AI project, writes clean... Yêu cầu: • Bachelor’s degree in Computer Science, Artificial Intelligence, Software Engineering, Data Science, or a related field (or equivalent practical experience). • 2 years of experience building software with Python in a professional or serious project setting (internship plus one year is acceptable). • Hands-on experience with LLM APIs such as OpenAI, Anthropic, or open-source models (Qwen, Llama, DeepSeek, etc.). • Has...",other,VietnamWorks_Algolia,https://www.vietnamworks.com/ai-engineer-2043322-jv,2026-05-26T00:31:28.521397
scraped_vietnamworks_algolia_00390,MRP Specialist (Material Requirements Planning),CÔNG TY TNHH AJAX SYSTEMS VIỆT NAM,English|Erp,Hưng Yên,8000000,15000000,full-time,any,2,university,"***Key Responsibilities: ● Plan and place orders with consideration of production and delivery lead times to ensure 100% production coverage ● Monitor long-term material availability and assess potential risks ● Achieve departmental KPIs related to MRP performance ● Visualize and report on activities, including status tracking and control of planned actions ● Collaborate with internal departments to ensure smooth execution of responsibilities ● Participate in team... Yêu cầu: Requirements: ● Bachelor’s degree with related major in Supply Chain. ● Minimum 2 years of experience in material planning (purchasing experience as a bonus) in Electronics FDI or EPE company. ● Confident user of MS Office and 1C ERP system (as an advantage) ● Experience handling large volumes of data ● English fluency (4 skills) Key Skills: ● Strong analytical and reporting skills ● Solid understanding of planning and...",other,VietnamWorks_Algolia,https://www.vietnamworks.com/mrp-specialist-material-requirements-planning-2048566-jv,2026-05-25T23:16:53.354637
scraped_vietnamworks_algolia_02018,Kiến Trúc Sư,Công Ty Cổ Phần Xây Dựng Và Đầu Tư Visicons,Sketch,Hà Nội,1200,800000000,full-time,<35,1,university,"- Thiết kế quy hoạch tổng thể, chi tiết, khái toán tổng mức đầu tư cho các Dự án đầu tư xây dựng. - Thiết kế, phác thảo phương án kiến trúc cho các dự án đầu tư của Công ty. - Quản lý, kiểm soát hồ sơ thiết kế quy hoạch, kiến trúc. Làm việc... Yêu cầu: - Tốt nghiệp Đại học chuyên ngành Kiến trúc - Có kinh nghiệm trong lĩnh vực liên quan, có chứng chỉ thiết kế là một lợi thế - Sử dụng thành thạo tin học văn phòng và các phần mềm phục vụ công việc như Autocad, Revit, Sketch-up, 3Dmaxs... - Có khả năng chịu được áp lực...",construction,VietnamWorks_Algolia,https://www.vietnamworks.com/kien-truc-su--2056801-jv,2026-05-25T23:57:16.346662
scraped_vietnamworks_algolia_05782,Giám Đốc Điều Hành (CEO),CÔNG TY CỔ PHẦN TẬP ĐOÀN AN VIỆT,C,Hà Nội,30000000,45000000,full-time,any,7,university,"Chịu trách nhiệm điều hành toàn bộ hoạt động của Công ty, bao gồm chiến lược phát triển, vận hành doanh nghiệp, kinh doanh công nghệ, phát triển sản phẩm, tài chính, nhân sự và mở rộng thị trường; đảm bảo tăng trưởng doanh thu, lợi nhuận và giá trị doanh nghiệp theo định... Yêu cầu: • Tốt nghiệp các ngành liên quan tới Công nghệ thông tin, Nhân lực, Quản trị và các ngành liên quan khác. • Có tối thiểu 7 năm kinh nghiệm quản lý, điều hành trong lĩnh vực công nghệ tương đương Giám đốc/ Phó giám đốc Công ty tại các doanh nghiệp có quy mô...",skilled,VietnamWorks_Algolia,https://www.vietnamworks.com/giam-djoc-djieu-hanh-ceo-2058406-jv,2026-05-26T12:56:52.935758
scraped_vietnamworks_algolia_06538,Kỹ Sư Chăn Nuôi,AJINOMOTO VIETNAM COMPANY,Nông nghiệp,Nghệ An,8000000,15000000,full-time,any,0,university,"Chịu trách nhiệm thực hiện các nhiệm vụ liên quan đến : - Thực hiện các hoạt động nghiên cứu, phát triển, cải tiến quy trình sản xuất và ứng dụng các sản phẩm phụ trợ trong thực tiễn. - Giám sát các hoạt động phát triển nông nghiệp để đảm bảo đánh giá chính... Yêu cầu: - Bằng cử nhân trở lên chuyên ngành Chăn Nuôi, Công nghệ sinh học, hoặc các lĩnh vực liên quan khác; - Có kiến thức về sinh lý và dinh dưỡng động vật, qua các giai đoạn sinh trưởng, khoa học về động vật. - Có khả năng giao tiếp và sử dụng tiếng anh; -...",agriculture,VietnamWorks_Algolia,https://www.vietnamworks.com/ky-su-chan-nuoi-2035768-jv,2026-05-26T12:56:54.749055
scraped_vietnamworks_algolia_04567,Nhân Viên Thiết Kế / Fashion Designer Làm Tại Hải Dương,Mascot International Viet Nam,C|English|Excel,Hải Dương,8000000,15000000,full-time,any,2,university,"• Thiết kế sản phẩm phát triển (quần áo, túi xách, giày và nguyên phụ liệu)/ designing the development samples (garments, bags, shoes and accessories) • Phác thảo toàn bộ bộ sưu tập (dựa theo ý tưởng từ bộ phận thiết kế của công ty mẹ tại Đan Mạch)/ Sketches of the whole... Yêu cầu: • Tốt nghiệp ngành thiết kế thời trang / Have a degree in fashion designer • Tiếng Anh tốt / Good at English • Thành thạo Illustrator, photoshop, Excel and 3D (Vstitcher for garment/ solidwork or blender for 3D printer) • Có ít nhất 2 năm kinh nghiệm làm công việc...",sales,VietnamWorks_Algolia,https://www.vietnamworks.com/nhan-vien-thiet-ke-fashion-designer-lam-tai-hai-duong-2024605-jv,2026-05-26T00:31:27.604421
scraped_vietnamworks_algolia_00004,Head of Service Delivery,Vietnam Australia International School (Vas),Lái xe,Hồ Chí Minh,9600000,18000000,full-time,<40,3,university,"* About this job Head of Service Delivery is accountable for the end-to-end IT service experience across all campuses, ensuring reliable, high-quality, and user-centered services that directly support teaching, learning, and school operations. This role translates technology strategy into operational execution, owns service performance outcomes, and leads continuous improvement through data, governance, and strong... Yêu cầu: * KNOWLEDGE Qualification: Bachelor&#039;s degree or equivalent professional experience preferred. * EXPERIENCE Required - Demonstrated experience leading IT service delivery in a multi site environment - Strong understanding of IT support, service management, and operations - Experience in server and network infrastructure management - Proven ability to lead distributed teams. Proven ability to lead distributed teams Preferred - Experience operating...",driver,VietnamWorks_Algolia,https://www.vietnamworks.com/head-of-service-delivery-2048502-jv,2026-05-25T19:37:23.546118
scraped_vietnamworks_algolia_06875,Nhân Viên Logistics (Chứng Từ XNK & Thủ Tục Hải Quan) / Logistics Staff (Import-Export Documentation & Customs Clearance),CÔNG TY CỔ PHẦN ĐẦU TƯ PHÁT TRIỂN VIDEVCO VIỆT NAM,Kế toán|Kho vận,Hà Nội,12000000,20000000,full-time,<45,2,university,"1. Mục tiêu công việc Đảm bảo toàn bộ hoạt động nhập khẩu – vận chuyển – thông quan – giao hàng diễn ra đúng tiến độ dự án, tối ưu chi phí và tuân thủ pháp lý, đặc biệt với các đơn hàng theo spec dự án (BOQ, hồ sơ thầu). 2. Mô tả công... Yêu cầu: 3. Yêu cầu công việc 3.1. Kinh nghiệm • 2–5 năm kinh nghiệm logistics / xuất nhập khẩu • Ưu tiên: Đã làm ngành vật liệu xây dựng, M&E, thiết bị công trình; Có kinh nghiệm nhập hàng theo dự án 3.2. Kiến thức chuyên môn • Am hiểu: Incoterms (FOB, CIF, DDP…); Quy trình hải quan Việt Nam • Biết đọc & hiểu:...",accounting,VietnamWorks_Algolia,https://www.vietnamworks.com/nhan-vien-logistics-chung-tu-xnk-and-thu-tuc-hai-quan-logistics-staff-import-export-documentation-and-customs-clearance-2057090-jv,2026-05-26T12:56:55.573668
scraped_vietnamworks_algolia_04621,HSE Engineer (Kỹ Sư An Toàn Môi Trường),Công Ty TNHH LG Display Việt Nam Hải Phòng,English|Korean|Microsoft Office|Excel|Word|Powerpoint,Hải Phòng,7600000,14250000,full-time,any,0,university,"- Waste water treatment system management (WWT / DI recovery system) such as: controlling operation, defect and proposing recovery solution - Report on operation, defect and solution - Plan WWT / DI recovery system&#039;s operation and maitainance - Plan environment monitoring and supervise vendor monitoring implementation - Payment waste water treatment fee Yêu cầu: - University graduate majoring in Environment Engineering or related majors - Able to use English or Korean in work - Understand about environtmental treatment system / technology - Prefer candidates with prior experience in HSE but fresh accepted - Computer skill including Microsoft Office (Word, Excel, Powerpoint….) - Have ability to work overtime and...",other,VietnamWorks_Algolia,https://www.vietnamworks.com/hse-engineer-ky-su-an-toan-moi-truong-2024142-jv,2026-05-26T00:31:27.732482
scraped_vietnamworks_algolia_02649,QA Deputy Manager (Lương Lên Tới 40 Triệu/ Tháng),Công Ty Cổ Phần Meiko Automation,,Hà Nội,17000000,40000000,full-time,<40,5,university,"- Xây dựng và vận hành hệ thống kiểm soát chất lượng cho máy tự động hóa - Đảm bảo máy đạt yêu cầu trước khi bàn giao - Thực hiện kiểm tra, chạy thử máy trước và sau khi lắp đặt - Xây dựng quy trình kiểm tra độc lập - Phân tích... Yêu cầu: - Giới tính: Nam/Nữ - Độ tuổi: 27-40 - Số lượng: 01 người - Kinh nghiệm trong liên quan đến máy động hóa - Có kinh nghiệm test, lắp đặt và nghiệm thu máy trước khi đưa vào sản xuất - Có hiểu biết cơ bản về hệ thống máy: PLC, HMI, sensor, cơ khí - Có khả năng...",other,VietnamWorks_Algolia,https://www.vietnamworks.com/qa-deputy-manager-luong-len-toi-40-trieu-thang-2046561-jv,2026-05-25T23:57:17.609125
scraped_vietnamworks_algolia_01535,Nhân Viên Trung Tâm Dịch Vụ Khách Hàng (Call Center Operator),Công Ty TNHH TK Elevator Việt Nam,Cơ khí|Giáo dục,Hà Nội,9200000,17250000,full-time,any,1,high,"- Tiếp nhận cuộc gọi từ khách hàng tới Trung tâm dịch vụ thông báo sự cố thang máy, thang cuốn. - Chuyển tiếp cuộc gọi đến Kỹ thuật viên, gửi email thông báo cho người phụ trách. - Cập nhật thông tin yêu cầu của khách hàng vào phần mềm quản lý chuyên dụng. - Nhập... Yêu cầu: - Giọng nói tốt (ấm áp, truyền cảm). - Tính tình vui vẻ, hòa đồng, nhiệt tình. - Giao tiếp tốt. - Thông minh xử lý nhanh các tình huống. - Sử dụng thành thạo vi tính văn phòng. - Ưu tiên các ứng viên đã từng làm vị trí tương đương như lễ tân, tổng đài viên, nhân...",skilled,VietnamWorks_Algolia,https://www.vietnamworks.com/nhan-vien-trung-tam-dich-vu-khach-hang-call-center-operator-2057644-jv,2026-05-25T23:38:03.926362
scraped_vietnamworks_algolia_04310,Nhân Viên Mua Hàng - Purchase,CÔNG TY CỔ PHẦN BAO BÌ TÂN THÀNH ĐẠT,Cơ khí,Hưng Yên,13000000,15000000,full-time,any,1,high,"• Tiếp nhận kế hoạch sản xuất từ phòng kế hoạch, xác định nhu cầu nguyên vật liệu cụ thể. • Phối hợp với các bộ phận để đảm bảo nguyên vật liệu được cung ứng đúng tiến độ. • Tìm kiếm, đánh giá và đề xuất danh sách nhà cung cấp phù hợp với tiêu... Yêu cầu: - Tốt nghiệp Đại học chuyên ngành Quản trị Kinh doanh, hoặc các chuyên ngành liên quan. - Có ít nhất 1 năm kinh nghiệm, ưu tiên ứng viên có kinh nghiệm trong ngành sản xuất bao bì Carton. - Kỹ năng đàm phán, thương lượng và xây dựng mối quan hệ tốt với nhà cung...",skilled,VietnamWorks_Algolia,https://www.vietnamworks.com/nhan-vien-mua-hang-purchase-2042862-jv,2026-05-26T00:31:26.990001
scraped_mywork_00554,Sale Admin - Đi Làm Ngay,Công Ty TNHH Vietnam Moving,Hành chính,Hồ Chí Minh,9000000,15000000,full-time,any,3,high,Sale Admin - Đi Làm Ngay,co_khi,MyWork,https://mywork.com.vn/viec-lam-sale-admin-di-lam-ngay-job-200838172.html,2026-05-26T13:56:33.126729
scraped_vietnamworks_algolia_02942,Chuyên Viên Dịch Vụ Khách Hàng - Customer Service Executive,Công Ty TNHH Bảo Hiểm Liberty,Kinh doanh|Cơ khí,Hồ Chí Minh,9600000,18000000,full-time,any,0,high,"Mục tiêu Công việc Đảm bảo cung cấp dịch vụ chăm sóc khách hàng chuyên nghiệp, hiệu quả thông qua các kênh liên lạc (Inbound/Outbound), đồng thời hỗ trợ các quy trình nghiệp vụ liên quan đến Sales, Renewals, và Policy Management. Trách nhiệm Chính: • Dịch vụ Khách hàng (Inbound): Xử lý tất cả các yêu... Yêu cầu: • Tối thiểu 1 – 2 năm kinh nghiệm làm việc ở vị trí tương đương hoặc liên quan đến Chăm sóc Khách hàng, Dịch vụ Khách hàng, hoặc Call Center trong ngành bảo hiểm/tài chính là một lợi thế. • **Có khả năng làm việc theo ca (shift-work) theo sự sắp xếp của quản lý. • Có kỹ...",skilled,VietnamWorks_Algolia,https://www.vietnamworks.com/chuyen-vien-dich-vu-khach-hang-customer-service-executive--2046776-jv,2026-05-25T23:57:18.187357
scraped_vietnamworks_algolia_01040,Nhân Viên Vận Hành Máy/ Operator,Công Ty TNHH TM DV Tân Hiệp Phát,Cơ khí|Kho vận,Hồ Chí Minh,9600000,18000000,full-time,any,0,college,"- Vận hành và bảo trì máy móc trong dây chuyền sản xuất. - Kiểm tra, giám sát hoạt động của máy móc, thiết bị. - Phát hiện và xử lý các sự cố kỹ thuật nhỏ. - Đảm bảo máy móc hoạt động ổn định và an toàn. - Thực hiện các công việc khác theo yêu... Yêu cầu: - Tốt nghiệp Trung cấp trở lên chuyên ngành Cơ khí, Điện, Điện tử hoặc các ngành liên quan. - Ưu tiên ứng viên có kinh nghiệm vận hành máy trong các nhà máy sản xuất. - Có kiến thức về kỹ thuật cơ khí, điện, điện tử. - Có khả năng làm việc độc lập và...",skilled,VietnamWorks_Algolia,https://www.vietnamworks.com/nhan-vien-van-hanh-may-operator--2056951-jv,2026-05-25T23:38:02.873657
scraped_vietnamworks_algolia_00178,Kỹ Sư Phần Mềm Thiết Bị Tự Động Hóa,Pegatron VIETNAM,,Hải Phòng,7600000,14250000,full-time,any,0,high,"1. Thiết kế phần cứng điện cho thiết bị phi tiêu chuẩn (Vẽ sơ đồ điện (mạch, wiring diagram, ladder diagram, …) 2. Lựa chọn, đề xuất các linh kiện, thiết bị điện phù hợp với yêu cầu kỹ thuật và chi phí 3. Hỗ trợ kỹ sư điện trong việc thiết kế và nghiệm thu... Yêu cầu: Yêu cầu CV Tốt nghiệp Cao đẳng trở lên chuyên ngành Cơ điện tử hoặc Tự động hoá điện Yêu cầu kinh nghiệm 1. Có kinh nghiệm thực tế trong lập trình PLC Mitsubishi, lập trình robot, và/hoặc thực hiện nghiệm thu, chạy thử thiết bị 2. Hiểu biết về việc lựa chọn, mua sắm các linh...",other,VietnamWorks_Algolia,https://www.vietnamworks.com/ky-su-phan-mem-thiet-bi-tu-dong-hoa-2058606-jv,2026-05-25T19:37:24.025177
scraped_vietnamworks_algolia_06203,Chuyên Viên Ban Đầu Tư,Công ty Cổ phần Đầu tư Hoàng Đông Dương,Tài chính,Thanh Hóa,20000000,30000000,full-time,any,3,university,"1. Các nhiệm vụ chính: Tìm kiếm, đánh giá các dự án, cơ hội đầu tư: • Tìm kiếm các vị trí, cơ hội thực hiện các dự án đầu tư phù hợp với kế hoạch kinh doanh của Công ty • Nghiên cứu, lập hồ sơ đánh giá tính khả thi của các dự án,... Yêu cầu: 1. Trình độ học vấn, chuyên môn: Tốt nghiệp đại học trở lên các ngành: Kiến trúc; Xây dựng; giao thông; kinh tế xây dựng…. 2. Số năm kinh nghiệm: Tối thiểu 3 năm kinh nghiệm thực hiện dự án. 3. Phẩm chất, năng lực thái độ: • Có tinh thần trách nhiệm cao • Nhanh nhẹn, bắt...",other,VietnamWorks_Algolia,https://www.vietnamworks.com/chuyen-vien-ban-djau-tu-2054563-jv,2026-05-26T12:56:53.846655
scraped_vietnamworks_algolia_03734,Business Development / Sales (Project) – Logistics & Cargo,DSV X Schenker,Communication|English,Hồ Chí Minh,9600000,18000000,full-time,any,2,university,"Purpose of the position The Project Business Development Specialist will work on multiple project teams simultaneously as sales in project team . Main responsibilities focus on Development customer / vendor / tender / bidding / project and follow up actions to archive the target. Main Duties & Responsibilities • Discussing with Project Director for yearly target GP / NR... Yêu cầu: • Sales skills, at least 2 years in logistics field • Business experience preferably in the areas of Projects, Windmill, turbine, heavy-lift and out-of-gauge / Oil & Gas / Sea & Air freight forwarding. • Excellent communication skills in local and English languages, both oral and written. • Practical mindset and solution orientated. • Maintain good standards and...",accounting,VietnamWorks_Algolia,https://www.vietnamworks.com/business-development-sales-project-logistics-cargo-2043591-jv,2026-05-26T12:56:48.689589
scraped_mywork_00268,Nhân Viên Kế Toán Tổng Hợp,Công Ty TNHH Kỹ Thuật Công Nghệ Hợp Tiến,Kế Toán,Hồ Chí Minh,15000000,25000000,full-time,any,5,high,Nhân Viên Kế Toán Tổng Hợp,bao_ve,MyWork,https://mywork.com.vn/viec-lam-nhan-vien-ke-toan-tong-hop-job-200832359.html,2026-05-25T19:54:42.932206
scraped_vietnamworks_algolia_02919,Secretary/ Assistant To Board Of Director,Công Ty CP Tập Đoàn Công Nghệ CMC,Excel|Word|Powerpoint,Hà Nội,9200000,17250000,full-time,<35,3,university,"The Secretary/Assistant to Board of Director (BoD) will be responsible for a wide variety of administrative, logistics and project management duties and will assist the BoD on a broad array of high-level and confidential matters. The ideal individual will have the ability to exercise good judgment in a variety of situations, with strong written... Yêu cầu: • Overseas study experience. Bachelor’s degree above. • 3 to 5 years of relevant working experience providing executive management support. Well versed in MS Office (Word, Excel and PowerPoint) & the ability to produce high quality documents. • Experience of organizing meetings involving VIP and high-level partner organizations, including the coordination of agendas, papers and briefings. •...",other,VietnamWorks_Algolia,https://www.vietnamworks.com/secretary-assistant-to-board-of-director-2056081-jv,2026-05-25T23:57:18.137355
scraped_vietnamworks_algolia_00976,Chuyên Gia Quản Lý Hiệu Suất Kinh Doanh - Khối Bán Lẻ,Ngân Hàng Thương Mại Cổ Phần Thịnh Vượng Và Phát Triển (PGBANK),Kinh doanh,Hà Nội,9200000,17250000,full-time,<45,5,university,"I. Mục đích công việc: Quản lý hiệu suất kinh doanh, xây dựng chính sách KPI, incentive & phát triển lực lượng bán. Quản lý hiệu quả hoạt động mạng lưới chi nhánh, phòng giao dịch. II. Nhiệm vụ chính: • Xây dựng, giao & điều chỉnh... Yêu cầu: - Trình độ: Tốt nghiệp đại học trở lên - Bằng cấp: Chính quy Chuyên ngành: Tài chính - Ngân hàng, Quản trị Kinh doanh,… - Kiến thức chuyên môn: Am hiểu về hoạt động kinh doanh bán lẻ tại các ngân hàng thương mại, Có kiến thức về thống kê, phân tích, lập kế hoạch,...",sales,VietnamWorks_Algolia,https://www.vietnamworks.com/chuyen-gia-quan-ly-hieu-suat-kinh-doanh-khoi-ban-le-2056816-jv,2026-05-25T23:16:55.043628
scraped_vietnamworks_algolia_00240,Chuyên Viên Kiến Trúc Hệ Thống,Bắc Á Bank - Https://tuyendung.baca-Bank.vn/,Xây dựng,Hà Nội,1000,500000000,full-time,any,5,university,"Mục đích công việc: Thiết kế, xây dựng và đảm bảo kiến trúc hệ thống cho nền tảng ngân hàng số của Ngân hàng; đảm bảo tính nhất quán, hiệu năng, bảo mật và khả năng mở rộng của toàn bộ hệ thống kỹ thuật, đáp ứng yêu cầu triển khai và vận... Yêu cầu: Trình độ đào tạo: Tốt nghiệp đại học chuyên ngành Công nghệ thông tin, Kỹ thuật phần mềm hoặc các ngành liên quan tại các trường trong/ngoài nước. Yêu cầu về kinh nghiệm: • Tối thiểu 5 năm kinh nghiệm trong lĩnh vực phát triển phần mềm, trong đó tối thiểu 3 năm ở vị trí...",construction,VietnamWorks_Algolia,https://www.vietnamworks.com/chuyen-vien-kien-truc-he-thong-2037203-jv,2026-05-25T19:46:11.445385
scraped_vietnamworks_algolia_02828,"Kỹ Sư Điện, Tự Động Hóa.","Yamazen Vietnam Co., Ltd - Hanoi Branch",Điện,Hải Phòng,15000000,20000000,full-time,any,2,university,"- Lắp đặt, chuyển giao công nghệ, bảo trì các loại thiết bị, máy móc gia công (Các loại máy tiện, phay..., máy vận hành thủ công hoặc NC, CNC...), các thiết bị đo lường... - Bảo hành, bảo trì, thay thế, sửa chữa các loại thiết bị, bộ phận, máy móc do công ty... Yêu cầu: - Tốt nghiệp Cao đẳng hoặc Đại học chuyên ngành cơ khí/ điện/ điện tử/ tự động hóa: - Kinh nghiệm làm về điện, tự động hóa 2 năm trở lên. - Am hiểu về các thiết bị điện thông dụng, các thiết bị trong tủ điện công nghiệp. - Có khả năng đọc hiểu bản...",skilled,VietnamWorks_Algolia,https://www.vietnamworks.com/ky-su-djien-tu-djong-hoa-2056230-jv,2026-05-25T23:57:17.947793
scraped_vietnamworks_algolia_00000,Senior Information Security Officer (Security Control & Compliance),Shinhan Securities Vietnam,Bảo vệ|IT|Luật,Hồ Chí Minh,9600000,18000000,full-time,any,2,university,"Team: Information Security Division: Risk management Work Location: Ho Chi Minh Reports to: Head of Information Security Job summary: Responsible for implementing, operating, and monitoring application security controls and compliance activities to ensure that enterprise applications are secure, resilient, and compliant with internal policies and external regulatory requirements. Responsibilities and accountabilities Application Security - Implement and operate application security solutions including WAF, DDoS... Yêu cầu: Technical Knowledge - Strong understanding of web application security and OWASP Top 10. - Experience with security tools such as WAF, PAM, DDoS protection, SIEM is an advantage. - Knowledge of SDLC / DevSecOps processes. - Familiarity with information security standards such as ISO 27001, NIST, CIS and compliance frameworks. Skills - Strong analytical and problem-solving skills in security incidents and vulnerabilities. - Ability to collaborate with...",security,VietnamWorks_Algolia,https://www.vietnamworks.com/senior-information-security-officer-security-control-compliance-2055197-jv,2026-05-25T23:16:51.887737
scraped_mywork_00487,Nhân Viên QA / QC Xây Dựng,Công Ty Cổ Phần Thành Quân,Xây dựng,Hà Nội,12000000,25000000,full-time,any,3,high,Nhân Viên QA / QC Xây Dựng,bao_ve,MyWork,https://mywork.com.vn/viec-lam-nhan-vien-qa-qc-xay-dung-job-200804996.html,2026-05-25T19:54:43.041994
