id,age,gender,education,marital_status,skills,experience_years,location,target_job,barriers,employment_status,current_salary,location_normalized,region,salary_anomaly,salary_zero_retired,quality_score,quality_grade
worker_0001,52,other,primary,single,kho bãi|quản lý hàng hóa|xuất nhập khẩu|salary_range,23,Đà Nẵng,Nhân viên kho vận,,unemployed,0,Đà Nẵng,central,False,False,100,A
worker_0002,51,male,university,single,hành chính|kế toán|văn phòng|salary_range,26,Vinhy,Kế toán / Hành chính,other|health|location,retired,4733117,Vinh,north,False,False,100,A
worker_0003,46,female,primary,married,kho bãi|quản lý hàng hóa|xuất nhập khẩu|salary_range,26,Nam Định,Nhân viên kho vận,health,retired,7592604,Nam Định,north,False,False,100,A
worker_0004,39,female,college,married,lắp ráp|sản xuất|vận hành máy|salary_range,12,Đà Nẵng,Công nhân sản xuất,health|family,unemployed,0,Đà Nẵng,central,False,False,100,A
worker_0005,42,female,college,divorced,bán hàng|chăm sóc khách hàng|tư vấn|salary_range,19,Thái Nguyên,Nhân viên bán hàng,other,employed,3481900,Thái Nguyên,north,False,False,100,A
worker_0006,63,female,upper_secondary,married,chăn nuôi|nông nghiệp|trồng trọt|salary_range,30,Nam Định,Nông dân / Nông nghiệp,techGap|location,retired,9727234,Nam Định,north,False,False,100,A
worker_0007,37,male,primary,divorced,hành chính|kế toán|văn phòng|salary_range,7,Biên Hòa,Kế toán / Hành chính,location|family,unemployed,0,Biên Hòa,south_east,False,False,100,A
worker_0008,56,male,upper_secondary,divorced,dọn dẹp|giặt là|nấu ăn|salary_range,28,Huế,Giúp việc / Dịch vụ,family|location,retired,3088321,Huế,central,False,False,100,A
worker_0009,36,female,college,widowed,bán hàng|chăm sóc khách hàng|tư vấn|salary_range,8,Huế,Nhân viên bán hàng,,unemployed,0,Huế,central,False,False,100,A
worker_0010,50,female,university,widowed,bằng lái|lái xe|vận chuyển|salary_range,29,Thanh Hóa,Lái xe,,unemployed,0,Thanh Hóa,north,False,False,100,A
worker_0011,54,male,college,widowed,chăn nuôi|nông nghiệp|trồng trọt|salary_range,26,Buôn Ma Thuột,Nông dân / Nông nghiệp,,retired,5042683,Buôn Ma Thuột,central_highlands,False,False,100,A
worker_0012,43,male,primary,married,kho bãi|quản lý hàng hóa|xuất nhập khẩu|salary_range,18,Buôn Ma Thuột,Nhân viên kho vận,other,unemployed,0,Buôn Ma Thuột,central_highlands,False,False,100,A
worker_0013,38,male,upper_secondary,divorced,chào hỏi|order|phục vụ|salary_range,12,Thanh Hóa,Nhân viên phục vụ,location,retired,12198654,Thanh Hóa,north,False,False,100,A
worker_0014,53,other,primary,married,bán hàng|chăm sóc khách hàng|tư vấn|salary_range,30,Nha Trang,Nhân viên bán hàng,health|family|other,employed,9186706,Nha Trang,central,False,False,100,A
worker_0015,44,other,university,widowed,dọn dẹp|giặt là|nấu ăn|salary_range,22,Nha Trang,Giúp việc / Dịch vụ,techGap,retired,6966515,Nha Trang,central,False,False,100,A
worker_0016,56,female,college,widowed,bằng lái|lái xe|vận chuyển|salary_range,26,Bình Dương,Lái xe,health|other,unemployed,0,Bình Dương,south_east,False,False,100,A
worker_0017,63,female,primary,divorced,chào hỏi|order|phục vụ|salary_range,30,Huế,Nhân viên phục vụ,health|other,retired,13192063,Huế,central,False,False,100,A
worker_0018,48,male,college,divorced,bán hàng|chăm sóc khách hàng|tư vấn|salary_range,20,Bắc Ninh,Nhân viên bán hàng,,retired,8229740,Bắc Ninh,north,False,False,100,A
worker_0019,63,female,upper_secondary,divorced,kho bãi|quản lý hàng hóa|xuất nhập khẩu|salary_range,30,Huế,Nhân viên kho vận,,employed,5665709,Huế,central,False,False,100,A
worker_0020,58,female,primary,married,dọn dẹp|giặt là|nấu ăn|salary_range,30,Buôn Ma Thuột,Giúp việc / Dịch vụ,health,employed,11813252,Buôn Ma Thuột,central_highlands,False,False,100,A
worker_0021,47,male,upper_secondary,single,bằng lái|lái xe|vận chuyển|salary_range,19,Vinhy,Lái xe,other|techGap,retired,5586055,Vinh,north,False,False,100,A
worker_0022,43,female,college,single,kho bãi|quản lý hàng hóa|xuất nhập khẩu|salary_range,18,Nha Trang,Nhân viên kho vận,,self-employed,14345541,Nha Trang,central,False,False,100,A
worker_0023,43,other,upper_secondary,divorced,sửa chữa|tay nghề|thợ|salary_range,20,Vũng Tàu,Thợ lành nghề,location|other,unemployed,0,Vũng Tàu,south_east,False,False,100,A
worker_0024,51,other,upper_secondary,single,chăn nuôi|nông nghiệp|trồng trọt|salary_range,30,Qui Nhơn,Nông dân / Nông nghiệp,,retired,3832881,Quy Nhơn,central,False,False,100,A
worker_0025,40,male,college,divorced,barista|pha chế|đồ uống|salary_range,14,Bắc Ninh,Pha chế,techGap,self-employed,12810541,Bắc Ninh,north,False,False,100,A
worker_0026,49,male,upper_secondary,divorced,chăn nuôi|nông nghiệp|trồng trọt|salary_range,27,Hải Phòng,Nông dân / Nông nghiệp,other|location,retired,8872679,Hải Phòng,north,False,False,100,A
worker_0027,64,other,upper_secondary,married,an ninh|bảo vệ|tuần tra|salary_range,30,Bắc Ninh,Bảo vệ,,employed,8827662,Bắc Ninh,north,False,False,100,A
worker_0028,59,male,college,divorced,hành chính|kế toán|văn phòng|salary_range,30,Nam Định,Kế toán / Hành chính,,employed,7757656,Nam Định,north,False,False,100,A
worker_0029,59,male,university,widowed,sửa chữa|tay nghề|thợ|salary_range,30,Biên Hòa,Thợ lành nghề,,employed,12636771,Biên Hòa,south_east,False,False,100,A
worker_0030,58,male,primary,widowed,kho bãi|quản lý hàng hóa|xuất nhập khẩu|salary_range,30,Bắc Ninh,Nhân viên kho vận,,employed,11233748,Bắc Ninh,north,False,False,100,A
worker_0031,46,female,college,single,chăn nuôi|nông nghiệp|trồng trọt|salary_range,22,Đà Nẵng,Nông dân / Nông nghiệp,,employed,7828146,Đà Nẵng,central,False,False,100,A
worker_0032,40,male,upper_secondary,single,sửa chữa|tay nghề|thợ|salary_range,10,Qui Nhơn,Thợ lành nghề,techGap|location|other,retired,7651195,Quy Nhơn,central,False,False,100,A
worker_0033,65,female,primary,single,an ninh|bảo vệ|tuần tra|salary_range,30,Bắc Ninh,Bảo vệ,health|techGap,self-employed,6691251,Bắc Ninh,north,False,False,100,A
worker_0034,40,male,primary,divorced,công trình|xây dựng|xây tô|salary_range,14,TP. Hồ Chí Minh,Lao động xây dựng,other,unemployed,0,Hồ Chí Minh,south_east,False,False,100,A
worker_0035,64,female,university,single,công trình|xây dựng|xây tô|salary_range,30,Buôn Ma Thuột,Lao động xây dựng,family|other|health,unemployed,0,Buôn Ma Thuột,central_highlands,False,False,100,A
worker_0036,63,other,primary,single,chăn nuôi|nông nghiệp|trồng trọt|salary_range,30,Vĩnh Phúc,Nông dân / Nông nghiệp,location|techGap,unemployed,0,Vĩnh Phúc,north,False,False,100,A
worker_0037,41,female,primary,widowed,lắp ráp|sản xuất|vận hành máy|salary_range,14,Đà Nẵng,Công nhân sản xuất,other,employed,11198253,Đà Nẵng,central,False,False,100,A
worker_0038,45,male,primary,married,chào hỏi|order|phục vụ|salary_range,24,Vũng Tàu,Nhân viên phục vụ,health|location|family,retired,10379780,Vũng Tàu,south_east,False,False,100,A
worker_0039,43,male,university,widowed,bán hàng|chăm sóc khách hàng|tư vấn|salary_range,17,Biên Hòa,Nhân viên bán hàng,family|location|other,self-employed,7413115,Biên Hòa,south_east,False,False,100,A
worker_0040,55,male,upper_secondary,widowed,sửa chữa|tay nghề|thợ|salary_range,30,Hải Phòng,Thợ lành nghề,techGap,unemployed,0,Hải Phòng,north,False,False,100,A
worker_0041,47,other,primary,single,barista|pha chế|đồ uống|salary_range,18,Thanh Hóa,Pha chế,location|techGap,employed,6543797,Thanh Hóa,north,False,False,100,A
worker_0042,46,male,primary,married,an ninh|bảo vệ|tuần tra|salary_range,26,Vũng Tàu,Bảo vệ,health,retired,10284343,Vũng Tàu,south_east,False,False,100,A
worker_0043,65,other,college,single,dọn dẹp|giặt là|nấu ăn|salary_range,30,Thái Nguyên,Giúp việc / Dịch vụ,health|location,self-employed,6141534,Thái Nguyên,north,False,False,100,A
worker_0044,37,other,primary,divorced,công trình|xây dựng|xây tô|salary_range,9,Thanh Hóa,Lao động xây dựng,other,unemployed,0,Thanh Hóa,north,False,False,100,A
worker_0045,39,female,primary,single,bằng lái|lái xe|vận chuyển|salary_range,15,Biên Hòa,Lái xe,location|other,self-employed,10289034,Biên Hòa,south_east,False,False,100,A
worker_0046,57,other,college,widowed,sửa chữa|tay nghề|thợ|salary_range,30,Bắc Ninh,Thợ lành nghề,location|health|techGap,unemployed,0,Bắc Ninh,north,False,False,100,A
worker_0047,39,female,primary,divorced,dọn dẹp|giặt là|nấu ăn|salary_range,12,Bắc Ninh,Giúp việc / Dịch vụ,,self-employed,10908210,Bắc Ninh,north,False,False,100,A
worker_0048,64,other,primary,divorced,bằng lái|lái xe|vận chuyển|salary_range,30,Vũng Tàu,Lái xe,techGap,retired,8749122,Vũng Tàu,south_east,False,False,100,A
worker_0049,63,male,college,married,sửa chữa|tay nghề|thợ|salary_range,30,Đà Nẵng,Thợ lành nghề,,employed,7277965,Đà Nẵng,central,False,False,100,A
worker_0050,56,other,primary,single,chăn nuôi|nông nghiệp|trồng trọt|salary_range,26,Bắc Ninh,Nông dân / Nông nghiệp,health|techGap,retired,6421827,Bắc Ninh,north,False,False,100,A
worker_0051,37,male,upper_secondary,married,bán hàng|chăm sóc khách hàng|tư vấn|salary_range,9,Vũng Tàu,Nhân viên bán hàng,health|other,self-employed,14113838,Vũng Tàu,south_east,False,False,100,A
worker_0052,59,male,upper_secondary,divorced,an ninh|bảo vệ|tuần tra|salary_range,30,Bình Dương,Bảo vệ,,self-employed,14917156,Bình Dương,south_east,False,False,100,A
worker_0053,65,female,primary,divorced,bằng lái|lái xe|vận chuyển|salary_range,30,Hải Dương,Lái xe,techGap|health,retired,12725871,Hải Dương,north,False,False,100,A
worker_0054,35,female,primary,divorced,kho bãi|quản lý hàng hóa|xuất nhập khẩu|salary_range,8,Cần Thơ,Nhân viên kho vận,techGap,unemployed,0,Cần Thơ,mekong,False,False,100,A
worker_0055,37,other,college,divorced,an ninh|bảo vệ|tuần tra|salary_range,13,Bắc Ninh,Bảo vệ,techGap|health|family,retired,13956556,Bắc Ninh,north,False,False,100,A
worker_0056,53,male,college,divorced,kho bãi|quản lý hàng hóa|xuất nhập khẩu|salary_range,30,Bắc Ninh,Nhân viên kho vận,other,employed,12230179,Bắc Ninh,north,False,False,100,A
worker_0057,47,female,university,single,chăn nuôi|nông nghiệp|trồng trọt|salary_range,26,Vũng Tàu,Nông dân / Nông nghiệp,family|location|techGap,retired,9435235,Vũng Tàu,south_east,False,False,100,A
worker_0058,35,male,upper_secondary,married,chào hỏi|order|phục vụ|salary_range,8,Thái Nguyên,Nhân viên phục vụ,techGap,employed,14729103,Thái Nguyên,north,False,False,100,A
worker_0059,46,male,primary,married,barista|pha chế|đồ uống|salary_range,20,Vinhy,Pha chế,family|techGap,unemployed,0,Vinh,north,False,False,100,A
worker_0060,65,other,upper_secondary,divorced,hành chính|kế toán|văn phòng|salary_range,30,Vũng Tàu,Kế toán / Hành chính,location,employed,13100301,Vũng Tàu,south_east,False,False,100,A
worker_0061,51,female,upper_secondary,divorced,an ninh|bảo vệ|tuần tra|salary_range,25,Bắc Ninh,Bảo vệ,techGap|location|family,unemployed,0,Bắc Ninh,north,False,False,100,A
worker_0062,37,female,primary,single,sửa chữa|tay nghề|thợ|salary_range,16,Bình Dương,Thợ lành nghề,location,self-employed,12309629,Bình Dương,south_east,False,False,100,A
worker_0063,56,female,university,divorced,chăn nuôi|nông nghiệp|trồng trọt|salary_range,30,Hải Dương,Nông dân / Nông nghiệp,,employed,9431255,Hải Dương,north,False,False,100,A
worker_0064,37,female,primary,divorced,lắp ráp|sản xuất|vận hành máy|salary_range,13,Hải Dương,Công nhân sản xuất,family|other|location,employed,13444800,Hải Dương,north,False,False,100,A
worker_0065,44,male,college,divorced,công trình|xây dựng|xây tô|salary_range,19,Vĩnh Phúc,Lao động xây dựng,health|location|family,unemployed,0,Vĩnh Phúc,north,False,False,100,A
worker_0066,58,male,university,married,hành chính|kế toán|văn phòng|salary_range,29,Vinhy,Kế toán / Hành chính,techGap|health|other,retired,12949806,Vinh,north,False,False,100,A
worker_0067,37,female,college,divorced,chăn nuôi|nông nghiệp|trồng trọt|salary_range,15,Qui Nhơn,Nông dân / Nông nghiệp,location|techGap|other,self-employed,9253588,Quy Nhơn,central,False,False,100,A
worker_0068,44,male,university,married,dọn dẹp|giặt là|nấu ăn|salary_range,23,Nam Định,Giúp việc / Dịch vụ,location|techGap|family,retired,4211945,Nam Định,north,False,False,100,A
worker_0069,41,female,upper_secondary,single,an ninh|bảo vệ|tuần tra|salary_range,17,Vinhy,Bảo vệ,health|family|location,unemployed,0,Vinh,north,False,False,100,A
worker_0070,58,female,college,divorced,kho bãi|quản lý hàng hóa|xuất nhập khẩu|salary_range,30,Huế,Nhân viên kho vận,other,self-employed,14098897,Huế,central,False,False,100,A
worker_0071,57,other,upper_secondary,widowed,công trình|xây dựng|xây tô|salary_range,30,Vinhy,Lao động xây dựng,other|health|location,retired,4956687,Vinh,north,False,False,100,A
worker_0072,44,male,upper_secondary,widowed,bằng lái|lái xe|vận chuyển|salary_range,19,Biên Hòa,Lái xe,,unemployed,0,Biên Hòa,south_east,False,False,100,A
worker_0073,35,male,university,married,chăn nuôi|nông nghiệp|trồng trọt|salary_range,10,Biên Hòa,Nông dân / Nông nghiệp,family|location,unemployed,0,Biên Hòa,south_east,False,False,100,A
worker_0074,36,male,college,single,công trình|xây dựng|xây tô|salary_range,13,TP. Hồ Chí Minh,Lao động xây dựng,,unemployed,0,Hồ Chí Minh,south_east,False,False,100,A
worker_0075,64,other,primary,married,kho bãi|quản lý hàng hóa|xuất nhập khẩu|salary_range,30,Bắc Ninh,Nhân viên kho vận,other|health,unemployed,0,Bắc Ninh,north,False,False,100,A
worker_0076,57,female,college,widowed,chăn nuôi|nông nghiệp|trồng trọt|salary_range,29,Vĩnh Phúc,Nông dân / Nông nghiệp,techGap,retired,6755184,Vĩnh Phúc,north,False,False,100,A
worker_0077,47,male,primary,widowed,hành chính|kế toán|văn phòng|salary_range,24,TP. Hồ Chí Minh,Kế toán / Hành chính,,self-employed,6936936,Hồ Chí Minh,south_east,False,False,100,A
worker_0078,61,other,college,married,chào hỏi|order|phục vụ|salary_range,30,Hà Nội,Nhân viên phục vụ,location|health,unemployed,0,Hà Nội,north,False,False,100,A
worker_0079,51,other,primary,divorced,an ninh|bảo vệ|tuần tra|salary_range,24,Vinhy,Bảo vệ,techGap|location,retired,14974549,Vinh,north,False,False,100,A
worker_0080,50,other,college,single,lắp ráp|sản xuất|vận hành máy|salary_range,21,Huế,Công nhân sản xuất,,unemployed,0,Huế,central,False,False,100,A
worker_0081,57,other,college,single,sửa chữa|tay nghề|thợ|salary_range,30,Qui Nhơn,Thợ lành nghề,techGap,unemployed,0,Quy Nhơn,central,False,False,100,A
worker_0082,49,male,college,widowed,công trình|xây dựng|xây tô|salary_range,29,Nam Định,Lao động xây dựng,,retired,11030070,Nam Định,north,False,False,100,A
worker_0083,54,male,upper_secondary,single,an ninh|bảo vệ|tuần tra|salary_range,30,Buôn Ma Thuột,Bảo vệ,,employed,7569359,Buôn Ma Thuột,central_highlands,False,False,100,A
worker_0084,65,female,college,single,dọn dẹp|giặt là|nấu ăn|salary_range,30,Bắc Ninh,Giúp việc / Dịch vụ,,unemployed,0,Bắc Ninh,north,False,False,100,A
worker_0085,64,female,university,divorced,chào hỏi|order|phục vụ|salary_range,30,Huế,Nhân viên phục vụ,family|health,employed,6575696,Huế,central,False,False,100,A
worker_0086,46,other,primary,single,barista|pha chế|đồ uống|salary_range,20,Vĩnh Phúc,Pha chế,family,self-employed,10012492,Vĩnh Phúc,north,False,False,100,A
worker_0087,65,male,university,widowed,bán hàng|chăm sóc khách hàng|tư vấn|salary_range,30,Thanh Hóa,Nhân viên bán hàng,other|family|location,unemployed,0,Thanh Hóa,north,False,False,100,A
worker_0088,54,female,college,widowed,chào hỏi|order|phục vụ|salary_range,25,Biên Hòa,Nhân viên phục vụ,techGap,employed,10645802,Biên Hòa,south_east,False,False,100,A
worker_0089,38,female,upper_secondary,divorced,lắp ráp|sản xuất|vận hành máy|salary_range,8,Vĩnh Phúc,Công nhân sản xuất,techGap|other|family,employed,8819373,Vĩnh Phúc,north,False,False,100,A
worker_0090,38,male,primary,married,lắp ráp|sản xuất|vận hành máy|salary_range,17,Bình Dương,Công nhân sản xuất,location|family,employed,8756750,Bình Dương,south_east,False,False,100,A
worker_0091,49,female,university,married,dọn dẹp|giặt là|nấu ăn|salary_range,19,TP. Hồ Chí Minh,Giúp việc / Dịch vụ,location|health,employed,6750351,Hồ Chí Minh,south_east,False,False,100,A
worker_0092,58,female,primary,divorced,bằng lái|lái xe|vận chuyển|salary_range,30,Vinhy,Lái xe,other|health|location,retired,14563975,Vinh,north,False,False,100,A
worker_0093,55,male,upper_secondary,married,bán hàng|chăm sóc khách hàng|tư vấn|salary_range,30,Qui Nhơn,Nhân viên bán hàng,,unemployed,0,Quy Nhơn,central,False,False,100,A
worker_0094,58,male,college,married,kho bãi|quản lý hàng hóa|xuất nhập khẩu|salary_range,30,Đà Nẵng,Nhân viên kho vận,family|health,retired,8938050,Đà Nẵng,central,False,False,100,A
worker_0095,63,other,college,single,chào hỏi|order|phục vụ|salary_range,30,Huế,Nhân viên phục vụ,other|health|family,self-employed,10930449,Huế,central,False,False,100,A
worker_0096,37,other,college,widowed,bằng lái|lái xe|vận chuyển|salary_range,9,Thanh Hóa,Lái xe,,retired,12300263,Thanh Hóa,north,False,False,100,A
worker_0097,62,other,upper_secondary,divorced,lắp ráp|sản xuất|vận hành máy|salary_range,30,Đà Nẵng,Công nhân sản xuất,family,unemployed,0,Đà Nẵng,central,False,False,100,A
worker_0098,52,female,college,widowed,chào hỏi|order|phục vụ|salary_range,30,Nam Định,Nhân viên phục vụ,family|techGap,retired,8641055,Nam Định,north,False,False,100,A
worker_0099,35,other,university,divorced,an ninh|bảo vệ|tuần tra|salary_range,12,Vinhy,Bảo vệ,health|techGap|family,unemployed,0,Vinh,north,False,False,100,A
worker_0100,42,female,university,widowed,chăn nuôi|nông nghiệp|trồng trọt|salary_range,21,Qui Nhơn,Nông dân / Nông nghiệp,other|techGap,unemployed,0,Quy Nhơn,central,False,False,100,A
worker_0101,65,other,primary,divorced,barista|pha chế|đồ uống|salary_range,30,Vũng Tàu,Pha chế,,employed,4185812,Vũng Tàu,south_east,False,False,100,A
worker_0102,39,female,university,widowed,bằng lái|lái xe|vận chuyển|salary_range,15,Cần Thơ,Lái xe,health,retired,4382211,Cần Thơ,mekong,False,False,100,A
worker_0103,57,male,university,single,an ninh|bảo vệ|tuần tra|salary_range,30,Nha Trang,Bảo vệ,location|other|techGap,self-employed,5665056,Nha Trang,central,False,False,100,A
worker_0104,56,other,college,divorced,barista|pha chế|đồ uống|salary_range,30,Nha Trang,Pha chế,,self-employed,5655375,Nha Trang,central,False,False,100,A
worker_0105,60,female,university,married,an ninh|bảo vệ|tuần tra|salary_range,30,Nam Định,Bảo vệ,location|family|techGap,retired,7952224,Nam Định,north,False,False,100,A
worker_0106,52,other,primary,married,bán hàng|chăm sóc khách hàng|tư vấn|salary_range,26,Thanh Hóa,Nhân viên bán hàng,,self-employed,6217890,Thanh Hóa,north,False,False,100,A
worker_0107,63,male,college,single,barista|pha chế|đồ uống|salary_range,30,Vĩnh Phúc,Pha chế,health,self-employed,3217248,Vĩnh Phúc,north,False,False,100,A
worker_0108,49,male,college,divorced,bằng lái|lái xe|vận chuyển|salary_range,26,Hải Phòng,Lái xe,family|health|techGap,employed,13239336,Hải Phòng,north,False,False,100,A
worker_0109,37,male,primary,divorced,chào hỏi|order|phục vụ|salary_range,14,Bình Dương,Nhân viên phục vụ,location|family|other,employed,6080345,Bình Dương,south_east,False,False,100,A
worker_0110,37,female,upper_secondary,married,hành chính|kế toán|văn phòng|salary_range,17,Nam Định,Kế toán / Hành chính,family|location|other,employed,11808004,Nam Định,north,False,False,100,A
worker_0111,51,other,primary,single,sửa chữa|tay nghề|thợ|salary_range,29,Đà Lạt,Thợ lành nghề,location,unemployed,0,Đà Lạt,central_highlands,False,False,100,A
worker_0112,46,male,college,single,lắp ráp|sản xuất|vận hành máy|salary_range,26,Đà Lạt,Công nhân sản xuất,,unemployed,0,Đà Lạt,central_highlands,False,False,100,A
worker_0113,62,female,upper_secondary,divorced,kho bãi|quản lý hàng hóa|xuất nhập khẩu|salary_range,30,Thanh Hóa,Nhân viên kho vận,other|location|family,unemployed,0,Thanh Hóa,north,False,False,100,A
worker_0114,40,other,upper_secondary,widowed,lắp ráp|sản xuất|vận hành máy|salary_range,11,Bình Dương,Công nhân sản xuất,,retired,7078781,Bình Dương,south_east,False,False,100,A
worker_0115,59,male,college,single,lắp ráp|sản xuất|vận hành máy|salary_range,30,Bình Dương,Công nhân sản xuất,,unemployed,0,Bình Dương,south_east,False,False,100,A
worker_0116,53,other,college,married,chào hỏi|order|phục vụ|salary_range,28,Hà Nội,Nhân viên phục vụ,other|techGap,self-employed,7391275,Hà Nội,north,False,False,100,A
worker_0117,39,male,college,married,chăn nuôi|nông nghiệp|trồng trọt|salary_range,12,Thái Nguyên,Nông dân / Nông nghiệp,techGap|family|location,employed,14566099,Thái Nguyên,north,False,False,100,A
worker_0118,63,female,upper_secondary,divorced,hành chính|kế toán|văn phòng|salary_range,30,Nam Định,Kế toán / Hành chính,location|health|family,retired,14600988,Nam Định,north,False,False,100,A
worker_0119,51,other,upper_secondary,widowed,dọn dẹp|giặt là|nấu ăn|salary_range,24,Thanh Hóa,Giúp việc / Dịch vụ,other,unemployed,0,Thanh Hóa,north,False,False,100,A
worker_0120,57,male,college,married,an ninh|bảo vệ|tuần tra|salary_range,29,Nam Định,Bảo vệ,other|family,unemployed,0,Nam Định,north,False,False,100,A
worker_0121,38,other,college,widowed,bằng lái|lái xe|vận chuyển|salary_range,13,Đà Lạt,Lái xe,other,self-employed,3582683,Đà Lạt,central_highlands,False,False,100,A
worker_0122,58,other,upper_secondary,divorced,bằng lái|lái xe|vận chuyển|salary_range,30,Hải Dương,Lái xe,,employed,7812523,Hải Dương,north,False,False,100,A
worker_0123,54,other,college,single,công trình|xây dựng|xây tô|salary_range,30,Bắc Ninh,Lao động xây dựng,,retired,9334368,Bắc Ninh,north,False,False,100,A
worker_0124,62,male,college,married,kho bãi|quản lý hàng hóa|xuất nhập khẩu|salary_range,30,Cần Thơ,Nhân viên kho vận,location,unemployed,0,Cần Thơ,mekong,False,False,100,A
worker_0125,61,other,upper_secondary,married,kho bãi|quản lý hàng hóa|xuất nhập khẩu|salary_range,30,Vũng Tàu,Nhân viên kho vận,location,employed,14035273,Vũng Tàu,south_east,False,False,100,A
worker_0126,36,female,upper_secondary,divorced,công trình|xây dựng|xây tô|salary_range,13,TP. Hồ Chí Minh,Lao động xây dựng,location,employed,6418619,Hồ Chí Minh,south_east,False,False,100,A
worker_0127,40,male,upper_secondary,married,barista|pha chế|đồ uống|salary_range,14,Cần Thơ,Pha chế,other|techGap|family,retired,9514659,Cần Thơ,mekong,False,False,100,A
worker_0128,35,male,primary,single,sửa chữa|tay nghề|thợ|salary_range,8,Hải Dương,Thợ lành nghề,techGap|other,retired,13327008,Hải Dương,north,False,False,100,A
worker_0129,60,other,primary,divorced,công trình|xây dựng|xây tô|salary_range,30,Vĩnh Phúc,Lao động xây dựng,health|family,unemployed,0,Vĩnh Phúc,north,False,False,100,A
worker_0130,49,male,college,divorced,bán hàng|chăm sóc khách hàng|tư vấn|salary_range,29,Buôn Ma Thuột,Nhân viên bán hàng,location,retired,8859528,Buôn Ma Thuột,central_highlands,False,False,100,A
worker_0131,54,male,primary,divorced,sửa chữa|tay nghề|thợ|salary_range,25,Thanh Hóa,Thợ lành nghề,location,retired,6515108,Thanh Hóa,north,False,False,100,A
worker_0132,53,other,university,single,dọn dẹp|giặt là|nấu ăn|salary_range,26,Hải Dương,Giúp việc / Dịch vụ,health|family,employed,13630348,Hải Dương,north,False,False,100,A
worker_0133,53,other,university,widowed,an ninh|bảo vệ|tuần tra|salary_range,23,Nam Định,Bảo vệ,family|other,unemployed,0,Nam Định,north,False,False,100,A
worker_0134,44,female,upper_secondary,single,bán hàng|chăm sóc khách hàng|tư vấn|salary_range,17,TP. Hồ Chí Minh,Nhân viên bán hàng,health,self-employed,8135324,Hồ Chí Minh,south_east,False,False,100,A
worker_0135,35,other,upper_secondary,married,chào hỏi|order|phục vụ|salary_range,10,Hải Dương,Nhân viên phục vụ,family|health|location,retired,8718133,Hải Dương,north,False,False,100,A
worker_0136,38,other,university,single,dọn dẹp|giặt là|nấu ăn|salary_range,18,Huế,Giúp việc / Dịch vụ,other,retired,13116639,Huế,central,False,False,100,A
worker_0137,46,female,primary,single,barista|pha chế|đồ uống|salary_range,23,Vĩnh Phúc,Pha chế,techGap,unemployed,0,Vĩnh Phúc,north,False,False,100,A
worker_0138,57,male,college,married,an ninh|bảo vệ|tuần tra|salary_range,30,Buôn Ma Thuột,Bảo vệ,,retired,9471448,Buôn Ma Thuột,central_highlands,False,False,100,A
worker_0139,47,male,primary,married,chăn nuôi|nông nghiệp|trồng trọt|salary_range,18,Biên Hòa,Nông dân / Nông nghiệp,techGap|family,self-employed,8620502,Biên Hòa,south_east,False,False,100,A
worker_0140,65,female,primary,widowed,công trình|xây dựng|xây tô|salary_range,30,TP. Hồ Chí Minh,Lao động xây dựng,,self-employed,6835504,Hồ Chí Minh,south_east,False,False,100,A
worker_0141,41,female,college,widowed,chăn nuôi|nông nghiệp|trồng trọt|salary_range,14,Vĩnh Phúc,Nông dân / Nông nghiệp,other|health,unemployed,0,Vĩnh Phúc,north,False,False,100,A
worker_0142,44,male,primary,married,sửa chữa|tay nghề|thợ|salary_range,15,Vũng Tàu,Thợ lành nghề,other|techGap,employed,13580519,Vũng Tàu,south_east,False,False,100,A
worker_0143,48,male,primary,married,dọn dẹp|giặt là|nấu ăn|salary_range,22,Thái Nguyên,Giúp việc / Dịch vụ,other,retired,12826109,Thái Nguyên,north,False,False,100,A
worker_0144,44,female,primary,divorced,hành chính|kế toán|văn phòng|salary_range,19,Vinhy,Kế toán / Hành chính,health|family,unemployed,0,Vinh,north,False,False,100,A
worker_0145,65,other,university,single,an ninh|bảo vệ|tuần tra|salary_range,30,Nha Trang,Bảo vệ,techGap|family,unemployed,0,Nha Trang,central,False,False,100,A
worker_0146,58,other,primary,divorced,chăn nuôi|nông nghiệp|trồng trọt|salary_range,30,Hải Dương,Nông dân / Nông nghiệp,health|location,unemployed,0,Hải Dương,north,False,False,100,A
worker_0147,53,other,upper_secondary,widowed,công trình|xây dựng|xây tô|salary_range,28,Hải Dương,Lao động xây dựng,health,retired,12636447,Hải Dương,north,False,False,100,A
worker_0148,56,female,college,widowed,chào hỏi|order|phục vụ|salary_range,30,Biên Hòa,Nhân viên phục vụ,health,self-employed,9847563,Biên Hòa,south_east,False,False,100,A
worker_0149,59,female,upper_secondary,married,công trình|xây dựng|xây tô|salary_range,30,Vinhy,Lao động xây dựng,family,unemployed,0,Vinh,north,False,False,100,A
worker_0150,59,male,college,single,dọn dẹp|giặt là|nấu ăn|salary_range,30,Hà Nội,Giúp việc / Dịch vụ,other,employed,9976494,Hà Nội,north,False,False,100,A
worker_0151,35,other,upper_secondary,divorced,an ninh|bảo vệ|tuần tra|salary_range,14,Bắc Ninh,Bảo vệ,location,retired,11174629,Bắc Ninh,north,False,False,100,A
worker_0152,54,female,university,single,barista|pha chế|đồ uống|salary_range,27,Hải Dương,Pha chế,other|location|health,self-employed,5523942,Hải Dương,north,False,False,100,A
worker_0153,51,male,upper_secondary,divorced,chào hỏi|order|phục vụ|salary_range,24,Huế,Nhân viên phục vụ,health|other|techGap,retired,8455650,Huế,central,False,False,100,A
worker_0154,59,male,primary,married,an ninh|bảo vệ|tuần tra|salary_range,30,Vinhy,Bảo vệ,,unemployed,0,Vinh,north,False,False,100,A
worker_0155,35,male,college,divorced,hành chính|kế toán|văn phòng|salary_range,8,Đà Lạt,Kế toán / Hành chính,family,self-employed,6869654,Đà Lạt,central_highlands,False,False,100,A
worker_0156,46,other,college,married,barista|pha chế|đồ uống|salary_range,17,Hải Phòng,Pha chế,,unemployed,0,Hải Phòng,north,False,False,100,A
worker_0157,57,female,primary,divorced,chào hỏi|order|phục vụ|salary_range,28,Thái Nguyên,Nhân viên phục vụ,other|techGap|health,unemployed,0,Thái Nguyên,north,False,False,100,A
worker_0158,37,male,university,single,công trình|xây dựng|xây tô|salary_range,9,Nha Trang,Lao động xây dựng,other|family|techGap,unemployed,0,Nha Trang,central,False,False,100,A
worker_0159,59,male,college,married,barista|pha chế|đồ uống|salary_range,30,Hà Nội,Pha chế,location|techGap,retired,11118312,Hà Nội,north,False,False,100,A
worker_0160,48,other,university,married,công trình|xây dựng|xây tô|salary_range,18,Vĩnh Phúc,Lao động xây dựng,health|family,self-employed,10066289,Vĩnh Phúc,north,False,False,100,A
worker_0161,44,other,upper_secondary,divorced,kho bãi|quản lý hàng hóa|xuất nhập khẩu|salary_range,21,Thanh Hóa,Nhân viên kho vận,other|family,self-employed,5209284,Thanh Hóa,north,False,False,100,A
worker_0162,53,female,primary,divorced,an ninh|bảo vệ|tuần tra|salary_range,23,Vĩnh Phúc,Bảo vệ,,retired,14893985,Vĩnh Phúc,north,False,False,100,A
worker_0163,44,male,primary,divorced,hành chính|kế toán|văn phòng|salary_range,19,Vinhy,Kế toán / Hành chính,health,employed,4578701,Vinh,north,False,False,100,A
worker_0164,43,other,upper_secondary,divorced,lắp ráp|sản xuất|vận hành máy|salary_range,13,Cần Thơ,Công nhân sản xuất,health,retired,7357803,Cần Thơ,mekong,False,False,100,A
worker_0165,54,male,college,widowed,bán hàng|chăm sóc khách hàng|tư vấn|salary_range,26,Cần Thơ,Nhân viên bán hàng,health|techGap,employed,7686847,Cần Thơ,mekong,False,False,100,A
worker_0166,54,male,primary,divorced,dọn dẹp|giặt là|nấu ăn|salary_range,30,Hải Dương,Giúp việc / Dịch vụ,,unemployed,0,Hải Dương,north,False,False,100,A
worker_0167,37,female,primary,single,bằng lái|lái xe|vận chuyển|salary_range,8,Buôn Ma Thuột,Lái xe,location|health,retired,13672733,Buôn Ma Thuột,central_highlands,False,False,100,A
worker_0168,55,other,upper_secondary,divorced,an ninh|bảo vệ|tuần tra|salary_range,26,Hà Nội,Bảo vệ,location|other,unemployed,0,Hà Nội,north,False,False,100,A
worker_0169,53,female,upper_secondary,married,dọn dẹp|giặt là|nấu ăn|salary_range,30,Vĩnh Phúc,Giúp việc / Dịch vụ,other|techGap|location,unemployed,0,Vĩnh Phúc,north,False,False,100,A
worker_0170,55,other,primary,married,chào hỏi|order|phục vụ|salary_range,30,Hải Phòng,Nhân viên phục vụ,location|family|other,retired,14880887,Hải Phòng,north,False,False,100,A
worker_0171,49,other,college,married,chăn nuôi|nông nghiệp|trồng trọt|salary_range,26,Cần Thơ,Nông dân / Nông nghiệp,location|other,self-employed,10602252,Cần Thơ,mekong,False,False,100,A
worker_0172,64,female,university,divorced,barista|pha chế|đồ uống|salary_range,30,Nam Định,Pha chế,,unemployed,0,Nam Định,north,False,False,100,A
worker_0173,63,female,college,divorced,sửa chữa|tay nghề|thợ|salary_range,30,TP. Hồ Chí Minh,Thợ lành nghề,,retired,10689623,Hồ Chí Minh,south_east,False,False,100,A
worker_0174,36,other,upper_secondary,single,chào hỏi|order|phục vụ|salary_range,11,Cần Thơ,Nhân viên phục vụ,,self-employed,7331932,Cần Thơ,mekong,False,False,100,A
worker_0175,49,female,primary,single,dọn dẹp|giặt là|nấu ăn|salary_range,20,Hà Nội,Giúp việc / Dịch vụ,health|other|family,unemployed,0,Hà Nội,north,False,False,100,A
worker_0176,65,male,primary,divorced,bằng lái|lái xe|vận chuyển|salary_range,30,Nha Trang,Lái xe,other|techGap|family,retired,12357538,Nha Trang,central,False,False,100,A
worker_0177,65,male,college,married,dọn dẹp|giặt là|nấu ăn|salary_range,30,Vĩnh Phúc,Giúp việc / Dịch vụ,location,retired,14453803,Vĩnh Phúc,north,False,False,100,A
worker_0178,48,other,college,single,dọn dẹp|giặt là|nấu ăn|salary_range,24,Nam Định,Giúp việc / Dịch vụ,location|family|techGap,retired,8433373,Nam Định,north,False,False,100,A
worker_0179,39,male,primary,single,chào hỏi|order|phục vụ|salary_range,15,Buôn Ma Thuột,Nhân viên phục vụ,family|location,unemployed,0,Buôn Ma Thuột,central_highlands,False,False,100,A
worker_0180,42,other,college,divorced,công trình|xây dựng|xây tô|salary_range,22,Buôn Ma Thuột,Lao động xây dựng,,employed,12403581,Buôn Ma Thuột,central_highlands,False,False,100,A
worker_0181,47,female,primary,single,dọn dẹp|giặt là|nấu ăn|salary_range,19,Hà Nội,Giúp việc / Dịch vụ,,self-employed,13555754,Hà Nội,north,False,False,100,A
worker_0182,54,male,upper_secondary,widowed,lắp ráp|sản xuất|vận hành máy|salary_range,30,Nam Định,Công nhân sản xuất,family|other,employed,4664434,Nam Định,north,False,False,100,A
worker_0183,47,male,college,single,chào hỏi|order|phục vụ|salary_range,19,Qui Nhơn,Nhân viên phục vụ,other|family,employed,5518881,Quy Nhơn,central,False,False,100,A
worker_0184,53,male,primary,married,lắp ráp|sản xuất|vận hành máy|salary_range,30,Hà Nội,Công nhân sản xuất,location,unemployed,0,Hà Nội,north,False,False,100,A
worker_0185,64,other,university,single,an ninh|bảo vệ|tuần tra|salary_range,30,Buôn Ma Thuột,Bảo vệ,,unemployed,0,Buôn Ma Thuột,central_highlands,False,False,100,A
worker_0186,42,female,upper_secondary,married,chào hỏi|order|phục vụ|salary_range,13,Đà Lạt,Nhân viên phục vụ,family|health,employed,14315779,Đà Lạt,central_highlands,False,False,100,A
worker_0187,52,other,college,married,công trình|xây dựng|xây tô|salary_range,30,Hải Phòng,Lao động xây dựng,location,self-employed,10958708,Hải Phòng,north,False,False,100,A
worker_0188,46,female,college,divorced,chăn nuôi|nông nghiệp|trồng trọt|salary_range,21,Nam Định,Nông dân / Nông nghiệp,health|other|family,self-employed,13033474,Nam Định,north,False,False,100,A
worker_0189,58,other,college,widowed,dọn dẹp|giặt là|nấu ăn|salary_range,30,Buôn Ma Thuột,Giúp việc / Dịch vụ,health,retired,14785197,Buôn Ma Thuột,central_highlands,False,False,100,A
worker_0190,47,male,university,married,chăn nuôi|nông nghiệp|trồng trọt|salary_range,20,Bắc Ninh,Nông dân / Nông nghiệp,techGap,employed,12501535,Bắc Ninh,north,False,False,100,A
worker_0191,53,male,university,single,chào hỏi|order|phục vụ|salary_range,27,Cần Thơ,Nhân viên phục vụ,health,employed,12077401,Cần Thơ,mekong,False,False,100,A
worker_0192,37,male,upper_secondary,divorced,chăn nuôi|nông nghiệp|trồng trọt|salary_range,9,Thanh Hóa,Nông dân / Nông nghiệp,family,self-employed,12369339,Thanh Hóa,north,False,False,100,A
worker_0193,35,male,upper_secondary,widowed,hành chính|kế toán|văn phòng|salary_range,7,Bắc Ninh,Kế toán / Hành chính,health,retired,3326771,Bắc Ninh,north,False,False,100,A
worker_0194,40,female,primary,divorced,bằng lái|lái xe|vận chuyển|salary_range,19,Buôn Ma Thuột,Lái xe,health,employed,10801587,Buôn Ma Thuột,central_highlands,False,False,100,A
worker_0195,49,male,university,married,bằng lái|lái xe|vận chuyển|salary_range,22,TP. Hồ Chí Minh,Lái xe,family|location,retired,6864915,Hồ Chí Minh,south_east,False,False,100,A
worker_0196,58,other,primary,widowed,bán hàng|chăm sóc khách hàng|tư vấn|salary_range,30,Bình Dương,Nhân viên bán hàng,health|location,self-employed,14487414,Bình Dương,south_east,False,False,100,A
worker_0197,62,other,university,married,barista|pha chế|đồ uống|salary_range,30,TP. Hồ Chí Minh,Pha chế,techGap,self-employed,11533668,Hồ Chí Minh,south_east,False,False,100,A
worker_0198,48,other,primary,single,bằng lái|lái xe|vận chuyển|salary_range,20,Cần Thơ,Lái xe,health|family,unemployed,0,Cần Thơ,mekong,False,False,100,A
worker_0199,63,female,college,single,an ninh|bảo vệ|tuần tra|salary_range,30,Hà Nội,Bảo vệ,,self-employed,8428357,Hà Nội,north,False,False,100,A
worker_0200,42,male,primary,divorced,công trình|xây dựng|xây tô|salary_range,14,Hà Nội,Lao động xây dựng,other|family|health,unemployed,0,Hà Nội,north,False,False,100,A
worker_0201,41,other,university,single,an ninh|bảo vệ|tuần tra|salary_range,15,Nha Trang,Bảo vệ,health,retired,12156078,Nha Trang,central,False,False,100,A
worker_0202,55,female,primary,married,hành chính|kế toán|văn phòng|salary_range,27,Thanh Hóa,Kế toán / Hành chính,,employed,12371041,Thanh Hóa,north,False,False,100,A
worker_0203,52,female,primary,married,an ninh|bảo vệ|tuần tra|salary_range,24,Đà Nẵng,Bảo vệ,health|techGap,retired,13393430,Đà Nẵng,central,False,False,100,A
worker_0204,65,male,upper_secondary,divorced,dọn dẹp|giặt là|nấu ăn|salary_range,30,Vũng Tàu,Giúp việc / Dịch vụ,health|other,unemployed,0,Vũng Tàu,south_east,False,False,100,A
worker_0205,48,female,college,single,bán hàng|chăm sóc khách hàng|tư vấn|salary_range,20,Thanh Hóa,Nhân viên bán hàng,techGap,employed,5552968,Thanh Hóa,north,False,False,100,A
worker_0206,50,male,primary,single,dọn dẹp|giặt là|nấu ăn|salary_range,27,Bắc Ninh,Giúp việc / Dịch vụ,techGap|location,retired,6133269,Bắc Ninh,north,False,False,100,A
worker_0207,62,other,university,single,hành chính|kế toán|văn phòng|salary_range,30,Nam Định,Kế toán / Hành chính,health,self-employed,14970823,Nam Định,north,False,False,100,A
worker_0208,61,other,university,single,barista|pha chế|đồ uống|salary_range,30,Vĩnh Phúc,Pha chế,,self-employed,13205547,Vĩnh Phúc,north,False,False,100,A
worker_0209,65,other,college,single,bằng lái|lái xe|vận chuyển|salary_range,30,Thái Nguyên,Lái xe,location,employed,13049406,Thái Nguyên,north,False,False,100,A
worker_0210,38,other,upper_secondary,married,bằng lái|lái xe|vận chuyển|salary_range,18,TP. Hồ Chí Minh,Lái xe,techGap|location|health,retired,12050212,Hồ Chí Minh,south_east,False,False,100,A
worker_0211,45,other,university,married,barista|pha chế|đồ uống|salary_range,23,Bắc Ninh,Pha chế,family,unemployed,0,Bắc Ninh,north,False,False,100,A
worker_0212,65,male,university,widowed,barista|pha chế|đồ uống|salary_range,30,Hải Dương,Pha chế,,employed,14945407,Hải Dương,north,False,False,100,A
worker_0213,44,female,upper_secondary,single,kho bãi|quản lý hàng hóa|xuất nhập khẩu|salary_range,23,Nha Trang,Nhân viên kho vận,family,unemployed,0,Nha Trang,central,False,False,100,A
worker_0214,56,other,upper_secondary,married,hành chính|kế toán|văn phòng|salary_range,30,Vũng Tàu,Kế toán / Hành chính,techGap|health|family,retired,7459248,Vũng Tàu,south_east,False,False,100,A
worker_0215,57,female,primary,widowed,chăn nuôi|nông nghiệp|trồng trọt|salary_range,30,Thanh Hóa,Nông dân / Nông nghiệp,location|techGap|family,unemployed,0,Thanh Hóa,north,False,False,100,A
worker_0216,58,female,primary,divorced,sửa chữa|tay nghề|thợ|salary_range,30,Đà Lạt,Thợ lành nghề,family,retired,5073442,Đà Lạt,central_highlands,False,False,100,A
worker_0217,44,female,upper_secondary,single,chăn nuôi|nông nghiệp|trồng trọt|salary_range,14,Vinhy,Nông dân / Nông nghiệp,,unemployed,0,Vinh,north,False,False,100,A
worker_0218,37,male,primary,divorced,kho bãi|quản lý hàng hóa|xuất nhập khẩu|salary_range,15,TP. Hồ Chí Minh,Nhân viên kho vận,techGap,unemployed,0,Hồ Chí Minh,south_east,False,False,100,A
worker_0219,47,male,university,married,lắp ráp|sản xuất|vận hành máy|salary_range,27,Qui Nhơn,Công nhân sản xuất,location|family|health,unemployed,0,Quy Nhơn,central,False,False,100,A
worker_0220,61,male,upper_secondary,widowed,chào hỏi|order|phục vụ|salary_range,30,Buôn Ma Thuột,Nhân viên phục vụ,location,employed,14021201,Buôn Ma Thuột,central_highlands,False,False,100,A
worker_0221,51,male,upper_secondary,divorced,kho bãi|quản lý hàng hóa|xuất nhập khẩu|salary_range,30,Biên Hòa,Nhân viên kho vận,,retired,8841512,Biên Hòa,south_east,False,False,100,A
worker_0222,54,male,primary,widowed,bán hàng|chăm sóc khách hàng|tư vấn|salary_range,25,Hải Dương,Nhân viên bán hàng,techGap,self-employed,4101234,Hải Dương,north,False,False,100,A
worker_0223,35,other,university,married,bán hàng|chăm sóc khách hàng|tư vấn|salary_range,14,TP. Hồ Chí Minh,Nhân viên bán hàng,other|family|location,retired,3296992,Hồ Chí Minh,south_east,False,False,100,A
worker_0224,54,female,primary,widowed,hành chính|kế toán|văn phòng|salary_range,27,Hải Phòng,Kế toán / Hành chính,family|location|techGap,unemployed,0,Hải Phòng,north,False,False,100,A
worker_0225,60,female,upper_secondary,single,bán hàng|chăm sóc khách hàng|tư vấn|salary_range,30,Nha Trang,Nhân viên bán hàng,location|other|techGap,unemployed,0,Nha Trang,central,False,False,100,A
worker_0226,53,other,college,divorced,sửa chữa|tay nghề|thợ|salary_range,23,Cần Thơ,Thợ lành nghề,health,self-employed,10665735,Cần Thơ,mekong,False,False,100,A
worker_0227,41,female,college,single,lắp ráp|sản xuất|vận hành máy|salary_range,13,Buôn Ma Thuột,Công nhân sản xuất,,retired,7799195,Buôn Ma Thuột,central_highlands,False,False,100,A
worker_0228,59,other,university,widowed,sửa chữa|tay nghề|thợ|salary_range,30,Vũng Tàu,Thợ lành nghề,other,employed,11761505,Vũng Tàu,south_east,False,False,100,A
worker_0229,36,other,university,widowed,kho bãi|quản lý hàng hóa|xuất nhập khẩu|salary_range,10,Thái Nguyên,Nhân viên kho vận,health|other|location,retired,14091926,Thái Nguyên,north,False,False,100,A
worker_0230,52,female,primary,single,công trình|xây dựng|xây tô|salary_range,25,Thái Nguyên,Lao động xây dựng,location|family,unemployed,0,Thái Nguyên,north,False,False,100,A
worker_0231,43,other,college,divorced,bằng lái|lái xe|vận chuyển|salary_range,22,Bắc Ninh,Lái xe,techGap|health|family,employed,14874235,Bắc Ninh,north,False,False,100,A
worker_0232,61,other,upper_secondary,divorced,lắp ráp|sản xuất|vận hành máy|salary_range,30,Thái Nguyên,Công nhân sản xuất,other|health,retired,9322394,Thái Nguyên,north,False,False,100,A
worker_0233,50,male,primary,widowed,dọn dẹp|giặt là|nấu ăn|salary_range,20,Đà Nẵng,Giúp việc / Dịch vụ,health|other,unemployed,0,Đà Nẵng,central,False,False,100,A
worker_0234,43,other,college,divorced,barista|pha chế|đồ uống|salary_range,17,Nam Định,Pha chế,health,retired,7336021,Nam Định,north,False,False,100,A
worker_0235,65,male,primary,widowed,hành chính|kế toán|văn phòng|salary_range,30,Biên Hòa,Kế toán / Hành chính,location|health|family,employed,3791761,Biên Hòa,south_east,False,False,100,A
worker_0236,38,female,primary,single,bằng lái|lái xe|vận chuyển|salary_range,11,Huế,Lái xe,other|location,self-employed,6662859,Huế,central,False,False,100,A
worker_0237,36,male,college,divorced,hành chính|kế toán|văn phòng|salary_range,14,Qui Nhơn,Kế toán / Hành chính,,self-employed,14605987,Quy Nhơn,central,False,False,100,A
worker_0238,62,female,college,married,lắp ráp|sản xuất|vận hành máy|salary_range,30,Cần Thơ,Công nhân sản xuất,location|techGap|family,self-employed,3605069,Cần Thơ,mekong,False,False,100,A
worker_0239,63,other,upper_secondary,married,barista|pha chế|đồ uống|salary_range,30,Hải Phòng,Pha chế,family,unemployed,0,Hải Phòng,north,False,False,100,A
worker_0240,42,female,college,married,bằng lái|lái xe|vận chuyển|salary_range,19,Vĩnh Phúc,Lái xe,family,employed,4385053,Vĩnh Phúc,north,False,False,100,A
worker_0241,38,other,primary,single,lắp ráp|sản xuất|vận hành máy|salary_range,11,Đà Nẵng,Công nhân sản xuất,location,retired,6242871,Đà Nẵng,central,False,False,100,A
worker_0242,38,male,primary,single,chào hỏi|order|phục vụ|salary_range,13,Thái Nguyên,Nhân viên phục vụ,health|location,employed,12316159,Thái Nguyên,north,False,False,100,A
worker_0243,38,male,university,divorced,hành chính|kế toán|văn phòng|salary_range,11,Đà Lạt,Kế toán / Hành chính,other|location|techGap,retired,3934434,Đà Lạt,central_highlands,False,False,100,A
worker_0244,59,other,primary,single,chào hỏi|order|phục vụ|salary_range,30,Nam Định,Nhân viên phục vụ,,self-employed,6770147,Nam Định,north,False,False,100,A
worker_0245,49,male,college,divorced,chăn nuôi|nông nghiệp|trồng trọt|salary_range,26,Đà Nẵng,Nông dân / Nông nghiệp,family,employed,8456637,Đà Nẵng,central,False,False,100,A
worker_0246,55,male,primary,widowed,sửa chữa|tay nghề|thợ|salary_range,30,Cần Thơ,Thợ lành nghề,location|other|health,employed,3322516,Cần Thơ,mekong,False,False,100,A
worker_0247,57,male,college,divorced,bán hàng|chăm sóc khách hàng|tư vấn|salary_range,30,Buôn Ma Thuột,Nhân viên bán hàng,other|family|health,employed,9811276,Buôn Ma Thuột,central_highlands,False,False,100,A
worker_0248,55,male,primary,married,kho bãi|quản lý hàng hóa|xuất nhập khẩu|salary_range,30,Nam Định,Nhân viên kho vận,,self-employed,7972346,Nam Định,north,False,False,100,A
worker_0249,58,other,college,widowed,bằng lái|lái xe|vận chuyển|salary_range,30,Hải Dương,Lái xe,,self-employed,12291347,Hải Dương,north,False,False,100,A
worker_0250,55,other,university,single,an ninh|bảo vệ|tuần tra|salary_range,29,Vinhy,Bảo vệ,location|other|family,employed,12486115,Vinh,north,False,False,100,A
worker_0251,61,male,primary,single,chăn nuôi|nông nghiệp|trồng trọt|salary_range,30,Biên Hòa,Nông dân / Nông nghiệp,health|family,unemployed,0,Biên Hòa,south_east,False,False,100,A
worker_0252,48,other,university,single,an ninh|bảo vệ|tuần tra|salary_range,22,Cần Thơ,Bảo vệ,location|techGap,self-employed,7434176,Cần Thơ,mekong,False,False,100,A
worker_0253,51,male,primary,widowed,bằng lái|lái xe|vận chuyển|salary_range,24,Nha Trang,Lái xe,other|health,unemployed,0,Nha Trang,central,False,False,100,A
worker_0254,64,male,university,single,chào hỏi|order|phục vụ|salary_range,30,Cần Thơ,Nhân viên phục vụ,,unemployed,0,Cần Thơ,mekong,False,False,100,A
worker_0255,37,other,upper_secondary,divorced,hành chính|kế toán|văn phòng|salary_range,13,Bắc Ninh,Kế toán / Hành chính,location|family,unemployed,0,Bắc Ninh,north,False,False,100,A
worker_0256,51,male,primary,single,dọn dẹp|giặt là|nấu ăn|salary_range,24,Buôn Ma Thuột,Giúp việc / Dịch vụ,,retired,8158492,Buôn Ma Thuột,central_highlands,False,False,100,A
worker_0257,54,female,upper_secondary,divorced,chăn nuôi|nông nghiệp|trồng trọt|salary_range,26,Thanh Hóa,Nông dân / Nông nghiệp,,self-employed,4971381,Thanh Hóa,north,False,False,100,A
worker_0258,60,male,primary,divorced,bằng lái|lái xe|vận chuyển|salary_range,30,Biên Hòa,Lái xe,techGap,unemployed,0,Biên Hòa,south_east,False,False,100,A
worker_0259,55,male,primary,widowed,dọn dẹp|giặt là|nấu ăn|salary_range,30,Nha Trang,Giúp việc / Dịch vụ,location|health|techGap,employed,3001070,Nha Trang,central,False,False,100,A
worker_0260,65,other,college,single,công trình|xây dựng|xây tô|salary_range,30,Buôn Ma Thuột,Lao động xây dựng,family|location,self-employed,7560076,Buôn Ma Thuột,central_highlands,False,False,100,A
worker_0261,41,other,upper_secondary,single,kho bãi|quản lý hàng hóa|xuất nhập khẩu|salary_range,20,Cần Thơ,Nhân viên kho vận,other,self-employed,6932871,Cần Thơ,mekong,False,False,100,A
worker_0262,59,female,college,single,bán hàng|chăm sóc khách hàng|tư vấn|salary_range,30,Vĩnh Phúc,Nhân viên bán hàng,health|location|family,unemployed,0,Vĩnh Phúc,north,False,False,100,A
worker_0263,59,other,college,married,chăn nuôi|nông nghiệp|trồng trọt|salary_range,30,Huế,Nông dân / Nông nghiệp,other,employed,3042703,Huế,central,False,False,100,A
worker_0264,63,other,college,married,bằng lái|lái xe|vận chuyển|salary_range,30,Hải Phòng,Lái xe,health|techGap|family,employed,6195844,Hải Phòng,north,False,False,100,A
worker_0265,37,male,upper_secondary,divorced,chăn nuôi|nông nghiệp|trồng trọt|salary_range,15,Huế,Nông dân / Nông nghiệp,techGap|location,retired,3125244,Huế,central,False,False,100,A
worker_0266,39,female,university,widowed,lắp ráp|sản xuất|vận hành máy|salary_range,13,Bắc Ninh,Công nhân sản xuất,other|location,retired,13091009,Bắc Ninh,north,False,False,100,A
worker_0267,53,other,university,single,bán hàng|chăm sóc khách hàng|tư vấn|salary_range,25,Bình Dương,Nhân viên bán hàng,other,unemployed,0,Bình Dương,south_east,False,False,100,A
worker_0268,50,male,upper_secondary,single,bằng lái|lái xe|vận chuyển|salary_range,20,Vũng Tàu,Lái xe,family|other,self-employed,11959108,Vũng Tàu,south_east,False,False,100,A
worker_0269,63,male,upper_secondary,divorced,chăn nuôi|nông nghiệp|trồng trọt|salary_range,30,Buôn Ma Thuột,Nông dân / Nông nghiệp,other|health,employed,9172529,Buôn Ma Thuột,central_highlands,False,False,100,A
worker_0270,46,female,upper_secondary,divorced,an ninh|bảo vệ|tuần tra|salary_range,26,Nam Định,Bảo vệ,,self-employed,4605922,Nam Định,north,False,False,100,A
worker_0271,48,male,upper_secondary,married,chào hỏi|order|phục vụ|salary_range,20,Biên Hòa,Nhân viên phục vụ,location,unemployed,0,Biên Hòa,south_east,False,False,100,A
worker_0272,37,other,college,married,bán hàng|chăm sóc khách hàng|tư vấn|salary_range,7,Qui Nhơn,Nhân viên bán hàng,,unemployed,0,Quy Nhơn,central,False,False,100,A
worker_0273,56,female,college,widowed,chăn nuôi|nông nghiệp|trồng trọt|salary_range,30,Vinhy,Nông dân / Nông nghiệp,location|health,self-employed,14461096,Vinh,north,False,False,100,A
worker_0274,52,male,primary,single,sửa chữa|tay nghề|thợ|salary_range,22,Vinhy,Thợ lành nghề,,unemployed,0,Vinh,north,False,False,100,A
worker_0275,60,male,university,single,an ninh|bảo vệ|tuần tra|salary_range,30,Cần Thơ,Bảo vệ,other|location,unemployed,0,Cần Thơ,mekong,False,False,100,A
worker_0276,36,male,upper_secondary,married,sửa chữa|tay nghề|thợ|salary_range,16,Bắc Ninh,Thợ lành nghề,other|location,self-employed,7717528,Bắc Ninh,north,False,False,100,A
worker_0277,65,female,university,married,an ninh|bảo vệ|tuần tra|salary_range,30,TP. Hồ Chí Minh,Bảo vệ,,unemployed,0,Hồ Chí Minh,south_east,False,False,100,A
worker_0278,65,female,primary,married,dọn dẹp|giặt là|nấu ăn|salary_range,30,Vũng Tàu,Giúp việc / Dịch vụ,family|location,retired,11238978,Vũng Tàu,south_east,False,False,100,A
worker_0279,63,female,upper_secondary,divorced,chăn nuôi|nông nghiệp|trồng trọt|salary_range,30,Nha Trang,Nông dân / Nông nghiệp,location|techGap,unemployed,0,Nha Trang,central,False,False,100,A
worker_0280,60,female,primary,divorced,bằng lái|lái xe|vận chuyển|salary_range,30,Hải Dương,Lái xe,location,self-employed,11843776,Hải Dương,north,False,False,100,A
worker_0281,47,male,primary,single,hành chính|kế toán|văn phòng|salary_range,22,Đà Lạt,Kế toán / Hành chính,techGap|health,retired,6635964,Đà Lạt,central_highlands,False,False,100,A
worker_0282,49,other,upper_secondary,widowed,an ninh|bảo vệ|tuần tra|salary_range,19,Thái Nguyên,Bảo vệ,techGap,self-employed,13733062,Thái Nguyên,north,False,False,100,A
worker_0283,41,female,primary,widowed,chăn nuôi|nông nghiệp|trồng trọt|salary_range,18,Hải Dương,Nông dân / Nông nghiệp,,unemployed,0,Hải Dương,north,False,False,100,A
worker_0284,37,female,university,divorced,dọn dẹp|giặt là|nấu ăn|salary_range,14,Hải Phòng,Giúp việc / Dịch vụ,,unemployed,0,Hải Phòng,north,False,False,100,A
worker_0285,50,female,college,single,chăn nuôi|nông nghiệp|trồng trọt|salary_range,29,Hà Nội,Nông dân / Nông nghiệp,techGap|location,retired,4086903,Hà Nội,north,False,False,100,A
worker_0286,44,male,college,divorced,barista|pha chế|đồ uống|salary_range,22,Thanh Hóa,Pha chế,health|location,unemployed,0,Thanh Hóa,north,False,False,100,A
worker_0287,49,female,primary,single,kho bãi|quản lý hàng hóa|xuất nhập khẩu|salary_range,28,Vinhy,Nhân viên kho vận,,unemployed,0,Vinh,north,False,False,100,A
worker_0288,51,female,primary,married,hành chính|kế toán|văn phòng|salary_range,25,Nha Trang,Kế toán / Hành chính,location,employed,11664936,Nha Trang,central,False,False,100,A
worker_0289,37,female,upper_secondary,widowed,hành chính|kế toán|văn phòng|salary_range,13,Huế,Kế toán / Hành chính,,employed,4207376,Huế,central,False,False,100,A
worker_0290,38,female,upper_secondary,single,bán hàng|chăm sóc khách hàng|tư vấn|salary_range,10,Đà Nẵng,Nhân viên bán hàng,family|techGap,employed,13112486,Đà Nẵng,central,False,False,100,A
worker_0291,53,other,upper_secondary,married,sửa chữa|tay nghề|thợ|salary_range,24,Vinhy,Thợ lành nghề,,retired,4745058,Vinh,north,False,False,100,A
worker_0292,55,other,college,married,an ninh|bảo vệ|tuần tra|salary_range,30,Thanh Hóa,Bảo vệ,,employed,10452726,Thanh Hóa,north,False,False,100,A
worker_0293,36,other,primary,married,sửa chữa|tay nghề|thợ|salary_range,11,Biên Hòa,Thợ lành nghề,health|other,unemployed,0,Biên Hòa,south_east,False,False,100,A
worker_0294,44,female,primary,widowed,hành chính|kế toán|văn phòng|salary_range,19,Cần Thơ,Kế toán / Hành chính,,unemployed,0,Cần Thơ,mekong,False,False,100,A
worker_0295,42,male,university,single,lắp ráp|sản xuất|vận hành máy|salary_range,12,Hà Nội,Công nhân sản xuất,techGap|family,self-employed,12221811,Hà Nội,north,False,False,100,A
worker_0296,46,other,college,married,dọn dẹp|giặt là|nấu ăn|salary_range,24,Biên Hòa,Giúp việc / Dịch vụ,health,unemployed,0,Biên Hòa,south_east,False,False,100,A
worker_0297,37,female,primary,single,hành chính|kế toán|văn phòng|salary_range,7,Thanh Hóa,Kế toán / Hành chính,health|location,unemployed,0,Thanh Hóa,north,False,False,100,A
worker_0298,36,other,primary,married,sửa chữa|tay nghề|thợ|salary_range,11,Đà Nẵng,Thợ lành nghề,location|other,self-employed,8760659,Đà Nẵng,central,False,False,100,A
worker_0299,44,male,college,divorced,bán hàng|chăm sóc khách hàng|tư vấn|salary_range,24,Biên Hòa,Nhân viên bán hàng,health,unemployed,0,Biên Hòa,south_east,False,False,100,A
worker_0300,46,male,college,married,công trình|xây dựng|xây tô|salary_range,24,Hà Nội,Lao động xây dựng,techGap,unemployed,0,Hà Nội,north,False,False,100,A
worker_0301,41,female,university,widowed,barista|pha chế|đồ uống|salary_range,13,Nam Định,Pha chế,health|other,self-employed,14537085,Nam Định,north,False,False,100,A
worker_0302,35,female,primary,single,dọn dẹp|giặt là|nấu ăn|salary_range,13,Thái Nguyên,Giúp việc / Dịch vụ,,retired,12121935,Thái Nguyên,north,False,False,100,A
worker_0303,39,female,college,married,an ninh|bảo vệ|tuần tra|salary_range,15,Đà Lạt,Bảo vệ,family,retired,13732959,Đà Lạt,central_highlands,False,False,100,A
worker_0304,44,male,primary,single,bán hàng|chăm sóc khách hàng|tư vấn|salary_range,16,Hải Dương,Nhân viên bán hàng,,employed,11859254,Hải Dương,north,False,False,100,A
worker_0305,56,other,college,widowed,barista|pha chế|đồ uống|salary_range,28,Thanh Hóa,Pha chế,techGap,employed,12187406,Thanh Hóa,north,False,False,100,A
worker_0306,52,other,upper_secondary,widowed,hành chính|kế toán|văn phòng|salary_range,30,Đà Lạt,Kế toán / Hành chính,,unemployed,0,Đà Lạt,central_highlands,False,False,100,A
worker_0307,44,male,primary,married,lắp ráp|sản xuất|vận hành máy|salary_range,15,Bắc Ninh,Công nhân sản xuất,family|other,employed,5432892,Bắc Ninh,north,False,False,100,A
worker_0308,48,male,primary,single,sửa chữa|tay nghề|thợ|salary_range,27,Biên Hòa,Thợ lành nghề,location|other|health,self-employed,11611023,Biên Hòa,south_east,False,False,100,A
worker_0309,52,other,college,widowed,hành chính|kế toán|văn phòng|salary_range,28,Đà Lạt,Kế toán / Hành chính,,unemployed,0,Đà Lạt,central_highlands,False,False,100,A
worker_0310,62,female,upper_secondary,widowed,bán hàng|chăm sóc khách hàng|tư vấn|salary_range,30,Hải Dương,Nhân viên bán hàng,family|health,unemployed,0,Hải Dương,north,False,False,100,A
worker_0311,48,female,college,divorced,công trình|xây dựng|xây tô|salary_range,22,Bình Dương,Lao động xây dựng,other|location,self-employed,4069714,Bình Dương,south_east,False,False,100,A
worker_0312,41,other,university,widowed,barista|pha chế|đồ uống|salary_range,14,Nha Trang,Pha chế,other|health|location,employed,10152970,Nha Trang,central,False,False,100,A
worker_0313,59,male,primary,married,barista|pha chế|đồ uống|salary_range,30,Thanh Hóa,Pha chế,,employed,9923587,Thanh Hóa,north,False,False,100,A
worker_0314,59,other,college,divorced,công trình|xây dựng|xây tô|salary_range,30,Huế,Lao động xây dựng,location|family|other,retired,3291867,Huế,central,False,False,100,A
worker_0315,55,female,college,married,sửa chữa|tay nghề|thợ|salary_range,30,Hà Nội,Thợ lành nghề,location,self-employed,10310296,Hà Nội,north,False,False,100,A
worker_0316,43,male,university,single,lắp ráp|sản xuất|vận hành máy|salary_range,20,Đà Nẵng,Công nhân sản xuất,health|family|other,self-employed,11717633,Đà Nẵng,central,False,False,100,A
worker_0317,35,female,university,married,sửa chữa|tay nghề|thợ|salary_range,9,Buôn Ma Thuột,Thợ lành nghề,health|location,unemployed,0,Buôn Ma Thuột,central_highlands,False,False,100,A
worker_0318,56,other,college,widowed,kho bãi|quản lý hàng hóa|xuất nhập khẩu|salary_range,30,Nam Định,Nhân viên kho vận,family,self-employed,12570027,Nam Định,north,False,False,100,A
worker_0319,57,male,primary,married,barista|pha chế|đồ uống|salary_range,30,Hà Nội,Pha chế,other,unemployed,0,Hà Nội,north,False,False,100,A
worker_0320,60,female,upper_secondary,widowed,dọn dẹp|giặt là|nấu ăn|salary_range,30,Vũng Tàu,Giúp việc / Dịch vụ,techGap|other,unemployed,0,Vũng Tàu,south_east,False,False,100,A
worker_0321,45,male,university,married,chăn nuôi|nông nghiệp|trồng trọt|salary_range,23,Cần Thơ,Nông dân / Nông nghiệp,techGap,retired,9136094,Cần Thơ,mekong,False,False,100,A
worker_0322,50,other,primary,married,an ninh|bảo vệ|tuần tra|salary_range,21,Vũng Tàu,Bảo vệ,techGap,unemployed,0,Vũng Tàu,south_east,False,False,100,A
worker_0323,38,female,college,divorced,hành chính|kế toán|văn phòng|salary_range,12,Hải Dương,Kế toán / Hành chính,techGap|other,employed,8228327,Hải Dương,north,False,False,100,A
worker_0324,64,female,primary,single,an ninh|bảo vệ|tuần tra|salary_range,30,Hải Phòng,Bảo vệ,techGap,employed,14082708,Hải Phòng,north,False,False,100,A
worker_0325,39,male,university,widowed,an ninh|bảo vệ|tuần tra|salary_range,13,Bình Dương,Bảo vệ,,retired,11377427,Bình Dương,south_east,False,False,100,A
worker_0326,57,male,college,single,an ninh|bảo vệ|tuần tra|salary_range,27,Nha Trang,Bảo vệ,location|techGap,self-employed,12452971,Nha Trang,central,False,False,100,A
worker_0327,55,female,primary,married,chăn nuôi|nông nghiệp|trồng trọt|salary_range,30,Huế,Nông dân / Nông nghiệp,family,employed,6244651,Huế,central,False,False,100,A
worker_0328,60,male,primary,widowed,dọn dẹp|giặt là|nấu ăn|salary_range,30,Bình Dương,Giúp việc / Dịch vụ,techGap|family,retired,14781635,Bình Dương,south_east,False,False,100,A
worker_0329,44,male,primary,single,bằng lái|lái xe|vận chuyển|salary_range,16,Biên Hòa,Lái xe,health,retired,5922379,Biên Hòa,south_east,False,False,100,A
worker_0330,44,other,upper_secondary,single,kho bãi|quản lý hàng hóa|xuất nhập khẩu|salary_range,23,Hải Phòng,Nhân viên kho vận,location|health,employed,5971609,Hải Phòng,north,False,False,100,A
worker_0331,46,other,upper_secondary,single,chăn nuôi|nông nghiệp|trồng trọt|salary_range,18,Vĩnh Phúc,Nông dân / Nông nghiệp,health,self-employed,4394309,Vĩnh Phúc,north,False,False,100,A
worker_0332,60,female,primary,divorced,chăn nuôi|nông nghiệp|trồng trọt|salary_range,30,Bình Dương,Nông dân / Nông nghiệp,health|techGap,retired,12878205,Bình Dương,south_east,False,False,100,A
worker_0333,65,other,university,single,kho bãi|quản lý hàng hóa|xuất nhập khẩu|salary_range,30,Đà Lạt,Nhân viên kho vận,other,self-employed,8499989,Đà Lạt,central_highlands,False,False,100,A
worker_0334,61,other,college,single,lắp ráp|sản xuất|vận hành máy|salary_range,30,Thanh Hóa,Công nhân sản xuất,,self-employed,12794584,Thanh Hóa,north,False,False,100,A
worker_0335,47,female,upper_secondary,married,công trình|xây dựng|xây tô|salary_range,23,TP. Hồ Chí Minh,Lao động xây dựng,family|techGap|location,self-employed,11823202,Hồ Chí Minh,south_east,False,False,100,A
worker_0336,46,other,upper_secondary,married,bán hàng|chăm sóc khách hàng|tư vấn|salary_range,25,Qui Nhơn,Nhân viên bán hàng,health,unemployed,0,Quy Nhơn,central,False,False,100,A
worker_0337,55,female,upper_secondary,single,sửa chữa|tay nghề|thợ|salary_range,30,Hải Dương,Thợ lành nghề,location|health,unemployed,0,Hải Dương,north,False,False,100,A
worker_0338,60,male,primary,divorced,công trình|xây dựng|xây tô|salary_range,30,Huế,Lao động xây dựng,health|other,retired,14034194,Huế,central,False,False,100,A
worker_0339,55,female,college,divorced,công trình|xây dựng|xây tô|salary_range,30,Huế,Lao động xây dựng,health|family,employed,11208214,Huế,central,False,False,100,A
worker_0340,42,other,upper_secondary,single,bằng lái|lái xe|vận chuyển|salary_range,17,Vũng Tàu,Lái xe,,retired,14504468,Vũng Tàu,south_east,False,False,100,A
worker_0341,57,female,upper_secondary,single,hành chính|kế toán|văn phòng|salary_range,30,Qui Nhơn,Kế toán / Hành chính,location|family,retired,3731449,Quy Nhơn,central,False,False,100,A
worker_0342,61,other,primary,married,hành chính|kế toán|văn phòng|salary_range,30,Đà Nẵng,Kế toán / Hành chính,other,retired,5537576,Đà Nẵng,central,False,False,100,A
worker_0343,48,male,university,widowed,hành chính|kế toán|văn phòng|salary_range,23,Buôn Ma Thuột,Kế toán / Hành chính,techGap|location|other,unemployed,0,Buôn Ma Thuột,central_highlands,False,False,100,A
worker_0344,44,other,upper_secondary,divorced,dọn dẹp|giặt là|nấu ăn|salary_range,23,Cần Thơ,Giúp việc / Dịch vụ,,retired,8067729,Cần Thơ,mekong,False,False,100,A
worker_0345,49,female,upper_secondary,single,bằng lái|lái xe|vận chuyển|salary_range,19,TP. Hồ Chí Minh,Lái xe,techGap|location,unemployed,0,Hồ Chí Minh,south_east,False,False,100,A
worker_0346,49,female,upper_secondary,married,công trình|xây dựng|xây tô|salary_range,23,Buôn Ma Thuột,Lao động xây dựng,health|techGap|family,employed,12697974,Buôn Ma Thuột,central_highlands,False,False,100,A
worker_0347,61,female,primary,single,hành chính|kế toán|văn phòng|salary_range,30,Biên Hòa,Kế toán / Hành chính,techGap,retired,7449592,Biên Hòa,south_east,False,False,100,A
worker_0348,41,other,upper_secondary,widowed,dọn dẹp|giặt là|nấu ăn|salary_range,21,Hải Dương,Giúp việc / Dịch vụ,location|other,unemployed,0,Hải Dương,north,False,False,100,A
worker_0349,38,female,upper_secondary,married,hành chính|kế toán|văn phòng|salary_range,11,TP. Hồ Chí Minh,Kế toán / Hành chính,family|health,retired,8074318,Hồ Chí Minh,south_east,False,False,100,A
worker_0350,38,other,university,divorced,an ninh|bảo vệ|tuần tra|salary_range,10,Bắc Ninh,Bảo vệ,other,employed,7599483,Bắc Ninh,north,False,False,100,A
worker_0351,55,male,primary,married,công trình|xây dựng|xây tô|salary_range,30,Nam Định,Lao động xây dựng,other|family,unemployed,0,Nam Định,north,False,False,100,A
worker_0352,47,male,upper_secondary,widowed,bằng lái|lái xe|vận chuyển|salary_range,17,Vinhy,Lái xe,,retired,3709216,Vinh,north,False,False,100,A
worker_0353,47,other,university,widowed,bán hàng|chăm sóc khách hàng|tư vấn|salary_range,22,Vinhy,Nhân viên bán hàng,health|location|family,retired,12454116,Vinh,north,False,False,100,A
worker_0354,55,other,upper_secondary,single,công trình|xây dựng|xây tô|salary_range,30,Đà Nẵng,Lao động xây dựng,family|location,self-employed,8880892,Đà Nẵng,central,False,False,100,A
worker_0355,57,female,upper_secondary,single,an ninh|bảo vệ|tuần tra|salary_range,28,Bình Dương,Bảo vệ,other|health,self-employed,8483106,Bình Dương,south_east,False,False,100,A
worker_0356,43,female,college,single,hành chính|kế toán|văn phòng|salary_range,21,Vĩnh Phúc,Kế toán / Hành chính,,employed,6786309,Vĩnh Phúc,north,False,False,100,A
worker_0357,37,female,upper_secondary,single,barista|pha chế|đồ uống|salary_range,14,TP. Hồ Chí Minh,Pha chế,location|techGap,retired,14581029,Hồ Chí Minh,south_east,False,False,100,A
worker_0358,57,female,college,divorced,an ninh|bảo vệ|tuần tra|salary_range,27,Buôn Ma Thuột,Bảo vệ,other|family,self-employed,14457536,Buôn Ma Thuột,central_highlands,False,False,100,A
worker_0359,35,female,primary,married,lắp ráp|sản xuất|vận hành máy|salary_range,9,Qui Nhơn,Công nhân sản xuất,other|techGap,unemployed,0,Quy Nhơn,central,False,False,100,A
worker_0360,59,other,upper_secondary,widowed,chăn nuôi|nông nghiệp|trồng trọt|salary_range,30,Nha Trang,Nông dân / Nông nghiệp,,retired,3670528,Nha Trang,central,False,False,100,A
worker_0361,41,female,college,divorced,công trình|xây dựng|xây tô|salary_range,18,Cần Thơ,Lao động xây dựng,location|family,retired,5077602,Cần Thơ,mekong,False,False,100,A
worker_0362,53,female,upper_secondary,single,lắp ráp|sản xuất|vận hành máy|salary_range,27,Hải Phòng,Công nhân sản xuất,techGap|other,employed,7766579,Hải Phòng,north,False,False,100,A
worker_0363,37,other,college,widowed,barista|pha chế|đồ uống|salary_range,16,Nam Định,Pha chế,techGap,self-employed,13671431,Nam Định,north,False,False,100,A
worker_0364,45,female,primary,single,barista|pha chế|đồ uống|salary_range,20,Cần Thơ,Pha chế,other|techGap,self-employed,12572365,Cần Thơ,mekong,False,False,100,A
worker_0365,41,male,upper_secondary,divorced,sửa chữa|tay nghề|thợ|salary_range,17,TP. Hồ Chí Minh,Thợ lành nghề,health,employed,7418601,Hồ Chí Minh,south_east,False,False,100,A
worker_0366,41,other,upper_secondary,married,dọn dẹp|giặt là|nấu ăn|salary_range,12,Vĩnh Phúc,Giúp việc / Dịch vụ,,retired,4996379,Vĩnh Phúc,north,False,False,100,A
worker_0367,53,other,upper_secondary,widowed,barista|pha chế|đồ uống|salary_range,23,Vũng Tàu,Pha chế,health|location|family,self-employed,14936833,Vũng Tàu,south_east,False,False,100,A
worker_0368,39,male,upper_secondary,divorced,kho bãi|quản lý hàng hóa|xuất nhập khẩu|salary_range,15,Nam Định,Nhân viên kho vận,location|health,self-employed,13349883,Nam Định,north,False,False,100,A
worker_0369,40,female,upper_secondary,widowed,dọn dẹp|giặt là|nấu ăn|salary_range,17,Vũng Tàu,Giúp việc / Dịch vụ,,retired,5329353,Vũng Tàu,south_east,False,False,100,A
worker_0370,46,other,college,married,công trình|xây dựng|xây tô|salary_range,16,Qui Nhơn,Lao động xây dựng,other,employed,11348277,Quy Nhơn,central,False,False,100,A
worker_0371,57,female,college,married,hành chính|kế toán|văn phòng|salary_range,27,Vinhy,Kế toán / Hành chính,other|family,self-employed,12393399,Vinh,north,False,False,100,A
worker_0372,62,male,primary,widowed,chăn nuôi|nông nghiệp|trồng trọt|salary_range,30,Hải Phòng,Nông dân / Nông nghiệp,techGap|other|health,unemployed,0,Hải Phòng,north,False,False,100,A
worker_0373,53,other,college,single,bằng lái|lái xe|vận chuyển|salary_range,29,Biên Hòa,Lái xe,health,retired,6437930,Biên Hòa,south_east,False,False,100,A
worker_0374,35,female,upper_secondary,divorced,lắp ráp|sản xuất|vận hành máy|salary_range,13,Thái Nguyên,Công nhân sản xuất,health|location,unemployed,0,Thái Nguyên,north,False,False,100,A
worker_0375,61,female,university,divorced,kho bãi|quản lý hàng hóa|xuất nhập khẩu|salary_range,30,Huế,Nhân viên kho vận,health,self-employed,8427181,Huế,central,False,False,100,A
worker_0376,39,female,upper_secondary,married,dọn dẹp|giặt là|nấu ăn|salary_range,12,Hải Dương,Giúp việc / Dịch vụ,family|techGap,self-employed,5647301,Hải Dương,north,False,False,100,A
worker_0377,56,female,upper_secondary,married,hành chính|kế toán|văn phòng|salary_range,30,Vĩnh Phúc,Kế toán / Hành chính,health|other|location,self-employed,7966264,Vĩnh Phúc,north,False,False,100,A
worker_0378,56,male,primary,divorced,bằng lái|lái xe|vận chuyển|salary_range,29,Nha Trang,Lái xe,techGap|health|location,unemployed,0,Nha Trang,central,False,False,100,A
worker_0379,37,female,primary,married,sửa chữa|tay nghề|thợ|salary_range,14,Huế,Thợ lành nghề,health|techGap|family,self-employed,7264083,Huế,central,False,False,100,A
worker_0380,47,other,primary,single,dọn dẹp|giặt là|nấu ăn|salary_range,20,Đà Lạt,Giúp việc / Dịch vụ,other,self-employed,4178839,Đà Lạt,central_highlands,False,False,100,A
worker_0381,48,other,upper_secondary,married,kho bãi|quản lý hàng hóa|xuất nhập khẩu|salary_range,21,Buôn Ma Thuột,Nhân viên kho vận,health|other,unemployed,0,Buôn Ma Thuột,central_highlands,False,False,100,A
worker_0382,58,other,college,married,hành chính|kế toán|văn phòng|salary_range,30,Bình Dương,Kế toán / Hành chính,other|health,unemployed,0,Bình Dương,south_east,False,False,100,A
worker_0383,46,other,upper_secondary,single,kho bãi|quản lý hàng hóa|xuất nhập khẩu|salary_range,16,Buôn Ma Thuột,Nhân viên kho vận,location|other,self-employed,12318664,Buôn Ma Thuột,central_highlands,False,False,100,A
worker_0384,60,female,university,married,an ninh|bảo vệ|tuần tra|salary_range,30,Vĩnh Phúc,Bảo vệ,,unemployed,0,Vĩnh Phúc,north,False,False,100,A
worker_0385,49,other,university,divorced,barista|pha chế|đồ uống|salary_range,24,Vinhy,Pha chế,techGap,retired,12030773,Vinh,north,False,False,100,A
worker_0386,53,female,university,married,bằng lái|lái xe|vận chuyển|salary_range,26,TP. Hồ Chí Minh,Lái xe,other|health,unemployed,0,Hồ Chí Minh,south_east,False,False,100,A
worker_0387,41,other,college,widowed,hành chính|kế toán|văn phòng|salary_range,12,Hải Phòng,Kế toán / Hành chính,health|location|other,employed,5851031,Hải Phòng,north,False,False,100,A
worker_0388,63,male,upper_secondary,single,chăn nuôi|nông nghiệp|trồng trọt|salary_range,30,Huế,Nông dân / Nông nghiệp,family|health|other,employed,6031672,Huế,central,False,False,100,A
worker_0389,42,female,college,divorced,bằng lái|lái xe|vận chuyển|salary_range,12,TP. Hồ Chí Minh,Lái xe,health|other|family,employed,5929406,Hồ Chí Minh,south_east,False,False,100,A
worker_0390,58,male,primary,widowed,hành chính|kế toán|văn phòng|salary_range,29,Hải Phòng,Kế toán / Hành chính,health|techGap|other,unemployed,0,Hải Phòng,north,False,False,100,A
worker_0391,64,male,university,widowed,bằng lái|lái xe|vận chuyển|salary_range,30,Huế,Lái xe,techGap,employed,6316552,Huế,central,False,False,100,A
worker_0392,36,male,upper_secondary,single,sửa chữa|tay nghề|thợ|salary_range,12,Bắc Ninh,Thợ lành nghề,family|health|techGap,self-employed,4755069,Bắc Ninh,north,False,False,100,A
worker_0393,62,male,college,divorced,kho bãi|quản lý hàng hóa|xuất nhập khẩu|salary_range,30,Nha Trang,Nhân viên kho vận,health|techGap,retired,8122604,Nha Trang,central,False,False,100,A
worker_0394,64,female,primary,single,dọn dẹp|giặt là|nấu ăn|salary_range,30,Buôn Ma Thuột,Giúp việc / Dịch vụ,family|techGap|location,self-employed,3064414,Buôn Ma Thuột,central_highlands,False,False,100,A
worker_0395,53,male,primary,widowed,barista|pha chế|đồ uống|salary_range,30,Nha Trang,Pha chế,other|health,retired,7176241,Nha Trang,central,False,False,100,A
worker_0396,37,male,primary,divorced,lắp ráp|sản xuất|vận hành máy|salary_range,10,Nha Trang,Công nhân sản xuất,,retired,9716060,Nha Trang,central,False,False,100,A
worker_0397,40,male,primary,single,an ninh|bảo vệ|tuần tra|salary_range,12,Bình Dương,Bảo vệ,techGap|family,self-employed,13880831,Bình Dương,south_east,False,False,100,A
worker_0398,43,female,upper_secondary,divorced,chào hỏi|order|phục vụ|salary_range,16,Cần Thơ,Nhân viên phục vụ,,unemployed,0,Cần Thơ,mekong,False,False,100,A
worker_0399,43,other,primary,widowed,lắp ráp|sản xuất|vận hành máy|salary_range,15,Thanh Hóa,Công nhân sản xuất,family|health,self-employed,3442165,Thanh Hóa,north,False,False,100,A
worker_0400,64,female,college,single,chào hỏi|order|phục vụ|salary_range,30,Hà Nội,Nhân viên phục vụ,,retired,10260005,Hà Nội,north,False,False,100,A
worker_0401,36,female,university,married,dọn dẹp|giặt là|nấu ăn|salary_range,13,Thái Nguyên,Giúp việc / Dịch vụ,,self-employed,8115878,Thái Nguyên,north,False,False,100,A
worker_0402,59,female,university,widowed,hành chính|kế toán|văn phòng|salary_range,30,Đà Lạt,Kế toán / Hành chính,techGap,unemployed,0,Đà Lạt,central_highlands,False,False,100,A
worker_0403,55,female,college,married,bằng lái|lái xe|vận chuyển|salary_range,27,Hải Phòng,Lái xe,techGap,employed,7581394,Hải Phòng,north,False,False,100,A
worker_0404,37,female,primary,widowed,bằng lái|lái xe|vận chuyển|salary_range,12,Buôn Ma Thuột,Lái xe,location,retired,14849613,Buôn Ma Thuột,central_highlands,False,False,100,A
worker_0405,47,other,college,widowed,lắp ráp|sản xuất|vận hành máy|salary_range,25,Hải Dương,Công nhân sản xuất,other,self-employed,11617882,Hải Dương,north,False,False,100,A
worker_0406,60,male,upper_secondary,widowed,barista|pha chế|đồ uống|salary_range,30,Huế,Pha chế,health,retired,8573637,Huế,central,False,False,100,A
worker_0407,61,other,college,single,công trình|xây dựng|xây tô|salary_range,30,Hà Nội,Lao động xây dựng,techGap,unemployed,0,Hà Nội,north,False,False,100,A
worker_0408,49,female,college,married,dọn dẹp|giặt là|nấu ăn|salary_range,21,Cần Thơ,Giúp việc / Dịch vụ,,self-employed,10889334,Cần Thơ,mekong,False,False,100,A
worker_0409,42,male,upper_secondary,widowed,barista|pha chế|đồ uống|salary_range,17,Nam Định,Pha chế,other|techGap,unemployed,0,Nam Định,north,False,False,100,A
worker_0410,61,male,upper_secondary,married,lắp ráp|sản xuất|vận hành máy|salary_range,30,Bắc Ninh,Công nhân sản xuất,family,self-employed,7006435,Bắc Ninh,north,False,False,100,A
worker_0411,43,other,primary,single,dọn dẹp|giặt là|nấu ăn|salary_range,21,Bắc Ninh,Giúp việc / Dịch vụ,,retired,4691072,Bắc Ninh,north,False,False,100,A
worker_0412,47,male,college,married,an ninh|bảo vệ|tuần tra|salary_range,24,Huế,Bảo vệ,family|techGap|health,retired,7591274,Huế,central,False,False,100,A
worker_0413,43,male,upper_secondary,widowed,dọn dẹp|giặt là|nấu ăn|salary_range,23,Vinhy,Giúp việc / Dịch vụ,,retired,5684631,Vinh,north,False,False,100,A
worker_0414,64,other,university,married,lắp ráp|sản xuất|vận hành máy|salary_range,30,Đà Lạt,Công nhân sản xuất,other|health,retired,11446156,Đà Lạt,central_highlands,False,False,100,A
worker_0415,58,female,primary,married,công trình|xây dựng|xây tô|salary_range,30,Cần Thơ,Lao động xây dựng,health|location,self-employed,14971635,Cần Thơ,mekong,False,False,100,A
worker_0416,59,female,college,married,công trình|xây dựng|xây tô|salary_range,30,Vinhy,Lao động xây dựng,location|techGap,employed,11088652,Vinh,north,False,False,100,A
worker_0417,50,male,college,married,chăn nuôi|nông nghiệp|trồng trọt|salary_range,25,Cần Thơ,Nông dân / Nông nghiệp,techGap,self-employed,3666362,Cần Thơ,mekong,False,False,100,A
worker_0418,45,other,university,single,an ninh|bảo vệ|tuần tra|salary_range,21,Hà Nội,Bảo vệ,family|other,self-employed,12923982,Hà Nội,north,False,False,100,A
worker_0419,40,male,college,divorced,sửa chữa|tay nghề|thợ|salary_range,12,Buôn Ma Thuột,Thợ lành nghề,family|other|location,self-employed,6607178,Buôn Ma Thuột,central_highlands,False,False,100,A
worker_0420,64,male,upper_secondary,married,lắp ráp|sản xuất|vận hành máy|salary_range,30,Đà Lạt,Công nhân sản xuất,,retired,4699334,Đà Lạt,central_highlands,False,False,100,A
worker_0421,36,female,college,divorced,barista|pha chế|đồ uống|salary_range,13,TP. Hồ Chí Minh,Pha chế,other|health|location,self-employed,4908326,Hồ Chí Minh,south_east,False,False,100,A
worker_0422,62,male,college,single,hành chính|kế toán|văn phòng|salary_range,30,Buôn Ma Thuột,Kế toán / Hành chính,,self-employed,5688676,Buôn Ma Thuột,central_highlands,False,False,100,A
worker_0423,63,female,upper_secondary,widowed,dọn dẹp|giặt là|nấu ăn|salary_range,30,Biên Hòa,Giúp việc / Dịch vụ,techGap,self-employed,6707269,Biên Hòa,south_east,False,False,100,A
worker_0424,40,female,upper_secondary,married,lắp ráp|sản xuất|vận hành máy|salary_range,18,Cần Thơ,Công nhân sản xuất,,retired,8316448,Cần Thơ,mekong,False,False,100,A
worker_0425,41,other,college,widowed,lắp ráp|sản xuất|vận hành máy|salary_range,15,Nam Định,Công nhân sản xuất,,retired,10548644,Nam Định,north,False,False,100,A
worker_0426,64,male,upper_secondary,widowed,kho bãi|quản lý hàng hóa|xuất nhập khẩu|salary_range,30,Hà Nội,Nhân viên kho vận,family|health,unemployed,0,Hà Nội,north,False,False,100,A
worker_0427,42,male,upper_secondary,single,barista|pha chế|đồ uống|salary_range,16,Cần Thơ,Pha chế,family|location|other,unemployed,0,Cần Thơ,mekong,False,False,100,A
worker_0428,60,female,university,divorced,chào hỏi|order|phục vụ|salary_range,30,Huế,Nhân viên phục vụ,,self-employed,6720449,Huế,central,False,False,100,A
worker_0429,61,other,upper_secondary,widowed,an ninh|bảo vệ|tuần tra|salary_range,30,Hà Nội,Bảo vệ,family|health|location,employed,5932442,Hà Nội,north,False,False,100,A
worker_0430,64,male,university,divorced,công trình|xây dựng|xây tô|salary_range,30,Hải Dương,Lao động xây dựng,,retired,11376262,Hải Dương,north,False,False,100,A
worker_0431,50,male,university,single,dọn dẹp|giặt là|nấu ăn|salary_range,20,Thanh Hóa,Giúp việc / Dịch vụ,family,retired,10062365,Thanh Hóa,north,False,False,100,A
worker_0432,35,female,upper_secondary,married,sửa chữa|tay nghề|thợ|salary_range,10,Hải Phòng,Thợ lành nghề,,employed,13666917,Hải Phòng,north,False,False,100,A
worker_0433,36,female,college,single,an ninh|bảo vệ|tuần tra|salary_range,10,Cần Thơ,Bảo vệ,techGap|family|location,self-employed,6419927,Cần Thơ,mekong,False,False,100,A
worker_0434,43,female,upper_secondary,single,sửa chữa|tay nghề|thợ|salary_range,19,Thái Nguyên,Thợ lành nghề,location|other|techGap,self-employed,11684343,Thái Nguyên,north,False,False,100,A
worker_0435,56,other,college,single,lắp ráp|sản xuất|vận hành máy|salary_range,26,Biên Hòa,Công nhân sản xuất,other,employed,14292994,Biên Hòa,south_east,False,False,100,A
worker_0436,64,male,primary,married,bán hàng|chăm sóc khách hàng|tư vấn|salary_range,30,Hải Dương,Nhân viên bán hàng,,retired,14833591,Hải Dương,north,False,False,100,A
worker_0437,59,female,upper_secondary,married,chào hỏi|order|phục vụ|salary_range,30,TP. Hồ Chí Minh,Nhân viên phục vụ,family,unemployed,0,Hồ Chí Minh,south_east,False,False,100,A
worker_0438,39,female,primary,widowed,công trình|xây dựng|xây tô|salary_range,14,Bình Dương,Lao động xây dựng,other|techGap,unemployed,0,Bình Dương,south_east,False,False,100,A
worker_0439,65,other,university,single,an ninh|bảo vệ|tuần tra|salary_range,30,Thanh Hóa,Bảo vệ,location|other,retired,13437840,Thanh Hóa,north,False,False,100,A
worker_0440,59,male,college,single,bán hàng|chăm sóc khách hàng|tư vấn|salary_range,30,Biên Hòa,Nhân viên bán hàng,techGap|health|family,employed,14116062,Biên Hòa,south_east,False,False,100,A
worker_0441,45,male,upper_secondary,widowed,sửa chữa|tay nghề|thợ|salary_range,21,Vĩnh Phúc,Thợ lành nghề,location|other|health,self-employed,8743282,Vĩnh Phúc,north,False,False,100,A
worker_0442,60,male,primary,single,kho bãi|quản lý hàng hóa|xuất nhập khẩu|salary_range,30,Nha Trang,Nhân viên kho vận,family|health,unemployed,0,Nha Trang,central,False,False,100,A
worker_0443,41,female,upper_secondary,married,an ninh|bảo vệ|tuần tra|salary_range,21,Hải Dương,Bảo vệ,location|other|techGap,self-employed,8459844,Hải Dương,north,False,False,100,A
worker_0444,62,female,college,widowed,bằng lái|lái xe|vận chuyển|salary_range,30,Vũng Tàu,Lái xe,,unemployed,0,Vũng Tàu,south_east,False,False,100,A
worker_0445,57,female,university,divorced,công trình|xây dựng|xây tô|salary_range,28,Vĩnh Phúc,Lao động xây dựng,,self-employed,8291811,Vĩnh Phúc,north,False,False,100,A
worker_0446,60,female,primary,married,barista|pha chế|đồ uống|salary_range,30,Vũng Tàu,Pha chế,,employed,11751776,Vũng Tàu,south_east,False,False,100,A
worker_0447,54,female,primary,single,an ninh|bảo vệ|tuần tra|salary_range,30,Hà Nội,Bảo vệ,techGap|health|family,employed,7394394,Hà Nội,north,False,False,100,A
worker_0448,61,female,university,divorced,dọn dẹp|giặt là|nấu ăn|salary_range,30,Nha Trang,Giúp việc / Dịch vụ,family|location,unemployed,0,Nha Trang,central,False,False,100,A
worker_0449,60,other,primary,widowed,bằng lái|lái xe|vận chuyển|salary_range,30,Hải Phòng,Lái xe,location|techGap,unemployed,0,Hải Phòng,north,False,False,100,A
worker_0450,57,other,university,widowed,sửa chữa|tay nghề|thợ|salary_range,30,Buôn Ma Thuột,Thợ lành nghề,location|health,self-employed,12595555,Buôn Ma Thuột,central_highlands,False,False,100,A
worker_0451,57,other,primary,divorced,barista|pha chế|đồ uống|salary_range,30,Vinhy,Pha chế,location|techGap,retired,12000253,Vinh,north,False,False,100,A
worker_0452,41,female,college,divorced,công trình|xây dựng|xây tô|salary_range,13,Cần Thơ,Lao động xây dựng,location,employed,6673800,Cần Thơ,mekong,False,False,100,A
worker_0453,55,male,university,married,dọn dẹp|giặt là|nấu ăn|salary_range,30,Hải Phòng,Giúp việc / Dịch vụ,location|health|family,self-employed,8847974,Hải Phòng,north,False,False,100,A
worker_0454,44,male,university,married,barista|pha chế|đồ uống|salary_range,16,Thái Nguyên,Pha chế,techGap|other,unemployed,0,Thái Nguyên,north,False,False,100,A
worker_0455,38,female,university,married,bán hàng|chăm sóc khách hàng|tư vấn|salary_range,10,Hà Nội,Nhân viên bán hàng,,unemployed,0,Hà Nội,north,False,False,100,A
worker_0456,38,female,university,single,bán hàng|chăm sóc khách hàng|tư vấn|salary_range,16,Vĩnh Phúc,Nhân viên bán hàng,health|other|family,retired,3667577,Vĩnh Phúc,north,False,False,100,A
worker_0457,44,female,upper_secondary,widowed,công trình|xây dựng|xây tô|salary_range,16,Biên Hòa,Lao động xây dựng,other|health|techGap,employed,6089529,Biên Hòa,south_east,False,False,100,A
worker_0458,61,male,college,widowed,công trình|xây dựng|xây tô|salary_range,30,Vũng Tàu,Lao động xây dựng,location,retired,4017848,Vũng Tàu,south_east,False,False,100,A
worker_0459,45,male,primary,widowed,chăn nuôi|nông nghiệp|trồng trọt|salary_range,20,Thanh Hóa,Nông dân / Nông nghiệp,,retired,9403956,Thanh Hóa,north,False,False,100,A
worker_0460,45,male,upper_secondary,single,dọn dẹp|giặt là|nấu ăn|salary_range,16,Biên Hòa,Giúp việc / Dịch vụ,,self-employed,9020071,Biên Hòa,south_east,False,False,100,A
worker_0461,56,other,college,widowed,dọn dẹp|giặt là|nấu ăn|salary_range,30,Vũng Tàu,Giúp việc / Dịch vụ,family|techGap,self-employed,5747823,Vũng Tàu,south_east,False,False,100,A
worker_0462,58,other,college,married,an ninh|bảo vệ|tuần tra|salary_range,30,Biên Hòa,Bảo vệ,location,self-employed,3415333,Biên Hòa,south_east,False,False,100,A
worker_0463,55,female,university,single,an ninh|bảo vệ|tuần tra|salary_range,25,Nam Định,Bảo vệ,other,self-employed,5988950,Nam Định,north,False,False,100,A
worker_0464,36,male,upper_secondary,single,lắp ráp|sản xuất|vận hành máy|salary_range,6,Đà Lạt,Công nhân sản xuất,location,employed,5034375,Đà Lạt,central_highlands,False,False,100,A
worker_0465,46,other,college,widowed,bán hàng|chăm sóc khách hàng|tư vấn|salary_range,20,Đà Nẵng,Nhân viên bán hàng,techGap|health,unemployed,0,Đà Nẵng,central,False,False,100,A
worker_0466,60,male,primary,married,công trình|xây dựng|xây tô|salary_range,30,Biên Hòa,Lao động xây dựng,location|family|techGap,retired,11422836,Biên Hòa,south_east,False,False,100,A
worker_0467,47,other,upper_secondary,widowed,bán hàng|chăm sóc khách hàng|tư vấn|salary_range,20,Qui Nhơn,Nhân viên bán hàng,other,retired,6985482,Quy Nhơn,central,False,False,100,A
worker_0468,49,female,college,single,kho bãi|quản lý hàng hóa|xuất nhập khẩu|salary_range,28,Hải Dương,Nhân viên kho vận,,unemployed,0,Hải Dương,north,False,False,100,A
worker_0469,38,other,primary,widowed,kho bãi|quản lý hàng hóa|xuất nhập khẩu|salary_range,15,Buôn Ma Thuột,Nhân viên kho vận,location|techGap|health,employed,14357061,Buôn Ma Thuột,central_highlands,False,False,100,A
worker_0470,35,male,upper_secondary,married,chăn nuôi|nông nghiệp|trồng trọt|salary_range,11,Bình Dương,Nông dân / Nông nghiệp,family|other|location,unemployed,0,Bình Dương,south_east,False,False,100,A
worker_0471,38,female,college,married,barista|pha chế|đồ uống|salary_range,11,Nha Trang,Pha chế,health|family,self-employed,10170908,Nha Trang,central,False,False,100,A
worker_0472,42,male,university,widowed,chăn nuôi|nông nghiệp|trồng trọt|salary_range,21,Nha Trang,Nông dân / Nông nghiệp,location|other|family,employed,14206332,Nha Trang,central,False,False,100,A
worker_0473,37,female,primary,widowed,bằng lái|lái xe|vận chuyển|salary_range,9,Thái Nguyên,Lái xe,location,retired,9320753,Thái Nguyên,north,False,False,100,A
worker_0474,38,female,primary,divorced,chào hỏi|order|phục vụ|salary_range,13,Huế,Nhân viên phục vụ,family,unemployed,0,Huế,central,False,False,100,A
worker_0475,56,other,university,single,an ninh|bảo vệ|tuần tra|salary_range,30,Nha Trang,Bảo vệ,location|family|other,retired,8158344,Nha Trang,central,False,False,100,A
worker_0476,64,female,college,single,chăn nuôi|nông nghiệp|trồng trọt|salary_range,30,Qui Nhơn,Nông dân / Nông nghiệp,,retired,8052912,Quy Nhơn,central,False,False,100,A
worker_0477,57,other,upper_secondary,single,chăn nuôi|nông nghiệp|trồng trọt|salary_range,30,Nha Trang,Nông dân / Nông nghiệp,other|techGap|family,self-employed,11889967,Nha Trang,central,False,False,100,A
worker_0478,44,female,college,widowed,chào hỏi|order|phục vụ|salary_range,19,Qui Nhơn,Nhân viên phục vụ,,unemployed,0,Quy Nhơn,central,False,False,100,A
worker_0479,46,male,upper_secondary,single,bán hàng|chăm sóc khách hàng|tư vấn|salary_range,24,Bình Dương,Nhân viên bán hàng,family|techGap|location,self-employed,6218034,Bình Dương,south_east,False,False,100,A
worker_0480,58,female,college,married,sửa chữa|tay nghề|thợ|salary_range,30,Vinhy,Thợ lành nghề,family,self-employed,7168639,Vinh,north,False,False,100,A
worker_0481,57,other,university,divorced,bằng lái|lái xe|vận chuyển|salary_range,30,Nam Định,Lái xe,health|techGap|family,unemployed,0,Nam Định,north,False,False,100,A
worker_0482,60,male,university,married,kho bãi|quản lý hàng hóa|xuất nhập khẩu|salary_range,30,Bắc Ninh,Nhân viên kho vận,family|techGap|location,self-employed,8803358,Bắc Ninh,north,False,False,100,A
worker_0483,39,other,primary,single,chào hỏi|order|phục vụ|salary_range,13,Bình Dương,Nhân viên phục vụ,,self-employed,7963391,Bình Dương,south_east,False,False,100,A
worker_0484,40,other,university,divorced,công trình|xây dựng|xây tô|salary_range,12,Qui Nhơn,Lao động xây dựng,,retired,13277849,Quy Nhơn,central,False,False,100,A
worker_0485,61,other,university,married,sửa chữa|tay nghề|thợ|salary_range,30,Thanh Hóa,Thợ lành nghề,family,self-employed,3990437,Thanh Hóa,north,False,False,100,A
worker_0486,63,male,primary,married,bằng lái|lái xe|vận chuyển|salary_range,30,Thanh Hóa,Lái xe,techGap|other|location,retired,9313367,Thanh Hóa,north,False,False,100,A
worker_0487,35,male,college,single,hành chính|kế toán|văn phòng|salary_range,10,Qui Nhơn,Kế toán / Hành chính,health|family|other,unemployed,0,Quy Nhơn,central,False,False,100,A
worker_0488,36,female,college,divorced,kho bãi|quản lý hàng hóa|xuất nhập khẩu|salary_range,8,Đà Lạt,Nhân viên kho vận,other|techGap|health,employed,7172837,Đà Lạt,central_highlands,False,False,100,A
worker_0489,57,female,upper_secondary,widowed,công trình|xây dựng|xây tô|salary_range,30,Qui Nhơn,Lao động xây dựng,location|health|family,unemployed,0,Quy Nhơn,central,False,False,100,A
worker_0490,48,female,upper_secondary,divorced,lắp ráp|sản xuất|vận hành máy|salary_range,20,Vinhy,Công nhân sản xuất,techGap|family,retired,13160591,Vinh,north,False,False,100,A
worker_0491,42,female,college,single,an ninh|bảo vệ|tuần tra|salary_range,12,Bình Dương,Bảo vệ,techGap|location|other,self-employed,8589136,Bình Dương,south_east,False,False,100,A
worker_0492,38,male,college,widowed,hành chính|kế toán|văn phòng|salary_range,14,Nam Định,Kế toán / Hành chính,other|location|family,unemployed,0,Nam Định,north,False,False,100,A
worker_0493,48,female,primary,divorced,lắp ráp|sản xuất|vận hành máy|salary_range,23,Vũng Tàu,Công nhân sản xuất,techGap|location|family,retired,11248641,Vũng Tàu,south_east,False,False,100,A
worker_0494,36,male,college,divorced,sửa chữa|tay nghề|thợ|salary_range,10,Cần Thơ,Thợ lành nghề,,self-employed,13893821,Cần Thơ,mekong,False,False,100,A
worker_0495,57,female,upper_secondary,single,hành chính|kế toán|văn phòng|salary_range,30,Vũng Tàu,Kế toán / Hành chính,family|techGap|health,retired,5038480,Vũng Tàu,south_east,False,False,100,A
worker_0496,42,female,upper_secondary,single,bằng lái|lái xe|vận chuyển|salary_range,21,Nam Định,Lái xe,family|other|health,unemployed,0,Nam Định,north,False,False,100,A
worker_0497,57,female,upper_secondary,single,barista|pha chế|đồ uống|salary_range,30,Huế,Pha chế,techGap|family,self-employed,13654846,Huế,central,False,False,100,A
worker_0498,62,male,upper_secondary,divorced,lắp ráp|sản xuất|vận hành máy|salary_range,30,Nam Định,Công nhân sản xuất,family,retired,3840423,Nam Định,north,False,False,100,A
worker_0499,59,male,college,single,công trình|xây dựng|xây tô|salary_range,30,Đà Nẵng,Lao động xây dựng,family|techGap,self-employed,4394877,Đà Nẵng,central,False,False,100,A
worker_0500,54,female,primary,divorced,dọn dẹp|giặt là|nấu ăn|salary_range,29,Nam Định,Giúp việc / Dịch vụ,,unemployed,0,Nam Định,north,False,False,100,A
worker_0501,62,male,college,divorced,chào hỏi|order|phục vụ|salary_range,30,Thái Nguyên,Nhân viên phục vụ,location,self-employed,4032014,Thái Nguyên,north,False,False,100,A
worker_0502,44,female,upper_secondary,divorced,an ninh|bảo vệ|tuần tra|salary_range,23,Vinhy,Bảo vệ,family,retired,9886603,Vinh,north,False,False,100,A
worker_0503,51,other,university,divorced,công trình|xây dựng|xây tô|salary_range,27,Đà Lạt,Lao động xây dựng,,retired,4450689,Đà Lạt,central_highlands,False,False,100,A
worker_0504,45,male,upper_secondary,married,sửa chữa|tay nghề|thợ|salary_range,19,Hà Nội,Thợ lành nghề,health|location,retired,6358749,Hà Nội,north,False,False,100,A
worker_0505,59,female,university,divorced,dọn dẹp|giặt là|nấu ăn|salary_range,30,Nha Trang,Giúp việc / Dịch vụ,other|techGap|location,employed,10213864,Nha Trang,central,False,False,100,A
worker_0506,61,other,primary,widowed,hành chính|kế toán|văn phòng|salary_range,30,Qui Nhơn,Kế toán / Hành chính,health,unemployed,0,Quy Nhơn,central,False,False,100,A
worker_0507,54,male,primary,single,bằng lái|lái xe|vận chuyển|salary_range,29,Đà Nẵng,Lái xe,other|location,employed,3738165,Đà Nẵng,central,False,False,100,A
worker_0508,46,male,upper_secondary,single,dọn dẹp|giặt là|nấu ăn|salary_range,16,Nam Định,Giúp việc / Dịch vụ,other,self-employed,11991930,Nam Định,north,False,False,100,A
worker_0509,46,other,upper_secondary,single,dọn dẹp|giặt là|nấu ăn|salary_range,25,Cần Thơ,Giúp việc / Dịch vụ,,employed,4024907,Cần Thơ,mekong,False,False,100,A
worker_0510,41,other,upper_secondary,widowed,chào hỏi|order|phục vụ|salary_range,13,Thanh Hóa,Nhân viên phục vụ,,self-employed,12082787,Thanh Hóa,north,False,False,100,A
worker_0511,35,female,college,single,bán hàng|chăm sóc khách hàng|tư vấn|salary_range,11,Buôn Ma Thuột,Nhân viên bán hàng,,retired,8913790,Buôn Ma Thuột,central_highlands,False,False,100,A
worker_0512,39,male,college,divorced,chăn nuôi|nông nghiệp|trồng trọt|salary_range,10,Thanh Hóa,Nông dân / Nông nghiệp,family|techGap|location,employed,6038002,Thanh Hóa,north,False,False,100,A
worker_0513,57,other,college,divorced,bán hàng|chăm sóc khách hàng|tư vấn|salary_range,30,Biên Hòa,Nhân viên bán hàng,techGap|other,unemployed,0,Biên Hòa,south_east,False,False,100,A
worker_0514,57,female,university,married,an ninh|bảo vệ|tuần tra|salary_range,30,Buôn Ma Thuột,Bảo vệ,family|techGap,self-employed,8830339,Buôn Ma Thuột,central_highlands,False,False,100,A
worker_0515,62,female,primary,married,sửa chữa|tay nghề|thợ|salary_range,30,Nam Định,Thợ lành nghề,,retired,11882456,Nam Định,north,False,False,100,A
worker_0516,52,other,primary,widowed,an ninh|bảo vệ|tuần tra|salary_range,23,Hải Phòng,Bảo vệ,family|other|location,employed,14777495,Hải Phòng,north,False,False,100,A
worker_0517,51,female,upper_secondary,single,chăn nuôi|nông nghiệp|trồng trọt|salary_range,26,Nam Định,Nông dân / Nông nghiệp,location|other|techGap,retired,13844743,Nam Định,north,False,False,100,A
worker_0518,52,male,upper_secondary,widowed,bán hàng|chăm sóc khách hàng|tư vấn|salary_range,22,Vũng Tàu,Nhân viên bán hàng,location|techGap|family,retired,14052431,Vũng Tàu,south_east,False,False,100,A
worker_0519,38,male,upper_secondary,single,hành chính|kế toán|văn phòng|salary_range,15,Đà Nẵng,Kế toán / Hành chính,family,self-employed,8088384,Đà Nẵng,central,False,False,100,A
worker_0520,45,male,university,divorced,an ninh|bảo vệ|tuần tra|salary_range,18,Hải Dương,Bảo vệ,health,self-employed,8679677,Hải Dương,north,False,False,100,A
worker_0521,49,female,college,widowed,hành chính|kế toán|văn phòng|salary_range,19,Vinhy,Kế toán / Hành chính,other|health|techGap,employed,13576662,Vinh,north,False,False,100,A
worker_0522,35,male,college,married,an ninh|bảo vệ|tuần tra|salary_range,13,Nam Định,Bảo vệ,techGap|other|health,employed,8694132,Nam Định,north,False,False,100,A
worker_0523,63,male,college,married,chăn nuôi|nông nghiệp|trồng trọt|salary_range,30,Hà Nội,Nông dân / Nông nghiệp,techGap|location,employed,11550334,Hà Nội,north,False,False,100,A
worker_0524,60,female,upper_secondary,married,công trình|xây dựng|xây tô|salary_range,30,Đà Nẵng,Lao động xây dựng,family|health|other,self-employed,14253620,Đà Nẵng,central,False,False,100,A
worker_0525,63,other,primary,single,kho bãi|quản lý hàng hóa|xuất nhập khẩu|salary_range,30,Nam Định,Nhân viên kho vận,other,employed,7067766,Nam Định,north,False,False,100,A
worker_0526,47,female,college,single,barista|pha chế|đồ uống|salary_range,26,Đà Nẵng,Pha chế,family,unemployed,0,Đà Nẵng,central,False,False,100,A
worker_0527,44,female,college,divorced,an ninh|bảo vệ|tuần tra|salary_range,24,Cần Thơ,Bảo vệ,location|health,employed,3011367,Cần Thơ,mekong,False,False,100,A
worker_0528,39,male,primary,single,công trình|xây dựng|xây tô|salary_range,15,Thanh Hóa,Lao động xây dựng,health|other,retired,6540013,Thanh Hóa,north,False,False,100,A
worker_0529,44,other,university,widowed,bán hàng|chăm sóc khách hàng|tư vấn|salary_range,23,Thanh Hóa,Nhân viên bán hàng,family|health,unemployed,0,Thanh Hóa,north,False,False,100,A
worker_0530,59,other,primary,widowed,chăn nuôi|nông nghiệp|trồng trọt|salary_range,30,Hải Phòng,Nông dân / Nông nghiệp,location|other|health,unemployed,0,Hải Phòng,north,False,False,100,A
worker_0531,35,female,primary,single,barista|pha chế|đồ uống|salary_range,11,Qui Nhơn,Pha chế,other|techGap|family,retired,4874336,Quy Nhơn,central,False,False,100,A
worker_0532,41,female,college,divorced,kho bãi|quản lý hàng hóa|xuất nhập khẩu|salary_range,17,Vĩnh Phúc,Nhân viên kho vận,other|family|location,retired,12374775,Vĩnh Phúc,north,False,False,100,A
worker_0533,64,male,primary,married,chăn nuôi|nông nghiệp|trồng trọt|salary_range,30,Hải Phòng,Nông dân / Nông nghiệp,,unemployed,0,Hải Phòng,north,False,False,100,A
worker_0534,56,male,university,divorced,chăn nuôi|nông nghiệp|trồng trọt|salary_range,30,Đà Nẵng,Nông dân / Nông nghiệp,,unemployed,0,Đà Nẵng,central,False,False,100,A
worker_0535,56,male,primary,divorced,hành chính|kế toán|văn phòng|salary_range,28,Vĩnh Phúc,Kế toán / Hành chính,other|health,retired,9176238,Vĩnh Phúc,north,False,False,100,A
worker_0536,37,male,primary,single,chào hỏi|order|phục vụ|salary_range,8,Qui Nhơn,Nhân viên phục vụ,family,employed,14540104,Quy Nhơn,central,False,False,100,A
worker_0537,56,other,college,divorced,bán hàng|chăm sóc khách hàng|tư vấn|salary_range,27,Nha Trang,Nhân viên bán hàng,,retired,3321004,Nha Trang,central,False,False,100,A
worker_0538,50,other,university,widowed,bán hàng|chăm sóc khách hàng|tư vấn|salary_range,22,Biên Hòa,Nhân viên bán hàng,family|health|location,retired,12392445,Biên Hòa,south_east,False,False,100,A
worker_0539,45,other,upper_secondary,single,chào hỏi|order|phục vụ|salary_range,23,Nha Trang,Nhân viên phục vụ,techGap|family|location,self-employed,11695659,Nha Trang,central,False,False,100,A
worker_0540,46,male,primary,widowed,kho bãi|quản lý hàng hóa|xuất nhập khẩu|salary_range,18,Buôn Ma Thuột,Nhân viên kho vận,techGap|location|health,unemployed,0,Buôn Ma Thuột,central_highlands,False,False,100,A
worker_0541,47,female,primary,widowed,sửa chữa|tay nghề|thợ|salary_range,17,Bình Dương,Thợ lành nghề,family|other|health,unemployed,0,Bình Dương,south_east,False,False,100,A
worker_0542,56,other,primary,divorced,chăn nuôi|nông nghiệp|trồng trọt|salary_range,28,Vinhy,Nông dân / Nông nghiệp,family|location,retired,7061975,Vinh,north,False,False,100,A
worker_0543,62,other,college,single,hành chính|kế toán|văn phòng|salary_range,30,Vũng Tàu,Kế toán / Hành chính,,self-employed,13024367,Vũng Tàu,south_east,False,False,100,A
worker_0544,60,male,primary,married,bằng lái|lái xe|vận chuyển|salary_range,30,TP. Hồ Chí Minh,Lái xe,techGap,self-employed,9341329,Hồ Chí Minh,south_east,False,False,100,A
worker_0545,46,male,primary,married,sửa chữa|tay nghề|thợ|salary_range,21,Thái Nguyên,Thợ lành nghề,other|health,self-employed,7028053,Thái Nguyên,north,False,False,100,A
worker_0546,43,female,college,widowed,lắp ráp|sản xuất|vận hành máy|salary_range,16,Hải Phòng,Công nhân sản xuất,health,employed,10150890,Hải Phòng,north,False,False,100,A
worker_0547,48,male,upper_secondary,married,lắp ráp|sản xuất|vận hành máy|salary_range,25,Thái Nguyên,Công nhân sản xuất,techGap,self-employed,11055244,Thái Nguyên,north,False,False,100,A
worker_0548,53,other,university,married,chăn nuôi|nông nghiệp|trồng trọt|salary_range,29,Biên Hòa,Nông dân / Nông nghiệp,techGap|health|other,retired,6205990,Biên Hòa,south_east,False,False,100,A
worker_0549,39,male,college,married,an ninh|bảo vệ|tuần tra|salary_range,14,Đà Lạt,Bảo vệ,family|location,self-employed,3579466,Đà Lạt,central_highlands,False,False,100,A
worker_0550,38,female,primary,divorced,bằng lái|lái xe|vận chuyển|salary_range,17,Vinhy,Lái xe,techGap|other,unemployed,0,Vinh,north,False,False,100,A
worker_0551,65,other,college,widowed,chào hỏi|order|phục vụ|salary_range,30,Cần Thơ,Nhân viên phục vụ,health|family|location,retired,14435771,Cần Thơ,mekong,False,False,100,A
worker_0552,36,male,primary,married,công trình|xây dựng|xây tô|salary_range,9,Đà Lạt,Lao động xây dựng,,self-employed,13529682,Đà Lạt,central_highlands,False,False,100,A
worker_0553,64,female,upper_secondary,single,an ninh|bảo vệ|tuần tra|salary_range,30,Bình Dương,Bảo vệ,location|techGap|health,retired,7122637,Bình Dương,south_east,False,False,100,A
worker_0554,43,female,primary,single,barista|pha chế|đồ uống|salary_range,14,Nam Định,Pha chế,,self-employed,14196377,Nam Định,north,False,False,100,A
worker_0555,43,male,upper_secondary,divorced,sửa chữa|tay nghề|thợ|salary_range,23,Huế,Thợ lành nghề,family|location|health,self-employed,13849806,Huế,central,False,False,100,A
worker_0556,52,male,upper_secondary,married,hành chính|kế toán|văn phòng|salary_range,28,Nha Trang,Kế toán / Hành chính,,retired,11412786,Nha Trang,central,False,False,100,A
worker_0557,61,female,upper_secondary,single,bán hàng|chăm sóc khách hàng|tư vấn|salary_range,30,Hải Dương,Nhân viên bán hàng,family|health|techGap,employed,8016873,Hải Dương,north,False,False,100,A
worker_0558,60,other,college,divorced,chào hỏi|order|phục vụ|salary_range,30,TP. Hồ Chí Minh,Nhân viên phục vụ,techGap,employed,5131183,Hồ Chí Minh,south_east,False,False,100,A
worker_0559,40,male,college,married,chăn nuôi|nông nghiệp|trồng trọt|salary_range,10,Bình Dương,Nông dân / Nông nghiệp,techGap|family,retired,9942880,Bình Dương,south_east,False,False,100,A
worker_0560,49,female,college,married,bằng lái|lái xe|vận chuyển|salary_range,24,Hải Dương,Lái xe,other|health,self-employed,13212068,Hải Dương,north,False,False,100,A
worker_0561,46,other,college,single,dọn dẹp|giặt là|nấu ăn|salary_range,16,Qui Nhơn,Giúp việc / Dịch vụ,other|family|location,employed,5059705,Quy Nhơn,central,False,False,100,A
worker_0562,43,female,college,married,an ninh|bảo vệ|tuần tra|salary_range,14,Buôn Ma Thuột,Bảo vệ,family|other,retired,9784813,Buôn Ma Thuột,central_highlands,False,False,100,A
worker_0563,65,other,college,married,công trình|xây dựng|xây tô|salary_range,30,TP. Hồ Chí Minh,Lao động xây dựng,,employed,10232570,Hồ Chí Minh,south_east,False,False,100,A
worker_0564,43,other,primary,married,an ninh|bảo vệ|tuần tra|salary_range,21,Vũng Tàu,Bảo vệ,,employed,3957176,Vũng Tàu,south_east,False,False,100,A
worker_0565,47,other,upper_secondary,divorced,bằng lái|lái xe|vận chuyển|salary_range,27,Nha Trang,Lái xe,techGap|other,self-employed,10451393,Nha Trang,central,False,False,100,A
worker_0566,56,other,college,divorced,bán hàng|chăm sóc khách hàng|tư vấn|salary_range,30,Cần Thơ,Nhân viên bán hàng,location|health|family,employed,14302756,Cần Thơ,mekong,False,False,100,A
worker_0567,52,female,primary,single,bán hàng|chăm sóc khách hàng|tư vấn|salary_range,27,TP. Hồ Chí Minh,Nhân viên bán hàng,location|techGap,unemployed,0,Hồ Chí Minh,south_east,False,False,100,A
worker_0568,54,female,college,single,chăn nuôi|nông nghiệp|trồng trọt|salary_range,30,Huế,Nông dân / Nông nghiệp,other|techGap|health,self-employed,9308916,Huế,central,False,False,100,A
worker_0569,58,male,university,divorced,barista|pha chế|đồ uống|salary_range,29,Nam Định,Pha chế,techGap|family,employed,6256701,Nam Định,north,False,False,100,A
worker_0570,35,male,upper_secondary,divorced,hành chính|kế toán|văn phòng|salary_range,11,Bắc Ninh,Kế toán / Hành chính,family|other,employed,8137136,Bắc Ninh,north,False,False,100,A
worker_0571,43,male,college,widowed,barista|pha chế|đồ uống|salary_range,15,Đà Nẵng,Pha chế,family|other,retired,12096982,Đà Nẵng,central,False,False,100,A
worker_0572,58,male,upper_secondary,married,kho bãi|quản lý hàng hóa|xuất nhập khẩu|salary_range,30,Thanh Hóa,Nhân viên kho vận,location|techGap,retired,12405148,Thanh Hóa,north,False,False,100,A
worker_0573,35,female,upper_secondary,widowed,an ninh|bảo vệ|tuần tra|salary_range,9,Bắc Ninh,Bảo vệ,family|location,retired,12110950,Bắc Ninh,north,False,False,100,A
worker_0574,42,female,upper_secondary,divorced,chăn nuôi|nông nghiệp|trồng trọt|salary_range,18,Nha Trang,Nông dân / Nông nghiệp,,self-employed,5382281,Nha Trang,central,False,False,100,A
worker_0575,44,other,college,widowed,lắp ráp|sản xuất|vận hành máy|salary_range,16,Hà Nội,Công nhân sản xuất,,unemployed,0,Hà Nội,north,False,False,100,A
worker_0576,39,male,primary,divorced,lắp ráp|sản xuất|vận hành máy|salary_range,13,Vĩnh Phúc,Công nhân sản xuất,other|health,employed,3933350,Vĩnh Phúc,north,False,False,100,A
worker_0577,57,female,university,married,bán hàng|chăm sóc khách hàng|tư vấn|salary_range,30,Qui Nhơn,Nhân viên bán hàng,,self-employed,11113041,Quy Nhơn,central,False,False,100,A
worker_0578,40,other,college,married,công trình|xây dựng|xây tô|salary_range,12,Qui Nhơn,Lao động xây dựng,health,retired,9906795,Quy Nhơn,central,False,False,100,A
worker_0579,55,female,college,widowed,dọn dẹp|giặt là|nấu ăn|salary_range,27,Cần Thơ,Giúp việc / Dịch vụ,,employed,10269564,Cần Thơ,mekong,False,False,100,A
worker_0580,59,other,college,divorced,kho bãi|quản lý hàng hóa|xuất nhập khẩu|salary_range,30,Buôn Ma Thuột,Nhân viên kho vận,,employed,8214046,Buôn Ma Thuột,central_highlands,False,False,100,A
worker_0581,63,female,primary,widowed,chăn nuôi|nông nghiệp|trồng trọt|salary_range,30,Bình Dương,Nông dân / Nông nghiệp,techGap|other|location,unemployed,0,Bình Dương,south_east,False,False,100,A
worker_0582,57,male,primary,widowed,kho bãi|quản lý hàng hóa|xuất nhập khẩu|salary_range,30,Nha Trang,Nhân viên kho vận,health|location|family,retired,13689308,Nha Trang,central,False,False,100,A
worker_0583,57,male,upper_secondary,single,công trình|xây dựng|xây tô|salary_range,30,Đà Nẵng,Lao động xây dựng,other|family|health,employed,11145610,Đà Nẵng,central,False,False,100,A
worker_0584,58,female,upper_secondary,single,sửa chữa|tay nghề|thợ|salary_range,30,Bắc Ninh,Thợ lành nghề,techGap|location|health,retired,14697434,Bắc Ninh,north,False,False,100,A
worker_0585,56,female,college,widowed,barista|pha chế|đồ uống|salary_range,26,Vinhy,Pha chế,techGap|location|health,retired,11218034,Vinh,north,False,False,100,A
worker_0586,65,female,primary,married,an ninh|bảo vệ|tuần tra|salary_range,30,Đà Nẵng,Bảo vệ,family|health,employed,3010232,Đà Nẵng,central,False,False,100,A
worker_0587,63,male,college,widowed,sửa chữa|tay nghề|thợ|salary_range,30,Đà Nẵng,Thợ lành nghề,health|other|location,unemployed,0,Đà Nẵng,central,False,False,100,A
worker_0588,40,male,college,widowed,bán hàng|chăm sóc khách hàng|tư vấn|salary_range,14,Thái Nguyên,Nhân viên bán hàng,family,unemployed,0,Thái Nguyên,north,False,False,100,A
worker_0589,37,female,college,married,chào hỏi|order|phục vụ|salary_range,17,Đà Nẵng,Nhân viên phục vụ,family|location|techGap,unemployed,0,Đà Nẵng,central,False,False,100,A
worker_0590,52,male,college,married,lắp ráp|sản xuất|vận hành máy|salary_range,27,Biên Hòa,Công nhân sản xuất,family|location,employed,14340689,Biên Hòa,south_east,False,False,100,A
worker_0591,37,female,primary,single,kho bãi|quản lý hàng hóa|xuất nhập khẩu|salary_range,10,Đà Nẵng,Nhân viên kho vận,location|family,self-employed,8090504,Đà Nẵng,central,False,False,100,A
worker_0592,46,female,primary,divorced,barista|pha chế|đồ uống|salary_range,23,Đà Nẵng,Pha chế,techGap,self-employed,10907800,Đà Nẵng,central,False,False,100,A
worker_0593,65,male,college,widowed,công trình|xây dựng|xây tô|salary_range,30,Bắc Ninh,Lao động xây dựng,family,unemployed,0,Bắc Ninh,north,False,False,100,A
worker_0594,55,other,college,widowed,sửa chữa|tay nghề|thợ|salary_range,30,Hà Nội,Thợ lành nghề,techGap|location,employed,3439938,Hà Nội,north,False,False,100,A
worker_0595,48,other,upper_secondary,widowed,bằng lái|lái xe|vận chuyển|salary_range,21,Nam Định,Lái xe,other|family|health,unemployed,0,Nam Định,north,False,False,100,A
worker_0596,56,other,college,divorced,bán hàng|chăm sóc khách hàng|tư vấn|salary_range,27,Vĩnh Phúc,Nhân viên bán hàng,,self-employed,9928526,Vĩnh Phúc,north,False,False,100,A
worker_0597,54,other,primary,married,bằng lái|lái xe|vận chuyển|salary_range,24,Bắc Ninh,Lái xe,location|techGap,self-employed,7105794,Bắc Ninh,north,False,False,100,A
worker_0598,35,male,college,widowed,chăn nuôi|nông nghiệp|trồng trọt|salary_range,14,Thanh Hóa,Nông dân / Nông nghiệp,other,retired,6059597,Thanh Hóa,north,False,False,100,A
worker_0599,46,male,university,married,chào hỏi|order|phục vụ|salary_range,20,Qui Nhơn,Nhân viên phục vụ,location,retired,5118785,Quy Nhơn,central,False,False,100,A
worker_0600,49,female,university,married,công trình|xây dựng|xây tô|salary_range,22,Đà Nẵng,Lao động xây dựng,family,employed,3647407,Đà Nẵng,central,False,False,100,A
worker_0601,49,male,university,divorced,sửa chữa|tay nghề|thợ|salary_range,21,Thanh Hóa,Thợ lành nghề,,unemployed,0,Thanh Hóa,north,False,False,100,A
worker_0602,39,other,college,divorced,bán hàng|chăm sóc khách hàng|tư vấn|salary_range,17,TP. Hồ Chí Minh,Nhân viên bán hàng,techGap|location,employed,8263827,Hồ Chí Minh,south_east,False,False,100,A
worker_0603,63,other,college,divorced,công trình|xây dựng|xây tô|salary_range,30,Vinhy,Lao động xây dựng,techGap|family|other,self-employed,12837381,Vinh,north,False,False,100,A
worker_0604,48,male,upper_secondary,married,kho bãi|quản lý hàng hóa|xuất nhập khẩu|salary_range,18,Qui Nhơn,Nhân viên kho vận,,retired,5780883,Quy Nhơn,central,False,False,100,A
worker_0605,48,other,upper_secondary,married,hành chính|kế toán|văn phòng|salary_range,19,Biên Hòa,Kế toán / Hành chính,techGap|health|other,employed,3039433,Biên Hòa,south_east,False,False,100,A
worker_0606,47,female,upper_secondary,single,an ninh|bảo vệ|tuần tra|salary_range,17,Nam Định,Bảo vệ,techGap,self-employed,6509612,Nam Định,north,False,False,100,A
worker_0607,49,male,primary,single,an ninh|bảo vệ|tuần tra|salary_range,29,TP. Hồ Chí Minh,Bảo vệ,health|family|other,self-employed,9985036,Hồ Chí Minh,south_east,False,False,100,A
worker_0608,52,male,upper_secondary,divorced,dọn dẹp|giặt là|nấu ăn|salary_range,28,Cần Thơ,Giúp việc / Dịch vụ,other|techGap,unemployed,0,Cần Thơ,mekong,False,False,100,A
worker_0609,36,male,upper_secondary,single,dọn dẹp|giặt là|nấu ăn|salary_range,9,Qui Nhơn,Giúp việc / Dịch vụ,location|techGap,employed,14101274,Quy Nhơn,central,False,False,100,A
worker_0610,39,female,upper_secondary,widowed,sửa chữa|tay nghề|thợ|salary_range,14,Vũng Tàu,Thợ lành nghề,family|location|other,self-employed,13599293,Vũng Tàu,south_east,False,False,100,A
worker_0611,54,male,college,divorced,an ninh|bảo vệ|tuần tra|salary_range,27,Đà Lạt,Bảo vệ,health,self-employed,6948813,Đà Lạt,central_highlands,False,False,100,A
worker_0612,61,female,college,married,sửa chữa|tay nghề|thợ|salary_range,30,Đà Nẵng,Thợ lành nghề,,employed,9132896,Đà Nẵng,central,False,False,100,A
worker_0613,37,other,college,single,lắp ráp|sản xuất|vận hành máy|salary_range,14,Qui Nhơn,Công nhân sản xuất,health|family|location,retired,9883611,Quy Nhơn,central,False,False,100,A
worker_0614,60,female,college,married,dọn dẹp|giặt là|nấu ăn|salary_range,30,Bình Dương,Giúp việc / Dịch vụ,techGap,retired,11404875,Bình Dương,south_east,False,False,100,A
worker_0615,35,male,college,divorced,dọn dẹp|giặt là|nấu ăn|salary_range,5,Vĩnh Phúc,Giúp việc / Dịch vụ,techGap,unemployed,0,Vĩnh Phúc,north,False,False,100,A
worker_0616,36,other,primary,divorced,an ninh|bảo vệ|tuần tra|salary_range,11,Qui Nhơn,Bảo vệ,location,retired,11400691,Quy Nhơn,central,False,False,100,A
worker_0617,53,other,upper_secondary,single,lắp ráp|sản xuất|vận hành máy|salary_range,23,Thanh Hóa,Công nhân sản xuất,location|other,unemployed,0,Thanh Hóa,north,False,False,100,A
worker_0618,38,other,upper_secondary,widowed,sửa chữa|tay nghề|thợ|salary_range,15,Cần Thơ,Thợ lành nghề,health|location,retired,8005315,Cần Thơ,mekong,False,False,100,A
worker_0619,52,female,university,married,sửa chữa|tay nghề|thợ|salary_range,25,TP. Hồ Chí Minh,Thợ lành nghề,,self-employed,13753970,Hồ Chí Minh,south_east,False,False,100,A
worker_0620,61,other,upper_secondary,widowed,lắp ráp|sản xuất|vận hành máy|salary_range,30,Bắc Ninh,Công nhân sản xuất,other|family,self-employed,13439377,Bắc Ninh,north,False,False,100,A
worker_0621,49,other,college,married,barista|pha chế|đồ uống|salary_range,21,Vũng Tàu,Pha chế,family|other,self-employed,14851328,Vũng Tàu,south_east,False,False,100,A
worker_0622,45,other,primary,married,dọn dẹp|giặt là|nấu ăn|salary_range,23,Bắc Ninh,Giúp việc / Dịch vụ,,employed,13477513,Bắc Ninh,north,False,False,100,A
worker_0623,62,male,upper_secondary,single,sửa chữa|tay nghề|thợ|salary_range,30,Đà Nẵng,Thợ lành nghề,techGap|health|family,unemployed,0,Đà Nẵng,central,False,False,100,A
worker_0624,41,other,upper_secondary,widowed,dọn dẹp|giặt là|nấu ăn|salary_range,12,Nha Trang,Giúp việc / Dịch vụ,,employed,3650793,Nha Trang,central,False,False,100,A
worker_0625,46,male,university,divorced,bán hàng|chăm sóc khách hàng|tư vấn|salary_range,19,Vinhy,Nhân viên bán hàng,location,retired,9069805,Vinh,north,False,False,100,A
worker_0626,57,female,college,married,công trình|xây dựng|xây tô|salary_range,30,Cần Thơ,Lao động xây dựng,location,self-employed,13828329,Cần Thơ,mekong,False,False,100,A
worker_0627,53,other,upper_secondary,single,dọn dẹp|giặt là|nấu ăn|salary_range,29,Bình Dương,Giúp việc / Dịch vụ,techGap,self-employed,6881578,Bình Dương,south_east,False,False,100,A
worker_0628,54,female,upper_secondary,single,dọn dẹp|giặt là|nấu ăn|salary_range,24,Thái Nguyên,Giúp việc / Dịch vụ,other|family,self-employed,13211991,Thái Nguyên,north,False,False,100,A
worker_0629,59,female,upper_secondary,divorced,công trình|xây dựng|xây tô|salary_range,30,Biên Hòa,Lao động xây dựng,,employed,14949040,Biên Hòa,south_east,False,False,100,A
worker_0630,56,female,primary,single,lắp ráp|sản xuất|vận hành máy|salary_range,27,Biên Hòa,Công nhân sản xuất,techGap,retired,8387164,Biên Hòa,south_east,False,False,100,A
worker_0631,63,male,primary,single,sửa chữa|tay nghề|thợ|salary_range,30,Hải Phòng,Thợ lành nghề,other,self-employed,4382667,Hải Phòng,north,False,False,100,A
worker_0632,45,male,upper_secondary,widowed,bán hàng|chăm sóc khách hàng|tư vấn|salary_range,20,Đà Lạt,Nhân viên bán hàng,other,unemployed,0,Đà Lạt,central_highlands,False,False,100,A
worker_0633,48,male,upper_secondary,divorced,an ninh|bảo vệ|tuần tra|salary_range,20,Biên Hòa,Bảo vệ,location,self-employed,11436973,Biên Hòa,south_east,False,False,100,A
worker_0634,57,other,college,widowed,bằng lái|lái xe|vận chuyển|salary_range,30,TP. Hồ Chí Minh,Lái xe,health|techGap|other,retired,3397967,Hồ Chí Minh,south_east,False,False,100,A
worker_0635,38,male,university,divorced,bán hàng|chăm sóc khách hàng|tư vấn|salary_range,15,Vũng Tàu,Nhân viên bán hàng,,retired,9869909,Vũng Tàu,south_east,False,False,100,A
worker_0636,51,male,college,single,sửa chữa|tay nghề|thợ|salary_range,26,Qui Nhơn,Thợ lành nghề,,self-employed,6238017,Quy Nhơn,central,False,False,100,A
worker_0637,47,male,university,single,công trình|xây dựng|xây tô|salary_range,23,Nha Trang,Lao động xây dựng,family,retired,6424282,Nha Trang,central,False,False,100,A
worker_0638,54,female,upper_secondary,married,bằng lái|lái xe|vận chuyển|salary_range,30,Biên Hòa,Lái xe,family|location|techGap,unemployed,0,Biên Hòa,south_east,False,False,100,A
worker_0639,46,other,upper_secondary,divorced,lắp ráp|sản xuất|vận hành máy|salary_range,24,Buôn Ma Thuột,Công nhân sản xuất,family,employed,9280472,Buôn Ma Thuột,central_highlands,False,False,100,A
worker_0640,60,male,college,married,chào hỏi|order|phục vụ|salary_range,30,Thanh Hóa,Nhân viên phục vụ,health,self-employed,11896993,Thanh Hóa,north,False,False,100,A
worker_0641,59,other,college,divorced,kho bãi|quản lý hàng hóa|xuất nhập khẩu|salary_range,30,Huế,Nhân viên kho vận,,self-employed,4690069,Huế,central,False,False,100,A
worker_0642,39,male,upper_secondary,married,hành chính|kế toán|văn phòng|salary_range,13,Hải Dương,Kế toán / Hành chính,,self-employed,9492859,Hải Dương,north,False,False,100,A
worker_0643,48,other,primary,married,an ninh|bảo vệ|tuần tra|salary_range,18,Vũng Tàu,Bảo vệ,,self-employed,14498281,Vũng Tàu,south_east,False,False,100,A
worker_0644,38,female,primary,widowed,sửa chữa|tay nghề|thợ|salary_range,15,Bình Dương,Thợ lành nghề,,self-employed,5442142,Bình Dương,south_east,False,False,100,A
worker_0645,63,female,college,married,lắp ráp|sản xuất|vận hành máy|salary_range,30,Hải Dương,Công nhân sản xuất,location|family|techGap,unemployed,0,Hải Dương,north,False,False,100,A
worker_0646,42,male,primary,divorced,kho bãi|quản lý hàng hóa|xuất nhập khẩu|salary_range,13,Buôn Ma Thuột,Nhân viên kho vận,family,employed,7221234,Buôn Ma Thuột,central_highlands,False,False,100,A
worker_0647,63,other,college,widowed,lắp ráp|sản xuất|vận hành máy|salary_range,30,Đà Nẵng,Công nhân sản xuất,techGap|health|family,self-employed,12752553,Đà Nẵng,central,False,False,100,A
worker_0648,65,male,upper_secondary,widowed,bằng lái|lái xe|vận chuyển|salary_range,30,Đà Nẵng,Lái xe,location|techGap|other,unemployed,0,Đà Nẵng,central,False,False,100,A
worker_0649,58,male,primary,married,an ninh|bảo vệ|tuần tra|salary_range,30,Hải Dương,Bảo vệ,techGap,employed,10360747,Hải Dương,north,False,False,100,A
worker_0650,40,other,upper_secondary,married,dọn dẹp|giặt là|nấu ăn|salary_range,20,Bình Dương,Giúp việc / Dịch vụ,techGap|other|family,employed,8848028,Bình Dương,south_east,False,False,100,A
worker_0651,57,male,college,married,an ninh|bảo vệ|tuần tra|salary_range,30,Thanh Hóa,Bảo vệ,family,employed,11476418,Thanh Hóa,north,False,False,100,A
worker_0652,46,male,upper_secondary,widowed,bán hàng|chăm sóc khách hàng|tư vấn|salary_range,17,Hải Dương,Nhân viên bán hàng,health|location|techGap,retired,11219245,Hải Dương,north,False,False,100,A
worker_0653,49,other,upper_secondary,divorced,hành chính|kế toán|văn phòng|salary_range,21,Đà Nẵng,Kế toán / Hành chính,,retired,12612344,Đà Nẵng,central,False,False,100,A
worker_0654,59,other,primary,divorced,chăn nuôi|nông nghiệp|trồng trọt|salary_range,30,Hà Nội,Nông dân / Nông nghiệp,health|techGap,self-employed,7100746,Hà Nội,north,False,False,100,A
worker_0655,46,other,college,single,kho bãi|quản lý hàng hóa|xuất nhập khẩu|salary_range,19,Cần Thơ,Nhân viên kho vận,family,retired,3478746,Cần Thơ,mekong,False,False,100,A
worker_0656,57,other,primary,married,an ninh|bảo vệ|tuần tra|salary_range,30,Vinhy,Bảo vệ,techGap|family,unemployed,0,Vinh,north,False,False,100,A
worker_0657,57,other,primary,widowed,sửa chữa|tay nghề|thợ|salary_range,29,Cần Thơ,Thợ lành nghề,techGap,retired,8925725,Cần Thơ,mekong,False,False,100,A
worker_0658,35,male,primary,married,sửa chữa|tay nghề|thợ|salary_range,14,Vinhy,Thợ lành nghề,health|other,self-employed,12298529,Vinh,north,False,False,100,A
worker_0659,36,male,college,single,chăn nuôi|nông nghiệp|trồng trọt|salary_range,7,Bình Dương,Nông dân / Nông nghiệp,techGap|health,retired,12752228,Bình Dương,south_east,False,False,100,A
worker_0660,58,male,upper_secondary,divorced,lắp ráp|sản xuất|vận hành máy|salary_range,30,Vinhy,Công nhân sản xuất,,retired,3004545,Vinh,north,False,False,100,A
worker_0661,63,male,upper_secondary,single,lắp ráp|sản xuất|vận hành máy|salary_range,30,Hải Phòng,Công nhân sản xuất,location,unemployed,0,Hải Phòng,north,False,False,100,A
worker_0662,65,other,college,married,sửa chữa|tay nghề|thợ|salary_range,30,Vĩnh Phúc,Thợ lành nghề,family,unemployed,0,Vĩnh Phúc,north,False,False,100,A
worker_0663,41,other,university,married,dọn dẹp|giặt là|nấu ăn|salary_range,14,Hải Dương,Giúp việc / Dịch vụ,location|other,unemployed,0,Hải Dương,north,False,False,100,A
worker_0664,56,female,college,married,công trình|xây dựng|xây tô|salary_range,29,Hải Dương,Lao động xây dựng,location,self-employed,12301140,Hải Dương,north,False,False,100,A
worker_0665,46,female,upper_secondary,widowed,an ninh|bảo vệ|tuần tra|salary_range,18,Huế,Bảo vệ,family|health|location,unemployed,0,Huế,central,False,False,100,A
worker_0666,45,male,primary,married,bằng lái|lái xe|vận chuyển|salary_range,15,Thanh Hóa,Lái xe,other|techGap,employed,6014748,Thanh Hóa,north,False,False,100,A
worker_0667,53,female,upper_secondary,single,lắp ráp|sản xuất|vận hành máy|salary_range,23,Hải Dương,Công nhân sản xuất,,employed,10901409,Hải Dương,north,False,False,100,A
worker_0668,65,other,college,single,chào hỏi|order|phục vụ|salary_range,30,Thanh Hóa,Nhân viên phục vụ,health,unemployed,0,Thanh Hóa,north,False,False,100,A
worker_0669,49,other,primary,single,dọn dẹp|giặt là|nấu ăn|salary_range,22,Hà Nội,Giúp việc / Dịch vụ,techGap,retired,10030699,Hà Nội,north,False,False,100,A
worker_0670,50,other,primary,single,sửa chữa|tay nghề|thợ|salary_range,27,Đà Lạt,Thợ lành nghề,,retired,11487172,Đà Lạt,central_highlands,False,False,100,A
worker_0671,59,other,upper_secondary,divorced,lắp ráp|sản xuất|vận hành máy|salary_range,30,Hà Nội,Công nhân sản xuất,health|location,retired,11449616,Hà Nội,north,False,False,100,A
worker_0672,55,female,college,widowed,dọn dẹp|giặt là|nấu ăn|salary_range,30,Nha Trang,Giúp việc / Dịch vụ,,unemployed,0,Nha Trang,central,False,False,100,A
worker_0673,52,female,primary,married,chào hỏi|order|phục vụ|salary_range,24,Đà Nẵng,Nhân viên phục vụ,techGap|health,self-employed,6779241,Đà Nẵng,central,False,False,100,A
worker_0674,46,female,upper_secondary,widowed,lắp ráp|sản xuất|vận hành máy|salary_range,16,Qui Nhơn,Công nhân sản xuất,techGap|family|health,retired,14942920,Quy Nhơn,central,False,False,100,A
worker_0675,52,female,primary,divorced,chăn nuôi|nông nghiệp|trồng trọt|salary_range,27,Vĩnh Phúc,Nông dân / Nông nghiệp,,unemployed,0,Vĩnh Phúc,north,False,False,100,A
worker_0676,56,other,upper_secondary,divorced,chăn nuôi|nông nghiệp|trồng trọt|salary_range,30,Hải Dương,Nông dân / Nông nghiệp,other,retired,3461568,Hải Dương,north,False,False,100,A
worker_0677,52,other,primary,divorced,lắp ráp|sản xuất|vận hành máy|salary_range,27,Hải Dương,Công nhân sản xuất,family|techGap|health,employed,9075422,Hải Dương,north,False,False,100,A
worker_0678,50,other,primary,married,an ninh|bảo vệ|tuần tra|salary_range,27,Nam Định,Bảo vệ,,retired,14065454,Nam Định,north,False,False,100,A
worker_0679,57,male,upper_secondary,widowed,dọn dẹp|giặt là|nấu ăn|salary_range,28,Hà Nội,Giúp việc / Dịch vụ,location|techGap|health,retired,7094236,Hà Nội,north,False,False,100,A
worker_0680,62,male,upper_secondary,married,bằng lái|lái xe|vận chuyển|salary_range,30,Vĩnh Phúc,Lái xe,location,retired,9793383,Vĩnh Phúc,north,False,False,100,A
worker_0681,43,male,university,married,dọn dẹp|giặt là|nấu ăn|salary_range,13,Biên Hòa,Giúp việc / Dịch vụ,family|health|techGap,employed,11045416,Biên Hòa,south_east,False,False,100,A
worker_0682,39,male,primary,single,chào hỏi|order|phục vụ|salary_range,19,Buôn Ma Thuột,Nhân viên phục vụ,other|location,employed,3693119,Buôn Ma Thuột,central_highlands,False,False,100,A
worker_0683,58,other,upper_secondary,divorced,kho bãi|quản lý hàng hóa|xuất nhập khẩu|salary_range,29,Qui Nhơn,Nhân viên kho vận,location,employed,5745601,Quy Nhơn,central,False,False,100,A
worker_0684,56,male,college,single,công trình|xây dựng|xây tô|salary_range,26,Hải Phòng,Lao động xây dựng,family|location,retired,9463546,Hải Phòng,north,False,False,100,A
worker_0685,46,male,upper_secondary,married,bằng lái|lái xe|vận chuyển|salary_range,20,Thái Nguyên,Lái xe,health|family,retired,4211397,Thái Nguyên,north,False,False,100,A
worker_0686,42,male,college,widowed,chào hỏi|order|phục vụ|salary_range,15,Huế,Nhân viên phục vụ,other,self-employed,5025080,Huế,central,False,False,100,A
worker_0687,36,female,college,widowed,kho bãi|quản lý hàng hóa|xuất nhập khẩu|salary_range,15,TP. Hồ Chí Minh,Nhân viên kho vận,location|techGap,retired,10347036,Hồ Chí Minh,south_east,False,False,100,A
worker_0688,51,male,upper_secondary,married,bán hàng|chăm sóc khách hàng|tư vấn|salary_range,28,Bắc Ninh,Nhân viên bán hàng,,retired,14619426,Bắc Ninh,north,False,False,100,A
worker_0689,61,female,primary,widowed,lắp ráp|sản xuất|vận hành máy|salary_range,30,Nam Định,Công nhân sản xuất,family|location,employed,3955897,Nam Định,north,False,False,100,A
worker_0690,47,female,upper_secondary,married,bằng lái|lái xe|vận chuyển|salary_range,20,Thanh Hóa,Lái xe,other|family|location,retired,5644174,Thanh Hóa,north,False,False,100,A
worker_0691,52,male,college,divorced,hành chính|kế toán|văn phòng|salary_range,22,Thái Nguyên,Kế toán / Hành chính,family|other|health,self-employed,11059143,Thái Nguyên,north,False,False,100,A
worker_0692,35,female,upper_secondary,divorced,barista|pha chế|đồ uống|salary_range,15,Buôn Ma Thuột,Pha chế,techGap|family|location,unemployed,0,Buôn Ma Thuột,central_highlands,False,False,100,A
worker_0693,46,male,university,single,công trình|xây dựng|xây tô|salary_range,20,Hải Dương,Lao động xây dựng,location|other|techGap,self-employed,13107371,Hải Dương,north,False,False,100,A
worker_0694,40,male,upper_secondary,widowed,an ninh|bảo vệ|tuần tra|salary_range,11,Biên Hòa,Bảo vệ,other|techGap|location,unemployed,0,Biên Hòa,south_east,False,False,100,A
worker_0695,46,male,college,widowed,bán hàng|chăm sóc khách hàng|tư vấn|salary_range,24,Hải Dương,Nhân viên bán hàng,,self-employed,10905755,Hải Dương,north,False,False,100,A
worker_0696,37,male,upper_secondary,widowed,chào hỏi|order|phục vụ|salary_range,14,Buôn Ma Thuột,Nhân viên phục vụ,health,unemployed,0,Buôn Ma Thuột,central_highlands,False,False,100,A
worker_0697,36,male,upper_secondary,divorced,chào hỏi|order|phục vụ|salary_range,11,Bắc Ninh,Nhân viên phục vụ,,self-employed,11499702,Bắc Ninh,north,False,False,100,A
worker_0698,49,female,college,single,an ninh|bảo vệ|tuần tra|salary_range,24,Vĩnh Phúc,Bảo vệ,health|other,employed,5369736,Vĩnh Phúc,north,False,False,100,A
worker_0699,44,male,college,divorced,kho bãi|quản lý hàng hóa|xuất nhập khẩu|salary_range,20,Thái Nguyên,Nhân viên kho vận,family,retired,7361423,Thái Nguyên,north,False,False,100,A
worker_0700,39,other,upper_secondary,widowed,chào hỏi|order|phục vụ|salary_range,11,Đà Lạt,Nhân viên phục vụ,,self-employed,13733986,Đà Lạt,central_highlands,False,False,100,A
worker_0701,42,female,college,single,barista|pha chế|đồ uống|salary_range,19,Qui Nhơn,Pha chế,location|health,self-employed,4643056,Quy Nhơn,central,False,False,100,A
worker_0702,47,female,upper_secondary,widowed,hành chính|kế toán|văn phòng|salary_range,26,Bắc Ninh,Kế toán / Hành chính,family,employed,12740225,Bắc Ninh,north,False,False,100,A
worker_0703,54,other,upper_secondary,single,barista|pha chế|đồ uống|salary_range,27,Bình Dương,Pha chế,techGap|other|family,self-employed,4436722,Bình Dương,south_east,False,False,100,A
worker_0704,44,other,upper_secondary,single,lắp ráp|sản xuất|vận hành máy|salary_range,22,Hải Dương,Công nhân sản xuất,health,self-employed,3780631,Hải Dương,north,False,False,100,A
worker_0705,40,female,university,widowed,kho bãi|quản lý hàng hóa|xuất nhập khẩu|salary_range,17,Biên Hòa,Nhân viên kho vận,,self-employed,7518209,Biên Hòa,south_east,False,False,100,A
worker_0706,52,female,primary,divorced,an ninh|bảo vệ|tuần tra|salary_range,27,Nha Trang,Bảo vệ,health|techGap,self-employed,13690254,Nha Trang,central,False,False,100,A
worker_0707,37,other,upper_secondary,married,hành chính|kế toán|văn phòng|salary_range,13,Huế,Kế toán / Hành chính,techGap|family|other,employed,5618540,Huế,central,False,False,100,A
worker_0708,53,male,college,divorced,barista|pha chế|đồ uống|salary_range,23,Nha Trang,Pha chế,techGap,self-employed,5819565,Nha Trang,central,False,False,100,A
worker_0709,42,other,primary,divorced,bán hàng|chăm sóc khách hàng|tư vấn|salary_range,21,Bắc Ninh,Nhân viên bán hàng,techGap|health,self-employed,14989504,Bắc Ninh,north,False,False,100,A
worker_0710,40,other,university,divorced,kho bãi|quản lý hàng hóa|xuất nhập khẩu|salary_range,15,Qui Nhơn,Nhân viên kho vận,location|health|techGap,employed,11052885,Quy Nhơn,central,False,False,100,A
worker_0711,39,female,primary,single,công trình|xây dựng|xây tô|salary_range,14,Đà Lạt,Lao động xây dựng,family|other,retired,13891902,Đà Lạt,central_highlands,False,False,100,A
worker_0712,65,female,college,married,dọn dẹp|giặt là|nấu ăn|salary_range,30,Vinhy,Giúp việc / Dịch vụ,health|family,self-employed,7024892,Vinh,north,False,False,100,A
worker_0713,53,other,primary,widowed,an ninh|bảo vệ|tuần tra|salary_range,30,Bình Dương,Bảo vệ,,employed,5975857,Bình Dương,south_east,False,False,100,A
worker_0714,39,male,primary,divorced,an ninh|bảo vệ|tuần tra|salary_range,16,Hải Phòng,Bảo vệ,family|techGap|location,retired,13646763,Hải Phòng,north,False,False,100,A
worker_0715,43,female,primary,single,an ninh|bảo vệ|tuần tra|salary_range,19,Bắc Ninh,Bảo vệ,,unemployed,0,Bắc Ninh,north,False,False,100,A
worker_0716,54,female,upper_secondary,divorced,dọn dẹp|giặt là|nấu ăn|salary_range,30,Nha Trang,Giúp việc / Dịch vụ,family|other,unemployed,0,Nha Trang,central,False,False,100,A
worker_0717,51,male,primary,divorced,an ninh|bảo vệ|tuần tra|salary_range,30,Hải Dương,Bảo vệ,other|techGap|location,retired,5454110,Hải Dương,north,False,False,100,A
worker_0718,57,male,university,widowed,lắp ráp|sản xuất|vận hành máy|salary_range,30,Hà Nội,Công nhân sản xuất,techGap|other,self-employed,8017310,Hà Nội,north,False,False,100,A
worker_0719,50,female,college,divorced,kho bãi|quản lý hàng hóa|xuất nhập khẩu|salary_range,30,Huế,Nhân viên kho vận,techGap,retired,7083541,Huế,central,False,False,100,A
worker_0720,42,other,primary,married,chăn nuôi|nông nghiệp|trồng trọt|salary_range,19,Hà Nội,Nông dân / Nông nghiệp,health,self-employed,6864740,Hà Nội,north,False,False,100,A
worker_0721,46,male,college,married,hành chính|kế toán|văn phòng|salary_range,24,Thái Nguyên,Kế toán / Hành chính,family,unemployed,0,Thái Nguyên,north,False,False,100,A
worker_0722,57,male,primary,widowed,lắp ráp|sản xuất|vận hành máy|salary_range,29,Qui Nhơn,Công nhân sản xuất,location|health,unemployed,0,Quy Nhơn,central,False,False,100,A
worker_0723,54,other,upper_secondary,single,chăn nuôi|nông nghiệp|trồng trọt|salary_range,24,Biên Hòa,Nông dân / Nông nghiệp,techGap|family|location,retired,10542013,Biên Hòa,south_east,False,False,100,A
worker_0724,39,male,college,widowed,hành chính|kế toán|văn phòng|salary_range,17,Huế,Kế toán / Hành chính,,self-employed,5554322,Huế,central,False,False,100,A
worker_0725,51,male,primary,single,bán hàng|chăm sóc khách hàng|tư vấn|salary_range,25,Bình Dương,Nhân viên bán hàng,,employed,7135992,Bình Dương,south_east,False,False,100,A
worker_0726,53,female,upper_secondary,widowed,an ninh|bảo vệ|tuần tra|salary_range,23,Đà Nẵng,Bảo vệ,,retired,9343473,Đà Nẵng,central,False,False,100,A
worker_0727,39,male,university,single,chăn nuôi|nông nghiệp|trồng trọt|salary_range,11,Bình Dương,Nông dân / Nông nghiệp,other|location|family,retired,3138683,Bình Dương,south_east,False,False,100,A
worker_0728,57,male,primary,married,dọn dẹp|giặt là|nấu ăn|salary_range,30,Vĩnh Phúc,Giúp việc / Dịch vụ,location|techGap,unemployed,0,Vĩnh Phúc,north,False,False,100,A
worker_0729,51,other,upper_secondary,divorced,barista|pha chế|đồ uống|salary_range,28,Nha Trang,Pha chế,techGap|health|other,employed,7456822,Nha Trang,central,False,False,100,A
worker_0730,48,female,upper_secondary,married,hành chính|kế toán|văn phòng|salary_range,27,Cần Thơ,Kế toán / Hành chính,,retired,3348753,Cần Thơ,mekong,False,False,100,A
worker_0731,39,male,college,divorced,bằng lái|lái xe|vận chuyển|salary_range,15,Nam Định,Lái xe,techGap|family,retired,10653622,Nam Định,north,False,False,100,A
worker_0732,41,other,upper_secondary,married,công trình|xây dựng|xây tô|salary_range,13,Nha Trang,Lao động xây dựng,health|location,self-employed,8717801,Nha Trang,central,False,False,100,A
worker_0733,62,other,college,divorced,an ninh|bảo vệ|tuần tra|salary_range,30,Qui Nhơn,Bảo vệ,health|family|techGap,self-employed,14327483,Quy Nhơn,central,False,False,100,A
worker_0734,53,male,college,single,kho bãi|quản lý hàng hóa|xuất nhập khẩu|salary_range,24,Nam Định,Nhân viên kho vận,location|techGap|other,unemployed,0,Nam Định,north,False,False,100,A
worker_0735,51,male,primary,widowed,hành chính|kế toán|văn phòng|salary_range,26,Vĩnh Phúc,Kế toán / Hành chính,techGap,self-employed,7319939,Vĩnh Phúc,north,False,False,100,A
worker_0736,41,female,university,married,kho bãi|quản lý hàng hóa|xuất nhập khẩu|salary_range,14,TP. Hồ Chí Minh,Nhân viên kho vận,family|other,unemployed,0,Hồ Chí Minh,south_east,False,False,100,A
worker_0737,50,other,upper_secondary,divorced,hành chính|kế toán|văn phòng|salary_range,24,Đà Nẵng,Kế toán / Hành chính,health,unemployed,0,Đà Nẵng,central,False,False,100,A
worker_0738,45,female,upper_secondary,divorced,lắp ráp|sản xuất|vận hành máy|salary_range,23,Qui Nhơn,Công nhân sản xuất,,self-employed,14291525,Quy Nhơn,central,False,False,100,A
worker_0739,49,other,primary,widowed,kho bãi|quản lý hàng hóa|xuất nhập khẩu|salary_range,28,Hải Phòng,Nhân viên kho vận,techGap|location,retired,4897539,Hải Phòng,north,False,False,100,A
worker_0740,43,other,upper_secondary,divorced,bằng lái|lái xe|vận chuyển|salary_range,15,Hải Phòng,Lái xe,location,retired,8476485,Hải Phòng,north,False,False,100,A
worker_0741,59,male,upper_secondary,married,bằng lái|lái xe|vận chuyển|salary_range,30,Hải Dương,Lái xe,health,self-employed,12580256,Hải Dương,north,False,False,100,A
worker_0742,44,other,primary,single,lắp ráp|sản xuất|vận hành máy|salary_range,23,Qui Nhơn,Công nhân sản xuất,other|health,retired,11939470,Quy Nhơn,central,False,False,100,A
worker_0743,36,male,college,married,sửa chữa|tay nghề|thợ|salary_range,12,Biên Hòa,Thợ lành nghề,other|family|location,retired,13099989,Biên Hòa,south_east,False,False,100,A
worker_0744,60,male,upper_secondary,divorced,bằng lái|lái xe|vận chuyển|salary_range,30,Cần Thơ,Lái xe,,employed,9491571,Cần Thơ,mekong,False,False,100,A
worker_0745,64,other,university,divorced,an ninh|bảo vệ|tuần tra|salary_range,30,Vĩnh Phúc,Bảo vệ,location|techGap|health,employed,13742122,Vĩnh Phúc,north,False,False,100,A
worker_0746,65,male,upper_secondary,widowed,barista|pha chế|đồ uống|salary_range,30,Bình Dương,Pha chế,location,employed,4389271,Bình Dương,south_east,False,False,100,A
worker_0747,63,male,college,single,an ninh|bảo vệ|tuần tra|salary_range,30,Đà Nẵng,Bảo vệ,,employed,4901503,Đà Nẵng,central,False,False,100,A
worker_0748,44,male,college,divorced,sửa chữa|tay nghề|thợ|salary_range,14,Hà Nội,Thợ lành nghề,,retired,11905846,Hà Nội,north,False,False,100,A
worker_0749,41,female,primary,married,kho bãi|quản lý hàng hóa|xuất nhập khẩu|salary_range,14,Biên Hòa,Nhân viên kho vận,techGap,self-employed,13845635,Biên Hòa,south_east,False,False,100,A
worker_0750,56,female,upper_secondary,widowed,an ninh|bảo vệ|tuần tra|salary_range,30,Bình Dương,Bảo vệ,other,unemployed,0,Bình Dương,south_east,False,False,100,A
worker_0751,46,male,college,single,hành chính|kế toán|văn phòng|salary_range,26,Hà Nội,Kế toán / Hành chính,,retired,10258098,Hà Nội,north,False,False,100,A
worker_0752,47,female,college,married,bán hàng|chăm sóc khách hàng|tư vấn|salary_range,24,Biên Hòa,Nhân viên bán hàng,family|health,employed,11753200,Biên Hòa,south_east,False,False,100,A
worker_0753,64,female,college,married,lắp ráp|sản xuất|vận hành máy|salary_range,30,TP. Hồ Chí Minh,Công nhân sản xuất,,retired,5080747,Hồ Chí Minh,south_east,False,False,100,A
worker_0754,46,other,upper_secondary,divorced,an ninh|bảo vệ|tuần tra|salary_range,25,Nam Định,Bảo vệ,,unemployed,0,Nam Định,north,False,False,100,A
worker_0755,63,other,university,married,bán hàng|chăm sóc khách hàng|tư vấn|salary_range,30,Vĩnh Phúc,Nhân viên bán hàng,techGap|health,retired,13476723,Vĩnh Phúc,north,False,False,100,A
worker_0756,50,female,upper_secondary,married,kho bãi|quản lý hàng hóa|xuất nhập khẩu|salary_range,29,Thanh Hóa,Nhân viên kho vận,techGap,retired,7590824,Thanh Hóa,north,False,False,100,A
worker_0757,64,female,upper_secondary,widowed,chào hỏi|order|phục vụ|salary_range,30,Bắc Ninh,Nhân viên phục vụ,techGap|family|health,employed,14411337,Bắc Ninh,north,False,False,100,A
worker_0758,55,male,upper_secondary,married,dọn dẹp|giặt là|nấu ăn|salary_range,30,Hải Phòng,Giúp việc / Dịch vụ,,employed,4776169,Hải Phòng,north,False,False,100,A
worker_0759,47,other,university,married,barista|pha chế|đồ uống|salary_range,20,Hải Phòng,Pha chế,techGap|family,unemployed,0,Hải Phòng,north,False,False,100,A
worker_0760,51,male,primary,married,sửa chữa|tay nghề|thợ|salary_range,21,Đà Lạt,Thợ lành nghề,location,unemployed,0,Đà Lạt,central_highlands,False,False,100,A
worker_0761,38,female,college,married,barista|pha chế|đồ uống|salary_range,14,Buôn Ma Thuột,Pha chế,other|family,employed,14266114,Buôn Ma Thuột,central_highlands,False,False,100,A
worker_0762,56,other,university,widowed,sửa chữa|tay nghề|thợ|salary_range,30,Buôn Ma Thuột,Thợ lành nghề,health|other,employed,3223907,Buôn Ma Thuột,central_highlands,False,False,100,A
worker_0763,46,female,primary,widowed,an ninh|bảo vệ|tuần tra|salary_range,21,Hà Nội,Bảo vệ,,employed,6749684,Hà Nội,north,False,False,100,A
worker_0764,55,male,upper_secondary,married,dọn dẹp|giặt là|nấu ăn|salary_range,27,Thanh Hóa,Giúp việc / Dịch vụ,,unemployed,0,Thanh Hóa,north,False,False,100,A
worker_0765,64,female,primary,married,bán hàng|chăm sóc khách hàng|tư vấn|salary_range,30,Buôn Ma Thuột,Nhân viên bán hàng,techGap,unemployed,0,Buôn Ma Thuột,central_highlands,False,False,100,A
worker_0766,57,male,primary,married,lắp ráp|sản xuất|vận hành máy|salary_range,28,Nam Định,Công nhân sản xuất,family|techGap,employed,6202043,Nam Định,north,False,False,100,A
worker_0767,47,other,primary,married,lắp ráp|sản xuất|vận hành máy|salary_range,22,Bắc Ninh,Công nhân sản xuất,,self-employed,3620155,Bắc Ninh,north,False,False,100,A
worker_0768,47,female,college,married,chào hỏi|order|phục vụ|salary_range,27,Hải Phòng,Nhân viên phục vụ,,employed,11567708,Hải Phòng,north,False,False,100,A
worker_0769,54,male,primary,married,công trình|xây dựng|xây tô|salary_range,30,Thanh Hóa,Lao động xây dựng,techGap|health|family,retired,3571771,Thanh Hóa,north,False,False,100,A
worker_0770,36,female,primary,single,hành chính|kế toán|văn phòng|salary_range,11,Đà Lạt,Kế toán / Hành chính,,unemployed,0,Đà Lạt,central_highlands,False,False,100,A
worker_0771,46,other,primary,married,dọn dẹp|giặt là|nấu ăn|salary_range,24,Bắc Ninh,Giúp việc / Dịch vụ,family|techGap|location,employed,5800489,Bắc Ninh,north,False,False,100,A
worker_0772,63,other,upper_secondary,single,hành chính|kế toán|văn phòng|salary_range,30,Biên Hòa,Kế toán / Hành chính,techGap|health|location,employed,4156004,Biên Hòa,south_east,False,False,100,A
worker_0773,45,male,university,single,sửa chữa|tay nghề|thợ|salary_range,17,Bắc Ninh,Thợ lành nghề,techGap|health,self-employed,5808513,Bắc Ninh,north,False,False,100,A
worker_0774,37,other,primary,single,lắp ráp|sản xuất|vận hành máy|salary_range,16,Hà Nội,Công nhân sản xuất,location|health,employed,11604659,Hà Nội,north,False,False,100,A
worker_0775,48,female,college,married,kho bãi|quản lý hàng hóa|xuất nhập khẩu|salary_range,18,Buôn Ma Thuột,Nhân viên kho vận,techGap,retired,14123209,Buôn Ma Thuột,central_highlands,False,False,100,A
worker_0776,60,female,primary,widowed,bán hàng|chăm sóc khách hàng|tư vấn|salary_range,30,Bắc Ninh,Nhân viên bán hàng,other|techGap,retired,13480067,Bắc Ninh,north,False,False,100,A
worker_0777,56,other,upper_secondary,divorced,bằng lái|lái xe|vận chuyển|salary_range,30,Vĩnh Phúc,Lái xe,location|health,retired,13222590,Vĩnh Phúc,north,False,False,100,A
worker_0778,55,other,primary,single,lắp ráp|sản xuất|vận hành máy|salary_range,30,Huế,Công nhân sản xuất,family,unemployed,0,Huế,central,False,False,100,A
worker_0779,39,other,primary,married,bằng lái|lái xe|vận chuyển|salary_range,12,Huế,Lái xe,techGap|health,self-employed,14251277,Huế,central,False,False,100,A
worker_0780,39,other,upper_secondary,single,công trình|xây dựng|xây tô|salary_range,10,TP. Hồ Chí Minh,Lao động xây dựng,,self-employed,3794662,Hồ Chí Minh,south_east,False,False,100,A
worker_0781,61,male,college,single,hành chính|kế toán|văn phòng|salary_range,30,Nam Định,Kế toán / Hành chính,health|other|location,retired,5556743,Nam Định,north,False,False,100,A
worker_0782,42,male,primary,married,lắp ráp|sản xuất|vận hành máy|salary_range,16,Vũng Tàu,Công nhân sản xuất,,unemployed,0,Vũng Tàu,south_east,False,False,100,A
worker_0783,44,male,university,married,an ninh|bảo vệ|tuần tra|salary_range,17,Cần Thơ,Bảo vệ,family|techGap|other,unemployed,0,Cần Thơ,mekong,False,False,100,A
worker_0784,49,female,upper_secondary,married,hành chính|kế toán|văn phòng|salary_range,19,Vinhy,Kế toán / Hành chính,,self-employed,13932944,Vinh,north,False,False,100,A
worker_0785,61,other,primary,married,công trình|xây dựng|xây tô|salary_range,30,Buôn Ma Thuột,Lao động xây dựng,location,self-employed,12676242,Buôn Ma Thuột,central_highlands,False,False,100,A
worker_0786,48,female,college,single,bằng lái|lái xe|vận chuyển|salary_range,27,Vĩnh Phúc,Lái xe,other,self-employed,11627887,Vĩnh Phúc,north,False,False,100,A
worker_0787,56,male,college,married,hành chính|kế toán|văn phòng|salary_range,26,Bình Dương,Kế toán / Hành chính,,employed,5509121,Bình Dương,south_east,False,False,100,A
worker_0788,57,male,upper_secondary,divorced,kho bãi|quản lý hàng hóa|xuất nhập khẩu|salary_range,30,Buôn Ma Thuột,Nhân viên kho vận,location,retired,9105692,Buôn Ma Thuột,central_highlands,False,False,100,A
worker_0789,61,male,primary,widowed,bán hàng|chăm sóc khách hàng|tư vấn|salary_range,30,Đà Nẵng,Nhân viên bán hàng,,unemployed,0,Đà Nẵng,central,False,False,100,A
worker_0790,36,female,primary,married,chăn nuôi|nông nghiệp|trồng trọt|salary_range,10,Vũng Tàu,Nông dân / Nông nghiệp,health|location|techGap,retired,12153656,Vũng Tàu,south_east,False,False,100,A
worker_0791,56,other,upper_secondary,single,chăn nuôi|nông nghiệp|trồng trọt|salary_range,30,TP. Hồ Chí Minh,Nông dân / Nông nghiệp,family|other|techGap,self-employed,11757732,Hồ Chí Minh,south_east,False,False,100,A
worker_0792,57,male,primary,divorced,kho bãi|quản lý hàng hóa|xuất nhập khẩu|salary_range,30,Hải Phòng,Nhân viên kho vận,techGap|family,self-employed,9019127,Hải Phòng,north,False,False,100,A
worker_0793,46,female,primary,divorced,dọn dẹp|giặt là|nấu ăn|salary_range,16,Hải Dương,Giúp việc / Dịch vụ,family|other|health,self-employed,12333018,Hải Dương,north,False,False,100,A
worker_0794,51,other,primary,divorced,chăn nuôi|nông nghiệp|trồng trọt|salary_range,25,Buôn Ma Thuột,Nông dân / Nông nghiệp,techGap|location|other,retired,8826008,Buôn Ma Thuột,central_highlands,False,False,100,A
worker_0795,55,male,upper_secondary,single,chăn nuôi|nông nghiệp|trồng trọt|salary_range,30,Vũng Tàu,Nông dân / Nông nghiệp,,retired,6314514,Vũng Tàu,south_east,False,False,100,A
worker_0796,47,male,upper_secondary,married,công trình|xây dựng|xây tô|salary_range,20,Nha Trang,Lao động xây dựng,location|other|techGap,employed,10416298,Nha Trang,central,False,False,100,A
worker_0797,59,other,primary,widowed,chào hỏi|order|phục vụ|salary_range,30,TP. Hồ Chí Minh,Nhân viên phục vụ,family|location|other,self-employed,12027689,Hồ Chí Minh,south_east,False,False,100,A
worker_0798,39,male,primary,divorced,lắp ráp|sản xuất|vận hành máy|salary_range,10,Vĩnh Phúc,Công nhân sản xuất,,self-employed,14677886,Vĩnh Phúc,north,False,False,100,A
worker_0799,51,female,primary,married,công trình|xây dựng|xây tô|salary_range,22,Buôn Ma Thuột,Lao động xây dựng,family,employed,7924369,Buôn Ma Thuột,central_highlands,False,False,100,A
worker_0800,43,female,upper_secondary,widowed,sửa chữa|tay nghề|thợ|salary_range,13,Cần Thơ,Thợ lành nghề,family|health,retired,8449563,Cần Thơ,mekong,False,False,100,A
worker_0801,39,other,upper_secondary,single,bán hàng|chăm sóc khách hàng|tư vấn|salary_range,13,Vinhy,Nhân viên bán hàng,,unemployed,0,Vinh,north,False,False,100,A
worker_0802,37,female,upper_secondary,single,sửa chữa|tay nghề|thợ|salary_range,11,Huế,Thợ lành nghề,techGap|other|location,self-employed,10483878,Huế,central,False,False,100,A
worker_0803,59,other,primary,widowed,bằng lái|lái xe|vận chuyển|salary_range,29,Biên Hòa,Lái xe,location,retired,4589932,Biên Hòa,south_east,False,False,100,A
worker_0804,45,male,university,married,công trình|xây dựng|xây tô|salary_range,16,Huế,Lao động xây dựng,location|health,unemployed,0,Huế,central,False,False,100,A
worker_0805,47,male,upper_secondary,divorced,an ninh|bảo vệ|tuần tra|salary_range,23,Hải Phòng,Bảo vệ,other|location,self-employed,5730053,Hải Phòng,north,False,False,100,A
worker_0806,59,male,university,single,an ninh|bảo vệ|tuần tra|salary_range,30,Nam Định,Bảo vệ,,self-employed,6579042,Nam Định,north,False,False,100,A
worker_0807,43,other,primary,married,lắp ráp|sản xuất|vận hành máy|salary_range,16,Bình Dương,Công nhân sản xuất,location,self-employed,14742820,Bình Dương,south_east,False,False,100,A
worker_0808,54,female,university,married,bằng lái|lái xe|vận chuyển|salary_range,24,Biên Hòa,Lái xe,location|other,unemployed,0,Biên Hòa,south_east,False,False,100,A
worker_0809,60,female,upper_secondary,married,chào hỏi|order|phục vụ|salary_range,30,TP. Hồ Chí Minh,Nhân viên phục vụ,other|family,retired,5871524,Hồ Chí Minh,south_east,False,False,100,A
worker_0810,53,male,college,widowed,bán hàng|chăm sóc khách hàng|tư vấn|salary_range,29,Hải Phòng,Nhân viên bán hàng,,unemployed,0,Hải Phòng,north,False,False,100,A
worker_0811,61,male,college,single,bán hàng|chăm sóc khách hàng|tư vấn|salary_range,30,Thanh Hóa,Nhân viên bán hàng,other,employed,10317662,Thanh Hóa,north,False,False,100,A
worker_0812,65,female,primary,divorced,hành chính|kế toán|văn phòng|salary_range,30,Bắc Ninh,Kế toán / Hành chính,,employed,11694659,Bắc Ninh,north,False,False,100,A
worker_0813,52,male,upper_secondary,married,an ninh|bảo vệ|tuần tra|salary_range,25,Hải Dương,Bảo vệ,techGap|location|health,self-employed,12291730,Hải Dương,north,False,False,100,A
worker_0814,43,other,college,single,bằng lái|lái xe|vận chuyển|salary_range,13,Nha Trang,Lái xe,health|family,employed,4506301,Nha Trang,central,False,False,100,A
worker_0815,46,male,university,widowed,hành chính|kế toán|văn phòng|salary_range,22,TP. Hồ Chí Minh,Kế toán / Hành chính,techGap|health|family,employed,11438823,Hồ Chí Minh,south_east,False,False,100,A
worker_0816,58,female,primary,single,kho bãi|quản lý hàng hóa|xuất nhập khẩu|salary_range,30,Thái Nguyên,Nhân viên kho vận,health|other|techGap,employed,14542982,Thái Nguyên,north,False,False,100,A
worker_0817,57,male,upper_secondary,married,công trình|xây dựng|xây tô|salary_range,30,Nha Trang,Lao động xây dựng,,retired,9214601,Nha Trang,central,False,False,100,A
worker_0818,48,male,primary,widowed,an ninh|bảo vệ|tuần tra|salary_range,26,Biên Hòa,Bảo vệ,,employed,7517238,Biên Hòa,south_east,False,False,100,A
worker_0819,52,other,primary,divorced,hành chính|kế toán|văn phòng|salary_range,28,Thái Nguyên,Kế toán / Hành chính,family|other,employed,12283457,Thái Nguyên,north,False,False,100,A
worker_0820,38,female,upper_secondary,widowed,hành chính|kế toán|văn phòng|salary_range,18,Cần Thơ,Kế toán / Hành chính,techGap,employed,13293985,Cần Thơ,mekong,False,False,100,A
worker_0821,35,male,college,divorced,bán hàng|chăm sóc khách hàng|tư vấn|salary_range,9,Huế,Nhân viên bán hàng,other,self-employed,13671138,Huế,central,False,False,100,A
worker_0822,46,other,primary,widowed,chăn nuôi|nông nghiệp|trồng trọt|salary_range,25,Thái Nguyên,Nông dân / Nông nghiệp,,unemployed,0,Thái Nguyên,north,False,False,100,A
worker_0823,61,male,primary,married,dọn dẹp|giặt là|nấu ăn|salary_range,30,TP. Hồ Chí Minh,Giúp việc / Dịch vụ,,self-employed,8051202,Hồ Chí Minh,south_east,False,False,100,A
worker_0824,48,female,upper_secondary,married,bán hàng|chăm sóc khách hàng|tư vấn|salary_range,23,Hải Phòng,Nhân viên bán hàng,techGap|other,unemployed,0,Hải Phòng,north,False,False,100,A
worker_0825,42,male,primary,divorced,công trình|xây dựng|xây tô|salary_range,14,Nha Trang,Lao động xây dựng,other|health|location,unemployed,0,Nha Trang,central,False,False,100,A
worker_0826,55,male,upper_secondary,widowed,an ninh|bảo vệ|tuần tra|salary_range,30,Huế,Bảo vệ,location|family|other,unemployed,0,Huế,central,False,False,100,A
worker_0827,39,female,primary,married,chăn nuôi|nông nghiệp|trồng trọt|salary_range,12,TP. Hồ Chí Minh,Nông dân / Nông nghiệp,,employed,5387441,Hồ Chí Minh,south_east,False,False,100,A
worker_0828,52,male,primary,single,hành chính|kế toán|văn phòng|salary_range,24,Nam Định,Kế toán / Hành chính,family|other,unemployed,0,Nam Định,north,False,False,100,A
worker_0829,52,female,primary,married,barista|pha chế|đồ uống|salary_range,25,Vĩnh Phúc,Pha chế,,retired,7185902,Vĩnh Phúc,north,False,False,100,A
worker_0830,52,other,upper_secondary,married,chăn nuôi|nông nghiệp|trồng trọt|salary_range,30,Nam Định,Nông dân / Nông nghiệp,location|techGap|health,self-employed,8256600,Nam Định,north,False,False,100,A
worker_0831,61,male,college,widowed,dọn dẹp|giặt là|nấu ăn|salary_range,30,Vũng Tàu,Giúp việc / Dịch vụ,location|other,unemployed,0,Vũng Tàu,south_east,False,False,100,A
worker_0832,46,male,college,married,chăn nuôi|nông nghiệp|trồng trọt|salary_range,26,Hải Dương,Nông dân / Nông nghiệp,health|other|family,retired,6969611,Hải Dương,north,False,False,100,A
worker_0833,63,male,primary,widowed,chăn nuôi|nông nghiệp|trồng trọt|salary_range,30,Buôn Ma Thuột,Nông dân / Nông nghiệp,family,self-employed,6620674,Buôn Ma Thuột,central_highlands,False,False,100,A
worker_0834,45,female,university,divorced,bằng lái|lái xe|vận chuyển|salary_range,18,Biên Hòa,Lái xe,techGap|health|location,self-employed,9881471,Biên Hòa,south_east,False,False,100,A
worker_0835,44,female,college,single,kho bãi|quản lý hàng hóa|xuất nhập khẩu|salary_range,24,Hải Phòng,Nhân viên kho vận,techGap|other|family,unemployed,0,Hải Phòng,north,False,False,100,A
worker_0836,43,female,primary,married,kho bãi|quản lý hàng hóa|xuất nhập khẩu|salary_range,13,Hải Phòng,Nhân viên kho vận,location,unemployed,0,Hải Phòng,north,False,False,100,A
worker_0837,60,other,college,married,sửa chữa|tay nghề|thợ|salary_range,30,Qui Nhơn,Thợ lành nghề,location|health|techGap,unemployed,0,Quy Nhơn,central,False,False,100,A
worker_0838,40,male,college,divorced,chào hỏi|order|phục vụ|salary_range,14,Thái Nguyên,Nhân viên phục vụ,other,retired,12290213,Thái Nguyên,north,False,False,100,A
worker_0839,56,male,university,divorced,bán hàng|chăm sóc khách hàng|tư vấn|salary_range,28,Qui Nhơn,Nhân viên bán hàng,health,unemployed,0,Quy Nhơn,central,False,False,100,A
worker_0840,65,female,university,married,an ninh|bảo vệ|tuần tra|salary_range,30,Đà Nẵng,Bảo vệ,health|family,retired,10511790,Đà Nẵng,central,False,False,100,A
worker_0841,61,female,college,widowed,dọn dẹp|giặt là|nấu ăn|salary_range,30,Buôn Ma Thuột,Giúp việc / Dịch vụ,techGap,employed,12182374,Buôn Ma Thuột,central_highlands,False,False,100,A
worker_0842,44,female,college,single,lắp ráp|sản xuất|vận hành máy|salary_range,22,Hải Phòng,Công nhân sản xuất,health,employed,7916241,Hải Phòng,north,False,False,100,A
worker_0843,51,male,upper_secondary,married,dọn dẹp|giặt là|nấu ăn|salary_range,22,TP. Hồ Chí Minh,Giúp việc / Dịch vụ,location|other,self-employed,5882576,Hồ Chí Minh,south_east,False,False,100,A
worker_0844,37,female,upper_secondary,married,chào hỏi|order|phục vụ|salary_range,14,Qui Nhơn,Nhân viên phục vụ,,self-employed,4224213,Quy Nhơn,central,False,False,100,A
worker_0845,54,female,college,divorced,sửa chữa|tay nghề|thợ|salary_range,24,Đà Nẵng,Thợ lành nghề,family|other,unemployed,0,Đà Nẵng,central,False,False,100,A
worker_0846,37,female,upper_secondary,married,dọn dẹp|giặt là|nấu ăn|salary_range,9,Huế,Giúp việc / Dịch vụ,location|health,employed,7932632,Huế,central,False,False,100,A
worker_0847,55,female,college,divorced,chào hỏi|order|phục vụ|salary_range,29,Bắc Ninh,Nhân viên phục vụ,techGap|health,unemployed,0,Bắc Ninh,north,False,False,100,A
worker_0848,59,female,upper_secondary,single,an ninh|bảo vệ|tuần tra|salary_range,30,Biên Hòa,Bảo vệ,family,retired,8738510,Biên Hòa,south_east,False,False,100,A
worker_0849,39,other,primary,married,dọn dẹp|giặt là|nấu ăn|salary_range,19,Qui Nhơn,Giúp việc / Dịch vụ,,employed,10044530,Quy Nhơn,central,False,False,100,A
worker_0850,63,other,college,divorced,kho bãi|quản lý hàng hóa|xuất nhập khẩu|salary_range,30,Huế,Nhân viên kho vận,,retired,3435346,Huế,central,False,False,100,A
worker_0851,42,female,upper_secondary,married,dọn dẹp|giặt là|nấu ăn|salary_range,22,Huế,Giúp việc / Dịch vụ,,retired,7716711,Huế,central,False,False,100,A
worker_0852,36,male,primary,married,công trình|xây dựng|xây tô|salary_range,6,Huế,Lao động xây dựng,family|location|other,unemployed,0,Huế,central,False,False,100,A
worker_0853,48,male,college,married,barista|pha chế|đồ uống|salary_range,25,Cần Thơ,Pha chế,location,unemployed,0,Cần Thơ,mekong,False,False,100,A
worker_0854,36,other,college,married,chào hỏi|order|phục vụ|salary_range,15,Thái Nguyên,Nhân viên phục vụ,techGap|health,unemployed,0,Thái Nguyên,north,False,False,100,A
worker_0855,56,female,university,widowed,sửa chữa|tay nghề|thợ|salary_range,30,Đà Nẵng,Thợ lành nghề,,retired,9617516,Đà Nẵng,central,False,False,100,A
worker_0856,51,other,college,widowed,hành chính|kế toán|văn phòng|salary_range,30,Hà Nội,Kế toán / Hành chính,,employed,8091805,Hà Nội,north,False,False,100,A
worker_0857,54,female,upper_secondary,widowed,barista|pha chế|đồ uống|salary_range,25,Thái Nguyên,Pha chế,other,retired,10964899,Thái Nguyên,north,False,False,100,A
worker_0858,63,female,college,married,bán hàng|chăm sóc khách hàng|tư vấn|salary_range,30,Vĩnh Phúc,Nhân viên bán hàng,,retired,3670557,Vĩnh Phúc,north,False,False,100,A
worker_0859,37,male,college,married,barista|pha chế|đồ uống|salary_range,11,Biên Hòa,Pha chế,,employed,3094995,Biên Hòa,south_east,False,False,100,A
worker_0860,51,female,university,widowed,bán hàng|chăm sóc khách hàng|tư vấn|salary_range,30,Hải Phòng,Nhân viên bán hàng,health|location,retired,9313745,Hải Phòng,north,False,False,100,A
worker_0861,46,male,college,married,dọn dẹp|giặt là|nấu ăn|salary_range,22,Vinhy,Giúp việc / Dịch vụ,family,retired,11653431,Vinh,north,False,False,100,A
worker_0862,60,female,university,divorced,kho bãi|quản lý hàng hóa|xuất nhập khẩu|salary_range,30,Buôn Ma Thuột,Nhân viên kho vận,,unemployed,0,Buôn Ma Thuột,central_highlands,False,False,100,A
worker_0863,40,female,primary,married,hành chính|kế toán|văn phòng|salary_range,15,Vinhy,Kế toán / Hành chính,,employed,9053931,Vinh,north,False,False,100,A
worker_0864,64,other,college,divorced,an ninh|bảo vệ|tuần tra|salary_range,30,Hải Phòng,Bảo vệ,,self-employed,12703258,Hải Phòng,north,False,False,100,A
worker_0865,52,female,upper_secondary,divorced,chào hỏi|order|phục vụ|salary_range,30,Hải Dương,Nhân viên phục vụ,techGap,employed,6101209,Hải Dương,north,False,False,100,A
worker_0866,36,male,upper_secondary,widowed,hành chính|kế toán|văn phòng|salary_range,7,TP. Hồ Chí Minh,Kế toán / Hành chính,,self-employed,11530297,Hồ Chí Minh,south_east,False,False,100,A
worker_0867,54,male,university,widowed,lắp ráp|sản xuất|vận hành máy|salary_range,25,Nha Trang,Công nhân sản xuất,health|other,employed,5129300,Nha Trang,central,False,False,100,A
worker_0868,39,female,upper_secondary,widowed,dọn dẹp|giặt là|nấu ăn|salary_range,14,Vũng Tàu,Giúp việc / Dịch vụ,techGap|other|location,unemployed,0,Vũng Tàu,south_east,False,False,100,A
worker_0869,59,female,upper_secondary,married,dọn dẹp|giặt là|nấu ăn|salary_range,30,TP. Hồ Chí Minh,Giúp việc / Dịch vụ,location|health|other,retired,4221155,Hồ Chí Minh,south_east,False,False,100,A
worker_0870,45,male,primary,married,công trình|xây dựng|xây tô|salary_range,23,Vũng Tàu,Lao động xây dựng,,self-employed,5463426,Vũng Tàu,south_east,False,False,100,A
worker_0871,59,other,upper_secondary,divorced,lắp ráp|sản xuất|vận hành máy|salary_range,29,TP. Hồ Chí Minh,Công nhân sản xuất,health|family|other,unemployed,0,Hồ Chí Minh,south_east,False,False,100,A
worker_0872,43,male,primary,single,kho bãi|quản lý hàng hóa|xuất nhập khẩu|salary_range,18,Cần Thơ,Nhân viên kho vận,family|other|techGap,self-employed,3421696,Cần Thơ,mekong,False,False,100,A
worker_0873,37,male,college,married,sửa chữa|tay nghề|thợ|salary_range,10,Đà Lạt,Thợ lành nghề,health,self-employed,6913606,Đà Lạt,central_highlands,False,False,100,A
worker_0874,53,female,primary,widowed,hành chính|kế toán|văn phòng|salary_range,30,Qui Nhơn,Kế toán / Hành chính,location,unemployed,0,Quy Nhơn,central,False,False,100,A
worker_0875,54,female,primary,divorced,chăn nuôi|nông nghiệp|trồng trọt|salary_range,25,Vinhy,Nông dân / Nông nghiệp,other|family,retired,7292634,Vinh,north,False,False,100,A
worker_0876,57,male,primary,widowed,chăn nuôi|nông nghiệp|trồng trọt|salary_range,30,Thái Nguyên,Nông dân / Nông nghiệp,,self-employed,13361948,Thái Nguyên,north,False,False,100,A
worker_0877,37,male,upper_secondary,single,barista|pha chế|đồ uống|salary_range,14,Bình Dương,Pha chế,other,retired,4628720,Bình Dương,south_east,False,False,100,A
worker_0878,38,female,college,widowed,sửa chữa|tay nghề|thợ|salary_range,15,Biên Hòa,Thợ lành nghề,techGap,retired,10754358,Biên Hòa,south_east,False,False,100,A
worker_0879,57,male,primary,single,hành chính|kế toán|văn phòng|salary_range,30,Cần Thơ,Kế toán / Hành chính,,retired,13621821,Cần Thơ,mekong,False,False,100,A
worker_0880,56,other,college,widowed,lắp ráp|sản xuất|vận hành máy|salary_range,28,Vũng Tàu,Công nhân sản xuất,health|techGap|family,retired,11341777,Vũng Tàu,south_east,False,False,100,A
worker_0881,36,other,college,married,barista|pha chế|đồ uống|salary_range,8,Qui Nhơn,Pha chế,family|techGap|location,self-employed,11915441,Quy Nhơn,central,False,False,100,A
worker_0882,60,male,primary,single,chào hỏi|order|phục vụ|salary_range,30,Bắc Ninh,Nhân viên phục vụ,techGap,employed,11842545,Bắc Ninh,north,False,False,100,A
worker_0883,56,male,primary,widowed,bán hàng|chăm sóc khách hàng|tư vấn|salary_range,30,Thanh Hóa,Nhân viên bán hàng,other|location|techGap,retired,4931756,Thanh Hóa,north,False,False,100,A
worker_0884,63,other,primary,divorced,chào hỏi|order|phục vụ|salary_range,30,Bình Dương,Nhân viên phục vụ,techGap,unemployed,0,Bình Dương,south_east,False,False,100,A
worker_0885,65,male,primary,single,bằng lái|lái xe|vận chuyển|salary_range,30,TP. Hồ Chí Minh,Lái xe,health|techGap|location,retired,10813174,Hồ Chí Minh,south_east,False,False,100,A
worker_0886,47,female,primary,married,sửa chữa|tay nghề|thợ|salary_range,24,Qui Nhơn,Thợ lành nghề,family|techGap,self-employed,9979705,Quy Nhơn,central,False,False,100,A
worker_0887,47,other,upper_secondary,single,barista|pha chế|đồ uống|salary_range,20,Hà Nội,Pha chế,,self-employed,6176520,Hà Nội,north,False,False,100,A
worker_0888,35,other,primary,married,lắp ráp|sản xuất|vận hành máy|salary_range,13,Nam Định,Công nhân sản xuất,family|other|location,unemployed,0,Nam Định,north,False,False,100,A
worker_0889,59,other,university,married,dọn dẹp|giặt là|nấu ăn|salary_range,30,Cần Thơ,Giúp việc / Dịch vụ,health|techGap|location,unemployed,0,Cần Thơ,mekong,False,False,100,A
worker_0890,57,other,college,single,bán hàng|chăm sóc khách hàng|tư vấn|salary_range,30,Hải Dương,Nhân viên bán hàng,techGap|other|family,unemployed,0,Hải Dương,north,False,False,100,A
worker_0891,38,other,college,widowed,bán hàng|chăm sóc khách hàng|tư vấn|salary_range,9,Thái Nguyên,Nhân viên bán hàng,location|family,self-employed,6742334,Thái Nguyên,north,False,False,100,A
worker_0892,58,male,primary,married,bán hàng|chăm sóc khách hàng|tư vấn|salary_range,29,Qui Nhơn,Nhân viên bán hàng,techGap,unemployed,0,Quy Nhơn,central,False,False,100,A
worker_0893,38,female,primary,single,hành chính|kế toán|văn phòng|salary_range,12,Hải Dương,Kế toán / Hành chính,location,employed,4584312,Hải Dương,north,False,False,100,A
worker_0894,49,other,college,single,an ninh|bảo vệ|tuần tra|salary_range,23,Hải Dương,Bảo vệ,,unemployed,0,Hải Dương,north,False,False,100,A
worker_0895,58,female,upper_secondary,married,sửa chữa|tay nghề|thợ|salary_range,28,Nha Trang,Thợ lành nghề,health|other,retired,8909284,Nha Trang,central,False,False,100,A
worker_0896,53,other,primary,single,chăn nuôi|nông nghiệp|trồng trọt|salary_range,30,Bắc Ninh,Nông dân / Nông nghiệp,,self-employed,4605770,Bắc Ninh,north,False,False,100,A
worker_0897,40,male,primary,widowed,hành chính|kế toán|văn phòng|salary_range,20,TP. Hồ Chí Minh,Kế toán / Hành chính,health|location,self-employed,5373804,Hồ Chí Minh,south_east,False,False,100,A
worker_0898,63,female,college,single,dọn dẹp|giặt là|nấu ăn|salary_range,30,Thanh Hóa,Giúp việc / Dịch vụ,,retired,5886558,Thanh Hóa,north,False,False,100,A
worker_0899,44,male,college,widowed,an ninh|bảo vệ|tuần tra|salary_range,18,Thanh Hóa,Bảo vệ,techGap,self-employed,10082500,Thanh Hóa,north,False,False,100,A
worker_0900,55,male,college,widowed,barista|pha chế|đồ uống|salary_range,30,Đà Lạt,Pha chế,health,unemployed,0,Đà Lạt,central_highlands,False,False,100,A
worker_0901,51,female,college,single,chào hỏi|order|phục vụ|salary_range,21,Đà Lạt,Nhân viên phục vụ,health|location,retired,12896903,Đà Lạt,central_highlands,False,False,100,A
worker_0902,49,other,college,widowed,công trình|xây dựng|xây tô|salary_range,19,Hải Dương,Lao động xây dựng,techGap|location|other,retired,8218573,Hải Dương,north,False,False,100,A
worker_0903,65,female,primary,widowed,kho bãi|quản lý hàng hóa|xuất nhập khẩu|salary_range,30,Qui Nhơn,Nhân viên kho vận,health,self-employed,6780334,Quy Nhơn,central,False,False,100,A
worker_0904,45,other,primary,divorced,barista|pha chế|đồ uống|salary_range,24,Hải Phòng,Pha chế,,self-employed,6822446,Hải Phòng,north,False,False,100,A
worker_0905,65,female,university,married,chào hỏi|order|phục vụ|salary_range,30,Nam Định,Nhân viên phục vụ,other|techGap,unemployed,0,Nam Định,north,False,False,100,A
worker_0906,62,female,university,married,kho bãi|quản lý hàng hóa|xuất nhập khẩu|salary_range,30,Huế,Nhân viên kho vận,location|techGap,retired,6399874,Huế,central,False,False,100,A
worker_0907,65,other,college,divorced,chăn nuôi|nông nghiệp|trồng trọt|salary_range,30,Bình Dương,Nông dân / Nông nghiệp,,self-employed,9466701,Bình Dương,south_east,False,False,100,A
worker_0908,65,male,primary,widowed,công trình|xây dựng|xây tô|salary_range,30,Hà Nội,Lao động xây dựng,other|techGap|location,self-employed,8430048,Hà Nội,north,False,False,100,A
worker_0909,36,female,primary,married,bằng lái|lái xe|vận chuyển|salary_range,16,Hải Phòng,Lái xe,,retired,14714167,Hải Phòng,north,False,False,100,A
worker_0910,56,male,college,married,dọn dẹp|giặt là|nấu ăn|salary_range,30,Buôn Ma Thuột,Giúp việc / Dịch vụ,location|family,retired,13272832,Buôn Ma Thuột,central_highlands,False,False,100,A
worker_0911,61,male,upper_secondary,widowed,chào hỏi|order|phục vụ|salary_range,30,Đà Nẵng,Nhân viên phục vụ,health|other|family,unemployed,0,Đà Nẵng,central,False,False,100,A
worker_0912,35,female,primary,divorced,dọn dẹp|giặt là|nấu ăn|salary_range,8,Bắc Ninh,Giúp việc / Dịch vụ,location|techGap,employed,10007238,Bắc Ninh,north,False,False,100,A
worker_0913,63,female,university,divorced,dọn dẹp|giặt là|nấu ăn|salary_range,30,Hà Nội,Giúp việc / Dịch vụ,location|family|other,retired,3913499,Hà Nội,north,False,False,100,A
worker_0914,40,female,university,divorced,công trình|xây dựng|xây tô|salary_range,14,TP. Hồ Chí Minh,Lao động xây dựng,,employed,13508088,Hồ Chí Minh,south_east,False,False,100,A
worker_0915,59,male,college,single,bằng lái|lái xe|vận chuyển|salary_range,29,Vĩnh Phúc,Lái xe,other|health,employed,8730211,Vĩnh Phúc,north,False,False,100,A
worker_0916,50,male,primary,married,chào hỏi|order|phục vụ|salary_range,26,Qui Nhơn,Nhân viên phục vụ,techGap|family,unemployed,0,Quy Nhơn,central,False,False,100,A
worker_0917,48,other,university,widowed,kho bãi|quản lý hàng hóa|xuất nhập khẩu|salary_range,18,Nam Định,Nhân viên kho vận,family,self-employed,5461475,Nam Định,north,False,False,100,A
worker_0918,48,male,primary,single,bán hàng|chăm sóc khách hàng|tư vấn|salary_range,19,Huế,Nhân viên bán hàng,location|other,employed,9618630,Huế,central,False,False,100,A
worker_0919,62,other,college,widowed,chăn nuôi|nông nghiệp|trồng trọt|salary_range,30,Hải Phòng,Nông dân / Nông nghiệp,,self-employed,13930795,Hải Phòng,north,False,False,100,A
worker_0920,50,female,university,single,bằng lái|lái xe|vận chuyển|salary_range,24,Thanh Hóa,Lái xe,,self-employed,9996718,Thanh Hóa,north,False,False,100,A
worker_0921,59,female,college,married,an ninh|bảo vệ|tuần tra|salary_range,30,Qui Nhơn,Bảo vệ,location|techGap|other,self-employed,6610173,Quy Nhơn,central,False,False,100,A
worker_0922,54,female,college,widowed,barista|pha chế|đồ uống|salary_range,25,Nam Định,Pha chế,health|other|techGap,retired,3373703,Nam Định,north,False,False,100,A
worker_0923,55,other,college,divorced,hành chính|kế toán|văn phòng|salary_range,30,Nam Định,Kế toán / Hành chính,family|techGap,self-employed,5013800,Nam Định,north,False,False,100,A
worker_0924,65,other,college,married,lắp ráp|sản xuất|vận hành máy|salary_range,30,Huế,Công nhân sản xuất,other|family|health,retired,12479420,Huế,central,False,False,100,A
worker_0925,36,male,primary,divorced,lắp ráp|sản xuất|vận hành máy|salary_range,11,Cần Thơ,Công nhân sản xuất,techGap,retired,3648511,Cần Thơ,mekong,False,False,100,A
worker_0926,42,male,primary,divorced,kho bãi|quản lý hàng hóa|xuất nhập khẩu|salary_range,17,Bắc Ninh,Nhân viên kho vận,,retired,10018819,Bắc Ninh,north,False,False,100,A
worker_0927,52,female,upper_secondary,married,công trình|xây dựng|xây tô|salary_range,30,Hà Nội,Lao động xây dựng,location|health|family,unemployed,0,Hà Nội,north,False,False,100,A
worker_0928,63,other,upper_secondary,divorced,an ninh|bảo vệ|tuần tra|salary_range,30,Buôn Ma Thuột,Bảo vệ,,retired,10881635,Buôn Ma Thuột,central_highlands,False,False,100,A
worker_0929,65,other,primary,single,kho bãi|quản lý hàng hóa|xuất nhập khẩu|salary_range,30,Cần Thơ,Nhân viên kho vận,health|other|techGap,employed,7187634,Cần Thơ,mekong,False,False,100,A
worker_0930,58,male,primary,single,công trình|xây dựng|xây tô|salary_range,30,TP. Hồ Chí Minh,Lao động xây dựng,techGap,employed,4861570,Hồ Chí Minh,south_east,False,False,100,A
worker_0931,41,female,college,single,kho bãi|quản lý hàng hóa|xuất nhập khẩu|salary_range,16,Hải Dương,Nhân viên kho vận,,self-employed,9796126,Hải Dương,north,False,False,100,A
worker_0932,51,male,primary,married,bán hàng|chăm sóc khách hàng|tư vấn|salary_range,30,Vinhy,Nhân viên bán hàng,,unemployed,0,Vinh,north,False,False,100,A
worker_0933,50,female,college,widowed,barista|pha chế|đồ uống|salary_range,21,Thái Nguyên,Pha chế,,unemployed,0,Thái Nguyên,north,False,False,100,A
worker_0934,55,male,primary,single,hành chính|kế toán|văn phòng|salary_range,30,Cần Thơ,Kế toán / Hành chính,techGap|location,self-employed,7130174,Cần Thơ,mekong,False,False,100,A
worker_0935,57,male,upper_secondary,married,barista|pha chế|đồ uống|salary_range,27,Thanh Hóa,Pha chế,family|other|location,unemployed,0,Thanh Hóa,north,False,False,100,A
worker_0936,41,female,upper_secondary,single,lắp ráp|sản xuất|vận hành máy|salary_range,17,Hà Nội,Công nhân sản xuất,,employed,11521493,Hà Nội,north,False,False,100,A
worker_0937,61,other,upper_secondary,widowed,bằng lái|lái xe|vận chuyển|salary_range,30,Thanh Hóa,Lái xe,other|family|location,retired,9512530,Thanh Hóa,north,False,False,100,A
worker_0938,41,male,upper_secondary,widowed,bán hàng|chăm sóc khách hàng|tư vấn|salary_range,13,Qui Nhơn,Nhân viên bán hàng,techGap,unemployed,0,Quy Nhơn,central,False,False,100,A
worker_0939,54,female,college,married,chăn nuôi|nông nghiệp|trồng trọt|salary_range,30,Huế,Nông dân / Nông nghiệp,techGap,employed,13943982,Huế,central,False,False,100,A
worker_0940,54,female,college,married,an ninh|bảo vệ|tuần tra|salary_range,25,Qui Nhơn,Bảo vệ,,unemployed,0,Quy Nhơn,central,False,False,100,A
worker_0941,36,female,college,married,chăn nuôi|nông nghiệp|trồng trọt|salary_range,8,Qui Nhơn,Nông dân / Nông nghiệp,family|location|health,retired,13058344,Quy Nhơn,central,False,False,100,A
worker_0942,49,female,upper_secondary,widowed,lắp ráp|sản xuất|vận hành máy|salary_range,19,Biên Hòa,Công nhân sản xuất,,employed,10093506,Biên Hòa,south_east,False,False,100,A
worker_0943,36,male,college,married,sửa chữa|tay nghề|thợ|salary_range,14,Thanh Hóa,Thợ lành nghề,techGap|location,unemployed,0,Thanh Hóa,north,False,False,100,A
worker_0944,58,female,primary,divorced,bán hàng|chăm sóc khách hàng|tư vấn|salary_range,29,Vũng Tàu,Nhân viên bán hàng,other,self-employed,12246453,Vũng Tàu,south_east,False,False,100,A
worker_0945,55,other,primary,divorced,sửa chữa|tay nghề|thợ|salary_range,29,Thái Nguyên,Thợ lành nghề,,retired,4090479,Thái Nguyên,north,False,False,100,A
worker_0946,49,male,college,married,sửa chữa|tay nghề|thợ|salary_range,27,Buôn Ma Thuột,Thợ lành nghề,location,unemployed,0,Buôn Ma Thuột,central_highlands,False,False,100,A
worker_0947,53,male,primary,widowed,lắp ráp|sản xuất|vận hành máy|salary_range,25,Đà Nẵng,Công nhân sản xuất,health|family|other,unemployed,0,Đà Nẵng,central,False,False,100,A
worker_0948,42,male,university,divorced,an ninh|bảo vệ|tuần tra|salary_range,13,Thái Nguyên,Bảo vệ,,unemployed,0,Thái Nguyên,north,False,False,100,A
worker_0949,43,other,college,single,hành chính|kế toán|văn phòng|salary_range,23,Hải Dương,Kế toán / Hành chính,,employed,8521290,Hải Dương,north,False,False,100,A
worker_0950,53,female,upper_secondary,married,chăn nuôi|nông nghiệp|trồng trọt|salary_range,28,Hải Phòng,Nông dân / Nông nghiệp,techGap|other|health,employed,12956009,Hải Phòng,north,False,False,100,A
worker_0951,61,male,upper_secondary,divorced,bằng lái|lái xe|vận chuyển|salary_range,30,Qui Nhơn,Lái xe,family,employed,5655030,Quy Nhơn,central,False,False,100,A
worker_0952,43,female,upper_secondary,single,bán hàng|chăm sóc khách hàng|tư vấn|salary_range,23,Hải Phòng,Nhân viên bán hàng,techGap|location,self-employed,6457977,Hải Phòng,north,False,False,100,A
worker_0953,65,female,college,widowed,sửa chữa|tay nghề|thợ|salary_range,30,Hải Dương,Thợ lành nghề,techGap|health|family,unemployed,0,Hải Dương,north,False,False,100,A
worker_0954,57,female,university,divorced,hành chính|kế toán|văn phòng|salary_range,30,Cần Thơ,Kế toán / Hành chính,techGap,employed,14955869,Cần Thơ,mekong,False,False,100,A
worker_0955,57,female,college,widowed,hành chính|kế toán|văn phòng|salary_range,30,Hải Dương,Kế toán / Hành chính,other|location,unemployed,0,Hải Dương,north,False,False,100,A
worker_0956,36,male,upper_secondary,widowed,chăn nuôi|nông nghiệp|trồng trọt|salary_range,16,Vinhy,Nông dân / Nông nghiệp,,retired,5907744,Vinh,north,False,False,100,A
worker_0957,59,other,college,married,barista|pha chế|đồ uống|salary_range,30,Hà Nội,Pha chế,location,unemployed,0,Hà Nội,north,False,False,100,A
worker_0958,60,other,primary,married,kho bãi|quản lý hàng hóa|xuất nhập khẩu|salary_range,30,TP. Hồ Chí Minh,Nhân viên kho vận,location|family|other,retired,8983986,Hồ Chí Minh,south_east,False,False,100,A
worker_0959,51,male,primary,widowed,an ninh|bảo vệ|tuần tra|salary_range,27,Vũng Tàu,Bảo vệ,other|health,self-employed,12198606,Vũng Tàu,south_east,False,False,100,A
worker_0960,56,male,upper_secondary,divorced,chăn nuôi|nông nghiệp|trồng trọt|salary_range,30,Cần Thơ,Nông dân / Nông nghiệp,family|other,employed,4583273,Cần Thơ,mekong,False,False,100,A
worker_0961,45,male,college,single,chăn nuôi|nông nghiệp|trồng trọt|salary_range,15,Nam Định,Nông dân / Nông nghiệp,,unemployed,0,Nam Định,north,False,False,100,A
worker_0962,52,other,university,single,dọn dẹp|giặt là|nấu ăn|salary_range,26,Biên Hòa,Giúp việc / Dịch vụ,,retired,9783825,Biên Hòa,south_east,False,False,100,A
worker_0963,56,male,college,widowed,hành chính|kế toán|văn phòng|salary_range,28,Biên Hòa,Kế toán / Hành chính,family|location|other,unemployed,0,Biên Hòa,south_east,False,False,100,A
worker_0964,55,other,primary,widowed,bán hàng|chăm sóc khách hàng|tư vấn|salary_range,28,Đà Lạt,Nhân viên bán hàng,health|techGap|other,employed,5864633,Đà Lạt,central_highlands,False,False,100,A
worker_0965,45,male,college,widowed,chăn nuôi|nông nghiệp|trồng trọt|salary_range,21,Hải Dương,Nông dân / Nông nghiệp,techGap|location|health,unemployed,0,Hải Dương,north,False,False,100,A
worker_0966,47,other,college,widowed,công trình|xây dựng|xây tô|salary_range,23,Bình Dương,Lao động xây dựng,,retired,6409255,Bình Dương,south_east,False,False,100,A
worker_0967,61,male,college,married,dọn dẹp|giặt là|nấu ăn|salary_range,30,Vĩnh Phúc,Giúp việc / Dịch vụ,,self-employed,8946879,Vĩnh Phúc,north,False,False,100,A
worker_0968,51,other,primary,widowed,chăn nuôi|nông nghiệp|trồng trọt|salary_range,26,Hải Phòng,Nông dân / Nông nghiệp,health|family,self-employed,11141426,Hải Phòng,north,False,False,100,A
worker_0969,43,female,upper_secondary,married,bằng lái|lái xe|vận chuyển|salary_range,22,Cần Thơ,Lái xe,location,employed,13276239,Cần Thơ,mekong,False,False,100,A
worker_0970,55,male,primary,divorced,an ninh|bảo vệ|tuần tra|salary_range,30,Hải Phòng,Bảo vệ,location|family|other,self-employed,11887794,Hải Phòng,north,False,False,100,A
worker_0971,63,other,upper_secondary,married,chào hỏi|order|phục vụ|salary_range,30,Qui Nhơn,Nhân viên phục vụ,,unemployed,0,Quy Nhơn,central,False,False,100,A
worker_0972,48,female,college,married,lắp ráp|sản xuất|vận hành máy|salary_range,20,Huế,Công nhân sản xuất,other,unemployed,0,Huế,central,False,False,100,A
worker_0973,53,female,upper_secondary,married,dọn dẹp|giặt là|nấu ăn|salary_range,23,Buôn Ma Thuột,Giúp việc / Dịch vụ,,self-employed,10105033,Buôn Ma Thuột,central_highlands,False,False,100,A
worker_0974,41,male,primary,divorced,bằng lái|lái xe|vận chuyển|salary_range,16,Hà Nội,Lái xe,other,employed,8615072,Hà Nội,north,False,False,100,A
worker_0975,38,other,college,widowed,bằng lái|lái xe|vận chuyển|salary_range,9,Bắc Ninh,Lái xe,family|other,retired,5782174,Bắc Ninh,north,False,False,100,A
worker_0976,53,female,primary,divorced,bán hàng|chăm sóc khách hàng|tư vấn|salary_range,27,Hải Phòng,Nhân viên bán hàng,family|location|other,retired,13925409,Hải Phòng,north,False,False,100,A
worker_0977,52,female,college,widowed,barista|pha chế|đồ uống|salary_range,25,Vinhy,Pha chế,health|other|techGap,employed,12860483,Vinh,north,False,False,100,A
worker_0978,58,other,upper_secondary,married,lắp ráp|sản xuất|vận hành máy|salary_range,29,Buôn Ma Thuột,Công nhân sản xuất,techGap,retired,14012510,Buôn Ma Thuột,central_highlands,False,False,100,A
worker_0979,56,other,university,widowed,kho bãi|quản lý hàng hóa|xuất nhập khẩu|salary_range,29,Đà Nẵng,Nhân viên kho vận,,retired,11925370,Đà Nẵng,central,False,False,100,A
worker_0980,44,other,college,divorced,công trình|xây dựng|xây tô|salary_range,19,Nha Trang,Lao động xây dựng,techGap|other,retired,9676877,Nha Trang,central,False,False,100,A
worker_0981,60,female,upper_secondary,divorced,chăn nuôi|nông nghiệp|trồng trọt|salary_range,30,Buôn Ma Thuột,Nông dân / Nông nghiệp,health|family|other,self-employed,5161365,Buôn Ma Thuột,central_highlands,False,False,100,A
worker_0982,64,female,primary,divorced,sửa chữa|tay nghề|thợ|salary_range,30,Thái Nguyên,Thợ lành nghề,family|health,employed,6373526,Thái Nguyên,north,False,False,100,A
worker_0983,50,other,primary,widowed,hành chính|kế toán|văn phòng|salary_range,24,Thanh Hóa,Kế toán / Hành chính,techGap|family,employed,3144191,Thanh Hóa,north,False,False,100,A
worker_0984,37,other,primary,single,an ninh|bảo vệ|tuần tra|salary_range,7,Thanh Hóa,Bảo vệ,techGap|location|health,employed,10055590,Thanh Hóa,north,False,False,100,A
worker_0985,44,other,primary,divorced,hành chính|kế toán|văn phòng|salary_range,21,Hải Dương,Kế toán / Hành chính,,retired,3993589,Hải Dương,north,False,False,100,A
worker_0986,51,female,college,single,sửa chữa|tay nghề|thợ|salary_range,30,Đà Nẵng,Thợ lành nghề,location|other|family,unemployed,0,Đà Nẵng,central,False,False,100,A
worker_0987,65,female,primary,divorced,bằng lái|lái xe|vận chuyển|salary_range,30,Hải Dương,Lái xe,location,employed,11250769,Hải Dương,north,False,False,100,A
worker_0988,39,other,university,single,bằng lái|lái xe|vận chuyển|salary_range,18,Huế,Lái xe,family|other,self-employed,13796094,Huế,central,False,False,100,A
worker_0989,43,other,college,married,an ninh|bảo vệ|tuần tra|salary_range,18,Nam Định,Bảo vệ,other,retired,3579093,Nam Định,north,False,False,100,A
worker_0990,65,other,primary,married,hành chính|kế toán|văn phòng|salary_range,30,Hà Nội,Kế toán / Hành chính,family|techGap,retired,8816862,Hà Nội,north,False,False,100,A
worker_0991,46,female,upper_secondary,single,sửa chữa|tay nghề|thợ|salary_range,19,Bắc Ninh,Thợ lành nghề,techGap|family,retired,3278817,Bắc Ninh,north,False,False,100,A
worker_0992,51,other,upper_secondary,widowed,công trình|xây dựng|xây tô|salary_range,21,Buôn Ma Thuột,Lao động xây dựng,,employed,9489308,Buôn Ma Thuột,central_highlands,False,False,100,A
worker_0993,60,male,upper_secondary,married,bằng lái|lái xe|vận chuyển|salary_range,30,Vĩnh Phúc,Lái xe,family|techGap,employed,13102723,Vĩnh Phúc,north,False,False,100,A
worker_0994,62,male,college,divorced,lắp ráp|sản xuất|vận hành máy|salary_range,30,Hải Dương,Công nhân sản xuất,,employed,10949934,Hải Dương,north,False,False,100,A
worker_0995,43,other,university,single,công trình|xây dựng|xây tô|salary_range,23,Thái Nguyên,Lao động xây dựng,health,unemployed,0,Thái Nguyên,north,False,False,100,A
worker_0996,62,female,upper_secondary,married,dọn dẹp|giặt là|nấu ăn|salary_range,30,Buôn Ma Thuột,Giúp việc / Dịch vụ,family|health,retired,11126279,Buôn Ma Thuột,central_highlands,False,False,100,A
worker_0997,49,other,college,divorced,bán hàng|chăm sóc khách hàng|tư vấn|salary_range,26,Vinhy,Nhân viên bán hàng,,unemployed,0,Vinh,north,False,False,100,A
worker_0998,45,female,university,divorced,an ninh|bảo vệ|tuần tra|salary_range,22,Buôn Ma Thuột,Bảo vệ,other|techGap,unemployed,0,Buôn Ma Thuột,central_highlands,False,False,100,A
worker_0999,46,other,upper_secondary,divorced,an ninh|bảo vệ|tuần tra|salary_range,18,Bắc Ninh,Bảo vệ,location,self-employed,11128686,Bắc Ninh,north,False,False,100,A
worker_1000,46,male,college,married,chào hỏi|order|phục vụ|salary_range,16,Cần Thơ,Nhân viên phục vụ,health,self-employed,4759375,Cần Thơ,mekong,False,False,100,A
