id,age,gender,education,marital_status,skills,experience_years,location,target_job,barriers,employment_status,current_salary
worker_0001,52,other,none,single,salary_range,23,Đà Nẵng,Nhân viên kho vận,,unemployed,0
worker_0002,51,male,university,single,salary_range|skills,26,Vinhy,Kế toán / Hành chính,other|health|location,retired,4733117
worker_0003,46,female,none,married,salary_range|skills,26,Nam Định,Nhân viên kho vận,health,retired,7592604
worker_0004,39,female,vocational,married,salary_range|skills,12,Đà Nẵng,Công nhân sản xuất,health|family,unemployed,0
worker_0005,42,female,vocational,divorced,skills|salary_range,19,Thái Nguyên,Nhân viên bán hàng,other,employed,3481900
worker_0006,63,female,high,married,salary_range|skills,30,Nam Định,Nông dân / Nông nghiệp,techGap|location,retired,9727234
worker_0007,37,male,none,divorced,salary_range|skills,7,Biên Hòa,Kế toán / Hành chính,location|family,unemployed,0
worker_0008,56,male,middle,divorced,salary_range|skills,28,Huế,Giúp việc / Dịch vụ,family|location,retired,3088321
worker_0009,36,female,vocational,widowed,salary_range|skills,8,Huế,Nhân viên bán hàng,,unemployed,0
worker_0010,50,female,university,widowed,salary_range|skills,29,Thanh Hóa,Lái xe,,unemployed,0
worker_0011,54,male,vocational,widowed,salary_range,26,Buôn Ma Thuột,Nông dân / Nông nghiệp,,retired,5042683
worker_0012,43,male,none,married,salary_range,18,Buôn Ma Thuột,Nhân viên kho vận,other,unemployed,0
worker_0013,38,male,middle,divorced,skills|salary_range,12,Thanh Hóa,Nhân viên phục vụ,location,retired,12198654
worker_0014,53,other,none,married,salary_range|skills,30,Nha Trang,Nhân viên bán hàng,health|family|other,employed,9186706
worker_0015,44,other,university,widowed,skills|salary_range,22,Nha Trang,Giúp việc / Dịch vụ,techGap,retired,6966515
worker_0016,56,female,vocational,widowed,salary_range,26,Bình Dương,Lái xe,health|other,unemployed,0
worker_0017,63,female,primary,divorced,salary_range|skills,30,Huế,Nhân viên phục vụ,health|other,retired,13192063
worker_0018,48,male,college,divorced,skills|salary_range,20,Bắc Ninh,Nhân viên bán hàng,,retired,8229740
worker_0019,63,female,high,divorced,salary_range,30,Huế,Nhân viên kho vận,,employed,5665709
worker_0020,58,female,primary,married,salary_range|skills,30,Buôn Ma Thuột,Giúp việc / Dịch vụ,health,employed,11813252
worker_0021,47,male,middle,single,skills|salary_range,19,Vinhy,Lái xe,other|techGap,retired,5586055
worker_0022,43,female,vocational,single,salary_range|skills,18,Nha Trang,Nhân viên kho vận,,self-employed,14345541
worker_0023,43,other,middle,divorced,skills|salary_range,20,Vũng Tàu,Thợ lành nghề,location|other,unemployed,0
worker_0024,51,other,middle,single,salary_range|skills,30,Qui Nhơn,Nông dân / Nông nghiệp,,retired,3832881
worker_0025,40,male,college,divorced,salary_range|skills,14,Bắc Ninh,Pha chế,techGap,self-employed,12810541
worker_0026,49,male,high,divorced,salary_range|skills,27,Hải Phòng,Nông dân / Nông nghiệp,other|location,retired,8872679
worker_0027,64,other,middle,married,skills|salary_range,30,Bắc Ninh,Bảo vệ,,employed,8827662
worker_0028,59,male,vocational,divorced,salary_range|skills,30,Nam Định,Kế toán / Hành chính,,employed,7757656
worker_0029,59,male,university,widowed,skills|salary_range,30,Biên Hòa,Thợ lành nghề,,employed,12636771
worker_0030,58,male,none,widowed,salary_range|skills,30,Bắc Ninh,Nhân viên kho vận,,employed,11233748
worker_0031,46,female,vocational,single,salary_range|skills,22,Đà Nẵng,Nông dân / Nông nghiệp,,employed,7828146
worker_0032,40,male,middle,single,salary_range|skills,10,Qui Nhơn,Thợ lành nghề,techGap|location|other,retired,7651195
worker_0033,65,female,none,single,skills,30,Bắc Ninh,Bảo vệ,health|techGap,self-employed,6691251
worker_0034,40,male,none,divorced,salary_range|skills,14,TP. Hồ Chí Minh,Lao động xây dựng,other,unemployed,0
worker_0035,64,female,university,single,skills|salary_range,30,Buôn Ma Thuột,Lao động xây dựng,family|other|health,unemployed,0
worker_0036,63,other,none,single,skills,30,Vĩnh Phúc,Nông dân / Nông nghiệp,location|techGap,unemployed,0
worker_0037,41,female,none,widowed,salary_range|skills,14,Đà Nẵng,Công nhân sản xuất,other,employed,11198253
worker_0038,45,male,primary,married,skills|salary_range,24,Vũng Tàu,Nhân viên phục vụ,health|location|family,retired,10379780
worker_0039,43,male,university,widowed,skills|salary_range,17,Biên Hòa,Nhân viên bán hàng,family|location|other,self-employed,7413115
worker_0040,55,male,high,widowed,salary_range|skills,30,Hải Phòng,Thợ lành nghề,techGap,unemployed,0
worker_0041,47,other,none,single,skills|salary_range,18,Thanh Hóa,Pha chế,location|techGap,employed,6543797
worker_0042,46,male,none,married,salary_range|skills,26,Vũng Tàu,Bảo vệ,health,retired,10284343
worker_0043,65,other,college,single,salary_range|skills,30,Thái Nguyên,Giúp việc / Dịch vụ,health|location,self-employed,6141534
worker_0044,37,other,primary,divorced,salary_range|skills,9,Thanh Hóa,Lao động xây dựng,other,unemployed,0
worker_0045,39,female,primary,single,skills|salary_range,15,Biên Hòa,Lái xe,location|other,self-employed,10289034
worker_0046,57,other,vocational,widowed,skills|salary_range,30,Bắc Ninh,Thợ lành nghề,location|health|techGap,unemployed,0
worker_0047,39,female,none,divorced,skills|salary_range,12,Bắc Ninh,Giúp việc / Dịch vụ,,self-employed,10908210
worker_0048,64,other,none,divorced,salary_range,30,Vũng Tàu,Lái xe,techGap,retired,8749122
worker_0049,63,male,vocational,married,salary_range|skills,30,Đà Nẵng,Thợ lành nghề,,employed,7277965
worker_0050,56,other,none,single,salary_range|skills,26,Bắc Ninh,Nông dân / Nông nghiệp,health|techGap,retired,6421827
worker_0051,37,male,middle,married,salary_range|skills,9,Vũng Tàu,Nhân viên bán hàng,health|other,self-employed,14113838
worker_0052,59,male,middle,divorced,salary_range|skills,30,Bình Dương,Bảo vệ,,self-employed,14917156
worker_0053,65,female,primary,divorced,skills,30,Hải Dương,Lái xe,techGap|health,retired,12725871
worker_0054,35,female,none,divorced,salary_range|skills,8,Cần Thơ,Nhân viên kho vận,techGap,unemployed,0
worker_0055,37,other,vocational,divorced,skills|salary_range,13,Bắc Ninh,Bảo vệ,techGap|health|family,retired,13956556
worker_0056,53,male,vocational,divorced,skills|salary_range,30,Bắc Ninh,Nhân viên kho vận,other,employed,12230179
worker_0057,47,female,university,single,salary_range,26,Vũng Tàu,Nông dân / Nông nghiệp,family|location|techGap,retired,9435235
worker_0058,35,male,high,married,salary_range|skills,8,Thái Nguyên,Nhân viên phục vụ,techGap,employed,14729103
worker_0059,46,male,primary,married,skills|salary_range,20,Vinhy,Pha chế,family|techGap,unemployed,0
worker_0060,65,other,high,divorced,skills|salary_range,30,Vũng Tàu,Kế toán / Hành chính,location,employed,13100301
worker_0061,51,female,middle,divorced,skills|salary_range,25,Bắc Ninh,Bảo vệ,techGap|location|family,unemployed,0
worker_0062,37,female,none,single,skills|salary_range,16,Bình Dương,Thợ lành nghề,location,self-employed,12309629
worker_0063,56,female,university,divorced,salary_range,30,Hải Dương,Nông dân / Nông nghiệp,,employed,9431255
worker_0064,37,female,none,divorced,skills|salary_range,13,Hải Dương,Công nhân sản xuất,family|other|location,employed,13444800
worker_0065,44,male,vocational,divorced,skills|salary_range,19,Vĩnh Phúc,Lao động xây dựng,health|location|family,unemployed,0
worker_0066,58,male,university,married,salary_range|skills,29,Vinhy,Kế toán / Hành chính,techGap|health|other,retired,12949806
worker_0067,37,female,college,divorced,skills|salary_range,15,Qui Nhơn,Nông dân / Nông nghiệp,location|techGap|other,self-employed,9253588
worker_0068,44,male,university,married,salary_range|skills,23,Nam Định,Giúp việc / Dịch vụ,location|techGap|family,retired,4211945
worker_0069,41,female,middle,single,salary_range|skills,17,Vinhy,Bảo vệ,health|family|location,unemployed,0
worker_0070,58,female,vocational,divorced,skills|salary_range,30,Huế,Nhân viên kho vận,other,self-employed,14098897
worker_0071,57,other,high,widowed,skills|salary_range,30,Vinhy,Lao động xây dựng,other|health|location,retired,4956687
worker_0072,44,male,middle,widowed,skills|salary_range,19,Biên Hòa,Lái xe,,unemployed,0
worker_0073,35,male,university,married,skills|salary_range,10,Biên Hòa,Nông dân / Nông nghiệp,family|location,unemployed,0
worker_0074,36,male,college,single,skills|salary_range,13,TP. Hồ Chí Minh,Lao động xây dựng,,unemployed,0
worker_0075,64,other,none,married,skills|salary_range,30,Bắc Ninh,Nhân viên kho vận,other|health,unemployed,0
worker_0076,57,female,vocational,widowed,salary_range,29,Vĩnh Phúc,Nông dân / Nông nghiệp,techGap,retired,6755184
worker_0077,47,male,none,widowed,skills|salary_range,24,TP. Hồ Chí Minh,Kế toán / Hành chính,,self-employed,6936936
worker_0078,61,other,vocational,married,salary_range|skills,30,Hà Nội,Nhân viên phục vụ,location|health,unemployed,0
worker_0079,51,other,primary,divorced,salary_range|skills,24,Vinhy,Bảo vệ,techGap|location,retired,14974549
worker_0080,50,other,college,single,skills|salary_range,21,Huế,Công nhân sản xuất,,unemployed,0
worker_0081,57,other,vocational,single,skills,30,Qui Nhơn,Thợ lành nghề,techGap,unemployed,0
worker_0082,49,male,vocational,widowed,skills,29,Nam Định,Lao động xây dựng,,retired,11030070
worker_0083,54,male,middle,single,skills|salary_range,30,Buôn Ma Thuột,Bảo vệ,,employed,7569359
worker_0084,65,female,vocational,single,skills,30,Bắc Ninh,Giúp việc / Dịch vụ,,unemployed,0
worker_0085,64,female,university,divorced,salary_range|skills,30,Huế,Nhân viên phục vụ,family|health,employed,6575696
worker_0086,46,other,none,single,skills|salary_range,20,Vĩnh Phúc,Pha chế,family,self-employed,10012492
worker_0087,65,male,university,widowed,skills|salary_range,30,Thanh Hóa,Nhân viên bán hàng,other|family|location,unemployed,0
worker_0088,54,female,vocational,widowed,skills|salary_range,25,Biên Hòa,Nhân viên phục vụ,techGap,employed,10645802
worker_0089,38,female,high,divorced,salary_range,8,Vĩnh Phúc,Công nhân sản xuất,techGap|other|family,employed,8819373
worker_0090,38,male,primary,married,salary_range|skills,17,Bình Dương,Công nhân sản xuất,location|family,employed,8756750
worker_0091,49,female,university,married,salary_range|skills,19,TP. Hồ Chí Minh,Giúp việc / Dịch vụ,location|health,employed,6750351
worker_0092,58,female,none,divorced,skills|salary_range,30,Vinhy,Lái xe,other|health|location,retired,14563975
worker_0093,55,male,high,married,skills|salary_range,30,Qui Nhơn,Nhân viên bán hàng,,unemployed,0
worker_0094,58,male,college,married,salary_range|skills,30,Đà Nẵng,Nhân viên kho vận,family|health,retired,8938050
worker_0095,63,other,vocational,single,salary_range|skills,30,Huế,Nhân viên phục vụ,other|health|family,self-employed,10930449
worker_0096,37,other,vocational,widowed,salary_range|skills,9,Thanh Hóa,Lái xe,,retired,12300263
worker_0097,62,other,middle,divorced,salary_range|skills,30,Đà Nẵng,Công nhân sản xuất,family,unemployed,0
worker_0098,52,female,college,widowed,skills|salary_range,30,Nam Định,Nhân viên phục vụ,family|techGap,retired,8641055
worker_0099,35,other,university,divorced,salary_range|skills,12,Vinhy,Bảo vệ,health|techGap|family,unemployed,0
worker_0100,42,female,university,widowed,skills,21,Qui Nhơn,Nông dân / Nông nghiệp,other|techGap,unemployed,0
worker_0101,65,other,none,divorced,salary_range|skills,30,Vũng Tàu,Pha chế,,employed,4185812
worker_0102,39,female,university,widowed,salary_range|skills,15,Cần Thơ,Lái xe,health,retired,4382211
worker_0103,57,male,university,single,skills|salary_range,30,Nha Trang,Bảo vệ,location|other|techGap,self-employed,5665056
worker_0104,56,other,college,divorced,skills|salary_range,30,Nha Trang,Pha chế,,self-employed,5655375
worker_0105,60,female,university,married,skills|salary_range,30,Nam Định,Bảo vệ,location|family|techGap,retired,7952224
worker_0106,52,other,none,married,skills|salary_range,26,Thanh Hóa,Nhân viên bán hàng,,self-employed,6217890
worker_0107,63,male,vocational,single,salary_range|skills,30,Vĩnh Phúc,Pha chế,health,self-employed,3217248
worker_0108,49,male,college,divorced,salary_range|skills,26,Hải Phòng,Lái xe,family|health|techGap,employed,13239336
worker_0109,37,male,none,divorced,skills,14,Bình Dương,Nhân viên phục vụ,location|family|other,employed,6080345
worker_0110,37,female,middle,married,skills|salary_range,17,Nam Định,Kế toán / Hành chính,family|location|other,employed,11808004
worker_0111,51,other,primary,single,skills|salary_range,29,Đà Lạt,Thợ lành nghề,location,unemployed,0
worker_0112,46,male,vocational,single,skills|salary_range,26,Đà Lạt,Công nhân sản xuất,,unemployed,0
worker_0113,62,female,middle,divorced,skills|salary_range,30,Thanh Hóa,Nhân viên kho vận,other|location|family,unemployed,0
worker_0114,40,other,high,widowed,skills|salary_range,11,Bình Dương,Công nhân sản xuất,,retired,7078781
worker_0115,59,male,vocational,single,skills|salary_range,30,Bình Dương,Công nhân sản xuất,,unemployed,0
worker_0116,53,other,vocational,married,skills|salary_range,28,Hà Nội,Nhân viên phục vụ,other|techGap,self-employed,7391275
worker_0117,39,male,college,married,skills|salary_range,12,Thái Nguyên,Nông dân / Nông nghiệp,techGap|family|location,employed,14566099
worker_0118,63,female,middle,divorced,salary_range|skills,30,Nam Định,Kế toán / Hành chính,location|health|family,retired,14600988
worker_0119,51,other,high,widowed,salary_range|skills,24,Thanh Hóa,Giúp việc / Dịch vụ,other,unemployed,0
worker_0120,57,male,college,married,salary_range,29,Nam Định,Bảo vệ,other|family,unemployed,0
worker_0121,38,other,vocational,widowed,salary_range|skills,13,Đà Lạt,Lái xe,other,self-employed,3582683
worker_0122,58,other,high,divorced,salary_range|skills,30,Hải Dương,Lái xe,,employed,7812523
worker_0123,54,other,college,single,salary_range|skills,30,Bắc Ninh,Lao động xây dựng,,retired,9334368
worker_0124,62,male,vocational,married,salary_range|skills,30,Cần Thơ,Nhân viên kho vận,location,unemployed,0
worker_0125,61,other,high,married,salary_range|skills,30,Vũng Tàu,Nhân viên kho vận,location,employed,14035273
worker_0126,36,female,middle,divorced,salary_range|skills,13,TP. Hồ Chí Minh,Lao động xây dựng,location,employed,6418619
worker_0127,40,male,middle,married,salary_range|skills,14,Cần Thơ,Pha chế,other|techGap|family,retired,9514659
worker_0128,35,male,primary,single,skills|salary_range,8,Hải Dương,Thợ lành nghề,techGap|other,retired,13327008
worker_0129,60,other,primary,divorced,skills|salary_range,30,Vĩnh Phúc,Lao động xây dựng,health|family,unemployed,0
worker_0130,49,male,vocational,divorced,salary_range|skills,29,Buôn Ma Thuột,Nhân viên bán hàng,location,retired,8859528
worker_0131,54,male,primary,divorced,skills|salary_range,25,Thanh Hóa,Thợ lành nghề,location,retired,6515108
worker_0132,53,other,university,single,skills|salary_range,26,Hải Dương,Giúp việc / Dịch vụ,health|family,employed,13630348
worker_0133,53,other,university,widowed,skills|salary_range,23,Nam Định,Bảo vệ,family|other,unemployed,0
worker_0134,44,female,high,single,skills|salary_range,17,TP. Hồ Chí Minh,Nhân viên bán hàng,health,self-employed,8135324
worker_0135,35,other,high,married,salary_range|skills,10,Hải Dương,Nhân viên phục vụ,family|health|location,retired,8718133
worker_0136,38,other,university,single,skills|salary_range,18,Huế,Giúp việc / Dịch vụ,other,retired,13116639
worker_0137,46,female,primary,single,skills|salary_range,23,Vĩnh Phúc,Pha chế,techGap,unemployed,0
worker_0138,57,male,college,married,salary_range|skills,30,Buôn Ma Thuột,Bảo vệ,,retired,9471448
worker_0139,47,male,primary,married,skills|salary_range,18,Biên Hòa,Nông dân / Nông nghiệp,techGap|family,self-employed,8620502
worker_0140,65,female,none,widowed,skills|salary_range,30,TP. Hồ Chí Minh,Lao động xây dựng,,self-employed,6835504
worker_0141,41,female,vocational,widowed,skills|salary_range,14,Vĩnh Phúc,Nông dân / Nông nghiệp,other|health,unemployed,0
worker_0142,44,male,primary,married,salary_range|skills,15,Vũng Tàu,Thợ lành nghề,other|techGap,employed,13580519
worker_0143,48,male,primary,married,skills|salary_range,22,Thái Nguyên,Giúp việc / Dịch vụ,other,retired,12826109
worker_0144,44,female,primary,divorced,salary_range|skills,19,Vinhy,Kế toán / Hành chính,health|family,unemployed,0
worker_0145,65,other,university,single,skills,30,Nha Trang,Bảo vệ,techGap|family,unemployed,0
worker_0146,58,other,primary,divorced,salary_range|skills,30,Hải Dương,Nông dân / Nông nghiệp,health|location,unemployed,0
worker_0147,53,other,middle,widowed,salary_range,28,Hải Dương,Lao động xây dựng,health,retired,12636447
worker_0148,56,female,college,widowed,salary_range|skills,30,Biên Hòa,Nhân viên phục vụ,health,self-employed,9847563
worker_0149,59,female,high,married,salary_range,30,Vinhy,Lao động xây dựng,family,unemployed,0
worker_0150,59,male,college,single,salary_range|skills,30,Hà Nội,Giúp việc / Dịch vụ,other,employed,9976494
worker_0151,35,other,middle,divorced,salary_range|skills,14,Bắc Ninh,Bảo vệ,location,retired,11174629
worker_0152,54,female,university,single,salary_range|skills,27,Hải Dương,Pha chế,other|location|health,self-employed,5523942
worker_0153,51,male,high,divorced,skills|salary_range,24,Huế,Nhân viên phục vụ,health|other|techGap,retired,8455650
worker_0154,59,male,none,married,salary_range,30,Vinhy,Bảo vệ,,unemployed,0
worker_0155,35,male,college,divorced,skills|salary_range,8,Đà Lạt,Kế toán / Hành chính,family,self-employed,6869654
worker_0156,46,other,vocational,married,skills|salary_range,17,Hải Phòng,Pha chế,,unemployed,0
worker_0157,57,female,primary,divorced,skills|salary_range,28,Thái Nguyên,Nhân viên phục vụ,other|techGap|health,unemployed,0
worker_0158,37,male,university,single,salary_range|skills,9,Nha Trang,Lao động xây dựng,other|family|techGap,unemployed,0
worker_0159,59,male,vocational,married,salary_range|skills,30,Hà Nội,Pha chế,location|techGap,retired,11118312
worker_0160,48,other,university,married,salary_range|skills,18,Vĩnh Phúc,Lao động xây dựng,health|family,self-employed,10066289
worker_0161,44,other,middle,divorced,skills|salary_range,21,Thanh Hóa,Nhân viên kho vận,other|family,self-employed,5209284
worker_0162,53,female,none,divorced,salary_range|skills,23,Vĩnh Phúc,Bảo vệ,,retired,14893985
worker_0163,44,male,primary,divorced,salary_range|skills,19,Vinhy,Kế toán / Hành chính,health,employed,4578701
worker_0164,43,other,high,divorced,salary_range|skills,13,Cần Thơ,Công nhân sản xuất,health,retired,7357803
worker_0165,54,male,college,widowed,skills|salary_range,26,Cần Thơ,Nhân viên bán hàng,health|techGap,employed,7686847
worker_0166,54,male,none,divorced,salary_range|skills,30,Hải Dương,Giúp việc / Dịch vụ,,unemployed,0
worker_0167,37,female,none,single,salary_range|skills,8,Buôn Ma Thuột,Lái xe,location|health,retired,13672733
worker_0168,55,other,middle,divorced,salary_range|skills,26,Hà Nội,Bảo vệ,location|other,unemployed,0
worker_0169,53,female,high,married,salary_range|skills,30,Vĩnh Phúc,Giúp việc / Dịch vụ,other|techGap|location,unemployed,0
worker_0170,55,other,primary,married,salary_range|skills,30,Hải Phòng,Nhân viên phục vụ,location|family|other,retired,14880887
worker_0171,49,other,college,married,salary_range|skills,26,Cần Thơ,Nông dân / Nông nghiệp,location|other,self-employed,10602252
worker_0172,64,female,university,divorced,skills|salary_range,30,Nam Định,Pha chế,,unemployed,0
worker_0173,63,female,vocational,divorced,salary_range|skills,30,TP. Hồ Chí Minh,Thợ lành nghề,,retired,10689623
worker_0174,36,other,high,single,salary_range|skills,11,Cần Thơ,Nhân viên phục vụ,,self-employed,7331932
worker_0175,49,female,none,single,skills|salary_range,20,Hà Nội,Giúp việc / Dịch vụ,health|other|family,unemployed,0
worker_0176,65,male,primary,divorced,salary_range,30,Nha Trang,Lái xe,other|techGap|family,retired,12357538
worker_0177,65,male,vocational,married,skills|salary_range,30,Vĩnh Phúc,Giúp việc / Dịch vụ,location,retired,14453803
worker_0178,48,other,college,single,skills|salary_range,24,Nam Định,Giúp việc / Dịch vụ,location|family|techGap,retired,8433373
worker_0179,39,male,primary,single,skills|salary_range,15,Buôn Ma Thuột,Nhân viên phục vụ,family|location,unemployed,0
worker_0180,42,other,vocational,divorced,skills,22,Buôn Ma Thuột,Lao động xây dựng,,employed,12403581
worker_0181,47,female,none,single,salary_range,19,Hà Nội,Giúp việc / Dịch vụ,,self-employed,13555754
worker_0182,54,male,high,widowed,salary_range|skills,30,Nam Định,Công nhân sản xuất,family|other,employed,4664434
worker_0183,47,male,vocational,single,salary_range|skills,19,Qui Nhơn,Nhân viên phục vụ,other|family,employed,5518881
worker_0184,53,male,primary,married,skills,30,Hà Nội,Công nhân sản xuất,location,unemployed,0
worker_0185,64,other,university,single,salary_range|skills,30,Buôn Ma Thuột,Bảo vệ,,unemployed,0
worker_0186,42,female,middle,married,salary_range|skills,13,Đà Lạt,Nhân viên phục vụ,family|health,employed,14315779
worker_0187,52,other,vocational,married,salary_range|skills,30,Hải Phòng,Lao động xây dựng,location,self-employed,10958708
worker_0188,46,female,vocational,divorced,salary_range|skills,21,Nam Định,Nông dân / Nông nghiệp,health|other|family,self-employed,13033474
worker_0189,58,other,college,widowed,salary_range,30,Buôn Ma Thuột,Giúp việc / Dịch vụ,health,retired,14785197
worker_0190,47,male,university,married,salary_range|skills,20,Bắc Ninh,Nông dân / Nông nghiệp,techGap,employed,12501535
worker_0191,53,male,university,single,salary_range|skills,27,Cần Thơ,Nhân viên phục vụ,health,employed,12077401
worker_0192,37,male,high,divorced,skills|salary_range,9,Thanh Hóa,Nông dân / Nông nghiệp,family,self-employed,12369339
worker_0193,35,male,high,widowed,salary_range|skills,7,Bắc Ninh,Kế toán / Hành chính,health,retired,3326771
worker_0194,40,female,none,divorced,skills|salary_range,19,Buôn Ma Thuột,Lái xe,health,employed,10801587
worker_0195,49,male,university,married,skills|salary_range,22,TP. Hồ Chí Minh,Lái xe,family|location,retired,6864915
worker_0196,58,other,none,widowed,salary_range,30,Bình Dương,Nhân viên bán hàng,health|location,self-employed,14487414
worker_0197,62,other,university,married,skills|salary_range,30,TP. Hồ Chí Minh,Pha chế,techGap,self-employed,11533668
worker_0198,48,other,none,single,salary_range|skills,20,Cần Thơ,Lái xe,health|family,unemployed,0
worker_0199,63,female,college,single,skills|salary_range,30,Hà Nội,Bảo vệ,,self-employed,8428357
worker_0200,42,male,none,divorced,salary_range|skills,14,Hà Nội,Lao động xây dựng,other|family|health,unemployed,0
worker_0201,41,other,university,single,skills|salary_range,15,Nha Trang,Bảo vệ,health,retired,12156078
worker_0202,55,female,primary,married,salary_range|skills,27,Thanh Hóa,Kế toán / Hành chính,,employed,12371041
worker_0203,52,female,primary,married,salary_range|skills,24,Đà Nẵng,Bảo vệ,health|techGap,retired,13393430
worker_0204,65,male,middle,divorced,skills|salary_range,30,Vũng Tàu,Giúp việc / Dịch vụ,health|other,unemployed,0
worker_0205,48,female,vocational,single,skills,20,Thanh Hóa,Nhân viên bán hàng,techGap,employed,5552968
worker_0206,50,male,primary,single,salary_range|skills,27,Bắc Ninh,Giúp việc / Dịch vụ,techGap|location,retired,6133269
worker_0207,62,other,university,single,salary_range|skills,30,Nam Định,Kế toán / Hành chính,health,self-employed,14970823
worker_0208,61,other,university,single,salary_range|skills,30,Vĩnh Phúc,Pha chế,,self-employed,13205547
worker_0209,65,other,college,single,skills|salary_range,30,Thái Nguyên,Lái xe,location,employed,13049406
worker_0210,38,other,middle,married,salary_range|skills,18,TP. Hồ Chí Minh,Lái xe,techGap|location|health,retired,12050212
worker_0211,45,other,university,married,salary_range|skills,23,Bắc Ninh,Pha chế,family,unemployed,0
worker_0212,65,male,university,widowed,skills|salary_range,30,Hải Dương,Pha chế,,employed,14945407
worker_0213,44,female,high,single,skills|salary_range,23,Nha Trang,Nhân viên kho vận,family,unemployed,0
worker_0214,56,other,high,married,salary_range|skills,30,Vũng Tàu,Kế toán / Hành chính,techGap|health|family,retired,7459248
worker_0215,57,female,none,widowed,skills|salary_range,30,Thanh Hóa,Nông dân / Nông nghiệp,location|techGap|family,unemployed,0
worker_0216,58,female,primary,divorced,salary_range|skills,30,Đà Lạt,Thợ lành nghề,family,retired,5073442
worker_0217,44,female,high,single,salary_range|skills,14,Vinhy,Nông dân / Nông nghiệp,,unemployed,0
worker_0218,37,male,none,divorced,salary_range|skills,15,TP. Hồ Chí Minh,Nhân viên kho vận,techGap,unemployed,0
worker_0219,47,male,university,married,skills,27,Qui Nhơn,Công nhân sản xuất,location|family|health,unemployed,0
worker_0220,61,male,middle,widowed,skills|salary_range,30,Buôn Ma Thuột,Nhân viên phục vụ,location,employed,14021201
worker_0221,51,male,middle,divorced,skills|salary_range,30,Biên Hòa,Nhân viên kho vận,,retired,8841512
worker_0222,54,male,none,widowed,skills|salary_range,25,Hải Dương,Nhân viên bán hàng,techGap,self-employed,4101234
worker_0223,35,other,university,married,salary_range|skills,14,TP. Hồ Chí Minh,Nhân viên bán hàng,other|family|location,retired,3296992
worker_0224,54,female,primary,widowed,salary_range|skills,27,Hải Phòng,Kế toán / Hành chính,family|location|techGap,unemployed,0
worker_0225,60,female,middle,single,skills|salary_range,30,Nha Trang,Nhân viên bán hàng,location|other|techGap,unemployed,0
worker_0226,53,other,college,divorced,skills,23,Cần Thơ,Thợ lành nghề,health,self-employed,10665735
worker_0227,41,female,college,single,skills,13,Buôn Ma Thuột,Công nhân sản xuất,,retired,7799195
worker_0228,59,other,university,widowed,salary_range|skills,30,Vũng Tàu,Thợ lành nghề,other,employed,11761505
worker_0229,36,other,university,widowed,skills|salary_range,10,Thái Nguyên,Nhân viên kho vận,health|other|location,retired,14091926
worker_0230,52,female,none,single,skills,25,Thái Nguyên,Lao động xây dựng,location|family,unemployed,0
worker_0231,43,other,college,divorced,skills|salary_range,22,Bắc Ninh,Lái xe,techGap|health|family,employed,14874235
worker_0232,61,other,middle,divorced,skills|salary_range,30,Thái Nguyên,Công nhân sản xuất,other|health,retired,9322394
worker_0233,50,male,none,widowed,salary_range|skills,20,Đà Nẵng,Giúp việc / Dịch vụ,health|other,unemployed,0
worker_0234,43,other,college,divorced,skills|salary_range,17,Nam Định,Pha chế,health,retired,7336021
worker_0235,65,male,none,widowed,skills|salary_range,30,Biên Hòa,Kế toán / Hành chính,location|health|family,employed,3791761
worker_0236,38,female,primary,single,salary_range,11,Huế,Lái xe,other|location,self-employed,6662859
worker_0237,36,male,vocational,divorced,skills,14,Qui Nhơn,Kế toán / Hành chính,,self-employed,14605987
worker_0238,62,female,college,married,skills|salary_range,30,Cần Thơ,Công nhân sản xuất,location|techGap|family,self-employed,3605069
worker_0239,63,other,middle,married,salary_range|skills,30,Hải Phòng,Pha chế,family,unemployed,0
worker_0240,42,female,college,married,salary_range|skills,19,Vĩnh Phúc,Lái xe,family,employed,4385053
worker_0241,38,other,none,single,skills|salary_range,11,Đà Nẵng,Công nhân sản xuất,location,retired,6242871
worker_0242,38,male,none,single,salary_range,13,Thái Nguyên,Nhân viên phục vụ,health|location,employed,12316159
worker_0243,38,male,university,divorced,salary_range|skills,11,Đà Lạt,Kế toán / Hành chính,other|location|techGap,retired,3934434
worker_0244,59,other,none,single,skills|salary_range,30,Nam Định,Nhân viên phục vụ,,self-employed,6770147
worker_0245,49,male,college,divorced,skills|salary_range,26,Đà Nẵng,Nông dân / Nông nghiệp,family,employed,8456637
worker_0246,55,male,primary,widowed,skills|salary_range,30,Cần Thơ,Thợ lành nghề,location|other|health,employed,3322516
worker_0247,57,male,college,divorced,salary_range|skills,30,Buôn Ma Thuột,Nhân viên bán hàng,other|family|health,employed,9811276
worker_0248,55,male,none,married,salary_range|skills,30,Nam Định,Nhân viên kho vận,,self-employed,7972346
worker_0249,58,other,vocational,widowed,salary_range,30,Hải Dương,Lái xe,,self-employed,12291347
worker_0250,55,other,university,single,salary_range|skills,29,Vinhy,Bảo vệ,location|other|family,employed,12486115
worker_0251,61,male,primary,single,skills|salary_range,30,Biên Hòa,Nông dân / Nông nghiệp,health|family,unemployed,0
worker_0252,48,other,university,single,salary_range|skills,22,Cần Thơ,Bảo vệ,location|techGap,self-employed,7434176
worker_0253,51,male,none,widowed,skills|salary_range,24,Nha Trang,Lái xe,other|health,unemployed,0
worker_0254,64,male,university,single,skills|salary_range,30,Cần Thơ,Nhân viên phục vụ,,unemployed,0
worker_0255,37,other,middle,divorced,skills,13,Bắc Ninh,Kế toán / Hành chính,location|family,unemployed,0
worker_0256,51,male,none,single,skills|salary_range,24,Buôn Ma Thuột,Giúp việc / Dịch vụ,,retired,8158492
worker_0257,54,female,middle,divorced,salary_range,26,Thanh Hóa,Nông dân / Nông nghiệp,,self-employed,4971381
worker_0258,60,male,none,divorced,skills|salary_range,30,Biên Hòa,Lái xe,techGap,unemployed,0
worker_0259,55,male,none,widowed,skills|salary_range,30,Nha Trang,Giúp việc / Dịch vụ,location|health|techGap,employed,3001070
worker_0260,65,other,college,single,salary_range|skills,30,Buôn Ma Thuột,Lao động xây dựng,family|location,self-employed,7560076
worker_0261,41,other,middle,single,salary_range,20,Cần Thơ,Nhân viên kho vận,other,self-employed,6932871
worker_0262,59,female,college,single,skills,30,Vĩnh Phúc,Nhân viên bán hàng,health|location|family,unemployed,0
worker_0263,59,other,vocational,married,skills|salary_range,30,Huế,Nông dân / Nông nghiệp,other,employed,3042703
worker_0264,63,other,vocational,married,skills|salary_range,30,Hải Phòng,Lái xe,health|techGap|family,employed,6195844
worker_0265,37,male,middle,divorced,skills|salary_range,15,Huế,Nông dân / Nông nghiệp,techGap|location,retired,3125244
worker_0266,39,female,university,widowed,skills|salary_range,13,Bắc Ninh,Công nhân sản xuất,other|location,retired,13091009
worker_0267,53,other,university,single,salary_range|skills,25,Bình Dương,Nhân viên bán hàng,other,unemployed,0
worker_0268,50,male,high,single,salary_range|skills,20,Vũng Tàu,Lái xe,family|other,self-employed,11959108
worker_0269,63,male,high,divorced,salary_range|skills,30,Buôn Ma Thuột,Nông dân / Nông nghiệp,other|health,employed,9172529
worker_0270,46,female,middle,divorced,skills|salary_range,26,Nam Định,Bảo vệ,,self-employed,4605922
worker_0271,48,male,high,married,skills|salary_range,20,Biên Hòa,Nhân viên phục vụ,location,unemployed,0
worker_0272,37,other,vocational,married,skills,7,Qui Nhơn,Nhân viên bán hàng,,unemployed,0
worker_0273,56,female,college,widowed,skills|salary_range,30,Vinhy,Nông dân / Nông nghiệp,location|health,self-employed,14461096
worker_0274,52,male,none,single,skills,22,Vinhy,Thợ lành nghề,,unemployed,0
worker_0275,60,male,university,single,skills|salary_range,30,Cần Thơ,Bảo vệ,other|location,unemployed,0
worker_0276,36,male,high,married,skills|salary_range,16,Bắc Ninh,Thợ lành nghề,other|location,self-employed,7717528
worker_0277,65,female,university,married,salary_range|skills,30,TP. Hồ Chí Minh,Bảo vệ,,unemployed,0
worker_0278,65,female,primary,married,salary_range|skills,30,Vũng Tàu,Giúp việc / Dịch vụ,family|location,retired,11238978
worker_0279,63,female,middle,divorced,salary_range|skills,30,Nha Trang,Nông dân / Nông nghiệp,location|techGap,unemployed,0
worker_0280,60,female,none,divorced,skills,30,Hải Dương,Lái xe,location,self-employed,11843776
worker_0281,47,male,none,single,skills|salary_range,22,Đà Lạt,Kế toán / Hành chính,techGap|health,retired,6635964
worker_0282,49,other,high,widowed,salary_range|skills,19,Thái Nguyên,Bảo vệ,techGap,self-employed,13733062
worker_0283,41,female,none,widowed,salary_range|skills,18,Hải Dương,Nông dân / Nông nghiệp,,unemployed,0
worker_0284,37,female,university,divorced,skills|salary_range,14,Hải Phòng,Giúp việc / Dịch vụ,,unemployed,0
worker_0285,50,female,college,single,salary_range|skills,29,Hà Nội,Nông dân / Nông nghiệp,techGap|location,retired,4086903
worker_0286,44,male,vocational,divorced,salary_range|skills,22,Thanh Hóa,Pha chế,health|location,unemployed,0
worker_0287,49,female,none,single,skills,28,Vinhy,Nhân viên kho vận,,unemployed,0
worker_0288,51,female,none,married,skills|salary_range,25,Nha Trang,Kế toán / Hành chính,location,employed,11664936
worker_0289,37,female,middle,widowed,salary_range|skills,13,Huế,Kế toán / Hành chính,,employed,4207376
worker_0290,38,female,high,single,salary_range|skills,10,Đà Nẵng,Nhân viên bán hàng,family|techGap,employed,13112486
worker_0291,53,other,middle,married,salary_range|skills,24,Vinhy,Thợ lành nghề,,retired,4745058
worker_0292,55,other,vocational,married,skills|salary_range,30,Thanh Hóa,Bảo vệ,,employed,10452726
worker_0293,36,other,primary,married,salary_range|skills,11,Biên Hòa,Thợ lành nghề,health|other,unemployed,0
worker_0294,44,female,none,widowed,skills|salary_range,19,Cần Thơ,Kế toán / Hành chính,,unemployed,0
worker_0295,42,male,university,single,salary_range|skills,12,Hà Nội,Công nhân sản xuất,techGap|family,self-employed,12221811
worker_0296,46,other,college,married,skills|salary_range,24,Biên Hòa,Giúp việc / Dịch vụ,health,unemployed,0
worker_0297,37,female,primary,single,salary_range,7,Thanh Hóa,Kế toán / Hành chính,health|location,unemployed,0
worker_0298,36,other,none,married,skills|salary_range,11,Đà Nẵng,Thợ lành nghề,location|other,self-employed,8760659
worker_0299,44,male,college,divorced,skills|salary_range,24,Biên Hòa,Nhân viên bán hàng,health,unemployed,0
worker_0300,46,male,vocational,married,salary_range,24,Hà Nội,Lao động xây dựng,techGap,unemployed,0
worker_0301,41,female,university,widowed,salary_range|skills,13,Nam Định,Pha chế,health|other,self-employed,14537085
worker_0302,35,female,primary,single,salary_range|skills,13,Thái Nguyên,Giúp việc / Dịch vụ,,retired,12121935
worker_0303,39,female,vocational,married,skills,15,Đà Lạt,Bảo vệ,family,retired,13732959
worker_0304,44,male,primary,single,salary_range,16,Hải Dương,Nhân viên bán hàng,,employed,11859254
worker_0305,56,other,vocational,widowed,skills|salary_range,28,Thanh Hóa,Pha chế,techGap,employed,12187406
worker_0306,52,other,middle,widowed,salary_range|skills,30,Đà Lạt,Kế toán / Hành chính,,unemployed,0
worker_0307,44,male,primary,married,salary_range|skills,15,Bắc Ninh,Công nhân sản xuất,family|other,employed,5432892
worker_0308,48,male,none,single,skills|salary_range,27,Biên Hòa,Thợ lành nghề,location|other|health,self-employed,11611023
worker_0309,52,other,vocational,widowed,skills|salary_range,28,Đà Lạt,Kế toán / Hành chính,,unemployed,0
worker_0310,62,female,middle,widowed,skills|salary_range,30,Hải Dương,Nhân viên bán hàng,family|health,unemployed,0
worker_0311,48,female,vocational,divorced,salary_range|skills,22,Bình Dương,Lao động xây dựng,other|location,self-employed,4069714
worker_0312,41,other,university,widowed,salary_range|skills,14,Nha Trang,Pha chế,other|health|location,employed,10152970
worker_0313,59,male,primary,married,skills,30,Thanh Hóa,Pha chế,,employed,9923587
worker_0314,59,other,vocational,divorced,skills|salary_range,30,Huế,Lao động xây dựng,location|family|other,retired,3291867
worker_0315,55,female,vocational,married,skills|salary_range,30,Hà Nội,Thợ lành nghề,location,self-employed,10310296
worker_0316,43,male,university,single,skills|salary_range,20,Đà Nẵng,Công nhân sản xuất,health|family|other,self-employed,11717633
worker_0317,35,female,university,married,salary_range|skills,9,Buôn Ma Thuột,Thợ lành nghề,health|location,unemployed,0
worker_0318,56,other,college,widowed,skills|salary_range,30,Nam Định,Nhân viên kho vận,family,self-employed,12570027
worker_0319,57,male,none,married,skills|salary_range,30,Hà Nội,Pha chế,other,unemployed,0
worker_0320,60,female,high,widowed,salary_range|skills,30,Vũng Tàu,Giúp việc / Dịch vụ,techGap|other,unemployed,0
worker_0321,45,male,university,married,salary_range|skills,23,Cần Thơ,Nông dân / Nông nghiệp,techGap,retired,9136094
worker_0322,50,other,none,married,salary_range|skills,21,Vũng Tàu,Bảo vệ,techGap,unemployed,0
worker_0323,38,female,vocational,divorced,skills|salary_range,12,Hải Dương,Kế toán / Hành chính,techGap|other,employed,8228327
worker_0324,64,female,none,single,skills|salary_range,30,Hải Phòng,Bảo vệ,techGap,employed,14082708
worker_0325,39,male,university,widowed,salary_range|skills,13,Bình Dương,Bảo vệ,,retired,11377427
worker_0326,57,male,vocational,single,salary_range|skills,27,Nha Trang,Bảo vệ,location|techGap,self-employed,12452971
worker_0327,55,female,primary,married,salary_range|skills,30,Huế,Nông dân / Nông nghiệp,family,employed,6244651
worker_0328,60,male,primary,widowed,skills|salary_range,30,Bình Dương,Giúp việc / Dịch vụ,techGap|family,retired,14781635
worker_0329,44,male,none,single,skills|salary_range,16,Biên Hòa,Lái xe,health,retired,5922379
worker_0330,44,other,high,single,skills|salary_range,23,Hải Phòng,Nhân viên kho vận,location|health,employed,5971609
worker_0331,46,other,high,single,salary_range|skills,18,Vĩnh Phúc,Nông dân / Nông nghiệp,health,self-employed,4394309
worker_0332,60,female,primary,divorced,skills|salary_range,30,Bình Dương,Nông dân / Nông nghiệp,health|techGap,retired,12878205
worker_0333,65,other,university,single,skills|salary_range,30,Đà Lạt,Nhân viên kho vận,other,self-employed,8499989
worker_0334,61,other,college,single,salary_range|skills,30,Thanh Hóa,Công nhân sản xuất,,self-employed,12794584
worker_0335,47,female,high,married,skills|salary_range,23,TP. Hồ Chí Minh,Lao động xây dựng,family|techGap|location,self-employed,11823202
worker_0336,46,other,high,married,skills,25,Qui Nhơn,Nhân viên bán hàng,health,unemployed,0
worker_0337,55,female,middle,single,skills|salary_range,30,Hải Dương,Thợ lành nghề,location|health,unemployed,0
worker_0338,60,male,none,divorced,salary_range|skills,30,Huế,Lao động xây dựng,health|other,retired,14034194
worker_0339,55,female,vocational,divorced,salary_range|skills,30,Huế,Lao động xây dựng,health|family,employed,11208214
worker_0340,42,other,middle,single,salary_range|skills,17,Vũng Tàu,Lái xe,,retired,14504468
worker_0341,57,female,middle,single,skills|salary_range,30,Qui Nhơn,Kế toán / Hành chính,location|family,retired,3731449
worker_0342,61,other,none,married,salary_range,30,Đà Nẵng,Kế toán / Hành chính,other,retired,5537576
worker_0343,48,male,university,widowed,salary_range|skills,23,Buôn Ma Thuột,Kế toán / Hành chính,techGap|location|other,unemployed,0
worker_0344,44,other,middle,divorced,skills|salary_range,23,Cần Thơ,Giúp việc / Dịch vụ,,retired,8067729
worker_0345,49,female,high,single,skills|salary_range,19,TP. Hồ Chí Minh,Lái xe,techGap|location,unemployed,0
worker_0346,49,female,high,married,salary_range|skills,23,Buôn Ma Thuột,Lao động xây dựng,health|techGap|family,employed,12697974
worker_0347,61,female,none,single,skills|salary_range,30,Biên Hòa,Kế toán / Hành chính,techGap,retired,7449592
worker_0348,41,other,high,widowed,skills,21,Hải Dương,Giúp việc / Dịch vụ,location|other,unemployed,0
worker_0349,38,female,high,married,salary_range|skills,11,TP. Hồ Chí Minh,Kế toán / Hành chính,family|health,retired,8074318
worker_0350,38,other,university,divorced,salary_range|skills,10,Bắc Ninh,Bảo vệ,other,employed,7599483
worker_0351,55,male,primary,married,salary_range|skills,30,Nam Định,Lao động xây dựng,other|family,unemployed,0
worker_0352,47,male,middle,widowed,salary_range,17,Vinhy,Lái xe,,retired,3709216
worker_0353,47,other,university,widowed,salary_range|skills,22,Vinhy,Nhân viên bán hàng,health|location|family,retired,12454116
worker_0354,55,other,middle,single,skills|salary_range,30,Đà Nẵng,Lao động xây dựng,family|location,self-employed,8880892
worker_0355,57,female,middle,single,salary_range|skills,28,Bình Dương,Bảo vệ,other|health,self-employed,8483106
worker_0356,43,female,college,single,skills|salary_range,21,Vĩnh Phúc,Kế toán / Hành chính,,employed,6786309
worker_0357,37,female,high,single,salary_range,14,TP. Hồ Chí Minh,Pha chế,location|techGap,retired,14581029
worker_0358,57,female,college,divorced,salary_range|skills,27,Buôn Ma Thuột,Bảo vệ,other|family,self-employed,14457536
worker_0359,35,female,none,married,skills|salary_range,9,Qui Nhơn,Công nhân sản xuất,other|techGap,unemployed,0
worker_0360,59,other,middle,widowed,skills|salary_range,30,Nha Trang,Nông dân / Nông nghiệp,,retired,3670528
worker_0361,41,female,vocational,divorced,salary_range|skills,18,Cần Thơ,Lao động xây dựng,location|family,retired,5077602
worker_0362,53,female,high,single,skills|salary_range,27,Hải Phòng,Công nhân sản xuất,techGap|other,employed,7766579
worker_0363,37,other,vocational,widowed,salary_range,16,Nam Định,Pha chế,techGap,self-employed,13671431
worker_0364,45,female,none,single,salary_range|skills,20,Cần Thơ,Pha chế,other|techGap,self-employed,12572365
worker_0365,41,male,high,divorced,salary_range|skills,17,TP. Hồ Chí Minh,Thợ lành nghề,health,employed,7418601
worker_0366,41,other,middle,married,salary_range|skills,12,Vĩnh Phúc,Giúp việc / Dịch vụ,,retired,4996379
worker_0367,53,other,middle,widowed,skills,23,Vũng Tàu,Pha chế,health|location|family,self-employed,14936833
worker_0368,39,male,high,divorced,skills|salary_range,15,Nam Định,Nhân viên kho vận,location|health,self-employed,13349883
worker_0369,40,female,middle,widowed,skills,17,Vũng Tàu,Giúp việc / Dịch vụ,,retired,5329353
worker_0370,46,other,vocational,married,salary_range|skills,16,Qui Nhơn,Lao động xây dựng,other,employed,11348277
worker_0371,57,female,college,married,skills|salary_range,27,Vinhy,Kế toán / Hành chính,other|family,self-employed,12393399
worker_0372,62,male,none,widowed,salary_range|skills,30,Hải Phòng,Nông dân / Nông nghiệp,techGap|other|health,unemployed,0
worker_0373,53,other,vocational,single,salary_range|skills,29,Biên Hòa,Lái xe,health,retired,6437930
worker_0374,35,female,high,divorced,salary_range|skills,13,Thái Nguyên,Công nhân sản xuất,health|location,unemployed,0
worker_0375,61,female,university,divorced,salary_range|skills,30,Huế,Nhân viên kho vận,health,self-employed,8427181
worker_0376,39,female,middle,married,skills|salary_range,12,Hải Dương,Giúp việc / Dịch vụ,family|techGap,self-employed,5647301
worker_0377,56,female,high,married,salary_range|skills,30,Vĩnh Phúc,Kế toán / Hành chính,health|other|location,self-employed,7966264
worker_0378,56,male,none,divorced,salary_range|skills,29,Nha Trang,Lái xe,techGap|health|location,unemployed,0
worker_0379,37,female,none,married,salary_range|skills,14,Huế,Thợ lành nghề,health|techGap|family,self-employed,7264083
worker_0380,47,other,none,single,salary_range|skills,20,Đà Lạt,Giúp việc / Dịch vụ,other,self-employed,4178839
worker_0381,48,other,high,married,skills,21,Buôn Ma Thuột,Nhân viên kho vận,health|other,unemployed,0
worker_0382,58,other,college,married,skills,30,Bình Dương,Kế toán / Hành chính,other|health,unemployed,0
worker_0383,46,other,middle,single,salary_range|skills,16,Buôn Ma Thuột,Nhân viên kho vận,location|other,self-employed,12318664
worker_0384,60,female,university,married,skills|salary_range,30,Vĩnh Phúc,Bảo vệ,,unemployed,0
worker_0385,49,other,university,divorced,skills,24,Vinhy,Pha chế,techGap,retired,12030773
worker_0386,53,female,university,married,skills,26,TP. Hồ Chí Minh,Lái xe,other|health,unemployed,0
worker_0387,41,other,college,widowed,skills|salary_range,12,Hải Phòng,Kế toán / Hành chính,health|location|other,employed,5851031
worker_0388,63,male,high,single,salary_range|skills,30,Huế,Nông dân / Nông nghiệp,family|health|other,employed,6031672
worker_0389,42,female,college,divorced,skills|salary_range,12,TP. Hồ Chí Minh,Lái xe,health|other|family,employed,5929406
worker_0390,58,male,primary,widowed,skills|salary_range,29,Hải Phòng,Kế toán / Hành chính,health|techGap|other,unemployed,0
worker_0391,64,male,university,widowed,skills|salary_range,30,Huế,Lái xe,techGap,employed,6316552
worker_0392,36,male,high,single,salary_range|skills,12,Bắc Ninh,Thợ lành nghề,family|health|techGap,self-employed,4755069
worker_0393,62,male,college,divorced,salary_range,30,Nha Trang,Nhân viên kho vận,health|techGap,retired,8122604
worker_0394,64,female,primary,single,salary_range|skills,30,Buôn Ma Thuột,Giúp việc / Dịch vụ,family|techGap|location,self-employed,3064414
worker_0395,53,male,none,widowed,skills|salary_range,30,Nha Trang,Pha chế,other|health,retired,7176241
worker_0396,37,male,primary,divorced,skills|salary_range,10,Nha Trang,Công nhân sản xuất,,retired,9716060
worker_0397,40,male,none,single,skills|salary_range,12,Bình Dương,Bảo vệ,techGap|family,self-employed,13880831
worker_0398,43,female,middle,divorced,skills|salary_range,16,Cần Thơ,Nhân viên phục vụ,,unemployed,0
worker_0399,43,other,primary,widowed,salary_range|skills,15,Thanh Hóa,Công nhân sản xuất,family|health,self-employed,3442165
worker_0400,64,female,vocational,single,skills|salary_range,30,Hà Nội,Nhân viên phục vụ,,retired,10260005
worker_0401,36,female,university,married,salary_range|skills,13,Thái Nguyên,Giúp việc / Dịch vụ,,self-employed,8115878
worker_0402,59,female,university,widowed,salary_range|skills,30,Đà Lạt,Kế toán / Hành chính,techGap,unemployed,0
worker_0403,55,female,college,married,salary_range,27,Hải Phòng,Lái xe,techGap,employed,7581394
worker_0404,37,female,primary,widowed,skills,12,Buôn Ma Thuột,Lái xe,location,retired,14849613
worker_0405,47,other,college,widowed,skills|salary_range,25,Hải Dương,Công nhân sản xuất,other,self-employed,11617882
worker_0406,60,male,high,widowed,salary_range|skills,30,Huế,Pha chế,health,retired,8573637
worker_0407,61,other,college,single,salary_range|skills,30,Hà Nội,Lao động xây dựng,techGap,unemployed,0
worker_0408,49,female,vocational,married,salary_range|skills,21,Cần Thơ,Giúp việc / Dịch vụ,,self-employed,10889334
worker_0409,42,male,high,widowed,skills|salary_range,17,Nam Định,Pha chế,other|techGap,unemployed,0
worker_0410,61,male,high,married,skills|salary_range,30,Bắc Ninh,Công nhân sản xuất,family,self-employed,7006435
worker_0411,43,other,primary,single,skills|salary_range,21,Bắc Ninh,Giúp việc / Dịch vụ,,retired,4691072
worker_0412,47,male,college,married,skills|salary_range,24,Huế,Bảo vệ,family|techGap|health,retired,7591274
worker_0413,43,male,high,widowed,skills|salary_range,23,Vinhy,Giúp việc / Dịch vụ,,retired,5684631
worker_0414,64,other,university,married,salary_range|skills,30,Đà Lạt,Công nhân sản xuất,other|health,retired,11446156
worker_0415,58,female,primary,married,salary_range|skills,30,Cần Thơ,Lao động xây dựng,health|location,self-employed,14971635
worker_0416,59,female,vocational,married,skills|salary_range,30,Vinhy,Lao động xây dựng,location|techGap,employed,11088652
worker_0417,50,male,vocational,married,salary_range|skills,25,Cần Thơ,Nông dân / Nông nghiệp,techGap,self-employed,3666362
worker_0418,45,other,university,single,salary_range|skills,21,Hà Nội,Bảo vệ,family|other,self-employed,12923982
worker_0419,40,male,vocational,divorced,skills|salary_range,12,Buôn Ma Thuột,Thợ lành nghề,family|other|location,self-employed,6607178
worker_0420,64,male,middle,married,salary_range|skills,30,Đà Lạt,Công nhân sản xuất,,retired,4699334
worker_0421,36,female,college,divorced,salary_range|skills,13,TP. Hồ Chí Minh,Pha chế,other|health|location,self-employed,4908326
worker_0422,62,male,college,single,skills|salary_range,30,Buôn Ma Thuột,Kế toán / Hành chính,,self-employed,5688676
worker_0423,63,female,high,widowed,skills|salary_range,30,Biên Hòa,Giúp việc / Dịch vụ,techGap,self-employed,6707269
worker_0424,40,female,high,married,salary_range,18,Cần Thơ,Công nhân sản xuất,,retired,8316448
worker_0425,41,other,college,widowed,salary_range|skills,15,Nam Định,Công nhân sản xuất,,retired,10548644
worker_0426,64,male,middle,widowed,salary_range|skills,30,Hà Nội,Nhân viên kho vận,family|health,unemployed,0
worker_0427,42,male,middle,single,salary_range|skills,16,Cần Thơ,Pha chế,family|location|other,unemployed,0
worker_0428,60,female,university,divorced,skills|salary_range,30,Huế,Nhân viên phục vụ,,self-employed,6720449
worker_0429,61,other,high,widowed,salary_range|skills,30,Hà Nội,Bảo vệ,family|health|location,employed,5932442
worker_0430,64,male,university,divorced,skills|salary_range,30,Hải Dương,Lao động xây dựng,,retired,11376262
worker_0431,50,male,university,single,salary_range,20,Thanh Hóa,Giúp việc / Dịch vụ,family,retired,10062365
worker_0432,35,female,middle,married,salary_range|skills,10,Hải Phòng,Thợ lành nghề,,employed,13666917
worker_0433,36,female,vocational,single,skills|salary_range,10,Cần Thơ,Bảo vệ,techGap|family|location,self-employed,6419927
worker_0434,43,female,high,single,skills|salary_range,19,Thái Nguyên,Thợ lành nghề,location|other|techGap,self-employed,11684343
worker_0435,56,other,vocational,single,salary_range|skills,26,Biên Hòa,Công nhân sản xuất,other,employed,14292994
worker_0436,64,male,primary,married,skills,30,Hải Dương,Nhân viên bán hàng,,retired,14833591
worker_0437,59,female,middle,married,skills,30,TP. Hồ Chí Minh,Nhân viên phục vụ,family,unemployed,0
worker_0438,39,female,none,widowed,salary_range|skills,14,Bình Dương,Lao động xây dựng,other|techGap,unemployed,0
worker_0439,65,other,university,single,salary_range|skills,30,Thanh Hóa,Bảo vệ,location|other,retired,13437840
worker_0440,59,male,vocational,single,skills|salary_range,30,Biên Hòa,Nhân viên bán hàng,techGap|health|family,employed,14116062
worker_0441,45,male,high,widowed,salary_range|skills,21,Vĩnh Phúc,Thợ lành nghề,location|other|health,self-employed,8743282
worker_0442,60,male,primary,single,skills|salary_range,30,Nha Trang,Nhân viên kho vận,family|health,unemployed,0
worker_0443,41,female,middle,married,skills|salary_range,21,Hải Dương,Bảo vệ,location|other|techGap,self-employed,8459844
worker_0444,62,female,college,widowed,salary_range|skills,30,Vũng Tàu,Lái xe,,unemployed,0
worker_0445,57,female,university,divorced,skills|salary_range,28,Vĩnh Phúc,Lao động xây dựng,,self-employed,8291811
worker_0446,60,female,none,married,salary_range|skills,30,Vũng Tàu,Pha chế,,employed,11751776
worker_0447,54,female,primary,single,salary_range|skills,30,Hà Nội,Bảo vệ,techGap|health|family,employed,7394394
worker_0448,61,female,university,divorced,skills|salary_range,30,Nha Trang,Giúp việc / Dịch vụ,family|location,unemployed,0
worker_0449,60,other,none,widowed,skills,30,Hải Phòng,Lái xe,location|techGap,unemployed,0
worker_0450,57,other,university,widowed,skills,30,Buôn Ma Thuột,Thợ lành nghề,location|health,self-employed,12595555
worker_0451,57,other,primary,divorced,skills|salary_range,30,Vinhy,Pha chế,location|techGap,retired,12000253
worker_0452,41,female,vocational,divorced,salary_range|skills,13,Cần Thơ,Lao động xây dựng,location,employed,6673800
worker_0453,55,male,university,married,salary_range,30,Hải Phòng,Giúp việc / Dịch vụ,location|health|family,self-employed,8847974
worker_0454,44,male,university,married,skills|salary_range,16,Thái Nguyên,Pha chế,techGap|other,unemployed,0
worker_0455,38,female,university,married,skills,10,Hà Nội,Nhân viên bán hàng,,unemployed,0
worker_0456,38,female,university,single,skills|salary_range,16,Vĩnh Phúc,Nhân viên bán hàng,health|other|family,retired,3667577
worker_0457,44,female,high,widowed,salary_range|skills,16,Biên Hòa,Lao động xây dựng,other|health|techGap,employed,6089529
worker_0458,61,male,college,widowed,skills|salary_range,30,Vũng Tàu,Lao động xây dựng,location,retired,4017848
worker_0459,45,male,none,widowed,skills,20,Thanh Hóa,Nông dân / Nông nghiệp,,retired,9403956
worker_0460,45,male,high,single,salary_range|skills,16,Biên Hòa,Giúp việc / Dịch vụ,,self-employed,9020071
worker_0461,56,other,vocational,widowed,skills|salary_range,30,Vũng Tàu,Giúp việc / Dịch vụ,family|techGap,self-employed,5747823
worker_0462,58,other,college,married,skills|salary_range,30,Biên Hòa,Bảo vệ,location,self-employed,3415333
worker_0463,55,female,university,single,salary_range|skills,25,Nam Định,Bảo vệ,other,self-employed,5988950
worker_0464,36,male,high,single,salary_range,6,Đà Lạt,Công nhân sản xuất,location,employed,5034375
worker_0465,46,other,college,widowed,skills|salary_range,20,Đà Nẵng,Nhân viên bán hàng,techGap|health,unemployed,0
worker_0466,60,male,none,married,salary_range|skills,30,Biên Hòa,Lao động xây dựng,location|family|techGap,retired,11422836
worker_0467,47,other,high,widowed,skills|salary_range,20,Qui Nhơn,Nhân viên bán hàng,other,retired,6985482
worker_0468,49,female,college,single,salary_range|skills,28,Hải Dương,Nhân viên kho vận,,unemployed,0
worker_0469,38,other,primary,widowed,skills,15,Buôn Ma Thuột,Nhân viên kho vận,location|techGap|health,employed,14357061
worker_0470,35,male,high,married,salary_range|skills,11,Bình Dương,Nông dân / Nông nghiệp,family|other|location,unemployed,0
worker_0471,38,female,college,married,salary_range|skills,11,Nha Trang,Pha chế,health|family,self-employed,10170908
worker_0472,42,male,university,widowed,skills|salary_range,21,Nha Trang,Nông dân / Nông nghiệp,location|other|family,employed,14206332
worker_0473,37,female,none,widowed,skills|salary_range,9,Thái Nguyên,Lái xe,location,retired,9320753
worker_0474,38,female,none,divorced,skills,13,Huế,Nhân viên phục vụ,family,unemployed,0
worker_0475,56,other,university,single,skills,30,Nha Trang,Bảo vệ,location|family|other,retired,8158344
worker_0476,64,female,college,single,salary_range,30,Qui Nhơn,Nông dân / Nông nghiệp,,retired,8052912
worker_0477,57,other,middle,single,salary_range|skills,30,Nha Trang,Nông dân / Nông nghiệp,other|techGap|family,self-employed,11889967
worker_0478,44,female,vocational,widowed,skills,19,Qui Nhơn,Nhân viên phục vụ,,unemployed,0
worker_0479,46,male,high,single,skills|salary_range,24,Bình Dương,Nhân viên bán hàng,family|techGap|location,self-employed,6218034
worker_0480,58,female,college,married,skills|salary_range,30,Vinhy,Thợ lành nghề,family,self-employed,7168639
worker_0481,57,other,university,divorced,salary_range|skills,30,Nam Định,Lái xe,health|techGap|family,unemployed,0
worker_0482,60,male,university,married,salary_range,30,Bắc Ninh,Nhân viên kho vận,family|techGap|location,self-employed,8803358
worker_0483,39,other,primary,single,salary_range|skills,13,Bình Dương,Nhân viên phục vụ,,self-employed,7963391
worker_0484,40,other,university,divorced,skills|salary_range,12,Qui Nhơn,Lao động xây dựng,,retired,13277849
worker_0485,61,other,university,married,skills|salary_range,30,Thanh Hóa,Thợ lành nghề,family,self-employed,3990437
worker_0486,63,male,none,married,skills|salary_range,30,Thanh Hóa,Lái xe,techGap|other|location,retired,9313367
worker_0487,35,male,college,single,skills,10,Qui Nhơn,Kế toán / Hành chính,health|family|other,unemployed,0
worker_0488,36,female,college,divorced,salary_range|skills,8,Đà Lạt,Nhân viên kho vận,other|techGap|health,employed,7172837
worker_0489,57,female,high,widowed,salary_range|skills,30,Qui Nhơn,Lao động xây dựng,location|health|family,unemployed,0
worker_0490,48,female,high,divorced,skills|salary_range,20,Vinhy,Công nhân sản xuất,techGap|family,retired,13160591
worker_0491,42,female,college,single,salary_range|skills,12,Bình Dương,Bảo vệ,techGap|location|other,self-employed,8589136
worker_0492,38,male,vocational,widowed,skills|salary_range,14,Nam Định,Kế toán / Hành chính,other|location|family,unemployed,0
worker_0493,48,female,primary,divorced,salary_range|skills,23,Vũng Tàu,Công nhân sản xuất,techGap|location|family,retired,11248641
worker_0494,36,male,college,divorced,skills|salary_range,10,Cần Thơ,Thợ lành nghề,,self-employed,13893821
worker_0495,57,female,high,single,salary_range|skills,30,Vũng Tàu,Kế toán / Hành chính,family|techGap|health,retired,5038480
worker_0496,42,female,high,single,salary_range|skills,21,Nam Định,Lái xe,family|other|health,unemployed,0
worker_0497,57,female,high,single,salary_range,30,Huế,Pha chế,techGap|family,self-employed,13654846
worker_0498,62,male,high,divorced,salary_range,30,Nam Định,Công nhân sản xuất,family,retired,3840423
worker_0499,59,male,vocational,single,salary_range,30,Đà Nẵng,Lao động xây dựng,family|techGap,self-employed,4394877
worker_0500,54,female,primary,divorced,salary_range|skills,29,Nam Định,Giúp việc / Dịch vụ,,unemployed,0
worker_0501,62,male,college,divorced,skills|salary_range,30,Thái Nguyên,Nhân viên phục vụ,location,self-employed,4032014
worker_0502,44,female,high,divorced,skills|salary_range,23,Vinhy,Bảo vệ,family,retired,9886603
worker_0503,51,other,university,divorced,salary_range|skills,27,Đà Lạt,Lao động xây dựng,,retired,4450689
worker_0504,45,male,high,married,skills|salary_range,19,Hà Nội,Thợ lành nghề,health|location,retired,6358749
worker_0505,59,female,university,divorced,salary_range|skills,30,Nha Trang,Giúp việc / Dịch vụ,other|techGap|location,employed,10213864
worker_0506,61,other,primary,widowed,skills|salary_range,30,Qui Nhơn,Kế toán / Hành chính,health,unemployed,0
worker_0507,54,male,primary,single,salary_range,29,Đà Nẵng,Lái xe,other|location,employed,3738165
worker_0508,46,male,high,single,salary_range|skills,16,Nam Định,Giúp việc / Dịch vụ,other,self-employed,11991930
worker_0509,46,other,high,single,skills|salary_range,25,Cần Thơ,Giúp việc / Dịch vụ,,employed,4024907
worker_0510,41,other,high,widowed,salary_range|skills,13,Thanh Hóa,Nhân viên phục vụ,,self-employed,12082787
worker_0511,35,female,vocational,single,skills|salary_range,11,Buôn Ma Thuột,Nhân viên bán hàng,,retired,8913790
worker_0512,39,male,college,divorced,salary_range|skills,10,Thanh Hóa,Nông dân / Nông nghiệp,family|techGap|location,employed,6038002
worker_0513,57,other,vocational,divorced,skills,30,Biên Hòa,Nhân viên bán hàng,techGap|other,unemployed,0
worker_0514,57,female,university,married,skills|salary_range,30,Buôn Ma Thuột,Bảo vệ,family|techGap,self-employed,8830339
worker_0515,62,female,none,married,skills|salary_range,30,Nam Định,Thợ lành nghề,,retired,11882456
worker_0516,52,other,none,widowed,skills|salary_range,23,Hải Phòng,Bảo vệ,family|other|location,employed,14777495
worker_0517,51,female,high,single,skills|salary_range,26,Nam Định,Nông dân / Nông nghiệp,location|other|techGap,retired,13844743
worker_0518,52,male,high,widowed,skills|salary_range,22,Vũng Tàu,Nhân viên bán hàng,location|techGap|family,retired,14052431
worker_0519,38,male,middle,single,skills|salary_range,15,Đà Nẵng,Kế toán / Hành chính,family,self-employed,8088384
worker_0520,45,male,university,divorced,salary_range|skills,18,Hải Dương,Bảo vệ,health,self-employed,8679677
worker_0521,49,female,vocational,widowed,salary_range,19,Vinhy,Kế toán / Hành chính,other|health|techGap,employed,13576662
worker_0522,35,male,college,married,salary_range|skills,13,Nam Định,Bảo vệ,techGap|other|health,employed,8694132
worker_0523,63,male,college,married,salary_range|skills,30,Hà Nội,Nông dân / Nông nghiệp,techGap|location,employed,11550334
worker_0524,60,female,middle,married,salary_range|skills,30,Đà Nẵng,Lao động xây dựng,family|health|other,self-employed,14253620
worker_0525,63,other,none,single,salary_range|skills,30,Nam Định,Nhân viên kho vận,other,employed,7067766
worker_0526,47,female,college,single,salary_range,26,Đà Nẵng,Pha chế,family,unemployed,0
worker_0527,44,female,vocational,divorced,skills|salary_range,24,Cần Thơ,Bảo vệ,location|health,employed,3011367
worker_0528,39,male,none,single,skills,15,Thanh Hóa,Lao động xây dựng,health|other,retired,6540013
worker_0529,44,other,university,widowed,salary_range,23,Thanh Hóa,Nhân viên bán hàng,family|health,unemployed,0
worker_0530,59,other,primary,widowed,skills|salary_range,30,Hải Phòng,Nông dân / Nông nghiệp,location|other|health,unemployed,0
worker_0531,35,female,primary,single,skills|salary_range,11,Qui Nhơn,Pha chế,other|techGap|family,retired,4874336
worker_0532,41,female,college,divorced,salary_range|skills,17,Vĩnh Phúc,Nhân viên kho vận,other|family|location,retired,12374775
worker_0533,64,male,none,married,skills|salary_range,30,Hải Phòng,Nông dân / Nông nghiệp,,unemployed,0
worker_0534,56,male,university,divorced,salary_range,30,Đà Nẵng,Nông dân / Nông nghiệp,,unemployed,0
worker_0535,56,male,none,divorced,salary_range|skills,28,Vĩnh Phúc,Kế toán / Hành chính,other|health,retired,9176238
worker_0536,37,male,none,single,salary_range|skills,8,Qui Nhơn,Nhân viên phục vụ,family,employed,14540104
worker_0537,56,other,college,divorced,salary_range|skills,27,Nha Trang,Nhân viên bán hàng,,retired,3321004
worker_0538,50,other,university,widowed,salary_range,22,Biên Hòa,Nhân viên bán hàng,family|health|location,retired,12392445
worker_0539,45,other,high,single,salary_range|skills,23,Nha Trang,Nhân viên phục vụ,techGap|family|location,self-employed,11695659
worker_0540,46,male,primary,widowed,salary_range|skills,18,Buôn Ma Thuột,Nhân viên kho vận,techGap|location|health,unemployed,0
worker_0541,47,female,none,widowed,skills|salary_range,17,Bình Dương,Thợ lành nghề,family|other|health,unemployed,0
worker_0542,56,other,primary,divorced,salary_range|skills,28,Vinhy,Nông dân / Nông nghiệp,family|location,retired,7061975
worker_0543,62,other,college,single,salary_range|skills,30,Vũng Tàu,Kế toán / Hành chính,,self-employed,13024367
worker_0544,60,male,primary,married,salary_range|skills,30,TP. Hồ Chí Minh,Lái xe,techGap,self-employed,9341329
worker_0545,46,male,none,married,salary_range,21,Thái Nguyên,Thợ lành nghề,other|health,self-employed,7028053
worker_0546,43,female,vocational,widowed,salary_range,16,Hải Phòng,Công nhân sản xuất,health,employed,10150890
worker_0547,48,male,middle,married,salary_range|skills,25,Thái Nguyên,Công nhân sản xuất,techGap,self-employed,11055244
worker_0548,53,other,university,married,salary_range|skills,29,Biên Hòa,Nông dân / Nông nghiệp,techGap|health|other,retired,6205990
worker_0549,39,male,vocational,married,skills|salary_range,14,Đà Lạt,Bảo vệ,family|location,self-employed,3579466
worker_0550,38,female,primary,divorced,salary_range,17,Vinhy,Lái xe,techGap|other,unemployed,0
worker_0551,65,other,vocational,widowed,salary_range,30,Cần Thơ,Nhân viên phục vụ,health|family|location,retired,14435771
worker_0552,36,male,none,married,skills|salary_range,9,Đà Lạt,Lao động xây dựng,,self-employed,13529682
worker_0553,64,female,middle,single,skills|salary_range,30,Bình Dương,Bảo vệ,location|techGap|health,retired,7122637
worker_0554,43,female,primary,single,salary_range|skills,14,Nam Định,Pha chế,,self-employed,14196377
worker_0555,43,male,high,divorced,skills|salary_range,23,Huế,Thợ lành nghề,family|location|health,self-employed,13849806
worker_0556,52,male,middle,married,salary_range|skills,28,Nha Trang,Kế toán / Hành chính,,retired,11412786
worker_0557,61,female,middle,single,salary_range|skills,30,Hải Dương,Nhân viên bán hàng,family|health|techGap,employed,8016873
worker_0558,60,other,college,divorced,skills,30,TP. Hồ Chí Minh,Nhân viên phục vụ,techGap,employed,5131183
worker_0559,40,male,college,married,salary_range|skills,10,Bình Dương,Nông dân / Nông nghiệp,techGap|family,retired,9942880
worker_0560,49,female,vocational,married,salary_range|skills,24,Hải Dương,Lái xe,other|health,self-employed,13212068
worker_0561,46,other,vocational,single,skills|salary_range,16,Qui Nhơn,Giúp việc / Dịch vụ,other|family|location,employed,5059705
worker_0562,43,female,vocational,married,salary_range|skills,14,Buôn Ma Thuột,Bảo vệ,family|other,retired,9784813
worker_0563,65,other,college,married,skills|salary_range,30,TP. Hồ Chí Minh,Lao động xây dựng,,employed,10232570
worker_0564,43,other,none,married,skills|salary_range,21,Vũng Tàu,Bảo vệ,,employed,3957176
worker_0565,47,other,high,divorced,salary_range|skills,27,Nha Trang,Lái xe,techGap|other,self-employed,10451393
worker_0566,56,other,college,divorced,salary_range|skills,30,Cần Thơ,Nhân viên bán hàng,location|health|family,employed,14302756
worker_0567,52,female,primary,single,salary_range|skills,27,TP. Hồ Chí Minh,Nhân viên bán hàng,location|techGap,unemployed,0
worker_0568,54,female,college,single,salary_range|skills,30,Huế,Nông dân / Nông nghiệp,other|techGap|health,self-employed,9308916
worker_0569,58,male,university,divorced,salary_range|skills,29,Nam Định,Pha chế,techGap|family,employed,6256701
worker_0570,35,male,high,divorced,skills|salary_range,11,Bắc Ninh,Kế toán / Hành chính,family|other,employed,8137136
worker_0571,43,male,vocational,widowed,skills|salary_range,15,Đà Nẵng,Pha chế,family|other,retired,12096982
worker_0572,58,male,middle,married,skills|salary_range,30,Thanh Hóa,Nhân viên kho vận,location|techGap,retired,12405148
worker_0573,35,female,high,widowed,salary_range|skills,9,Bắc Ninh,Bảo vệ,family|location,retired,12110950
worker_0574,42,female,middle,divorced,salary_range|skills,18,Nha Trang,Nông dân / Nông nghiệp,,self-employed,5382281
worker_0575,44,other,college,widowed,skills,16,Hà Nội,Công nhân sản xuất,,unemployed,0
worker_0576,39,male,none,divorced,skills|salary_range,13,Vĩnh Phúc,Công nhân sản xuất,other|health,employed,3933350
worker_0577,57,female,university,married,salary_range|skills,30,Qui Nhơn,Nhân viên bán hàng,,self-employed,11113041
worker_0578,40,other,vocational,married,salary_range|skills,12,Qui Nhơn,Lao động xây dựng,health,retired,9906795
worker_0579,55,female,vocational,widowed,skills|salary_range,27,Cần Thơ,Giúp việc / Dịch vụ,,employed,10269564
worker_0580,59,other,vocational,divorced,skills|salary_range,30,Buôn Ma Thuột,Nhân viên kho vận,,employed,8214046
worker_0581,63,female,none,widowed,skills|salary_range,30,Bình Dương,Nông dân / Nông nghiệp,techGap|other|location,unemployed,0
worker_0582,57,male,primary,widowed,salary_range,30,Nha Trang,Nhân viên kho vận,health|location|family,retired,13689308
worker_0583,57,male,high,single,skills|salary_range,30,Đà Nẵng,Lao động xây dựng,other|family|health,employed,11145610
worker_0584,58,female,high,single,skills|salary_range,30,Bắc Ninh,Thợ lành nghề,techGap|location|health,retired,14697434
worker_0585,56,female,vocational,widowed,salary_range|skills,26,Vinhy,Pha chế,techGap|location|health,retired,11218034
worker_0586,65,female,primary,married,skills|salary_range,30,Đà Nẵng,Bảo vệ,family|health,employed,3010232
worker_0587,63,male,vocational,widowed,skills|salary_range,30,Đà Nẵng,Thợ lành nghề,health|other|location,unemployed,0
worker_0588,40,male,vocational,widowed,skills|salary_range,14,Thái Nguyên,Nhân viên bán hàng,family,unemployed,0
worker_0589,37,female,college,married,skills,17,Đà Nẵng,Nhân viên phục vụ,family|location|techGap,unemployed,0
worker_0590,52,male,college,married,skills|salary_range,27,Biên Hòa,Công nhân sản xuất,family|location,employed,14340689
worker_0591,37,female,primary,single,skills,10,Đà Nẵng,Nhân viên kho vận,location|family,self-employed,8090504
worker_0592,46,female,primary,divorced,salary_range|skills,23,Đà Nẵng,Pha chế,techGap,self-employed,10907800
worker_0593,65,male,college,widowed,skills|salary_range,30,Bắc Ninh,Lao động xây dựng,family,unemployed,0
worker_0594,55,other,college,widowed,salary_range,30,Hà Nội,Thợ lành nghề,techGap|location,employed,3439938
worker_0595,48,other,middle,widowed,skills|salary_range,21,Nam Định,Lái xe,other|family|health,unemployed,0
worker_0596,56,other,college,divorced,skills|salary_range,27,Vĩnh Phúc,Nhân viên bán hàng,,self-employed,9928526
worker_0597,54,other,none,married,salary_range|skills,24,Bắc Ninh,Lái xe,location|techGap,self-employed,7105794
worker_0598,35,male,college,widowed,skills|salary_range,14,Thanh Hóa,Nông dân / Nông nghiệp,other,retired,6059597
worker_0599,46,male,university,married,skills,20,Qui Nhơn,Nhân viên phục vụ,location,retired,5118785
worker_0600,49,female,university,married,salary_range|skills,22,Đà Nẵng,Lao động xây dựng,family,employed,3647407
worker_0601,49,male,university,divorced,salary_range|skills,21,Thanh Hóa,Thợ lành nghề,,unemployed,0
worker_0602,39,other,college,divorced,skills|salary_range,17,TP. Hồ Chí Minh,Nhân viên bán hàng,techGap|location,employed,8263827
worker_0603,63,other,college,divorced,skills|salary_range,30,Vinhy,Lao động xây dựng,techGap|family|other,self-employed,12837381
worker_0604,48,male,high,married,skills,18,Qui Nhơn,Nhân viên kho vận,,retired,5780883
worker_0605,48,other,middle,married,salary_range|skills,19,Biên Hòa,Kế toán / Hành chính,techGap|health|other,employed,3039433
worker_0606,47,female,high,single,skills|salary_range,17,Nam Định,Bảo vệ,techGap,self-employed,6509612
worker_0607,49,male,primary,single,skills|salary_range,29,TP. Hồ Chí Minh,Bảo vệ,health|family|other,self-employed,9985036
worker_0608,52,male,middle,divorced,salary_range|skills,28,Cần Thơ,Giúp việc / Dịch vụ,other|techGap,unemployed,0
worker_0609,36,male,high,single,salary_range|skills,9,Qui Nhơn,Giúp việc / Dịch vụ,location|techGap,employed,14101274
worker_0610,39,female,high,widowed,skills,14,Vũng Tàu,Thợ lành nghề,family|location|other,self-employed,13599293
worker_0611,54,male,vocational,divorced,skills|salary_range,27,Đà Lạt,Bảo vệ,health,self-employed,6948813
worker_0612,61,female,vocational,married,skills|salary_range,30,Đà Nẵng,Thợ lành nghề,,employed,9132896
worker_0613,37,other,vocational,single,skills|salary_range,14,Qui Nhơn,Công nhân sản xuất,health|family|location,retired,9883611
worker_0614,60,female,college,married,skills|salary_range,30,Bình Dương,Giúp việc / Dịch vụ,techGap,retired,11404875
worker_0615,35,male,vocational,divorced,skills|salary_range,5,Vĩnh Phúc,Giúp việc / Dịch vụ,techGap,unemployed,0
worker_0616,36,other,primary,divorced,skills|salary_range,11,Qui Nhơn,Bảo vệ,location,retired,11400691
worker_0617,53,other,high,single,salary_range,23,Thanh Hóa,Công nhân sản xuất,location|other,unemployed,0
worker_0618,38,other,high,widowed,skills|salary_range,15,Cần Thơ,Thợ lành nghề,health|location,retired,8005315
worker_0619,52,female,university,married,skills|salary_range,25,TP. Hồ Chí Minh,Thợ lành nghề,,self-employed,13753970
worker_0620,61,other,middle,widowed,salary_range|skills,30,Bắc Ninh,Công nhân sản xuất,other|family,self-employed,13439377
worker_0621,49,other,college,married,salary_range|skills,21,Vũng Tàu,Pha chế,family|other,self-employed,14851328
worker_0622,45,other,none,married,skills|salary_range,23,Bắc Ninh,Giúp việc / Dịch vụ,,employed,13477513
worker_0623,62,male,high,single,salary_range|skills,30,Đà Nẵng,Thợ lành nghề,techGap|health|family,unemployed,0
worker_0624,41,other,middle,widowed,skills|salary_range,12,Nha Trang,Giúp việc / Dịch vụ,,employed,3650793
worker_0625,46,male,university,divorced,skills|salary_range,19,Vinhy,Nhân viên bán hàng,location,retired,9069805
worker_0626,57,female,college,married,skills,30,Cần Thơ,Lao động xây dựng,location,self-employed,13828329
worker_0627,53,other,middle,single,skills|salary_range,29,Bình Dương,Giúp việc / Dịch vụ,techGap,self-employed,6881578
worker_0628,54,female,middle,single,skills|salary_range,24,Thái Nguyên,Giúp việc / Dịch vụ,other|family,self-employed,13211991
worker_0629,59,female,middle,divorced,salary_range|skills,30,Biên Hòa,Lao động xây dựng,,employed,14949040
worker_0630,56,female,none,single,salary_range|skills,27,Biên Hòa,Công nhân sản xuất,techGap,retired,8387164
worker_0631,63,male,primary,single,salary_range|skills,30,Hải Phòng,Thợ lành nghề,other,self-employed,4382667
worker_0632,45,male,high,widowed,skills|salary_range,20,Đà Lạt,Nhân viên bán hàng,other,unemployed,0
worker_0633,48,male,high,divorced,skills|salary_range,20,Biên Hòa,Bảo vệ,location,self-employed,11436973
worker_0634,57,other,vocational,widowed,skills|salary_range,30,TP. Hồ Chí Minh,Lái xe,health|techGap|other,retired,3397967
worker_0635,38,male,university,divorced,skills|salary_range,15,Vũng Tàu,Nhân viên bán hàng,,retired,9869909
worker_0636,51,male,college,single,salary_range|skills,26,Qui Nhơn,Thợ lành nghề,,self-employed,6238017
worker_0637,47,male,university,single,salary_range,23,Nha Trang,Lao động xây dựng,family,retired,6424282
worker_0638,54,female,middle,married,skills,30,Biên Hòa,Lái xe,family|location|techGap,unemployed,0
worker_0639,46,other,high,divorced,skills|salary_range,24,Buôn Ma Thuột,Công nhân sản xuất,family,employed,9280472
worker_0640,60,male,college,married,skills,30,Thanh Hóa,Nhân viên phục vụ,health,self-employed,11896993
worker_0641,59,other,vocational,divorced,salary_range|skills,30,Huế,Nhân viên kho vận,,self-employed,4690069
worker_0642,39,male,high,married,salary_range|skills,13,Hải Dương,Kế toán / Hành chính,,self-employed,9492859
worker_0643,48,other,none,married,skills,18,Vũng Tàu,Bảo vệ,,self-employed,14498281
worker_0644,38,female,primary,widowed,salary_range|skills,15,Bình Dương,Thợ lành nghề,,self-employed,5442142
worker_0645,63,female,college,married,skills|salary_range,30,Hải Dương,Công nhân sản xuất,location|family|techGap,unemployed,0
worker_0646,42,male,none,divorced,skills|salary_range,13,Buôn Ma Thuột,Nhân viên kho vận,family,employed,7221234
worker_0647,63,other,vocational,widowed,skills,30,Đà Nẵng,Công nhân sản xuất,techGap|health|family,self-employed,12752553
worker_0648,65,male,high,widowed,salary_range|skills,30,Đà Nẵng,Lái xe,location|techGap|other,unemployed,0
worker_0649,58,male,none,married,salary_range|skills,30,Hải Dương,Bảo vệ,techGap,employed,10360747
worker_0650,40,other,high,married,skills|salary_range,20,Bình Dương,Giúp việc / Dịch vụ,techGap|other|family,employed,8848028
worker_0651,57,male,vocational,married,salary_range|skills,30,Thanh Hóa,Bảo vệ,family,employed,11476418
worker_0652,46,male,high,widowed,skills|salary_range,17,Hải Dương,Nhân viên bán hàng,health|location|techGap,retired,11219245
worker_0653,49,other,high,divorced,salary_range|skills,21,Đà Nẵng,Kế toán / Hành chính,,retired,12612344
worker_0654,59,other,none,divorced,skills|salary_range,30,Hà Nội,Nông dân / Nông nghiệp,health|techGap,self-employed,7100746
worker_0655,46,other,vocational,single,skills|salary_range,19,Cần Thơ,Nhân viên kho vận,family,retired,3478746
worker_0656,57,other,primary,married,salary_range|skills,30,Vinhy,Bảo vệ,techGap|family,unemployed,0
worker_0657,57,other,none,widowed,skills|salary_range,29,Cần Thơ,Thợ lành nghề,techGap,retired,8925725
worker_0658,35,male,none,married,salary_range|skills,14,Vinhy,Thợ lành nghề,health|other,self-employed,12298529
worker_0659,36,male,college,single,skills|salary_range,7,Bình Dương,Nông dân / Nông nghiệp,techGap|health,retired,12752228
worker_0660,58,male,high,divorced,skills,30,Vinhy,Công nhân sản xuất,,retired,3004545
worker_0661,63,male,middle,single,salary_range|skills,30,Hải Phòng,Công nhân sản xuất,location,unemployed,0
worker_0662,65,other,vocational,married,skills|salary_range,30,Vĩnh Phúc,Thợ lành nghề,family,unemployed,0
worker_0663,41,other,university,married,salary_range,14,Hải Dương,Giúp việc / Dịch vụ,location|other,unemployed,0
worker_0664,56,female,vocational,married,skills|salary_range,29,Hải Dương,Lao động xây dựng,location,self-employed,12301140
worker_0665,46,female,high,widowed,salary_range|skills,18,Huế,Bảo vệ,family|health|location,unemployed,0
worker_0666,45,male,none,married,skills|salary_range,15,Thanh Hóa,Lái xe,other|techGap,employed,6014748
worker_0667,53,female,middle,single,salary_range|skills,23,Hải Dương,Công nhân sản xuất,,employed,10901409
worker_0668,65,other,college,single,salary_range|skills,30,Thanh Hóa,Nhân viên phục vụ,health,unemployed,0
worker_0669,49,other,primary,single,salary_range|skills,22,Hà Nội,Giúp việc / Dịch vụ,techGap,retired,10030699
worker_0670,50,other,none,single,skills|salary_range,27,Đà Lạt,Thợ lành nghề,,retired,11487172
worker_0671,59,other,middle,divorced,salary_range|skills,30,Hà Nội,Công nhân sản xuất,health|location,retired,11449616
worker_0672,55,female,vocational,widowed,salary_range|skills,30,Nha Trang,Giúp việc / Dịch vụ,,unemployed,0
worker_0673,52,female,primary,married,salary_range|skills,24,Đà Nẵng,Nhân viên phục vụ,techGap|health,self-employed,6779241
worker_0674,46,female,middle,widowed,skills|salary_range,16,Qui Nhơn,Công nhân sản xuất,techGap|family|health,retired,14942920
worker_0675,52,female,none,divorced,skills,27,Vĩnh Phúc,Nông dân / Nông nghiệp,,unemployed,0
worker_0676,56,other,middle,divorced,skills|salary_range,30,Hải Dương,Nông dân / Nông nghiệp,other,retired,3461568
worker_0677,52,other,primary,divorced,skills,27,Hải Dương,Công nhân sản xuất,family|techGap|health,employed,9075422
worker_0678,50,other,primary,married,skills|salary_range,27,Nam Định,Bảo vệ,,retired,14065454
worker_0679,57,male,high,widowed,salary_range|skills,28,Hà Nội,Giúp việc / Dịch vụ,location|techGap|health,retired,7094236
worker_0680,62,male,high,married,skills|salary_range,30,Vĩnh Phúc,Lái xe,location,retired,9793383
worker_0681,43,male,university,married,salary_range|skills,13,Biên Hòa,Giúp việc / Dịch vụ,family|health|techGap,employed,11045416
worker_0682,39,male,none,single,salary_range|skills,19,Buôn Ma Thuột,Nhân viên phục vụ,other|location,employed,3693119
worker_0683,58,other,high,divorced,skills|salary_range,29,Qui Nhơn,Nhân viên kho vận,location,employed,5745601
worker_0684,56,male,vocational,single,salary_range|skills,26,Hải Phòng,Lao động xây dựng,family|location,retired,9463546
worker_0685,46,male,middle,married,skills|salary_range,20,Thái Nguyên,Lái xe,health|family,retired,4211397
worker_0686,42,male,vocational,widowed,salary_range|skills,15,Huế,Nhân viên phục vụ,other,self-employed,5025080
worker_0687,36,female,vocational,widowed,skills|salary_range,15,TP. Hồ Chí Minh,Nhân viên kho vận,location|techGap,retired,10347036
worker_0688,51,male,high,married,skills|salary_range,28,Bắc Ninh,Nhân viên bán hàng,,retired,14619426
worker_0689,61,female,primary,widowed,skills,30,Nam Định,Công nhân sản xuất,family|location,employed,3955897
worker_0690,47,female,middle,married,salary_range|skills,20,Thanh Hóa,Lái xe,other|family|location,retired,5644174
worker_0691,52,male,vocational,divorced,skills|salary_range,22,Thái Nguyên,Kế toán / Hành chính,family|other|health,self-employed,11059143
worker_0692,35,female,middle,divorced,skills|salary_range,15,Buôn Ma Thuột,Pha chế,techGap|family|location,unemployed,0
worker_0693,46,male,university,single,skills|salary_range,20,Hải Dương,Lao động xây dựng,location|other|techGap,self-employed,13107371
worker_0694,40,male,high,widowed,salary_range|skills,11,Biên Hòa,Bảo vệ,other|techGap|location,unemployed,0
worker_0695,46,male,college,widowed,salary_range,24,Hải Dương,Nhân viên bán hàng,,self-employed,10905755
worker_0696,37,male,middle,widowed,salary_range|skills,14,Buôn Ma Thuột,Nhân viên phục vụ,health,unemployed,0
worker_0697,36,male,high,divorced,skills|salary_range,11,Bắc Ninh,Nhân viên phục vụ,,self-employed,11499702
worker_0698,49,female,college,single,salary_range|skills,24,Vĩnh Phúc,Bảo vệ,health|other,employed,5369736
worker_0699,44,male,vocational,divorced,skills|salary_range,20,Thái Nguyên,Nhân viên kho vận,family,retired,7361423
worker_0700,39,other,high,widowed,salary_range|skills,11,Đà Lạt,Nhân viên phục vụ,,self-employed,13733986
worker_0701,42,female,vocational,single,skills,19,Qui Nhơn,Pha chế,location|health,self-employed,4643056
worker_0702,47,female,high,widowed,skills,26,Bắc Ninh,Kế toán / Hành chính,family,employed,12740225
worker_0703,54,other,high,single,skills|salary_range,27,Bình Dương,Pha chế,techGap|other|family,self-employed,4436722
worker_0704,44,other,middle,single,salary_range|skills,22,Hải Dương,Công nhân sản xuất,health,self-employed,3780631
worker_0705,40,female,university,widowed,salary_range|skills,17,Biên Hòa,Nhân viên kho vận,,self-employed,7518209
worker_0706,52,female,primary,divorced,salary_range|skills,27,Nha Trang,Bảo vệ,health|techGap,self-employed,13690254
worker_0707,37,other,middle,married,skills|salary_range,13,Huế,Kế toán / Hành chính,techGap|family|other,employed,5618540
worker_0708,53,male,vocational,divorced,skills|salary_range,23,Nha Trang,Pha chế,techGap,self-employed,5819565
worker_0709,42,other,primary,divorced,skills,21,Bắc Ninh,Nhân viên bán hàng,techGap|health,self-employed,14989504
worker_0710,40,other,university,divorced,salary_range|skills,15,Qui Nhơn,Nhân viên kho vận,location|health|techGap,employed,11052885
worker_0711,39,female,primary,single,skills|salary_range,14,Đà Lạt,Lao động xây dựng,family|other,retired,13891902
worker_0712,65,female,college,married,salary_range|skills,30,Vinhy,Giúp việc / Dịch vụ,health|family,self-employed,7024892
worker_0713,53,other,primary,widowed,salary_range|skills,30,Bình Dương,Bảo vệ,,employed,5975857
worker_0714,39,male,none,divorced,skills|salary_range,16,Hải Phòng,Bảo vệ,family|techGap|location,retired,13646763
worker_0715,43,female,primary,single,skills|salary_range,19,Bắc Ninh,Bảo vệ,,unemployed,0
worker_0716,54,female,middle,divorced,skills,30,Nha Trang,Giúp việc / Dịch vụ,family|other,unemployed,0
worker_0717,51,male,none,divorced,skills|salary_range,30,Hải Dương,Bảo vệ,other|techGap|location,retired,5454110
worker_0718,57,male,university,widowed,skills|salary_range,30,Hà Nội,Công nhân sản xuất,techGap|other,self-employed,8017310
worker_0719,50,female,college,divorced,skills|salary_range,30,Huế,Nhân viên kho vận,techGap,retired,7083541
worker_0720,42,other,primary,married,salary_range|skills,19,Hà Nội,Nông dân / Nông nghiệp,health,self-employed,6864740
worker_0721,46,male,vocational,married,salary_range,24,Thái Nguyên,Kế toán / Hành chính,family,unemployed,0
worker_0722,57,male,none,widowed,salary_range|skills,29,Qui Nhơn,Công nhân sản xuất,location|health,unemployed,0
worker_0723,54,other,high,single,salary_range|skills,24,Biên Hòa,Nông dân / Nông nghiệp,techGap|family|location,retired,10542013
worker_0724,39,male,college,widowed,salary_range|skills,17,Huế,Kế toán / Hành chính,,self-employed,5554322
worker_0725,51,male,none,single,skills|salary_range,25,Bình Dương,Nhân viên bán hàng,,employed,7135992
worker_0726,53,female,high,widowed,salary_range|skills,23,Đà Nẵng,Bảo vệ,,retired,9343473
worker_0727,39,male,university,single,salary_range|skills,11,Bình Dương,Nông dân / Nông nghiệp,other|location|family,retired,3138683
worker_0728,57,male,none,married,salary_range|skills,30,Vĩnh Phúc,Giúp việc / Dịch vụ,location|techGap,unemployed,0
worker_0729,51,other,high,divorced,salary_range|skills,28,Nha Trang,Pha chế,techGap|health|other,employed,7456822
worker_0730,48,female,middle,married,salary_range|skills,27,Cần Thơ,Kế toán / Hành chính,,retired,3348753
worker_0731,39,male,college,divorced,skills|salary_range,15,Nam Định,Lái xe,techGap|family,retired,10653622
worker_0732,41,other,middle,married,skills|salary_range,13,Nha Trang,Lao động xây dựng,health|location,self-employed,8717801
worker_0733,62,other,vocational,divorced,skills|salary_range,30,Qui Nhơn,Bảo vệ,health|family|techGap,self-employed,14327483
worker_0734,53,male,vocational,single,skills|salary_range,24,Nam Định,Nhân viên kho vận,location|techGap|other,unemployed,0
worker_0735,51,male,none,widowed,salary_range|skills,26,Vĩnh Phúc,Kế toán / Hành chính,techGap,self-employed,7319939
worker_0736,41,female,university,married,skills|salary_range,14,TP. Hồ Chí Minh,Nhân viên kho vận,family|other,unemployed,0
worker_0737,50,other,middle,divorced,salary_range|skills,24,Đà Nẵng,Kế toán / Hành chính,health,unemployed,0
worker_0738,45,female,middle,divorced,salary_range|skills,23,Qui Nhơn,Công nhân sản xuất,,self-employed,14291525
worker_0739,49,other,primary,widowed,salary_range|skills,28,Hải Phòng,Nhân viên kho vận,techGap|location,retired,4897539
worker_0740,43,other,middle,divorced,salary_range|skills,15,Hải Phòng,Lái xe,location,retired,8476485
worker_0741,59,male,middle,married,skills|salary_range,30,Hải Dương,Lái xe,health,self-employed,12580256
worker_0742,44,other,primary,single,salary_range|skills,23,Qui Nhơn,Công nhân sản xuất,other|health,retired,11939470
worker_0743,36,male,college,married,skills,12,Biên Hòa,Thợ lành nghề,other|family|location,retired,13099989
worker_0744,60,male,high,divorced,skills|salary_range,30,Cần Thơ,Lái xe,,employed,9491571
worker_0745,64,other,university,divorced,salary_range|skills,30,Vĩnh Phúc,Bảo vệ,location|techGap|health,employed,13742122
worker_0746,65,male,high,widowed,salary_range|skills,30,Bình Dương,Pha chế,location,employed,4389271
worker_0747,63,male,vocational,single,skills|salary_range,30,Đà Nẵng,Bảo vệ,,employed,4901503
worker_0748,44,male,vocational,divorced,salary_range|skills,14,Hà Nội,Thợ lành nghề,,retired,11905846
worker_0749,41,female,primary,married,salary_range,14,Biên Hòa,Nhân viên kho vận,techGap,self-employed,13845635
worker_0750,56,female,middle,widowed,salary_range,30,Bình Dương,Bảo vệ,other,unemployed,0
worker_0751,46,male,vocational,single,skills|salary_range,26,Hà Nội,Kế toán / Hành chính,,retired,10258098
worker_0752,47,female,college,married,salary_range|skills,24,Biên Hòa,Nhân viên bán hàng,family|health,employed,11753200
worker_0753,64,female,vocational,married,skills|salary_range,30,TP. Hồ Chí Minh,Công nhân sản xuất,,retired,5080747
worker_0754,46,other,high,divorced,skills|salary_range,25,Nam Định,Bảo vệ,,unemployed,0
worker_0755,63,other,university,married,skills|salary_range,30,Vĩnh Phúc,Nhân viên bán hàng,techGap|health,retired,13476723
worker_0756,50,female,middle,married,salary_range,29,Thanh Hóa,Nhân viên kho vận,techGap,retired,7590824
worker_0757,64,female,high,widowed,salary_range|skills,30,Bắc Ninh,Nhân viên phục vụ,techGap|family|health,employed,14411337
worker_0758,55,male,high,married,salary_range,30,Hải Phòng,Giúp việc / Dịch vụ,,employed,4776169
worker_0759,47,other,university,married,salary_range|skills,20,Hải Phòng,Pha chế,techGap|family,unemployed,0
worker_0760,51,male,primary,married,salary_range|skills,21,Đà Lạt,Thợ lành nghề,location,unemployed,0
worker_0761,38,female,college,married,skills|salary_range,14,Buôn Ma Thuột,Pha chế,other|family,employed,14266114
worker_0762,56,other,university,widowed,skills|salary_range,30,Buôn Ma Thuột,Thợ lành nghề,health|other,employed,3223907
worker_0763,46,female,none,widowed,salary_range|skills,21,Hà Nội,Bảo vệ,,employed,6749684
worker_0764,55,male,high,married,salary_range,27,Thanh Hóa,Giúp việc / Dịch vụ,,unemployed,0
worker_0765,64,female,none,married,salary_range|skills,30,Buôn Ma Thuột,Nhân viên bán hàng,techGap,unemployed,0
worker_0766,57,male,none,married,skills|salary_range,28,Nam Định,Công nhân sản xuất,family|techGap,employed,6202043
worker_0767,47,other,none,married,salary_range|skills,22,Bắc Ninh,Công nhân sản xuất,,self-employed,3620155
worker_0768,47,female,vocational,married,skills|salary_range,27,Hải Phòng,Nhân viên phục vụ,,employed,11567708
worker_0769,54,male,none,married,skills|salary_range,30,Thanh Hóa,Lao động xây dựng,techGap|health|family,retired,3571771
worker_0770,36,female,primary,single,salary_range|skills,11,Đà Lạt,Kế toán / Hành chính,,unemployed,0
worker_0771,46,other,primary,married,salary_range|skills,24,Bắc Ninh,Giúp việc / Dịch vụ,family|techGap|location,employed,5800489
worker_0772,63,other,middle,single,salary_range|skills,30,Biên Hòa,Kế toán / Hành chính,techGap|health|location,employed,4156004
worker_0773,45,male,university,single,skills|salary_range,17,Bắc Ninh,Thợ lành nghề,techGap|health,self-employed,5808513
worker_0774,37,other,primary,single,skills|salary_range,16,Hà Nội,Công nhân sản xuất,location|health,employed,11604659
worker_0775,48,female,college,married,skills|salary_range,18,Buôn Ma Thuột,Nhân viên kho vận,techGap,retired,14123209
worker_0776,60,female,none,widowed,skills|salary_range,30,Bắc Ninh,Nhân viên bán hàng,other|techGap,retired,13480067
worker_0777,56,other,middle,divorced,salary_range,30,Vĩnh Phúc,Lái xe,location|health,retired,13222590
worker_0778,55,other,none,single,salary_range|skills,30,Huế,Công nhân sản xuất,family,unemployed,0
worker_0779,39,other,primary,married,skills|salary_range,12,Huế,Lái xe,techGap|health,self-employed,14251277
worker_0780,39,other,high,single,salary_range|skills,10,TP. Hồ Chí Minh,Lao động xây dựng,,self-employed,3794662
worker_0781,61,male,vocational,single,skills|salary_range,30,Nam Định,Kế toán / Hành chính,health|other|location,retired,5556743
worker_0782,42,male,none,married,skills|salary_range,16,Vũng Tàu,Công nhân sản xuất,,unemployed,0
worker_0783,44,male,university,married,skills|salary_range,17,Cần Thơ,Bảo vệ,family|techGap|other,unemployed,0
worker_0784,49,female,middle,married,salary_range|skills,19,Vinhy,Kế toán / Hành chính,,self-employed,13932944
worker_0785,61,other,none,married,skills|salary_range,30,Buôn Ma Thuột,Lao động xây dựng,location,self-employed,12676242
worker_0786,48,female,vocational,single,skills|salary_range,27,Vĩnh Phúc,Lái xe,other,self-employed,11627887
worker_0787,56,male,college,married,salary_range|skills,26,Bình Dương,Kế toán / Hành chính,,employed,5509121
worker_0788,57,male,middle,divorced,skills|salary_range,30,Buôn Ma Thuột,Nhân viên kho vận,location,retired,9105692
worker_0789,61,male,primary,widowed,salary_range|skills,30,Đà Nẵng,Nhân viên bán hàng,,unemployed,0
worker_0790,36,female,none,married,salary_range|skills,10,Vũng Tàu,Nông dân / Nông nghiệp,health|location|techGap,retired,12153656
worker_0791,56,other,high,single,salary_range,30,TP. Hồ Chí Minh,Nông dân / Nông nghiệp,family|other|techGap,self-employed,11757732
worker_0792,57,male,primary,divorced,skills,30,Hải Phòng,Nhân viên kho vận,techGap|family,self-employed,9019127
worker_0793,46,female,none,divorced,skills,16,Hải Dương,Giúp việc / Dịch vụ,family|other|health,self-employed,12333018
worker_0794,51,other,primary,divorced,salary_range,25,Buôn Ma Thuột,Nông dân / Nông nghiệp,techGap|location|other,retired,8826008
worker_0795,55,male,middle,single,salary_range,30,Vũng Tàu,Nông dân / Nông nghiệp,,retired,6314514
worker_0796,47,male,high,married,skills,20,Nha Trang,Lao động xây dựng,location|other|techGap,employed,10416298
worker_0797,59,other,primary,widowed,skills|salary_range,30,TP. Hồ Chí Minh,Nhân viên phục vụ,family|location|other,self-employed,12027689
worker_0798,39,male,none,divorced,salary_range|skills,10,Vĩnh Phúc,Công nhân sản xuất,,self-employed,14677886
worker_0799,51,female,none,married,skills|salary_range,22,Buôn Ma Thuột,Lao động xây dựng,family,employed,7924369
worker_0800,43,female,high,widowed,skills,13,Cần Thơ,Thợ lành nghề,family|health,retired,8449563
worker_0801,39,other,high,single,skills|salary_range,13,Vinhy,Nhân viên bán hàng,,unemployed,0
worker_0802,37,female,high,single,salary_range|skills,11,Huế,Thợ lành nghề,techGap|other|location,self-employed,10483878
worker_0803,59,other,primary,widowed,skills|salary_range,29,Biên Hòa,Lái xe,location,retired,4589932
worker_0804,45,male,university,married,skills|salary_range,16,Huế,Lao động xây dựng,location|health,unemployed,0
worker_0805,47,male,high,divorced,skills,23,Hải Phòng,Bảo vệ,other|location,self-employed,5730053
worker_0806,59,male,university,single,salary_range|skills,30,Nam Định,Bảo vệ,,self-employed,6579042
worker_0807,43,other,none,married,skills|salary_range,16,Bình Dương,Công nhân sản xuất,location,self-employed,14742820
worker_0808,54,female,university,married,skills|salary_range,24,Biên Hòa,Lái xe,location|other,unemployed,0
worker_0809,60,female,high,married,skills|salary_range,30,TP. Hồ Chí Minh,Nhân viên phục vụ,other|family,retired,5871524
worker_0810,53,male,vocational,widowed,salary_range|skills,29,Hải Phòng,Nhân viên bán hàng,,unemployed,0
worker_0811,61,male,college,single,skills,30,Thanh Hóa,Nhân viên bán hàng,other,employed,10317662
worker_0812,65,female,primary,divorced,salary_range|skills,30,Bắc Ninh,Kế toán / Hành chính,,employed,11694659
worker_0813,52,male,high,married,skills|salary_range,25,Hải Dương,Bảo vệ,techGap|location|health,self-employed,12291730
worker_0814,43,other,vocational,single,skills,13,Nha Trang,Lái xe,health|family,employed,4506301
worker_0815,46,male,university,widowed,salary_range,22,TP. Hồ Chí Minh,Kế toán / Hành chính,techGap|health|family,employed,11438823
worker_0816,58,female,none,single,salary_range|skills,30,Thái Nguyên,Nhân viên kho vận,health|other|techGap,employed,14542982
worker_0817,57,male,middle,married,salary_range|skills,30,Nha Trang,Lao động xây dựng,,retired,9214601
worker_0818,48,male,none,widowed,salary_range|skills,26,Biên Hòa,Bảo vệ,,employed,7517238
worker_0819,52,other,primary,divorced,skills|salary_range,28,Thái Nguyên,Kế toán / Hành chính,family|other,employed,12283457
worker_0820,38,female,middle,widowed,salary_range,18,Cần Thơ,Kế toán / Hành chính,techGap,employed,13293985
worker_0821,35,male,vocational,divorced,salary_range|skills,9,Huế,Nhân viên bán hàng,other,self-employed,13671138
worker_0822,46,other,primary,widowed,skills|salary_range,25,Thái Nguyên,Nông dân / Nông nghiệp,,unemployed,0
worker_0823,61,male,none,married,salary_range|skills,30,TP. Hồ Chí Minh,Giúp việc / Dịch vụ,,self-employed,8051202
worker_0824,48,female,middle,married,salary_range,23,Hải Phòng,Nhân viên bán hàng,techGap|other,unemployed,0
worker_0825,42,male,none,divorced,skills|salary_range,14,Nha Trang,Lao động xây dựng,other|health|location,unemployed,0
worker_0826,55,male,middle,widowed,skills|salary_range,30,Huế,Bảo vệ,location|family|other,unemployed,0
worker_0827,39,female,none,married,salary_range|skills,12,TP. Hồ Chí Minh,Nông dân / Nông nghiệp,,employed,5387441
worker_0828,52,male,none,single,skills|salary_range,24,Nam Định,Kế toán / Hành chính,family|other,unemployed,0
worker_0829,52,female,primary,married,salary_range|skills,25,Vĩnh Phúc,Pha chế,,retired,7185902
worker_0830,52,other,middle,married,skills|salary_range,30,Nam Định,Nông dân / Nông nghiệp,location|techGap|health,self-employed,8256600
worker_0831,61,male,college,widowed,skills,30,Vũng Tàu,Giúp việc / Dịch vụ,location|other,unemployed,0
worker_0832,46,male,vocational,married,skills|salary_range,26,Hải Dương,Nông dân / Nông nghiệp,health|other|family,retired,6969611
worker_0833,63,male,none,widowed,skills,30,Buôn Ma Thuột,Nông dân / Nông nghiệp,family,self-employed,6620674
worker_0834,45,female,university,divorced,skills,18,Biên Hòa,Lái xe,techGap|health|location,self-employed,9881471
worker_0835,44,female,college,single,skills|salary_range,24,Hải Phòng,Nhân viên kho vận,techGap|other|family,unemployed,0
worker_0836,43,female,none,married,salary_range,13,Hải Phòng,Nhân viên kho vận,location,unemployed,0
worker_0837,60,other,vocational,married,salary_range|skills,30,Qui Nhơn,Thợ lành nghề,location|health|techGap,unemployed,0
worker_0838,40,male,college,divorced,skills|salary_range,14,Thái Nguyên,Nhân viên phục vụ,other,retired,12290213
worker_0839,56,male,university,divorced,skills|salary_range,28,Qui Nhơn,Nhân viên bán hàng,health,unemployed,0
worker_0840,65,female,university,married,skills|salary_range,30,Đà Nẵng,Bảo vệ,health|family,retired,10511790
worker_0841,61,female,vocational,widowed,salary_range|skills,30,Buôn Ma Thuột,Giúp việc / Dịch vụ,techGap,employed,12182374
worker_0842,44,female,college,single,salary_range|skills,22,Hải Phòng,Công nhân sản xuất,health,employed,7916241
worker_0843,51,male,high,married,salary_range|skills,22,TP. Hồ Chí Minh,Giúp việc / Dịch vụ,location|other,self-employed,5882576
worker_0844,37,female,high,married,salary_range|skills,14,Qui Nhơn,Nhân viên phục vụ,,self-employed,4224213
worker_0845,54,female,vocational,divorced,skills|salary_range,24,Đà Nẵng,Thợ lành nghề,family|other,unemployed,0
worker_0846,37,female,high,married,salary_range|skills,9,Huế,Giúp việc / Dịch vụ,location|health,employed,7932632
worker_0847,55,female,college,divorced,salary_range|skills,29,Bắc Ninh,Nhân viên phục vụ,techGap|health,unemployed,0
worker_0848,59,female,middle,single,salary_range,30,Biên Hòa,Bảo vệ,family,retired,8738510
worker_0849,39,other,none,married,salary_range|skills,19,Qui Nhơn,Giúp việc / Dịch vụ,,employed,10044530
worker_0850,63,other,vocational,divorced,salary_range|skills,30,Huế,Nhân viên kho vận,,retired,3435346
worker_0851,42,female,middle,married,skills,22,Huế,Giúp việc / Dịch vụ,,retired,7716711
worker_0852,36,male,none,married,skills|salary_range,6,Huế,Lao động xây dựng,family|location|other,unemployed,0
worker_0853,48,male,vocational,married,salary_range|skills,25,Cần Thơ,Pha chế,location,unemployed,0
worker_0854,36,other,college,married,skills|salary_range,15,Thái Nguyên,Nhân viên phục vụ,techGap|health,unemployed,0
worker_0855,56,female,university,widowed,skills|salary_range,30,Đà Nẵng,Thợ lành nghề,,retired,9617516
worker_0856,51,other,vocational,widowed,skills|salary_range,30,Hà Nội,Kế toán / Hành chính,,employed,8091805
worker_0857,54,female,high,widowed,salary_range|skills,25,Thái Nguyên,Pha chế,other,retired,10964899
worker_0858,63,female,vocational,married,skills,30,Vĩnh Phúc,Nhân viên bán hàng,,retired,3670557
worker_0859,37,male,vocational,married,skills,11,Biên Hòa,Pha chế,,employed,3094995
worker_0860,51,female,university,widowed,salary_range,30,Hải Phòng,Nhân viên bán hàng,health|location,retired,9313745
worker_0861,46,male,college,married,salary_range|skills,22,Vinhy,Giúp việc / Dịch vụ,family,retired,11653431
worker_0862,60,female,university,divorced,skills,30,Buôn Ma Thuột,Nhân viên kho vận,,unemployed,0
worker_0863,40,female,primary,married,salary_range,15,Vinhy,Kế toán / Hành chính,,employed,9053931
worker_0864,64,other,college,divorced,skills|salary_range,30,Hải Phòng,Bảo vệ,,self-employed,12703258
worker_0865,52,female,middle,divorced,salary_range|skills,30,Hải Dương,Nhân viên phục vụ,techGap,employed,6101209
worker_0866,36,male,middle,widowed,skills,7,TP. Hồ Chí Minh,Kế toán / Hành chính,,self-employed,11530297
worker_0867,54,male,university,widowed,salary_range|skills,25,Nha Trang,Công nhân sản xuất,health|other,employed,5129300
worker_0868,39,female,high,widowed,salary_range|skills,14,Vũng Tàu,Giúp việc / Dịch vụ,techGap|other|location,unemployed,0
worker_0869,59,female,high,married,salary_range|skills,30,TP. Hồ Chí Minh,Giúp việc / Dịch vụ,location|health|other,retired,4221155
worker_0870,45,male,primary,married,skills,23,Vũng Tàu,Lao động xây dựng,,self-employed,5463426
worker_0871,59,other,middle,divorced,skills|salary_range,29,TP. Hồ Chí Minh,Công nhân sản xuất,health|family|other,unemployed,0
worker_0872,43,male,primary,single,salary_range|skills,18,Cần Thơ,Nhân viên kho vận,family|other|techGap,self-employed,3421696
worker_0873,37,male,vocational,married,skills,10,Đà Lạt,Thợ lành nghề,health,self-employed,6913606
worker_0874,53,female,primary,widowed,salary_range|skills,30,Qui Nhơn,Kế toán / Hành chính,location,unemployed,0
worker_0875,54,female,none,divorced,skills|salary_range,25,Vinhy,Nông dân / Nông nghiệp,other|family,retired,7292634
worker_0876,57,male,primary,widowed,salary_range|skills,30,Thái Nguyên,Nông dân / Nông nghiệp,,self-employed,13361948
worker_0877,37,male,high,single,salary_range,14,Bình Dương,Pha chế,other,retired,4628720
worker_0878,38,female,college,widowed,skills|salary_range,15,Biên Hòa,Thợ lành nghề,techGap,retired,10754358
worker_0879,57,male,primary,single,skills|salary_range,30,Cần Thơ,Kế toán / Hành chính,,retired,13621821
worker_0880,56,other,college,widowed,salary_range,28,Vũng Tàu,Công nhân sản xuất,health|techGap|family,retired,11341777
worker_0881,36,other,vocational,married,skills|salary_range,8,Qui Nhơn,Pha chế,family|techGap|location,self-employed,11915441
worker_0882,60,male,none,single,skills,30,Bắc Ninh,Nhân viên phục vụ,techGap,employed,11842545
worker_0883,56,male,primary,widowed,skills|salary_range,30,Thanh Hóa,Nhân viên bán hàng,other|location|techGap,retired,4931756
worker_0884,63,other,primary,divorced,skills|salary_range,30,Bình Dương,Nhân viên phục vụ,techGap,unemployed,0
worker_0885,65,male,none,single,skills|salary_range,30,TP. Hồ Chí Minh,Lái xe,health|techGap|location,retired,10813174
worker_0886,47,female,none,married,salary_range|skills,24,Qui Nhơn,Thợ lành nghề,family|techGap,self-employed,9979705
worker_0887,47,other,high,single,skills|salary_range,20,Hà Nội,Pha chế,,self-employed,6176520
worker_0888,35,other,none,married,skills|salary_range,13,Nam Định,Công nhân sản xuất,family|other|location,unemployed,0
worker_0889,59,other,university,married,salary_range|skills,30,Cần Thơ,Giúp việc / Dịch vụ,health|techGap|location,unemployed,0
worker_0890,57,other,vocational,single,salary_range|skills,30,Hải Dương,Nhân viên bán hàng,techGap|other|family,unemployed,0
worker_0891,38,other,college,widowed,salary_range|skills,9,Thái Nguyên,Nhân viên bán hàng,location|family,self-employed,6742334
worker_0892,58,male,none,married,skills,29,Qui Nhơn,Nhân viên bán hàng,techGap,unemployed,0
worker_0893,38,female,primary,single,skills,12,Hải Dương,Kế toán / Hành chính,location,employed,4584312
worker_0894,49,other,vocational,single,salary_range|skills,23,Hải Dương,Bảo vệ,,unemployed,0
worker_0895,58,female,middle,married,skills,28,Nha Trang,Thợ lành nghề,health|other,retired,8909284
worker_0896,53,other,none,single,skills|salary_range,30,Bắc Ninh,Nông dân / Nông nghiệp,,self-employed,4605770
worker_0897,40,male,primary,widowed,salary_range|skills,20,TP. Hồ Chí Minh,Kế toán / Hành chính,health|location,self-employed,5373804
worker_0898,63,female,vocational,single,salary_range,30,Thanh Hóa,Giúp việc / Dịch vụ,,retired,5886558
worker_0899,44,male,vocational,widowed,salary_range,18,Thanh Hóa,Bảo vệ,techGap,self-employed,10082500
worker_0900,55,male,vocational,widowed,skills|salary_range,30,Đà Lạt,Pha chế,health,unemployed,0
worker_0901,51,female,vocational,single,salary_range|skills,21,Đà Lạt,Nhân viên phục vụ,health|location,retired,12896903
worker_0902,49,other,vocational,widowed,skills,19,Hải Dương,Lao động xây dựng,techGap|location|other,retired,8218573
worker_0903,65,female,none,widowed,salary_range,30,Qui Nhơn,Nhân viên kho vận,health,self-employed,6780334
worker_0904,45,other,none,divorced,skills|salary_range,24,Hải Phòng,Pha chế,,self-employed,6822446
worker_0905,65,female,university,married,skills,30,Nam Định,Nhân viên phục vụ,other|techGap,unemployed,0
worker_0906,62,female,university,married,skills|salary_range,30,Huế,Nhân viên kho vận,location|techGap,retired,6399874
worker_0907,65,other,college,divorced,skills,30,Bình Dương,Nông dân / Nông nghiệp,,self-employed,9466701
worker_0908,65,male,none,widowed,salary_range|skills,30,Hà Nội,Lao động xây dựng,other|techGap|location,self-employed,8430048
worker_0909,36,female,primary,married,skills|salary_range,16,Hải Phòng,Lái xe,,retired,14714167
worker_0910,56,male,college,married,salary_range|skills,30,Buôn Ma Thuột,Giúp việc / Dịch vụ,location|family,retired,13272832
worker_0911,61,male,middle,widowed,skills|salary_range,30,Đà Nẵng,Nhân viên phục vụ,health|other|family,unemployed,0
worker_0912,35,female,none,divorced,skills|salary_range,8,Bắc Ninh,Giúp việc / Dịch vụ,location|techGap,employed,10007238
worker_0913,63,female,university,divorced,salary_range,30,Hà Nội,Giúp việc / Dịch vụ,location|family|other,retired,3913499
worker_0914,40,female,university,divorced,salary_range|skills,14,TP. Hồ Chí Minh,Lao động xây dựng,,employed,13508088
worker_0915,59,male,vocational,single,salary_range|skills,29,Vĩnh Phúc,Lái xe,other|health,employed,8730211
worker_0916,50,male,primary,married,skills|salary_range,26,Qui Nhơn,Nhân viên phục vụ,techGap|family,unemployed,0
worker_0917,48,other,university,widowed,salary_range|skills,18,Nam Định,Nhân viên kho vận,family,self-employed,5461475
worker_0918,48,male,primary,single,salary_range|skills,19,Huế,Nhân viên bán hàng,location|other,employed,9618630
worker_0919,62,other,vocational,widowed,skills|salary_range,30,Hải Phòng,Nông dân / Nông nghiệp,,self-employed,13930795
worker_0920,50,female,university,single,skills|salary_range,24,Thanh Hóa,Lái xe,,self-employed,9996718
worker_0921,59,female,vocational,married,skills|salary_range,30,Qui Nhơn,Bảo vệ,location|techGap|other,self-employed,6610173
worker_0922,54,female,college,widowed,skills|salary_range,25,Nam Định,Pha chế,health|other|techGap,retired,3373703
worker_0923,55,other,vocational,divorced,salary_range|skills,30,Nam Định,Kế toán / Hành chính,family|techGap,self-employed,5013800
worker_0924,65,other,college,married,salary_range,30,Huế,Công nhân sản xuất,other|family|health,retired,12479420
worker_0925,36,male,primary,divorced,skills|salary_range,11,Cần Thơ,Công nhân sản xuất,techGap,retired,3648511
worker_0926,42,male,primary,divorced,salary_range|skills,17,Bắc Ninh,Nhân viên kho vận,,retired,10018819
worker_0927,52,female,high,married,salary_range|skills,30,Hà Nội,Lao động xây dựng,location|health|family,unemployed,0
worker_0928,63,other,middle,divorced,skills,30,Buôn Ma Thuột,Bảo vệ,,retired,10881635
worker_0929,65,other,primary,single,skills,30,Cần Thơ,Nhân viên kho vận,health|other|techGap,employed,7187634
worker_0930,58,male,none,single,skills|salary_range,30,TP. Hồ Chí Minh,Lao động xây dựng,techGap,employed,4861570
worker_0931,41,female,vocational,single,salary_range|skills,16,Hải Dương,Nhân viên kho vận,,self-employed,9796126
worker_0932,51,male,primary,married,salary_range|skills,30,Vinhy,Nhân viên bán hàng,,unemployed,0
worker_0933,50,female,vocational,widowed,salary_range|skills,21,Thái Nguyên,Pha chế,,unemployed,0
worker_0934,55,male,primary,single,salary_range|skills,30,Cần Thơ,Kế toán / Hành chính,techGap|location,self-employed,7130174
worker_0935,57,male,high,married,salary_range|skills,27,Thanh Hóa,Pha chế,family|other|location,unemployed,0
worker_0936,41,female,middle,single,salary_range|skills,17,Hà Nội,Công nhân sản xuất,,employed,11521493
worker_0937,61,other,high,widowed,salary_range,30,Thanh Hóa,Lái xe,other|family|location,retired,9512530
worker_0938,41,male,high,widowed,skills|salary_range,13,Qui Nhơn,Nhân viên bán hàng,techGap,unemployed,0
worker_0939,54,female,college,married,salary_range|skills,30,Huế,Nông dân / Nông nghiệp,techGap,employed,13943982
worker_0940,54,female,vocational,married,skills,25,Qui Nhơn,Bảo vệ,,unemployed,0
worker_0941,36,female,vocational,married,salary_range,8,Qui Nhơn,Nông dân / Nông nghiệp,family|location|health,retired,13058344
worker_0942,49,female,high,widowed,skills|salary_range,19,Biên Hòa,Công nhân sản xuất,,employed,10093506
worker_0943,36,male,college,married,skills|salary_range,14,Thanh Hóa,Thợ lành nghề,techGap|location,unemployed,0
worker_0944,58,female,none,divorced,skills,29,Vũng Tàu,Nhân viên bán hàng,other,self-employed,12246453
worker_0945,55,other,primary,divorced,skills|salary_range,29,Thái Nguyên,Thợ lành nghề,,retired,4090479
worker_0946,49,male,vocational,married,skills|salary_range,27,Buôn Ma Thuột,Thợ lành nghề,location,unemployed,0
worker_0947,53,male,none,widowed,salary_range,25,Đà Nẵng,Công nhân sản xuất,health|family|other,unemployed,0
worker_0948,42,male,university,divorced,skills|salary_range,13,Thái Nguyên,Bảo vệ,,unemployed,0
worker_0949,43,other,college,single,salary_range|skills,23,Hải Dương,Kế toán / Hành chính,,employed,8521290
worker_0950,53,female,high,married,salary_range|skills,28,Hải Phòng,Nông dân / Nông nghiệp,techGap|other|health,employed,12956009
worker_0951,61,male,high,divorced,skills|salary_range,30,Qui Nhơn,Lái xe,family,employed,5655030
worker_0952,43,female,middle,single,salary_range|skills,23,Hải Phòng,Nhân viên bán hàng,techGap|location,self-employed,6457977
worker_0953,65,female,vocational,widowed,skills|salary_range,30,Hải Dương,Thợ lành nghề,techGap|health|family,unemployed,0
worker_0954,57,female,university,divorced,skills|salary_range,30,Cần Thơ,Kế toán / Hành chính,techGap,employed,14955869
worker_0955,57,female,college,widowed,skills|salary_range,30,Hải Dương,Kế toán / Hành chính,other|location,unemployed,0
worker_0956,36,male,middle,widowed,salary_range,16,Vinhy,Nông dân / Nông nghiệp,,retired,5907744
worker_0957,59,other,vocational,married,skills,30,Hà Nội,Pha chế,location,unemployed,0
worker_0958,60,other,primary,married,salary_range,30,TP. Hồ Chí Minh,Nhân viên kho vận,location|family|other,retired,8983986
worker_0959,51,male,none,widowed,skills|salary_range,27,Vũng Tàu,Bảo vệ,other|health,self-employed,12198606
worker_0960,56,male,middle,divorced,skills,30,Cần Thơ,Nông dân / Nông nghiệp,family|other,employed,4583273
worker_0961,45,male,vocational,single,salary_range,15,Nam Định,Nông dân / Nông nghiệp,,unemployed,0
worker_0962,52,other,university,single,salary_range|skills,26,Biên Hòa,Giúp việc / Dịch vụ,,retired,9783825
worker_0963,56,male,college,widowed,salary_range|skills,28,Biên Hòa,Kế toán / Hành chính,family|location|other,unemployed,0
worker_0964,55,other,primary,widowed,salary_range,28,Đà Lạt,Nhân viên bán hàng,health|techGap|other,employed,5864633
worker_0965,45,male,vocational,widowed,skills|salary_range,21,Hải Dương,Nông dân / Nông nghiệp,techGap|location|health,unemployed,0
worker_0966,47,other,college,widowed,salary_range|skills,23,Bình Dương,Lao động xây dựng,,retired,6409255
worker_0967,61,male,vocational,married,salary_range|skills,30,Vĩnh Phúc,Giúp việc / Dịch vụ,,self-employed,8946879
worker_0968,51,other,primary,widowed,salary_range|skills,26,Hải Phòng,Nông dân / Nông nghiệp,health|family,self-employed,11141426
worker_0969,43,female,middle,married,salary_range|skills,22,Cần Thơ,Lái xe,location,employed,13276239
worker_0970,55,male,none,divorced,skills|salary_range,30,Hải Phòng,Bảo vệ,location|family|other,self-employed,11887794
worker_0971,63,other,middle,married,salary_range,30,Qui Nhơn,Nhân viên phục vụ,,unemployed,0
worker_0972,48,female,college,married,skills,20,Huế,Công nhân sản xuất,other,unemployed,0
worker_0973,53,female,middle,married,skills|salary_range,23,Buôn Ma Thuột,Giúp việc / Dịch vụ,,self-employed,10105033
worker_0974,41,male,primary,divorced,skills|salary_range,16,Hà Nội,Lái xe,other,employed,8615072
worker_0975,38,other,vocational,widowed,salary_range|skills,9,Bắc Ninh,Lái xe,family|other,retired,5782174
worker_0976,53,female,primary,divorced,skills|salary_range,27,Hải Phòng,Nhân viên bán hàng,family|location|other,retired,13925409
worker_0977,52,female,vocational,widowed,salary_range|skills,25,Vinhy,Pha chế,health|other|techGap,employed,12860483
worker_0978,58,other,middle,married,salary_range|skills,29,Buôn Ma Thuột,Công nhân sản xuất,techGap,retired,14012510
worker_0979,56,other,university,widowed,salary_range|skills,29,Đà Nẵng,Nhân viên kho vận,,retired,11925370
worker_0980,44,other,college,divorced,skills,19,Nha Trang,Lao động xây dựng,techGap|other,retired,9676877
worker_0981,60,female,high,divorced,salary_range|skills,30,Buôn Ma Thuột,Nông dân / Nông nghiệp,health|family|other,self-employed,5161365
worker_0982,64,female,primary,divorced,salary_range,30,Thái Nguyên,Thợ lành nghề,family|health,employed,6373526
worker_0983,50,other,none,widowed,salary_range|skills,24,Thanh Hóa,Kế toán / Hành chính,techGap|family,employed,3144191
worker_0984,37,other,primary,single,salary_range|skills,7,Thanh Hóa,Bảo vệ,techGap|location|health,employed,10055590
worker_0985,44,other,none,divorced,skills|salary_range,21,Hải Dương,Kế toán / Hành chính,,retired,3993589
worker_0986,51,female,college,single,skills|salary_range,30,Đà Nẵng,Thợ lành nghề,location|other|family,unemployed,0
worker_0987,65,female,primary,divorced,salary_range|skills,30,Hải Dương,Lái xe,location,employed,11250769
worker_0988,39,other,university,single,skills|salary_range,18,Huế,Lái xe,family|other,self-employed,13796094
worker_0989,43,other,college,married,skills|salary_range,18,Nam Định,Bảo vệ,other,retired,3579093
worker_0990,65,other,none,married,skills|salary_range,30,Hà Nội,Kế toán / Hành chính,family|techGap,retired,8816862
worker_0991,46,female,high,single,salary_range|skills,19,Bắc Ninh,Thợ lành nghề,techGap|family,retired,3278817
worker_0992,51,other,middle,widowed,salary_range|skills,21,Buôn Ma Thuột,Lao động xây dựng,,employed,9489308
worker_0993,60,male,high,married,salary_range|skills,30,Vĩnh Phúc,Lái xe,family|techGap,employed,13102723
worker_0994,62,male,college,divorced,skills|salary_range,30,Hải Dương,Công nhân sản xuất,,employed,10949934
worker_0995,43,other,university,single,skills|salary_range,23,Thái Nguyên,Lao động xây dựng,health,unemployed,0
worker_0996,62,female,high,married,salary_range,30,Buôn Ma Thuột,Giúp việc / Dịch vụ,family|health,retired,11126279
worker_0997,49,other,college,divorced,skills,26,Vinhy,Nhân viên bán hàng,,unemployed,0
worker_0998,45,female,university,divorced,salary_range,22,Buôn Ma Thuột,Bảo vệ,other|techGap,unemployed,0
worker_0999,46,other,high,divorced,skills|salary_range,18,Bắc Ninh,Bảo vệ,location,self-employed,11128686
worker_1000,46,male,vocational,married,skills|salary_range,16,Cần Thơ,Nhân viên phục vụ,health,self-employed,4759375
