id,age,gender,education,marital_status,skills,experience_years,location,target_job,barriers,employment_status,current_salary,education_level_num,skills_normalized,barrier_health,barrier_family,barrier_techGap,barrier_location,barrier_language,barrier_score,barrier_level,region,location_normalized,cleaned_at
worker_0001,52,other,primary,single,salary_range,23.0,Đà Nẵng,Nhân viên kho vận,,unemployed,0,1,True,0,0,0,0,0,0.0,low,central,đà nẵng,2026-04-19T00:38:59.533365
worker_0002,51,male,university,single,salary_range|skills,26.0,Vinhy,Kế toán / Hành chính,other|health|location,retired,4733117,5,True,1,0,0,1,0,3.0,medium,north,nghệ an,2026-04-19T00:38:59.533420
worker_0003,46,female,primary,married,salary_range|skills,26.0,Nam Định,Nhân viên kho vận,health,retired,7592604,1,True,1,0,0,0,0,2.0,medium,north,nam định,2026-04-19T00:38:59.533483
worker_0004,39,female,college,married,salary_range|skills,12.0,Đà Nẵng,Công nhân sản xuất,health|family,unemployed,0,4,True,1,1,0,0,0,3.5,medium,central,đà nẵng,2026-04-19T00:38:59.533527
worker_0005,42,female,college,divorced,salary_range|skills,19.0,Thái Nguyên,Nhân viên bán hàng,other,employed,3481900,4,True,0,0,0,0,0,0.0,low,north,thái nguyên,2026-04-19T00:38:59.533586
worker_0006,63,female,upper_secondary,married,salary_range|skills,30.0,Nam Định,Nông dân / Nông nghiệp,techGap|location,retired,9727234,3,True,0,0,1,1,0,2.5,medium,north,nam định,2026-04-19T00:38:59.533645
worker_0008,56,male,upper_secondary,divorced,salary_range|skills,28.0,Huế,Giúp việc / Dịch vụ,family|location,retired,3088321,3,True,0,1,0,1,0,2.5,medium,central,thừa thiên huế,2026-04-19T00:38:59.533741
worker_0009,36,female,college,widowed,salary_range|skills,8.0,Huế,Nhân viên bán hàng,,unemployed,0,4,True,0,0,0,0,0,0.0,low,central,thừa thiên huế,2026-04-19T00:38:59.533766
worker_0010,50,female,university,widowed,salary_range|skills,29.0,Thanh Hóa,Lái xe,,unemployed,0,5,True,0,0,0,0,0,0.0,low,north,thanh hóa,2026-04-19T00:38:59.533810
worker_0013,38,male,upper_secondary,divorced,salary_range|skills,12.0,Thanh Hóa,Nhân viên phục vụ,location,retired,12198654,3,True,0,0,0,1,0,1.0,low,north,thanh hóa,2026-04-19T00:38:59.534023
worker_0014,53,other,primary,married,salary_range|skills,30.0,Nha Trang,Nhân viên bán hàng,health|family|other,employed,9186706,1,True,1,1,0,0,0,3.5,medium,central,khánh hòa,2026-04-19T00:38:59.534061
worker_0015,44,other,university,widowed,salary_range|skills,22.0,Nha Trang,Giúp việc / Dịch vụ,techGap,retired,6966515,5,True,0,0,1,0,0,1.5,low,central,khánh hòa,2026-04-19T00:38:59.534098
worker_0016,56,female,college,widowed,salary_range,26.0,Bình Dương,Lái xe,health|other,unemployed,0,4,True,1,0,0,0,0,2.0,medium,south_east,bình dương,2026-04-19T00:38:59.534168
worker_0017,63,female,primary,divorced,salary_range|skills,30.0,Huế,Nhân viên phục vụ,health|other,retired,13192063,1,True,1,0,0,0,0,2.0,medium,central,thừa thiên huế,2026-04-19T00:38:59.534212
worker_0018,48,male,college,divorced,salary_range|skills,20.0,Bắc Ninh,Nhân viên bán hàng,,retired,8229740,4,True,0,0,0,0,0,0.0,low,north,bắc ninh,2026-04-19T00:38:59.534276
worker_0019,63,female,upper_secondary,divorced,salary_range,30.0,Huế,Nhân viên kho vận,,employed,5665709,3,True,0,0,0,0,0,0.0,low,central,thừa thiên huế,2026-04-19T00:38:59.534311
worker_0021,47,male,upper_secondary,single,salary_range|skills,19.0,Vinhy,Lái xe,other|techGap,retired,5586055,3,True,0,0,1,0,0,1.5,low,north,nghệ an,2026-04-19T00:38:59.534485
worker_0022,43,female,college,single,salary_range|skills,18.0,Nha Trang,Nhân viên kho vận,,self-employed,14345541,4,True,0,0,0,0,0,0.0,low,central,khánh hòa,2026-04-19T00:38:59.534577
worker_0023,43,other,upper_secondary,divorced,salary_range|skills,20.0,Vũng Tàu,Thợ lành nghề,location|other,unemployed,0,3,True,0,0,0,1,0,1.0,low,south_east,vũng tàu,2026-04-19T00:38:59.534788
worker_0025,40,male,college,divorced,salary_range|skills,14.0,Bắc Ninh,Pha chế,techGap,self-employed,12810541,4,True,0,0,1,0,0,1.5,low,north,bắc ninh,2026-04-19T00:38:59.535172
worker_0026,49,male,upper_secondary,divorced,salary_range|skills,27.0,Hải Phòng,Nông dân / Nông nghiệp,other|location,retired,8872679,3,True,0,0,0,1,0,1.0,low,north,hải phòng,2026-04-19T00:38:59.535261
worker_0027,64,other,upper_secondary,married,salary_range|skills,30.0,Bắc Ninh,Bảo vệ,,employed,8827662,3,True,0,0,0,0,0,0.0,low,north,bắc ninh,2026-04-19T00:38:59.535320
worker_0028,59,male,college,divorced,salary_range|skills,30.0,Nam Định,Kế toán / Hành chính,,employed,7757656,4,True,0,0,0,0,0,0.0,low,north,nam định,2026-04-19T00:38:59.535531
worker_0030,58,male,primary,widowed,salary_range|skills,30.0,Bắc Ninh,Nhân viên kho vận,,employed,11233748,1,True,0,0,0,0,0,0.0,low,north,bắc ninh,2026-04-19T00:38:59.535657
worker_0031,46,female,college,single,salary_range|skills,22.0,Đà Nẵng,Nông dân / Nông nghiệp,,employed,7828146,4,True,0,0,0,0,0,0.0,low,central,đà nẵng,2026-04-19T00:38:59.535706
worker_0033,65,female,primary,single,skills,30.0,Bắc Ninh,Bảo vệ,health|techGap,self-employed,6691251,1,True,1,0,1,0,0,3.5,medium,north,bắc ninh,2026-04-19T00:38:59.535861
worker_0034,40,male,primary,divorced,salary_range|skills,14.0,TP. Hồ Chí Minh,Lao động xây dựng,other,unemployed,0,1,True,0,0,0,0,0,0.0,low,south_east,hồ chí minh,2026-04-19T00:38:59.535943
worker_0036,63,other,primary,single,skills,30.0,Vĩnh Phúc,Nông dân / Nông nghiệp,location|techGap,unemployed,0,1,True,0,0,1,1,0,2.5,medium,north,vĩnh phúc,2026-04-19T00:38:59.536218
worker_0037,41,female,primary,widowed,salary_range|skills,14.0,Đà Nẵng,Công nhân sản xuất,other,employed,11198253,1,True,0,0,0,0,0,0.0,low,central,đà nẵng,2026-04-19T00:38:59.536305
worker_0038,45,male,primary,married,salary_range|skills,24.0,Vũng Tàu,Nhân viên phục vụ,health|location|family,retired,10379780,1,True,1,1,0,1,0,4.5,medium,south_east,vũng tàu,2026-04-19T00:38:59.536402
worker_0040,55,male,upper_secondary,widowed,salary_range|skills,30.0,Hải Phòng,Thợ lành nghề,techGap,unemployed,0,3,True,0,0,1,0,0,1.5,low,north,hải phòng,2026-04-19T00:38:59.536620
worker_0041,47,other,primary,single,salary_range|skills,18.0,Thanh Hóa,Pha chế,location|techGap,employed,6543797,1,True,0,0,1,1,0,2.5,medium,north,thanh hóa,2026-04-19T00:38:59.536718
worker_0042,46,male,primary,married,salary_range|skills,26.0,Vũng Tàu,Bảo vệ,health,retired,10284343,1,True,1,0,0,0,0,2.0,medium,south_east,vũng tàu,2026-04-19T00:38:59.536804
worker_0043,65,other,college,single,salary_range|skills,30.0,Thái Nguyên,Giúp việc / Dịch vụ,health|location,self-employed,6141534,4,True,1,0,0,1,0,3.0,medium,north,thái nguyên,2026-04-19T00:38:59.536917
worker_0044,37,other,primary,divorced,salary_range|skills,9.0,Thanh Hóa,Lao động xây dựng,other,unemployed,0,1,True,0,0,0,0,0,0.0,low,north,thanh hóa,2026-04-19T00:38:59.537014
worker_0046,57,other,college,widowed,salary_range|skills,30.0,Bắc Ninh,Thợ lành nghề,location|health|techGap,unemployed,0,4,True,1,0,1,1,0,4.5,medium,north,bắc ninh,2026-04-19T00:38:59.537218
worker_0047,39,female,primary,divorced,salary_range|skills,12.0,Bắc Ninh,Giúp việc / Dịch vụ,,self-employed,10908210,1,True,0,0,0,0,0,0.0,low,north,bắc ninh,2026-04-19T00:38:59.537297
worker_0048,64,other,primary,divorced,salary_range,30.0,Vũng Tàu,Lái xe,techGap,retired,8749122,1,True,0,0,1,0,0,1.5,low,south_east,vũng tàu,2026-04-19T00:38:59.537378
worker_0049,63,male,college,married,salary_range|skills,30.0,Đà Nẵng,Thợ lành nghề,,employed,7277965,4,True,0,0,0,0,0,0.0,low,central,đà nẵng,2026-04-19T00:38:59.537469
worker_0050,56,other,primary,single,salary_range|skills,26.0,Bắc Ninh,Nông dân / Nông nghiệp,health|techGap,retired,6421827,1,True,1,0,1,0,0,3.5,medium,north,bắc ninh,2026-04-19T00:38:59.537606
worker_0051,37,male,upper_secondary,married,salary_range|skills,9.0,Vũng Tàu,Nhân viên bán hàng,health|other,self-employed,14113838,3,True,1,0,0,0,0,2.0,medium,south_east,vũng tàu,2026-04-19T00:38:59.537691
worker_0052,59,male,upper_secondary,divorced,salary_range|skills,30.0,Bình Dương,Bảo vệ,,self-employed,14917156,3,True,0,0,0,0,0,0.0,low,south_east,bình dương,2026-04-19T00:38:59.537757
worker_0053,65,female,primary,divorced,skills,30.0,Hải Dương,Lái xe,techGap|health,retired,12725871,1,True,1,0,1,0,0,3.5,medium,north,hải dương,2026-04-19T00:38:59.537805
worker_0054,35,female,primary,divorced,salary_range|skills,8.0,Cần Thơ,Nhân viên kho vận,techGap,unemployed,0,1,True,0,0,1,0,0,1.5,low,mekong,cần thơ,2026-04-19T00:38:59.537852
worker_0055,37,other,college,divorced,salary_range|skills,13.0,Bắc Ninh,Bảo vệ,techGap|health|family,retired,13956556,4,True,1,1,1,0,0,5.0,high,north,bắc ninh,2026-04-19T00:38:59.537899
worker_0056,53,male,college,divorced,salary_range|skills,30.0,Bắc Ninh,Nhân viên kho vận,other,employed,12230179,4,True,0,0,0,0,0,0.0,low,north,bắc ninh,2026-04-19T00:38:59.537943
worker_0057,47,female,university,single,salary_range,26.0,Vũng Tàu,Nông dân / Nông nghiệp,family|location|techGap,retired,9435235,5,True,0,1,1,1,0,4.0,medium,south_east,vũng tàu,2026-04-19T00:38:59.537987
worker_0058,35,male,upper_secondary,married,salary_range|skills,8.0,Thái Nguyên,Nhân viên phục vụ,techGap,employed,14729103,3,True,0,0,1,0,0,1.5,low,north,thái nguyên,2026-04-19T00:38:59.538046
worker_0059,46,male,primary,married,salary_range|skills,20.0,Vinhy,Pha chế,family|techGap,unemployed,0,1,True,0,1,1,0,0,3.0,medium,north,nghệ an,2026-04-19T00:38:59.538081
worker_0060,65,other,upper_secondary,divorced,salary_range|skills,30.0,Vũng Tàu,Kế toán / Hành chính,location,employed,13100301,3,True,0,0,0,1,0,1.0,low,south_east,vũng tàu,2026-04-19T00:38:59.538126
worker_0061,51,female,upper_secondary,divorced,salary_range|skills,25.0,Bắc Ninh,Bảo vệ,techGap|location|family,unemployed,0,3,True,0,1,1,1,0,4.0,medium,north,bắc ninh,2026-04-19T00:38:59.538179
worker_0062,37,female,primary,single,salary_range|skills,16.0,Bình Dương,Thợ lành nghề,location,self-employed,12309629,1,True,0,0,0,1,0,1.0,low,south_east,bình dương,2026-04-19T00:38:59.538242
worker_0063,56,female,university,divorced,salary_range,30.0,Hải Dương,Nông dân / Nông nghiệp,,employed,9431255,5,True,0,0,0,0,0,0.0,low,north,hải dương,2026-04-19T00:38:59.538284
worker_0064,37,female,primary,divorced,salary_range|skills,13.0,Hải Dương,Công nhân sản xuất,family|other|location,employed,13444800,1,True,0,1,0,1,0,2.5,medium,north,hải dương,2026-04-19T00:38:59.538329
worker_0065,44,male,college,divorced,salary_range|skills,19.0,Vĩnh Phúc,Lao động xây dựng,health|location|family,unemployed,0,4,True,1,1,0,1,0,4.5,medium,north,vĩnh phúc,2026-04-19T00:38:59.538396
worker_0066,58,male,university,married,salary_range|skills,29.0,Vinhy,Kế toán / Hành chính,techGap|health|other,retired,12949806,5,True,1,0,1,0,0,3.5,medium,north,nghệ an,2026-04-19T00:38:59.538429
worker_0068,44,male,university,married,salary_range|skills,23.0,Nam Định,Giúp việc / Dịch vụ,location|techGap|family,retired,4211945,5,True,0,1,1,1,0,4.0,medium,north,nam định,2026-04-19T00:38:59.538547
worker_0069,41,female,upper_secondary,single,salary_range|skills,17.0,Vinhy,Bảo vệ,health|family|location,unemployed,0,3,True,1,1,0,1,0,4.5,medium,north,nghệ an,2026-04-19T00:38:59.538582
worker_0070,58,female,college,divorced,salary_range|skills,30.0,Huế,Nhân viên kho vận,other,self-employed,14098897,4,True,0,0,0,0,0,0.0,low,central,thừa thiên huế,2026-04-19T00:38:59.538615
worker_0071,57,other,upper_secondary,widowed,salary_range|skills,30.0,Vinhy,Lao động xây dựng,other|health|location,retired,4956687,3,True,1,0,0,1,0,3.0,medium,north,nghệ an,2026-04-19T00:38:59.538643
worker_0074,36,male,college,single,salary_range|skills,13.0,TP. Hồ Chí Minh,Lao động xây dựng,,unemployed,0,4,True,0,0,0,0,0,0.0,low,south_east,hồ chí minh,2026-04-19T00:38:59.538801
worker_0075,64,other,primary,married,salary_range|skills,30.0,Bắc Ninh,Nhân viên kho vận,other|health,unemployed,0,1,True,1,0,0,0,0,2.0,medium,north,bắc ninh,2026-04-19T00:38:59.538841
worker_0076,57,female,college,widowed,salary_range,29.0,Vĩnh Phúc,Nông dân / Nông nghiệp,techGap,retired,6755184,4,True,0,0,1,0,0,1.5,low,north,vĩnh phúc,2026-04-19T00:38:59.538896
worker_0077,47,male,primary,widowed,salary_range|skills,24.0,TP. Hồ Chí Minh,Kế toán / Hành chính,,self-employed,6936936,1,True,0,0,0,0,0,0.0,low,south_east,hồ chí minh,2026-04-19T00:38:59.538931
worker_0078,61,other,college,married,salary_range|skills,30.0,Hà Nội,Nhân viên phục vụ,location|health,unemployed,0,4,True,1,0,0,1,0,3.0,medium,north,hà nội,2026-04-19T00:38:59.538965
worker_0079,51,other,primary,divorced,salary_range|skills,24.0,Vinhy,Bảo vệ,techGap|location,retired,14974549,1,True,0,0,1,1,0,2.5,medium,north,nghệ an,2026-04-19T00:38:59.538993
worker_0080,50,other,college,single,salary_range|skills,21.0,Huế,Công nhân sản xuất,,unemployed,0,4,True,0,0,0,0,0,0.0,low,central,thừa thiên huế,2026-04-19T00:38:59.539013
worker_0082,49,male,college,widowed,skills,29.0,Nam Định,Lao động xây dựng,,retired,11030070,4,True,0,0,0,0,0,0.0,low,north,nam định,2026-04-19T00:38:59.539108
worker_0084,65,female,college,single,skills,30.0,Bắc Ninh,Giúp việc / Dịch vụ,,unemployed,0,4,True,0,0,0,0,0,0.0,low,north,bắc ninh,2026-04-19T00:38:59.539221
worker_0085,64,female,university,divorced,salary_range|skills,30.0,Huế,Nhân viên phục vụ,family|health,employed,6575696,5,True,1,1,0,0,0,3.5,medium,central,thừa thiên huế,2026-04-19T00:38:59.539244
worker_0086,46,other,primary,single,salary_range|skills,20.0,Vĩnh Phúc,Pha chế,family,self-employed,10012492,1,True,0,1,0,0,0,1.5,low,north,vĩnh phúc,2026-04-19T00:38:59.539299
worker_0087,65,male,university,widowed,salary_range|skills,30.0,Thanh Hóa,Nhân viên bán hàng,other|family|location,unemployed,0,5,True,0,1,0,1,0,2.5,medium,north,thanh hóa,2026-04-19T00:38:59.539340
worker_0089,38,female,upper_secondary,divorced,salary_range,8.0,Vĩnh Phúc,Công nhân sản xuất,techGap|other|family,employed,8819373,3,True,0,1,1,0,0,3.0,medium,north,vĩnh phúc,2026-04-19T00:38:59.539445
worker_0090,38,male,primary,married,salary_range|skills,17.0,Bình Dương,Công nhân sản xuất,location|family,employed,8756750,1,True,0,1,0,1,0,2.5,medium,south_east,bình dương,2026-04-19T00:38:59.539483
worker_0091,49,female,university,married,salary_range|skills,19.0,TP. Hồ Chí Minh,Giúp việc / Dịch vụ,location|health,employed,6750351,5,True,1,0,0,1,0,3.0,medium,south_east,hồ chí minh,2026-04-19T00:38:59.539523
worker_0092,58,female,primary,divorced,salary_range|skills,30.0,Vinhy,Lái xe,other|health|location,retired,14563975,1,True,1,0,0,1,0,3.0,medium,north,nghệ an,2026-04-19T00:38:59.539552
worker_0094,58,male,college,married,salary_range|skills,30.0,Đà Nẵng,Nhân viên kho vận,family|health,retired,8938050,4,True,1,1,0,0,0,3.5,medium,central,đà nẵng,2026-04-19T00:38:59.539664
worker_0095,63,other,college,single,salary_range|skills,30.0,Huế,Nhân viên phục vụ,other|health|family,self-employed,10930449,4,True,1,1,0,0,0,3.5,medium,central,thừa thiên huế,2026-04-19T00:38:59.539690
worker_0096,37,other,college,widowed,salary_range|skills,9.0,Thanh Hóa,Lái xe,,retired,12300263,4,True,0,0,0,0,0,0.0,low,north,thanh hóa,2026-04-19T00:38:59.539732
worker_0097,62,other,upper_secondary,divorced,salary_range|skills,30.0,Đà Nẵng,Công nhân sản xuất,family,unemployed,0,3,True,0,1,0,0,0,1.5,low,central,đà nẵng,2026-04-19T00:38:59.539766
worker_0098,52,female,college,widowed,salary_range|skills,30.0,Nam Định,Nhân viên phục vụ,family|techGap,retired,8641055,4,True,0,1,1,0,0,3.0,medium,north,nam định,2026-04-19T00:38:59.539808
worker_0099,35,other,university,divorced,salary_range|skills,12.0,Vinhy,Bảo vệ,health|techGap|family,unemployed,0,5,True,1,1,1,0,0,5.0,high,north,nghệ an,2026-04-19T00:38:59.539835
worker_0101,65,other,primary,divorced,salary_range|skills,30.0,Vũng Tàu,Pha chế,,employed,4185812,1,True,0,0,0,0,0,0.0,low,south_east,vũng tàu,2026-04-19T00:38:59.539920
worker_0102,39,female,university,widowed,salary_range|skills,15.0,Cần Thơ,Lái xe,health,retired,4382211,5,True,1,0,0,0,0,2.0,medium,mekong,cần thơ,2026-04-19T00:38:59.539957
worker_0103,57,male,university,single,salary_range|skills,30.0,Nha Trang,Bảo vệ,location|other|techGap,self-employed,5665056,5,True,0,0,1,1,0,2.5,medium,central,khánh hòa,2026-04-19T00:38:59.539979
worker_0104,56,other,college,divorced,salary_range|skills,30.0,Nha Trang,Pha chế,,self-employed,5655375,4,True,0,0,0,0,0,0.0,low,central,khánh hòa,2026-04-19T00:38:59.539998
worker_0105,60,female,university,married,salary_range|skills,30.0,Nam Định,Bảo vệ,location|family|techGap,retired,7952224,5,True,0,1,1,1,0,4.0,medium,north,nam định,2026-04-19T00:38:59.540038
worker_0106,52,other,primary,married,salary_range|skills,26.0,Thanh Hóa,Nhân viên bán hàng,,self-employed,6217890,1,True,0,0,0,0,0,0.0,low,north,thanh hóa,2026-04-19T00:38:59.540077
worker_0107,63,male,college,single,salary_range|skills,30.0,Vĩnh Phúc,Pha chế,health,self-employed,3217248,4,True,1,0,0,0,0,2.0,medium,north,vĩnh phúc,2026-04-19T00:38:59.540139
worker_0108,49,male,college,divorced,salary_range|skills,26.0,Hải Phòng,Lái xe,family|health|techGap,employed,13239336,4,True,1,1,1,0,0,5.0,high,north,hải phòng,2026-04-19T00:38:59.540189
worker_0109,37,male,primary,divorced,skills,14.0,Bình Dương,Nhân viên phục vụ,location|family|other,employed,6080345,1,True,0,1,0,1,0,2.5,medium,south_east,bình dương,2026-04-19T00:38:59.540225
worker_0110,37,female,upper_secondary,married,salary_range|skills,17.0,Nam Định,Kế toán / Hành chính,family|location|other,employed,11808004,3,True,0,1,0,1,0,2.5,medium,north,nam định,2026-04-19T00:38:59.540268
worker_0111,51,other,primary,single,salary_range|skills,29.0,Đà Lạt,Thợ lành nghề,location,unemployed,0,1,True,0,0,0,1,0,1.0,low,central_highlands,lâm đồng,2026-04-19T00:38:59.540288
worker_0112,46,male,college,single,salary_range|skills,26.0,Đà Lạt,Công nhân sản xuất,,unemployed,0,4,True,0,0,0,0,0,0.0,low,central_highlands,lâm đồng,2026-04-19T00:38:59.540309
worker_0113,62,female,upper_secondary,divorced,salary_range|skills,30.0,Thanh Hóa,Nhân viên kho vận,other|location|family,unemployed,0,3,True,0,1,0,1,0,2.5,medium,north,thanh hóa,2026-04-19T00:38:59.540347
worker_0114,40,other,upper_secondary,widowed,salary_range|skills,11.0,Bình Dương,Công nhân sản xuất,,retired,7078781,3,True,0,0,0,0,0,0.0,low,south_east,bình dương,2026-04-19T00:38:59.540382
worker_0115,59,male,college,single,salary_range|skills,30.0,Bình Dương,Công nhân sản xuất,,unemployed,0,4,True,0,0,0,0,0,0.0,low,south_east,bình dương,2026-04-19T00:38:59.540416
worker_0116,53,other,college,married,salary_range|skills,28.0,Hà Nội,Nhân viên phục vụ,other|techGap,self-employed,7391275,4,True,0,0,1,0,0,1.5,low,north,hà nội,2026-04-19T00:38:59.540449
worker_0117,39,male,college,married,salary_range|skills,12.0,Thái Nguyên,Nông dân / Nông nghiệp,techGap|family|location,employed,14566099,4,True,0,1,1,1,0,4.0,medium,north,thái nguyên,2026-04-19T00:38:59.540498
worker_0118,63,female,upper_secondary,divorced,salary_range|skills,30.0,Nam Định,Kế toán / Hành chính,location|health|family,retired,14600988,3,True,1,1,0,1,0,4.5,medium,north,nam định,2026-04-19T00:38:59.540540
worker_0119,51,other,upper_secondary,widowed,salary_range|skills,24.0,Thanh Hóa,Giúp việc / Dịch vụ,other,unemployed,0,3,True,0,0,0,0,0,0.0,low,north,thanh hóa,2026-04-19T00:38:59.540580
worker_0120,57,male,college,married,salary_range,29.0,Nam Định,Bảo vệ,other|family,unemployed,0,4,True,0,1,0,0,0,1.5,low,north,nam định,2026-04-19T00:38:59.540619
worker_0121,38,other,college,widowed,salary_range|skills,13.0,Đà Lạt,Lái xe,other,self-employed,3582683,4,True,0,0,0,0,0,0.0,low,central_highlands,lâm đồng,2026-04-19T00:38:59.540641
worker_0122,58,other,upper_secondary,divorced,salary_range|skills,30.0,Hải Dương,Lái xe,,employed,7812523,3,True,0,0,0,0,0,0.0,low,north,hải dương,2026-04-19T00:38:59.540679
worker_0123,54,other,college,single,salary_range|skills,30.0,Bắc Ninh,Lao động xây dựng,,retired,9334368,4,True,0,0,0,0,0,0.0,low,north,bắc ninh,2026-04-19T00:38:59.540719
worker_0124,62,male,college,married,salary_range|skills,30.0,Cần Thơ,Nhân viên kho vận,location,unemployed,0,4,True,0,0,0,1,0,1.0,low,mekong,cần thơ,2026-04-19T00:38:59.540776
worker_0125,61,other,upper_secondary,married,salary_range|skills,30.0,Vũng Tàu,Nhân viên kho vận,location,employed,14035273,3,True,0,0,0,1,0,1.0,low,south_east,vũng tàu,2026-04-19T00:38:59.540838
worker_0126,36,female,upper_secondary,divorced,salary_range|skills,13.0,TP. Hồ Chí Minh,Lao động xây dựng,location,employed,6418619,3,True,0,0,0,1,0,1.0,low,south_east,hồ chí minh,2026-04-19T00:38:59.540902
worker_0127,40,male,upper_secondary,married,salary_range|skills,14.0,Cần Thơ,Pha chế,other|techGap|family,retired,9514659,3,True,0,1,1,0,0,3.0,medium,mekong,cần thơ,2026-04-19T00:38:59.540967
worker_0128,35,male,primary,single,salary_range|skills,8.0,Hải Dương,Thợ lành nghề,techGap|other,retired,13327008,1,True,0,0,1,0,0,1.5,low,north,hải dương,2026-04-19T00:38:59.541076
worker_0129,60,other,primary,divorced,salary_range|skills,30.0,Vĩnh Phúc,Lao động xây dựng,health|family,unemployed,0,1,True,1,1,0,0,0,3.5,medium,north,vĩnh phúc,2026-04-19T00:38:59.541181
worker_0131,54,male,primary,divorced,salary_range|skills,25.0,Thanh Hóa,Thợ lành nghề,location,retired,6515108,1,True,0,0,0,1,0,1.0,low,north,thanh hóa,2026-04-19T00:38:59.541368
worker_0132,53,other,university,single,salary_range|skills,26.0,Hải Dương,Giúp việc / Dịch vụ,health|family,employed,13630348,5,True,1,1,0,0,0,3.5,medium,north,hải dương,2026-04-19T00:38:59.541438
worker_0133,53,other,university,widowed,salary_range|skills,23.0,Nam Định,Bảo vệ,family|other,unemployed,0,5,True,0,1,0,0,0,1.5,low,north,nam định,2026-04-19T00:38:59.541519
worker_0134,44,female,upper_secondary,single,salary_range|skills,17.0,TP. Hồ Chí Minh,Nhân viên bán hàng,health,self-employed,8135324,3,True,1,0,0,0,0,2.0,medium,south_east,hồ chí minh,2026-04-19T00:38:59.541581
worker_0135,35,other,upper_secondary,married,salary_range|skills,10.0,Hải Dương,Nhân viên phục vụ,family|health|location,retired,8718133,3,True,1,1,0,1,0,4.5,medium,north,hải dương,2026-04-19T00:38:59.541649
worker_0136,38,other,university,single,salary_range|skills,18.0,Huế,Giúp việc / Dịch vụ,other,retired,13116639,5,True,0,0,0,0,0,0.0,low,central,thừa thiên huế,2026-04-19T00:38:59.541685
worker_0137,46,female,primary,single,salary_range|skills,23.0,Vĩnh Phúc,Pha chế,techGap,unemployed,0,1,True,0,0,1,0,0,1.5,low,north,vĩnh phúc,2026-04-19T00:38:59.541792
worker_0140,65,female,primary,widowed,salary_range|skills,30.0,TP. Hồ Chí Minh,Lao động xây dựng,,self-employed,6835504,1,True,0,0,0,0,0,0.0,low,south_east,hồ chí minh,2026-04-19T00:38:59.542072
worker_0141,41,female,college,widowed,salary_range|skills,14.0,Vĩnh Phúc,Nông dân / Nông nghiệp,other|health,unemployed,0,4,True,1,0,0,0,0,2.0,medium,north,vĩnh phúc,2026-04-19T00:38:59.542179
worker_0142,44,male,primary,married,salary_range|skills,15.0,Vũng Tàu,Thợ lành nghề,other|techGap,employed,13580519,1,True,0,0,1,0,0,1.5,low,south_east,vũng tàu,2026-04-19T00:38:59.542251
worker_0143,48,male,primary,married,salary_range|skills,22.0,Thái Nguyên,Giúp việc / Dịch vụ,other,retired,12826109,1,True,0,0,0,0,0,0.0,low,north,thái nguyên,2026-04-19T00:38:59.542343
worker_0144,44,female,primary,divorced,salary_range|skills,19.0,Vinhy,Kế toán / Hành chính,health|family,unemployed,0,1,True,1,1,0,0,0,3.5,medium,north,nghệ an,2026-04-19T00:38:59.542397
worker_0145,65,other,university,single,skills,30.0,Nha Trang,Bảo vệ,techGap|family,unemployed,0,5,True,0,1,1,0,0,3.0,medium,central,khánh hòa,2026-04-19T00:38:59.542432
worker_0146,58,other,primary,divorced,salary_range|skills,30.0,Hải Dương,Nông dân / Nông nghiệp,health|location,unemployed,0,1,True,1,0,0,1,0,3.0,medium,north,hải dương,2026-04-19T00:38:59.542502
worker_0147,53,other,upper_secondary,widowed,salary_range,28.0,Hải Dương,Lao động xây dựng,health,retired,12636447,3,True,1,0,0,0,0,2.0,medium,north,hải dương,2026-04-19T00:38:59.542571
worker_0149,59,female,upper_secondary,married,salary_range,30.0,Vinhy,Lao động xây dựng,family,unemployed,0,3,True,0,1,0,0,0,1.5,low,north,nghệ an,2026-04-19T00:38:59.542716
worker_0150,59,male,college,single,salary_range|skills,30.0,Hà Nội,Giúp việc / Dịch vụ,other,employed,9976494,4,True,0,0,0,0,0,0.0,low,north,hà nội,2026-04-19T00:38:59.542776
worker_0151,35,other,upper_secondary,divorced,salary_range|skills,14.0,Bắc Ninh,Bảo vệ,location,retired,11174629,3,True,0,0,0,1,0,1.0,low,north,bắc ninh,2026-04-19T00:38:59.542846
worker_0152,54,female,university,single,salary_range|skills,27.0,Hải Dương,Pha chế,other|location|health,self-employed,5523942,5,True,1,0,0,1,0,3.0,medium,north,hải dương,2026-04-19T00:38:59.542930
worker_0153,51,male,upper_secondary,divorced,salary_range|skills,24.0,Huế,Nhân viên phục vụ,health|other|techGap,retired,8455650,3,True,1,0,1,0,0,3.5,medium,central,thừa thiên huế,2026-04-19T00:38:59.542973
worker_0154,59,male,primary,married,salary_range,30.0,Vinhy,Bảo vệ,,unemployed,0,1,True,0,0,0,0,0,0.0,low,north,nghệ an,2026-04-19T00:38:59.543017
worker_0155,35,male,college,divorced,salary_range|skills,8.0,Đà Lạt,Kế toán / Hành chính,family,self-employed,6869654,4,True,0,1,0,0,0,1.5,low,central_highlands,lâm đồng,2026-04-19T00:38:59.543056
worker_0156,46,other,college,married,salary_range|skills,17.0,Hải Phòng,Pha chế,,unemployed,0,4,True,0,0,0,0,0,0.0,low,north,hải phòng,2026-04-19T00:38:59.543125
worker_0157,57,female,primary,divorced,salary_range|skills,28.0,Thái Nguyên,Nhân viên phục vụ,other|techGap|health,unemployed,0,1,True,1,0,1,0,0,3.5,medium,north,thái nguyên,2026-04-19T00:38:59.543222
worker_0158,37,male,university,single,salary_range|skills,9.0,Nha Trang,Lao động xây dựng,other|family|techGap,unemployed,0,5,True,0,1,1,0,0,3.0,medium,central,khánh hòa,2026-04-19T00:38:59.543266
worker_0159,59,male,college,married,salary_range|skills,30.0,Hà Nội,Pha chế,location|techGap,retired,11118312,4,True,0,0,1,1,0,2.5,medium,north,hà nội,2026-04-19T00:38:59.543326
worker_0160,48,other,university,married,salary_range|skills,18.0,Vĩnh Phúc,Lao động xây dựng,health|family,self-employed,10066289,5,True,1,1,0,0,0,3.5,medium,north,vĩnh phúc,2026-04-19T00:38:59.543424
worker_0161,44,other,upper_secondary,divorced,salary_range|skills,21.0,Thanh Hóa,Nhân viên kho vận,other|family,self-employed,5209284,3,True,0,1,0,0,0,1.5,low,north,thanh hóa,2026-04-19T00:38:59.543513
worker_0162,53,female,primary,divorced,salary_range|skills,23.0,Vĩnh Phúc,Bảo vệ,,retired,14893985,1,True,0,0,0,0,0,0.0,low,north,vĩnh phúc,2026-04-19T00:38:59.543625
worker_0163,44,male,primary,divorced,salary_range|skills,19.0,Vinhy,Kế toán / Hành chính,health,employed,4578701,1,True,1,0,0,0,0,2.0,medium,north,nghệ an,2026-04-19T00:38:59.543683
worker_0164,43,other,upper_secondary,divorced,salary_range|skills,13.0,Cần Thơ,Công nhân sản xuất,health,retired,7357803,3,True,1,0,0,0,0,2.0,medium,mekong,cần thơ,2026-04-19T00:38:59.543765
worker_0165,54,male,college,widowed,salary_range|skills,26.0,Cần Thơ,Nhân viên bán hàng,health|techGap,employed,7686847,4,True,1,0,1,0,0,3.5,medium,mekong,cần thơ,2026-04-19T00:38:59.543845
worker_0166,54,male,primary,divorced,salary_range|skills,30.0,Hải Dương,Giúp việc / Dịch vụ,,unemployed,0,1,True,0,0,0,0,0,0.0,low,north,hải dương,2026-04-19T00:38:59.543926
worker_0168,55,other,upper_secondary,divorced,salary_range|skills,26.0,Hà Nội,Bảo vệ,location|other,unemployed,0,3,True,0,0,0,1,0,1.0,low,north,hà nội,2026-04-19T00:38:59.544141
worker_0169,53,female,upper_secondary,married,salary_range|skills,30.0,Vĩnh Phúc,Giúp việc / Dịch vụ,other|techGap|location,unemployed,0,3,True,0,0,1,1,0,2.5,medium,north,vĩnh phúc,2026-04-19T00:38:59.544270
worker_0170,55,other,primary,married,salary_range|skills,30.0,Hải Phòng,Nhân viên phục vụ,location|family|other,retired,14880887,1,True,0,1,0,1,0,2.5,medium,north,hải phòng,2026-04-19T00:38:59.544388
worker_0171,49,other,college,married,salary_range|skills,26.0,Cần Thơ,Nông dân / Nông nghiệp,location|other,self-employed,10602252,4,True,0,0,0,1,0,1.0,low,mekong,cần thơ,2026-04-19T00:38:59.544485
worker_0172,64,female,university,divorced,salary_range|skills,30.0,Nam Định,Pha chế,,unemployed,0,5,True,0,0,0,0,0,0.0,low,north,nam định,2026-04-19T00:38:59.544576
worker_0173,63,female,college,divorced,salary_range|skills,30.0,TP. Hồ Chí Minh,Thợ lành nghề,,retired,10689623,4,True,0,0,0,0,0,0.0,low,south_east,hồ chí minh,2026-04-19T00:38:59.544661
worker_0174,36,other,upper_secondary,single,salary_range|skills,11.0,Cần Thơ,Nhân viên phục vụ,,self-employed,7331932,3,True,0,0,0,0,0,0.0,low,mekong,cần thơ,2026-04-19T00:38:59.544749
worker_0175,49,female,primary,single,salary_range|skills,20.0,Hà Nội,Giúp việc / Dịch vụ,health|other|family,unemployed,0,1,True,1,1,0,0,0,3.5,medium,north,hà nội,2026-04-19T00:38:59.544830
worker_0176,65,male,primary,divorced,salary_range,30.0,Nha Trang,Lái xe,other|techGap|family,retired,12357538,1,True,0,1,1,0,0,3.0,medium,central,khánh hòa,2026-04-19T00:38:59.544908
worker_0177,65,male,college,married,salary_range|skills,30.0,Vĩnh Phúc,Giúp việc / Dịch vụ,location,retired,14453803,4,True,0,0,0,1,0,1.0,low,north,vĩnh phúc,2026-04-19T00:38:59.545056
worker_0178,48,other,college,single,salary_range|skills,24.0,Nam Định,Giúp việc / Dịch vụ,location|family|techGap,retired,8433373,4,True,0,1,1,1,0,4.0,medium,north,nam định,2026-04-19T00:38:59.545164
worker_0181,47,female,primary,single,salary_range,19.0,Hà Nội,Giúp việc / Dịch vụ,,self-employed,13555754,1,True,0,0,0,0,0,0.0,low,north,hà nội,2026-04-19T00:38:59.545462
worker_0182,54,male,upper_secondary,widowed,salary_range|skills,30.0,Nam Định,Công nhân sản xuất,family|other,employed,4664434,3,True,0,1,0,0,0,1.5,low,north,nam định,2026-04-19T00:38:59.545534
worker_0184,53,male,primary,married,skills,30.0,Hà Nội,Công nhân sản xuất,location,unemployed,0,1,True,0,0,0,1,0,1.0,low,north,hà nội,2026-04-19T00:38:59.545997
worker_0186,42,female,upper_secondary,married,salary_range|skills,13.0,Đà Lạt,Nhân viên phục vụ,family|health,employed,14315779,3,True,1,1,0,0,0,3.5,medium,central_highlands,lâm đồng,2026-04-19T00:38:59.546203
worker_0187,52,other,college,married,salary_range|skills,30.0,Hải Phòng,Lao động xây dựng,location,self-employed,10958708,4,True,0,0,0,1,0,1.0,low,north,hải phòng,2026-04-19T00:38:59.546299
worker_0188,46,female,college,divorced,salary_range|skills,21.0,Nam Định,Nông dân / Nông nghiệp,health|other|family,self-employed,13033474,4,True,1,1,0,0,0,3.5,medium,north,nam định,2026-04-19T00:38:59.546400
worker_0190,47,male,university,married,salary_range|skills,20.0,Bắc Ninh,Nông dân / Nông nghiệp,techGap,employed,12501535,5,True,0,0,1,0,0,1.5,low,north,bắc ninh,2026-04-19T00:38:59.546622
worker_0191,53,male,university,single,salary_range|skills,27.0,Cần Thơ,Nhân viên phục vụ,health,employed,12077401,5,True,1,0,0,0,0,2.0,medium,mekong,cần thơ,2026-04-19T00:38:59.546721
worker_0192,37,male,upper_secondary,divorced,salary_range|skills,9.0,Thanh Hóa,Nông dân / Nông nghiệp,family,self-employed,12369339,3,True,0,1,0,0,0,1.5,low,north,thanh hóa,2026-04-19T00:38:59.546824
worker_0193,35,male,upper_secondary,widowed,salary_range|skills,7.0,Bắc Ninh,Kế toán / Hành chính,health,retired,3326771,3,True,1,0,0,0,0,2.0,medium,north,bắc ninh,2026-04-19T00:38:59.546920
worker_0195,49,male,university,married,salary_range|skills,22.0,TP. Hồ Chí Minh,Lái xe,family|location,retired,6864915,5,True,0,1,0,1,0,2.5,medium,south_east,hồ chí minh,2026-04-19T00:38:59.547179
worker_0196,58,other,primary,widowed,salary_range,30.0,Bình Dương,Nhân viên bán hàng,health|location,self-employed,14487414,1,True,1,0,0,1,0,3.0,medium,south_east,bình dương,2026-04-19T00:38:59.547287
worker_0197,62,other,university,married,salary_range|skills,30.0,TP. Hồ Chí Minh,Pha chế,techGap,self-employed,11533668,5,True,0,0,1,0,0,1.5,low,south_east,hồ chí minh,2026-04-19T00:38:59.547390
worker_0198,48,other,primary,single,salary_range|skills,20.0,Cần Thơ,Lái xe,health|family,unemployed,0,1,True,1,1,0,0,0,3.5,medium,mekong,cần thơ,2026-04-19T00:38:59.547499
worker_0199,63,female,college,single,salary_range|skills,30.0,Hà Nội,Bảo vệ,,self-employed,8428357,4,True,0,0,0,0,0,0.0,low,north,hà nội,2026-04-19T00:38:59.547579
worker_0200,42,male,primary,divorced,salary_range|skills,14.0,Hà Nội,Lao động xây dựng,other|family|health,unemployed,0,1,True,1,1,0,0,0,3.5,medium,north,hà nội,2026-04-19T00:38:59.547661
worker_0201,41,other,university,single,salary_range|skills,15.0,Nha Trang,Bảo vệ,health,retired,12156078,5,True,1,0,0,0,0,2.0,medium,central,khánh hòa,2026-04-19T00:38:59.547706
worker_0202,55,female,primary,married,salary_range|skills,27.0,Thanh Hóa,Kế toán / Hành chính,,employed,12371041,1,True,0,0,0,0,0,0.0,low,north,thanh hóa,2026-04-19T00:38:59.547831
worker_0203,52,female,primary,married,salary_range|skills,24.0,Đà Nẵng,Bảo vệ,health|techGap,retired,13393430,1,True,1,0,1,0,0,3.5,medium,central,đà nẵng,2026-04-19T00:38:59.548117
worker_0204,65,male,upper_secondary,divorced,salary_range|skills,30.0,Vũng Tàu,Giúp việc / Dịch vụ,health|other,unemployed,0,3,True,1,0,0,0,0,2.0,medium,south_east,vũng tàu,2026-04-19T00:38:59.548274
worker_0205,48,female,college,single,skills,20.0,Thanh Hóa,Nhân viên bán hàng,techGap,employed,5552968,4,True,0,0,1,0,0,1.5,low,north,thanh hóa,2026-04-19T00:38:59.548487
worker_0206,50,male,primary,single,salary_range|skills,27.0,Bắc Ninh,Giúp việc / Dịch vụ,techGap|location,retired,6133269,1,True,0,0,1,1,0,2.5,medium,north,bắc ninh,2026-04-19T00:38:59.548608
worker_0207,62,other,university,single,salary_range|skills,30.0,Nam Định,Kế toán / Hành chính,health,self-employed,14970823,5,True,1,0,0,0,0,2.0,medium,north,nam định,2026-04-19T00:38:59.548711
worker_0208,61,other,university,single,salary_range|skills,30.0,Vĩnh Phúc,Pha chế,,self-employed,13205547,5,True,0,0,0,0,0,0.0,low,north,vĩnh phúc,2026-04-19T00:38:59.548839
worker_0209,65,other,college,single,salary_range|skills,30.0,Thái Nguyên,Lái xe,location,employed,13049406,4,True,0,0,0,1,0,1.0,low,north,thái nguyên,2026-04-19T00:38:59.548945
worker_0210,38,other,upper_secondary,married,salary_range|skills,18.0,TP. Hồ Chí Minh,Lái xe,techGap|location|health,retired,12050212,3,True,1,0,1,1,0,4.5,medium,south_east,hồ chí minh,2026-04-19T00:38:59.549018
worker_0211,45,other,university,married,salary_range|skills,23.0,Bắc Ninh,Pha chế,family,unemployed,0,5,True,0,1,0,0,0,1.5,low,north,bắc ninh,2026-04-19T00:38:59.549088
worker_0212,65,male,university,widowed,salary_range|skills,30.0,Hải Dương,Pha chế,,employed,14945407,5,True,0,0,0,0,0,0.0,low,north,hải dương,2026-04-19T00:38:59.549159
worker_0213,44,female,upper_secondary,single,salary_range|skills,23.0,Nha Trang,Nhân viên kho vận,family,unemployed,0,3,True,0,1,0,0,0,1.5,low,central,khánh hòa,2026-04-19T00:38:59.549202
worker_0214,56,other,upper_secondary,married,salary_range|skills,30.0,Vũng Tàu,Kế toán / Hành chính,techGap|health|family,retired,7459248,3,True,1,1,1,0,0,5.0,high,south_east,vũng tàu,2026-04-19T00:38:59.549273
worker_0215,57,female,primary,widowed,salary_range|skills,30.0,Thanh Hóa,Nông dân / Nông nghiệp,location|techGap|family,unemployed,0,1,True,0,1,1,1,0,4.0,medium,north,thanh hóa,2026-04-19T00:38:59.549328
worker_0216,58,female,primary,divorced,salary_range|skills,30.0,Đà Lạt,Thợ lành nghề,family,retired,5073442,1,True,0,1,0,0,0,1.5,low,central_highlands,lâm đồng,2026-04-19T00:38:59.549363
worker_0217,44,female,upper_secondary,single,salary_range|skills,14.0,Vinhy,Nông dân / Nông nghiệp,,unemployed,0,3,True,0,0,0,0,0,0.0,low,north,nghệ an,2026-04-19T00:38:59.549414
worker_0218,37,male,primary,divorced,salary_range|skills,15.0,TP. Hồ Chí Minh,Nhân viên kho vận,techGap,unemployed,0,1,True,0,0,1,0,0,1.5,low,south_east,hồ chí minh,2026-04-19T00:38:59.549459
worker_0222,54,male,primary,widowed,salary_range|skills,25.0,Hải Dương,Nhân viên bán hàng,techGap,self-employed,4101234,1,True,0,0,1,0,0,1.5,low,north,hải dương,2026-04-19T00:38:59.549696
worker_0223,35,other,university,married,salary_range|skills,14.0,TP. Hồ Chí Minh,Nhân viên bán hàng,other|family|location,retired,3296992,5,True,0,1,0,1,0,2.5,medium,south_east,hồ chí minh,2026-04-19T00:38:59.549740
worker_0224,54,female,primary,widowed,salary_range|skills,27.0,Hải Phòng,Kế toán / Hành chính,family|location|techGap,unemployed,0,1,True,0,1,1,1,0,4.0,medium,north,hải phòng,2026-04-19T00:38:59.549784
worker_0225,60,female,upper_secondary,single,salary_range|skills,30.0,Nha Trang,Nhân viên bán hàng,location|other|techGap,unemployed,0,3,True,0,0,1,1,0,2.5,medium,central,khánh hòa,2026-04-19T00:38:59.549868
worker_0226,53,other,college,divorced,skills,23.0,Cần Thơ,Thợ lành nghề,health,self-employed,10665735,4,True,1,0,0,0,0,2.0,medium,mekong,cần thơ,2026-04-19T00:38:59.549922
worker_0228,59,other,university,widowed,salary_range|skills,30.0,Vũng Tàu,Thợ lành nghề,other,employed,11761505,5,True,0,0,0,0,0,0.0,low,south_east,vũng tàu,2026-04-19T00:38:59.550037
worker_0229,36,other,university,widowed,salary_range|skills,10.0,Thái Nguyên,Nhân viên kho vận,health|other|location,retired,14091926,5,True,1,0,0,1,0,3.0,medium,north,thái nguyên,2026-04-19T00:38:59.550097
worker_0230,52,female,primary,single,skills,25.0,Thái Nguyên,Lao động xây dựng,location|family,unemployed,0,1,True,0,1,0,1,0,2.5,medium,north,thái nguyên,2026-04-19T00:38:59.550154
worker_0231,43,other,college,divorced,salary_range|skills,22.0,Bắc Ninh,Lái xe,techGap|health|family,employed,14874235,4,True,1,1,1,0,0,5.0,high,north,bắc ninh,2026-04-19T00:38:59.550196
worker_0232,61,other,upper_secondary,divorced,salary_range|skills,30.0,Thái Nguyên,Công nhân sản xuất,other|health,retired,9322394,3,True,1,0,0,0,0,2.0,medium,north,thái nguyên,2026-04-19T00:38:59.550276
worker_0233,50,male,primary,widowed,salary_range|skills,20.0,Đà Nẵng,Giúp việc / Dịch vụ,health|other,unemployed,0,1,True,1,0,0,0,0,2.0,medium,central,đà nẵng,2026-04-19T00:38:59.550316
worker_0234,43,other,college,divorced,salary_range|skills,17.0,Nam Định,Pha chế,health,retired,7336021,4,True,1,0,0,0,0,2.0,medium,north,nam định,2026-04-19T00:38:59.550364
worker_0236,38,female,primary,single,salary_range,11.0,Huế,Lái xe,other|location,self-employed,6662859,1,True,0,0,0,1,0,1.0,low,central,thừa thiên huế,2026-04-19T00:38:59.550450
worker_0238,62,female,college,married,salary_range|skills,30.0,Cần Thơ,Công nhân sản xuất,location|techGap|family,self-employed,3605069,4,True,0,1,1,1,0,4.0,medium,mekong,cần thơ,2026-04-19T00:38:59.550555
worker_0239,63,other,upper_secondary,married,salary_range|skills,30.0,Hải Phòng,Pha chế,family,unemployed,0,3,True,0,1,0,0,0,1.5,low,north,hải phòng,2026-04-19T00:38:59.550599
worker_0240,42,female,college,married,salary_range|skills,19.0,Vĩnh Phúc,Lái xe,family,employed,4385053,4,True,0,1,0,0,0,1.5,low,north,vĩnh phúc,2026-04-19T00:38:59.550667
worker_0241,38,other,primary,single,salary_range|skills,11.0,Đà Nẵng,Công nhân sản xuất,location,retired,6242871,1,True,0,0,0,1,0,1.0,low,central,đà nẵng,2026-04-19T00:38:59.550726
worker_0242,38,male,primary,single,salary_range,13.0,Thái Nguyên,Nhân viên phục vụ,health|location,employed,12316159,1,True,1,0,0,1,0,3.0,medium,north,thái nguyên,2026-04-19T00:38:59.550813
worker_0243,38,male,university,divorced,salary_range|skills,11.0,Đà Lạt,Kế toán / Hành chính,other|location|techGap,retired,3934434,5,True,0,0,1,1,0,2.5,medium,central_highlands,lâm đồng,2026-04-19T00:38:59.550854
worker_0244,59,other,primary,single,salary_range|skills,30.0,Nam Định,Nhân viên phục vụ,,self-employed,6770147,1,True,0,0,0,0,0,0.0,low,north,nam định,2026-04-19T00:38:59.550930
worker_0245,49,male,college,divorced,salary_range|skills,26.0,Đà Nẵng,Nông dân / Nông nghiệp,family,employed,8456637,4,True,0,1,0,0,0,1.5,low,central,đà nẵng,2026-04-19T00:38:59.550987
worker_0246,55,male,primary,widowed,salary_range|skills,30.0,Cần Thơ,Thợ lành nghề,location|other|health,employed,3322516,1,True,1,0,0,1,0,3.0,medium,mekong,cần thơ,2026-04-19T00:38:59.551051
worker_0248,55,male,primary,married,salary_range|skills,30.0,Nam Định,Nhân viên kho vận,,self-employed,7972346,1,True,0,0,0,0,0,0.0,low,north,nam định,2026-04-19T00:38:59.551245
worker_0249,58,other,college,widowed,salary_range,30.0,Hải Dương,Lái xe,,self-employed,12291347,4,True,0,0,0,0,0,0.0,low,north,hải dương,2026-04-19T00:38:59.551317
worker_0250,55,other,university,single,salary_range|skills,29.0,Vinhy,Bảo vệ,location|other|family,employed,12486115,5,True,0,1,0,1,0,2.5,medium,north,nghệ an,2026-04-19T00:38:59.551370
worker_0252,48,other,university,single,salary_range|skills,22.0,Cần Thơ,Bảo vệ,location|techGap,self-employed,7434176,5,True,0,0,1,1,0,2.5,medium,mekong,cần thơ,2026-04-19T00:38:59.551526
worker_0253,51,male,primary,widowed,salary_range|skills,24.0,Nha Trang,Lái xe,other|health,unemployed,0,1,True,1,0,0,0,0,2.0,medium,central,khánh hòa,2026-04-19T00:38:59.551565
worker_0254,64,male,university,single,salary_range|skills,30.0,Cần Thơ,Nhân viên phục vụ,,unemployed,0,5,True,0,0,0,0,0,0.0,low,mekong,cần thơ,2026-04-19T00:38:59.551635
worker_0255,37,other,upper_secondary,divorced,skills,13.0,Bắc Ninh,Kế toán / Hành chính,location|family,unemployed,0,3,True,0,1,0,1,0,2.5,medium,north,bắc ninh,2026-04-19T00:38:59.551697
worker_0257,54,female,upper_secondary,divorced,salary_range,26.0,Thanh Hóa,Nông dân / Nông nghiệp,,self-employed,4971381,3,True,0,0,0,0,0,0.0,low,north,thanh hóa,2026-04-19T00:38:59.551825
worker_0259,55,male,primary,widowed,salary_range|skills,30.0,Nha Trang,Giúp việc / Dịch vụ,location|health|techGap,employed,3001070,1,True,1,0,1,1,0,4.5,medium,central,khánh hòa,2026-04-19T00:38:59.551906
worker_0261,41,other,upper_secondary,single,salary_range,20.0,Cần Thơ,Nhân viên kho vận,other,self-employed,6932871,3,True,0,0,0,0,0,0.0,low,mekong,cần thơ,2026-04-19T00:38:59.552058
worker_0262,59,female,college,single,skills,30.0,Vĩnh Phúc,Nhân viên bán hàng,health|location|family,unemployed,0,4,True,1,1,0,1,0,4.5,medium,north,vĩnh phúc,2026-04-19T00:38:59.552164
worker_0263,59,other,college,married,salary_range|skills,30.0,Huế,Nông dân / Nông nghiệp,other,employed,3042703,4,True,0,0,0,0,0,0.0,low,central,thừa thiên huế,2026-04-19T00:38:59.552203
worker_0264,63,other,college,married,salary_range|skills,30.0,Hải Phòng,Lái xe,health|techGap|family,employed,6195844,4,True,1,1,1,0,0,5.0,high,north,hải phòng,2026-04-19T00:38:59.552255
worker_0265,37,male,upper_secondary,divorced,salary_range|skills,15.0,Huế,Nông dân / Nông nghiệp,techGap|location,retired,3125244,3,True,0,0,1,1,0,2.5,medium,central,thừa thiên huế,2026-04-19T00:38:59.552284
worker_0266,39,female,university,widowed,salary_range|skills,13.0,Bắc Ninh,Công nhân sản xuất,other|location,retired,13091009,5,True,0,0,0,1,0,1.0,low,north,bắc ninh,2026-04-19T00:38:59.552325
worker_0267,53,other,university,single,salary_range|skills,25.0,Bình Dương,Nhân viên bán hàng,other,unemployed,0,5,True,0,0,0,0,0,0.0,low,south_east,bình dương,2026-04-19T00:38:59.552367
worker_0268,50,male,upper_secondary,single,salary_range|skills,20.0,Vũng Tàu,Lái xe,family|other,self-employed,11959108,3,True,0,1,0,0,0,1.5,low,south_east,vũng tàu,2026-04-19T00:38:59.552412
worker_0270,46,female,upper_secondary,divorced,salary_range|skills,26.0,Nam Định,Bảo vệ,,self-employed,4605922,3,True,0,0,0,0,0,0.0,low,north,nam định,2026-04-19T00:38:59.552566
worker_0273,56,female,college,widowed,salary_range|skills,30.0,Vinhy,Nông dân / Nông nghiệp,location|health,self-employed,14461096,4,True,1,0,0,1,0,3.0,medium,north,nghệ an,2026-04-19T00:38:59.552718
worker_0274,52,male,primary,single,skills,22.0,Vinhy,Thợ lành nghề,,unemployed,0,1,True,0,0,0,0,0,0.0,low,north,nghệ an,2026-04-19T00:38:59.552744
worker_0275,60,male,university,single,salary_range|skills,30.0,Cần Thơ,Bảo vệ,other|location,unemployed,0,5,True,0,0,0,1,0,1.0,low,mekong,cần thơ,2026-04-19T00:38:59.552785
worker_0276,36,male,upper_secondary,married,salary_range|skills,16.0,Bắc Ninh,Thợ lành nghề,other|location,self-employed,7717528,3,True,0,0,0,1,0,1.0,low,north,bắc ninh,2026-04-19T00:38:59.552825
worker_0277,65,female,university,married,salary_range|skills,30.0,TP. Hồ Chí Minh,Bảo vệ,,unemployed,0,5,True,0,0,0,0,0,0.0,low,south_east,hồ chí minh,2026-04-19T00:38:59.552866
worker_0278,65,female,primary,married,salary_range|skills,30.0,Vũng Tàu,Giúp việc / Dịch vụ,family|location,retired,11238978,1,True,0,1,0,1,0,2.5,medium,south_east,vũng tàu,2026-04-19T00:38:59.552907
worker_0279,63,female,upper_secondary,divorced,salary_range|skills,30.0,Nha Trang,Nông dân / Nông nghiệp,location|techGap,unemployed,0,3,True,0,0,1,1,0,2.5,medium,central,khánh hòa,2026-04-19T00:38:59.552932
worker_0280,60,female,primary,divorced,skills,30.0,Hải Dương,Lái xe,location,self-employed,11843776,1,True,0,0,0,1,0,1.0,low,north,hải dương,2026-04-19T00:38:59.552975
worker_0281,47,male,primary,single,salary_range|skills,22.0,Đà Lạt,Kế toán / Hành chính,techGap|health,retired,6635964,1,True,1,0,1,0,0,3.5,medium,central_highlands,lâm đồng,2026-04-19T00:38:59.553006
worker_0282,49,other,upper_secondary,widowed,salary_range|skills,19.0,Thái Nguyên,Bảo vệ,techGap,self-employed,13733062,3,True,0,0,1,0,0,1.5,low,north,thái nguyên,2026-04-19T00:38:59.553078
worker_0283,41,female,primary,widowed,salary_range|skills,18.0,Hải Dương,Nông dân / Nông nghiệp,,unemployed,0,1,True,0,0,0,0,0,0.0,low,north,hải dương,2026-04-19T00:38:59.553121
worker_0284,37,female,university,divorced,salary_range|skills,14.0,Hải Phòng,Giúp việc / Dịch vụ,,unemployed,0,5,True,0,0,0,0,0,0.0,low,north,hải phòng,2026-04-19T00:38:59.553161
worker_0285,50,female,college,single,salary_range|skills,29.0,Hà Nội,Nông dân / Nông nghiệp,techGap|location,retired,4086903,4,True,0,0,1,1,0,2.5,medium,north,hà nội,2026-04-19T00:38:59.553198
worker_0286,44,male,college,divorced,salary_range|skills,22.0,Thanh Hóa,Pha chế,health|location,unemployed,0,4,True,1,0,0,1,0,3.0,medium,north,thanh hóa,2026-04-19T00:38:59.553248
worker_0287,49,female,primary,single,skills,28.0,Vinhy,Nhân viên kho vận,,unemployed,0,1,True,0,0,0,0,0,0.0,low,north,nghệ an,2026-04-19T00:38:59.553276
worker_0288,51,female,primary,married,salary_range|skills,25.0,Nha Trang,Kế toán / Hành chính,location,employed,11664936,1,True,0,0,0,1,0,1.0,low,central,khánh hòa,2026-04-19T00:38:59.553301
worker_0289,37,female,upper_secondary,widowed,salary_range|skills,13.0,Huế,Kế toán / Hành chính,,employed,4207376,3,True,0,0,0,0,0,0.0,low,central,thừa thiên huế,2026-04-19T00:38:59.553324
worker_0290,38,female,upper_secondary,single,salary_range|skills,10.0,Đà Nẵng,Nhân viên bán hàng,family|techGap,employed,13112486,3,True,0,1,1,0,0,3.0,medium,central,đà nẵng,2026-04-19T00:38:59.553363
worker_0291,53,other,upper_secondary,married,salary_range|skills,24.0,Vinhy,Thợ lành nghề,,retired,4745058,3,True,0,0,0,0,0,0.0,low,north,nghệ an,2026-04-19T00:38:59.553397
worker_0292,55,other,college,married,salary_range|skills,30.0,Thanh Hóa,Bảo vệ,,employed,10452726,4,True,0,0,0,0,0,0.0,low,north,thanh hóa,2026-04-19T00:38:59.553444
worker_0294,44,female,primary,widowed,salary_range|skills,19.0,Cần Thơ,Kế toán / Hành chính,,unemployed,0,1,True,0,0,0,0,0,0.0,low,mekong,cần thơ,2026-04-19T00:38:59.553541
worker_0295,42,male,university,single,salary_range|skills,12.0,Hà Nội,Công nhân sản xuất,techGap|family,self-employed,12221811,5,True,0,1,1,0,0,3.0,medium,north,hà nội,2026-04-19T00:38:59.553579
worker_0297,37,female,primary,single,salary_range,7.0,Thanh Hóa,Kế toán / Hành chính,health|location,unemployed,0,1,True,1,0,0,1,0,3.0,medium,north,thanh hóa,2026-04-19T00:38:59.553685
worker_0298,36,other,primary,married,salary_range|skills,11.0,Đà Nẵng,Thợ lành nghề,location|other,self-employed,8760659,1,True,0,0,0,1,0,1.0,low,central,đà nẵng,2026-04-19T00:38:59.553724
worker_0300,46,male,college,married,salary_range,24.0,Hà Nội,Lao động xây dựng,techGap,unemployed,0,4,True,0,0,1,0,0,1.5,low,north,hà nội,2026-04-19T00:38:59.553810
worker_0301,41,female,university,widowed,salary_range|skills,13.0,Nam Định,Pha chế,health|other,self-employed,14537085,5,True,1,0,0,0,0,2.0,medium,north,nam định,2026-04-19T00:38:59.553859
worker_0302,35,female,primary,single,salary_range|skills,13.0,Thái Nguyên,Giúp việc / Dịch vụ,,retired,12121935,1,True,0,0,0,0,0,0.0,low,north,thái nguyên,2026-04-19T00:38:59.553912
worker_0303,39,female,college,married,skills,15.0,Đà Lạt,Bảo vệ,family,retired,13732959,4,True,0,1,0,0,0,1.5,low,central_highlands,lâm đồng,2026-04-19T00:38:59.553935
worker_0304,44,male,primary,single,salary_range,16.0,Hải Dương,Nhân viên bán hàng,,employed,11859254,1,True,0,0,0,0,0,0.0,low,north,hải dương,2026-04-19T00:38:59.553973
worker_0305,56,other,college,widowed,salary_range|skills,28.0,Thanh Hóa,Pha chế,techGap,employed,12187406,4,True,0,0,1,0,0,1.5,low,north,thanh hóa,2026-04-19T00:38:59.554019
worker_0306,52,other,upper_secondary,widowed,salary_range|skills,30.0,Đà Lạt,Kế toán / Hành chính,,unemployed,0,3,True,0,0,0,0,0,0.0,low,central_highlands,lâm đồng,2026-04-19T00:38:59.554043
worker_0307,44,male,primary,married,salary_range|skills,15.0,Bắc Ninh,Công nhân sản xuất,family|other,employed,5432892,1,True,0,1,0,0,0,1.5,low,north,bắc ninh,2026-04-19T00:38:59.554083
worker_0309,52,other,college,widowed,salary_range|skills,28.0,Đà Lạt,Kế toán / Hành chính,,unemployed,0,4,True,0,0,0,0,0,0.0,low,central_highlands,lâm đồng,2026-04-19T00:38:59.554160
worker_0310,62,female,upper_secondary,widowed,salary_range|skills,30.0,Hải Dương,Nhân viên bán hàng,family|health,unemployed,0,3,True,1,1,0,0,0,3.5,medium,north,hải dương,2026-04-19T00:38:59.554203
worker_0311,48,female,college,divorced,salary_range|skills,22.0,Bình Dương,Lao động xây dựng,other|location,self-employed,4069714,4,True,0,0,0,1,0,1.0,low,south_east,bình dương,2026-04-19T00:38:59.554245
worker_0312,41,other,university,widowed,salary_range|skills,14.0,Nha Trang,Pha chế,other|health|location,employed,10152970,5,True,1,0,0,1,0,3.0,medium,central,khánh hòa,2026-04-19T00:38:59.554269
worker_0313,59,male,primary,married,skills,30.0,Thanh Hóa,Pha chế,,employed,9923587,1,True,0,0,0,0,0,0.0,low,north,thanh hóa,2026-04-19T00:38:59.554309
worker_0314,59,other,college,divorced,salary_range|skills,30.0,Huế,Lao động xây dựng,location|family|other,retired,3291867,4,True,0,1,0,1,0,2.5,medium,central,thừa thiên huế,2026-04-19T00:38:59.554335
worker_0315,55,female,college,married,salary_range|skills,30.0,Hà Nội,Thợ lành nghề,location,self-employed,10310296,4,True,0,0,0,1,0,1.0,low,north,hà nội,2026-04-19T00:38:59.554371
worker_0316,43,male,university,single,salary_range|skills,20.0,Đà Nẵng,Công nhân sản xuất,health|family|other,self-employed,11717633,5,True,1,1,0,0,0,3.5,medium,central,đà nẵng,2026-04-19T00:38:59.554420
worker_0318,56,other,college,widowed,salary_range|skills,30.0,Nam Định,Nhân viên kho vận,family,self-employed,12570027,4,True,0,1,0,0,0,1.5,low,north,nam định,2026-04-19T00:38:59.554572
worker_0319,57,male,primary,married,salary_range|skills,30.0,Hà Nội,Pha chế,other,unemployed,0,1,True,0,0,0,0,0,0.0,low,north,hà nội,2026-04-19T00:38:59.554611
worker_0320,60,female,upper_secondary,widowed,salary_range|skills,30.0,Vũng Tàu,Giúp việc / Dịch vụ,techGap|other,unemployed,0,3,True,0,0,1,0,0,1.5,low,south_east,vũng tàu,2026-04-19T00:38:59.554655
worker_0321,45,male,university,married,salary_range|skills,23.0,Cần Thơ,Nông dân / Nông nghiệp,techGap,retired,9136094,5,True,0,0,1,0,0,1.5,low,mekong,cần thơ,2026-04-19T00:38:59.554696
worker_0322,50,other,primary,married,salary_range|skills,21.0,Vũng Tàu,Bảo vệ,techGap,unemployed,0,1,True,0,0,1,0,0,1.5,low,south_east,vũng tàu,2026-04-19T00:38:59.554737
worker_0323,38,female,college,divorced,salary_range|skills,12.0,Hải Dương,Kế toán / Hành chính,techGap|other,employed,8228327,4,True,0,0,1,0,0,1.5,low,north,hải dương,2026-04-19T00:38:59.554780
worker_0324,64,female,primary,single,salary_range|skills,30.0,Hải Phòng,Bảo vệ,techGap,employed,14082708,1,True,0,0,1,0,0,1.5,low,north,hải phòng,2026-04-19T00:38:59.554933
worker_0325,39,male,university,widowed,salary_range|skills,13.0,Bình Dương,Bảo vệ,,retired,11377427,5,True,0,0,0,0,0,0.0,low,south_east,bình dương,2026-04-19T00:38:59.554978
worker_0326,57,male,college,single,salary_range|skills,27.0,Nha Trang,Bảo vệ,location|techGap,self-employed,12452971,4,True,0,0,1,1,0,2.5,medium,central,khánh hòa,2026-04-19T00:38:59.555006
worker_0327,55,female,primary,married,salary_range|skills,30.0,Huế,Nông dân / Nông nghiệp,family,employed,6244651,1,True,0,1,0,0,0,1.5,low,central,thừa thiên huế,2026-04-19T00:38:59.555030
worker_0328,60,male,primary,widowed,salary_range|skills,30.0,Bình Dương,Giúp việc / Dịch vụ,techGap|family,retired,14781635,1,True,0,1,1,0,0,3.0,medium,south_east,bình dương,2026-04-19T00:38:59.555069
worker_0330,44,other,upper_secondary,single,salary_range|skills,23.0,Hải Phòng,Nhân viên kho vận,location|health,employed,5971609,3,True,1,0,0,1,0,3.0,medium,north,hải phòng,2026-04-19T00:38:59.555165
worker_0331,46,other,upper_secondary,single,salary_range|skills,18.0,Vĩnh Phúc,Nông dân / Nông nghiệp,health,self-employed,4394309,3,True,1,0,0,0,0,2.0,medium,north,vĩnh phúc,2026-04-19T00:38:59.555227
worker_0332,60,female,primary,divorced,salary_range|skills,30.0,Bình Dương,Nông dân / Nông nghiệp,health|techGap,retired,12878205,1,True,1,0,1,0,0,3.5,medium,south_east,bình dương,2026-04-19T00:38:59.555273
worker_0333,65,other,university,single,salary_range|skills,30.0,Đà Lạt,Nhân viên kho vận,other,self-employed,8499989,5,True,0,0,0,0,0,0.0,low,central_highlands,lâm đồng,2026-04-19T00:38:59.555294
worker_0334,61,other,college,single,salary_range|skills,30.0,Thanh Hóa,Công nhân sản xuất,,self-employed,12794584,4,True,0,0,0,0,0,0.0,low,north,thanh hóa,2026-04-19T00:38:59.555332
worker_0335,47,female,upper_secondary,married,salary_range|skills,23.0,TP. Hồ Chí Minh,Lao động xây dựng,family|techGap|location,self-employed,11823202,3,True,0,1,1,1,0,4.0,medium,south_east,hồ chí minh,2026-04-19T00:38:59.555391
worker_0337,55,female,upper_secondary,single,salary_range|skills,30.0,Hải Dương,Thợ lành nghề,location|health,unemployed,0,3,True,1,0,0,1,0,3.0,medium,north,hải dương,2026-04-19T00:38:59.555485
worker_0338,60,male,primary,divorced,salary_range|skills,30.0,Huế,Lao động xây dựng,health|other,retired,14034194,1,True,1,0,0,0,0,2.0,medium,central,thừa thiên huế,2026-04-19T00:38:59.555508
worker_0339,55,female,college,divorced,salary_range|skills,30.0,Huế,Lao động xây dựng,health|family,employed,11208214,4,True,1,1,0,0,0,3.5,medium,central,thừa thiên huế,2026-04-19T00:38:59.555537
worker_0340,42,other,upper_secondary,single,salary_range|skills,17.0,Vũng Tàu,Lái xe,,retired,14504468,3,True,0,0,0,0,0,0.0,low,south_east,vũng tàu,2026-04-19T00:38:59.555574
worker_0342,61,other,primary,married,salary_range,30.0,Đà Nẵng,Kế toán / Hành chính,other,retired,5537576,1,True,0,0,0,0,0,0.0,low,central,đà nẵng,2026-04-19T00:38:59.555706
worker_0344,44,other,upper_secondary,divorced,salary_range|skills,23.0,Cần Thơ,Giúp việc / Dịch vụ,,retired,8067729,3,True,0,0,0,0,0,0.0,low,mekong,cần thơ,2026-04-19T00:38:59.555880
worker_0345,49,female,upper_secondary,single,salary_range|skills,19.0,TP. Hồ Chí Minh,Lái xe,techGap|location,unemployed,0,3,True,0,0,1,1,0,2.5,medium,south_east,hồ chí minh,2026-04-19T00:38:59.555926
worker_0348,41,other,upper_secondary,widowed,skills,21.0,Hải Dương,Giúp việc / Dịch vụ,location|other,unemployed,0,3,True,0,0,0,1,0,1.0,low,north,hải dương,2026-04-19T00:38:59.556352
worker_0349,38,female,upper_secondary,married,salary_range|skills,11.0,TP. Hồ Chí Minh,Kế toán / Hành chính,family|health,retired,8074318,3,True,1,1,0,0,0,3.5,medium,south_east,hồ chí minh,2026-04-19T00:38:59.556421
worker_0350,38,other,university,divorced,salary_range|skills,10.0,Bắc Ninh,Bảo vệ,other,employed,7599483,5,True,0,0,0,0,0,0.0,low,north,bắc ninh,2026-04-19T00:38:59.556481
worker_0351,55,male,primary,married,salary_range|skills,30.0,Nam Định,Lao động xây dựng,other|family,unemployed,0,1,True,0,1,0,0,0,1.5,low,north,nam định,2026-04-19T00:38:59.556552
worker_0352,47,male,upper_secondary,widowed,salary_range,17.0,Vinhy,Lái xe,,retired,3709216,3,True,0,0,0,0,0,0.0,low,north,nghệ an,2026-04-19T00:38:59.556595
worker_0353,47,other,university,widowed,salary_range|skills,22.0,Vinhy,Nhân viên bán hàng,health|location|family,retired,12454116,5,True,1,1,0,1,0,4.5,medium,north,nghệ an,2026-04-19T00:38:59.556644
worker_0354,55,other,upper_secondary,single,salary_range|skills,30.0,Đà Nẵng,Lao động xây dựng,family|location,self-employed,8880892,3,True,0,1,0,1,0,2.5,medium,central,đà nẵng,2026-04-19T00:38:59.556693
worker_0355,57,female,upper_secondary,single,salary_range|skills,28.0,Bình Dương,Bảo vệ,other|health,self-employed,8483106,3,True,1,0,0,0,0,2.0,medium,south_east,bình dương,2026-04-19T00:38:59.556734
worker_0356,43,female,college,single,salary_range|skills,21.0,Vĩnh Phúc,Kế toán / Hành chính,,employed,6786309,4,True,0,0,0,0,0,0.0,low,north,vĩnh phúc,2026-04-19T00:38:59.556790
worker_0357,37,female,upper_secondary,single,salary_range,14.0,TP. Hồ Chí Minh,Pha chế,location|techGap,retired,14581029,3,True,0,0,1,1,0,2.5,medium,south_east,hồ chí minh,2026-04-19T00:38:59.556846
worker_0360,59,other,upper_secondary,widowed,salary_range|skills,30.0,Nha Trang,Nông dân / Nông nghiệp,,retired,3670528,3,True,0,0,0,0,0,0.0,low,central,khánh hòa,2026-04-19T00:38:59.557038
worker_0361,41,female,college,divorced,salary_range|skills,18.0,Cần Thơ,Lao động xây dựng,location|family,retired,5077602,4,True,0,1,0,1,0,2.5,medium,mekong,cần thơ,2026-04-19T00:38:59.557092
worker_0362,53,female,upper_secondary,single,salary_range|skills,27.0,Hải Phòng,Công nhân sản xuất,techGap|other,employed,7766579,3,True,0,0,1,0,0,1.5,low,north,hải phòng,2026-04-19T00:38:59.557138
worker_0363,37,other,college,widowed,salary_range,16.0,Nam Định,Pha chế,techGap,self-employed,13671431,4,True,0,0,1,0,0,1.5,low,north,nam định,2026-04-19T00:38:59.557210
worker_0364,45,female,primary,single,salary_range|skills,20.0,Cần Thơ,Pha chế,other|techGap,self-employed,12572365,1,True,0,0,1,0,0,1.5,low,mekong,cần thơ,2026-04-19T00:38:59.557262
worker_0365,41,male,upper_secondary,divorced,salary_range|skills,17.0,TP. Hồ Chí Minh,Thợ lành nghề,health,employed,7418601,3,True,1,0,0,0,0,2.0,medium,south_east,hồ chí minh,2026-04-19T00:38:59.557309
worker_0366,41,other,upper_secondary,married,salary_range|skills,12.0,Vĩnh Phúc,Giúp việc / Dịch vụ,,retired,4996379,3,True,0,0,0,0,0,0.0,low,north,vĩnh phúc,2026-04-19T00:38:59.557378
worker_0367,53,other,upper_secondary,widowed,skills,23.0,Vũng Tàu,Pha chế,health|location|family,self-employed,14936833,3,True,1,1,0,1,0,4.5,medium,south_east,vũng tàu,2026-04-19T00:38:59.557422
worker_0368,39,male,upper_secondary,divorced,salary_range|skills,15.0,Nam Định,Nhân viên kho vận,location|health,self-employed,13349883,3,True,1,0,0,1,0,3.0,medium,north,nam định,2026-04-19T00:38:59.557479
worker_0369,40,female,upper_secondary,widowed,skills,17.0,Vũng Tàu,Giúp việc / Dịch vụ,,retired,5329353,3,True,0,0,0,0,0,0.0,low,south_east,vũng tàu,2026-04-19T00:38:59.557520
worker_0371,57,female,college,married,salary_range|skills,27.0,Vinhy,Kế toán / Hành chính,other|family,self-employed,12393399,4,True,0,1,0,0,0,1.5,low,north,nghệ an,2026-04-19T00:38:59.557645
worker_0372,62,male,primary,widowed,salary_range|skills,30.0,Hải Phòng,Nông dân / Nông nghiệp,techGap|other|health,unemployed,0,1,True,1,0,1,0,0,3.5,medium,north,hải phòng,2026-04-19T00:38:59.557697
worker_0374,35,female,upper_secondary,divorced,salary_range|skills,13.0,Thái Nguyên,Công nhân sản xuất,health|location,unemployed,0,3,True,1,0,0,1,0,3.0,medium,north,thái nguyên,2026-04-19T00:38:59.557815
worker_0375,61,female,university,divorced,salary_range|skills,30.0,Huế,Nhân viên kho vận,health,self-employed,8427181,5,True,1,0,0,0,0,2.0,medium,central,thừa thiên huế,2026-04-19T00:38:59.557843
worker_0376,39,female,upper_secondary,married,salary_range|skills,12.0,Hải Dương,Giúp việc / Dịch vụ,family|techGap,self-employed,5647301,3,True,0,1,1,0,0,3.0,medium,north,hải dương,2026-04-19T00:38:59.557890
worker_0377,56,female,upper_secondary,married,salary_range|skills,30.0,Vĩnh Phúc,Kế toán / Hành chính,health|other|location,self-employed,7966264,3,True,1,0,0,1,0,3.0,medium,north,vĩnh phúc,2026-04-19T00:38:59.557956
worker_0378,56,male,primary,divorced,salary_range|skills,29.0,Nha Trang,Lái xe,techGap|health|location,unemployed,0,1,True,1,0,1,1,0,4.5,medium,central,khánh hòa,2026-04-19T00:38:59.557996
worker_0379,37,female,primary,married,salary_range|skills,14.0,Huế,Thợ lành nghề,health|techGap|family,self-employed,7264083,1,True,1,1,1,0,0,5.0,high,central,thừa thiên huế,2026-04-19T00:38:59.558037
worker_0380,47,other,primary,single,salary_range|skills,20.0,Đà Lạt,Giúp việc / Dịch vụ,other,self-employed,4178839,1,True,0,0,0,0,0,0.0,low,central_highlands,lâm đồng,2026-04-19T00:38:59.558072
worker_0382,58,other,college,married,skills,30.0,Bình Dương,Kế toán / Hành chính,other|health,unemployed,0,4,True,1,0,0,0,0,2.0,medium,south_east,bình dương,2026-04-19T00:38:59.558188
worker_0384,60,female,university,married,salary_range|skills,30.0,Vĩnh Phúc,Bảo vệ,,unemployed,0,5,True,0,0,0,0,0,0.0,low,north,vĩnh phúc,2026-04-19T00:38:59.558327
worker_0385,49,other,university,divorced,skills,24.0,Vinhy,Pha chế,techGap,retired,12030773,5,True,0,0,1,0,0,1.5,low,north,nghệ an,2026-04-19T00:38:59.558359
worker_0386,53,female,university,married,skills,26.0,TP. Hồ Chí Minh,Lái xe,other|health,unemployed,0,5,True,1,0,0,0,0,2.0,medium,south_east,hồ chí minh,2026-04-19T00:38:59.558400
worker_0387,41,other,college,widowed,salary_range|skills,12.0,Hải Phòng,Kế toán / Hành chính,health|location|other,employed,5851031,4,True,1,0,0,1,0,3.0,medium,north,hải phòng,2026-04-19T00:38:59.558446
worker_0388,63,male,upper_secondary,single,salary_range|skills,30.0,Huế,Nông dân / Nông nghiệp,family|health|other,employed,6031672,3,True,1,1,0,0,0,3.5,medium,central,thừa thiên huế,2026-04-19T00:38:59.558473
worker_0389,42,female,college,divorced,salary_range|skills,12.0,TP. Hồ Chí Minh,Lái xe,health|other|family,employed,5929406,4,True,1,1,0,0,0,3.5,medium,south_east,hồ chí minh,2026-04-19T00:38:59.558536
worker_0390,58,male,primary,widowed,salary_range|skills,29.0,Hải Phòng,Kế toán / Hành chính,health|techGap|other,unemployed,0,1,True,1,0,1,0,0,3.5,medium,north,hải phòng,2026-04-19T00:38:59.558587
worker_0391,64,male,university,widowed,salary_range|skills,30.0,Huế,Lái xe,techGap,employed,6316552,5,True,0,0,1,0,0,1.5,low,central,thừa thiên huế,2026-04-19T00:38:59.558612
worker_0392,36,male,upper_secondary,single,salary_range|skills,12.0,Bắc Ninh,Thợ lành nghề,family|health|techGap,self-employed,4755069,3,True,1,1,1,0,0,5.0,high,north,bắc ninh,2026-04-19T00:38:59.558656
worker_0393,62,male,college,divorced,salary_range,30.0,Nha Trang,Nhân viên kho vận,health|techGap,retired,8122604,4,True,1,0,1,0,0,3.5,medium,central,khánh hòa,2026-04-19T00:38:59.558684
worker_0395,53,male,primary,widowed,salary_range|skills,30.0,Nha Trang,Pha chế,other|health,retired,7176241,1,True,1,0,0,0,0,2.0,medium,central,khánh hòa,2026-04-19T00:38:59.558782
worker_0396,37,male,primary,divorced,salary_range|skills,10.0,Nha Trang,Công nhân sản xuất,,retired,9716060,1,True,0,0,0,0,0,0.0,low,central,khánh hòa,2026-04-19T00:38:59.558805
worker_0397,40,male,primary,single,salary_range|skills,12.0,Bình Dương,Bảo vệ,techGap|family,self-employed,13880831,1,True,0,1,1,0,0,3.0,medium,south_east,bình dương,2026-04-19T00:38:59.558849
worker_0398,43,female,upper_secondary,divorced,salary_range|skills,16.0,Cần Thơ,Nhân viên phục vụ,,unemployed,0,3,True,0,0,0,0,0,0.0,low,mekong,cần thơ,2026-04-19T00:38:59.558889
worker_0399,43,other,primary,widowed,salary_range|skills,15.0,Thanh Hóa,Công nhân sản xuất,family|health,self-employed,3442165,1,True,1,1,0,0,0,3.5,medium,north,thanh hóa,2026-04-19T00:38:59.558932
worker_0400,64,female,college,single,salary_range|skills,30.0,Hà Nội,Nhân viên phục vụ,,retired,10260005,4,True,0,0,0,0,0,0.0,low,north,hà nội,2026-04-19T00:38:59.558967
worker_0401,36,female,university,married,salary_range|skills,13.0,Thái Nguyên,Giúp việc / Dịch vụ,,self-employed,8115878,5,True,0,0,0,0,0,0.0,low,north,thái nguyên,2026-04-19T00:38:59.559028
worker_0402,59,female,university,widowed,salary_range|skills,30.0,Đà Lạt,Kế toán / Hành chính,techGap,unemployed,0,5,True,0,0,1,0,0,1.5,low,central_highlands,lâm đồng,2026-04-19T00:38:59.559064
worker_0403,55,female,college,married,salary_range,27.0,Hải Phòng,Lái xe,techGap,employed,7581394,4,True,0,0,1,0,0,1.5,low,north,hải phòng,2026-04-19T00:38:59.559103
worker_0405,47,other,college,widowed,salary_range|skills,25.0,Hải Dương,Công nhân sản xuất,other,self-employed,11617882,4,True,0,0,0,0,0,0.0,low,north,hải dương,2026-04-19T00:38:59.559204
worker_0406,60,male,upper_secondary,widowed,salary_range|skills,30.0,Huế,Pha chế,health,retired,8573637,3,True,1,0,0,0,0,2.0,medium,central,thừa thiên huế,2026-04-19T00:38:59.559229
worker_0407,61,other,college,single,salary_range|skills,30.0,Hà Nội,Lao động xây dựng,techGap,unemployed,0,4,True,0,0,1,0,0,1.5,low,north,hà nội,2026-04-19T00:38:59.559263
worker_0408,49,female,college,married,salary_range|skills,21.0,Cần Thơ,Giúp việc / Dịch vụ,,self-employed,10889334,4,True,0,0,0,0,0,0.0,low,mekong,cần thơ,2026-04-19T00:38:59.559302
worker_0409,42,male,upper_secondary,widowed,salary_range|skills,17.0,Nam Định,Pha chế,other|techGap,unemployed,0,3,True,0,0,1,0,0,1.5,low,north,nam định,2026-04-19T00:38:59.559349
worker_0410,61,male,upper_secondary,married,salary_range|skills,30.0,Bắc Ninh,Công nhân sản xuất,family,self-employed,7006435,3,True,0,1,0,0,0,1.5,low,north,bắc ninh,2026-04-19T00:38:59.559388
worker_0411,43,other,primary,single,salary_range|skills,21.0,Bắc Ninh,Giúp việc / Dịch vụ,,retired,4691072,1,True,0,0,0,0,0,0.0,low,north,bắc ninh,2026-04-19T00:38:59.559423
worker_0412,47,male,college,married,salary_range|skills,24.0,Huế,Bảo vệ,family|techGap|health,retired,7591274,4,True,1,1,1,0,0,5.0,high,central,thừa thiên huế,2026-04-19T00:38:59.559446
worker_0413,43,male,upper_secondary,widowed,salary_range|skills,23.0,Vinhy,Giúp việc / Dịch vụ,,retired,5684631,3,True,0,0,0,0,0,0.0,low,north,nghệ an,2026-04-19T00:38:59.559474
worker_0414,64,other,university,married,salary_range|skills,30.0,Đà Lạt,Công nhân sản xuất,other|health,retired,11446156,5,True,1,0,0,0,0,2.0,medium,central_highlands,lâm đồng,2026-04-19T00:38:59.559503
worker_0415,58,female,primary,married,salary_range|skills,30.0,Cần Thơ,Lao động xây dựng,health|location,self-employed,14971635,1,True,1,0,0,1,0,3.0,medium,mekong,cần thơ,2026-04-19T00:38:59.559568
worker_0416,59,female,college,married,salary_range|skills,30.0,Vinhy,Lao động xây dựng,location|techGap,employed,11088652,4,True,0,0,1,1,0,2.5,medium,north,nghệ an,2026-04-19T00:38:59.559609
worker_0417,50,male,college,married,salary_range|skills,25.0,Cần Thơ,Nông dân / Nông nghiệp,techGap,self-employed,3666362,4,True,0,0,1,0,0,1.5,low,mekong,cần thơ,2026-04-19T00:38:59.559650
worker_0418,45,other,university,single,salary_range|skills,21.0,Hà Nội,Bảo vệ,family|other,self-employed,12923982,5,True,0,1,0,0,0,1.5,low,north,hà nội,2026-04-19T00:38:59.559692
worker_0420,64,male,upper_secondary,married,salary_range|skills,30.0,Đà Lạt,Công nhân sản xuất,,retired,4699334,3,True,0,0,0,0,0,0.0,low,central_highlands,lâm đồng,2026-04-19T00:38:59.559782
worker_0421,36,female,college,divorced,salary_range|skills,13.0,TP. Hồ Chí Minh,Pha chế,other|health|location,self-employed,4908326,4,True,1,0,0,1,0,3.0,medium,south_east,hồ chí minh,2026-04-19T00:38:59.559822
worker_0424,40,female,upper_secondary,married,salary_range,18.0,Cần Thơ,Công nhân sản xuất,,retired,8316448,3,True,0,0,0,0,0,0.0,low,mekong,cần thơ,2026-04-19T00:38:59.560466
worker_0425,41,other,college,widowed,salary_range|skills,15.0,Nam Định,Công nhân sản xuất,,retired,10548644,4,True,0,0,0,0,0,0.0,low,north,nam định,2026-04-19T00:38:59.560548
worker_0426,64,male,upper_secondary,widowed,salary_range|skills,30.0,Hà Nội,Nhân viên kho vận,family|health,unemployed,0,3,True,1,1,0,0,0,3.5,medium,north,hà nội,2026-04-19T00:38:59.560609
worker_0427,42,male,upper_secondary,single,salary_range|skills,16.0,Cần Thơ,Pha chế,family|location|other,unemployed,0,3,True,0,1,0,1,0,2.5,medium,mekong,cần thơ,2026-04-19T00:38:59.560672
worker_0428,60,female,university,divorced,salary_range|skills,30.0,Huế,Nhân viên phục vụ,,self-employed,6720449,5,True,0,0,0,0,0,0.0,low,central,thừa thiên huế,2026-04-19T00:38:59.560710
worker_0429,61,other,upper_secondary,widowed,salary_range|skills,30.0,Hà Nội,Bảo vệ,family|health|location,employed,5932442,3,True,1,1,0,1,0,4.5,medium,north,hà nội,2026-04-19T00:38:59.560766
worker_0430,64,male,university,divorced,salary_range|skills,30.0,Hải Dương,Lao động xây dựng,,retired,11376262,5,True,0,0,0,0,0,0.0,low,north,hải dương,2026-04-19T00:38:59.560853
worker_0431,50,male,university,single,salary_range,20.0,Thanh Hóa,Giúp việc / Dịch vụ,family,retired,10062365,5,True,0,1,0,0,0,1.5,low,north,thanh hóa,2026-04-19T00:38:59.560935
worker_0432,35,female,upper_secondary,married,salary_range|skills,10.0,Hải Phòng,Thợ lành nghề,,employed,13666917,3,True,0,0,0,0,0,0.0,low,north,hải phòng,2026-04-19T00:38:59.561007
worker_0433,36,female,college,single,salary_range|skills,10.0,Cần Thơ,Bảo vệ,techGap|family|location,self-employed,6419927,4,True,0,1,1,1,0,4.0,medium,mekong,cần thơ,2026-04-19T00:38:59.561086
worker_0434,43,female,upper_secondary,single,salary_range|skills,19.0,Thái Nguyên,Thợ lành nghề,location|other|techGap,self-employed,11684343,3,True,0,0,1,1,0,2.5,medium,north,thái nguyên,2026-04-19T00:38:59.561183
worker_0436,64,male,primary,married,skills,30.0,Hải Dương,Nhân viên bán hàng,,retired,14833591,1,True,0,0,0,0,0,0.0,low,north,hải dương,2026-04-19T00:38:59.561334
worker_0437,59,female,upper_secondary,married,skills,30.0,TP. Hồ Chí Minh,Nhân viên phục vụ,family,unemployed,0,3,True,0,1,0,0,0,1.5,low,south_east,hồ chí minh,2026-04-19T00:38:59.561423
worker_0438,39,female,primary,widowed,salary_range|skills,14.0,Bình Dương,Lao động xây dựng,other|techGap,unemployed,0,1,True,0,0,1,0,0,1.5,low,south_east,bình dương,2026-04-19T00:38:59.561505
worker_0439,65,other,university,single,salary_range|skills,30.0,Thanh Hóa,Bảo vệ,location|other,retired,13437840,5,True,0,0,0,1,0,1.0,low,north,thanh hóa,2026-04-19T00:38:59.561662
worker_0441,45,male,upper_secondary,widowed,salary_range|skills,21.0,Vĩnh Phúc,Thợ lành nghề,location|other|health,self-employed,8743282,3,True,1,0,0,1,0,3.0,medium,north,vĩnh phúc,2026-04-19T00:38:59.561939
worker_0442,60,male,primary,single,salary_range|skills,30.0,Nha Trang,Nhân viên kho vận,family|health,unemployed,0,1,True,1,1,0,0,0,3.5,medium,central,khánh hòa,2026-04-19T00:38:59.562008
worker_0443,41,female,upper_secondary,married,salary_range|skills,21.0,Hải Dương,Bảo vệ,location|other|techGap,self-employed,8459844,3,True,0,0,1,1,0,2.5,medium,north,hải dương,2026-04-19T00:38:59.562106
worker_0444,62,female,college,widowed,salary_range|skills,30.0,Vũng Tàu,Lái xe,,unemployed,0,4,True,0,0,0,0,0,0.0,low,south_east,vũng tàu,2026-04-19T00:38:59.562199
worker_0445,57,female,university,divorced,salary_range|skills,28.0,Vĩnh Phúc,Lao động xây dựng,,self-employed,8291811,5,True,0,0,0,0,0,0.0,low,north,vĩnh phúc,2026-04-19T00:38:59.562332
worker_0446,60,female,primary,married,salary_range|skills,30.0,Vũng Tàu,Pha chế,,employed,11751776,1,True,0,0,0,0,0,0.0,low,south_east,vũng tàu,2026-04-19T00:38:59.562499
worker_0447,54,female,primary,single,salary_range|skills,30.0,Hà Nội,Bảo vệ,techGap|health|family,employed,7394394,1,True,1,1,1,0,0,5.0,high,north,hà nội,2026-04-19T00:38:59.562572
worker_0448,61,female,university,divorced,salary_range|skills,30.0,Nha Trang,Giúp việc / Dịch vụ,family|location,unemployed,0,5,True,0,1,0,1,0,2.5,medium,central,khánh hòa,2026-04-19T00:38:59.562628
worker_0449,60,other,primary,widowed,skills,30.0,Hải Phòng,Lái xe,location|techGap,unemployed,0,1,True,0,0,1,1,0,2.5,medium,north,hải phòng,2026-04-19T00:38:59.562724
worker_0451,57,other,primary,divorced,salary_range|skills,30.0,Vinhy,Pha chế,location|techGap,retired,12000253,1,True,0,0,1,1,0,2.5,medium,north,nghệ an,2026-04-19T00:38:59.562926
worker_0452,41,female,college,divorced,salary_range|skills,13.0,Cần Thơ,Lao động xây dựng,location,employed,6673800,4,True,0,0,0,1,0,1.0,low,mekong,cần thơ,2026-04-19T00:38:59.563017
worker_0453,55,male,university,married,salary_range,30.0,Hải Phòng,Giúp việc / Dịch vụ,location|health|family,self-employed,8847974,5,True,1,1,0,1,0,4.5,medium,north,hải phòng,2026-04-19T00:38:59.563127
worker_0454,44,male,university,married,salary_range|skills,16.0,Thái Nguyên,Pha chế,techGap|other,unemployed,0,5,True,0,0,1,0,0,1.5,low,north,thái nguyên,2026-04-19T00:38:59.563268
worker_0455,38,female,university,married,skills,10.0,Hà Nội,Nhân viên bán hàng,,unemployed,0,5,True,0,0,0,0,0,0.0,low,north,hà nội,2026-04-19T00:38:59.563341
worker_0456,38,female,university,single,salary_range|skills,16.0,Vĩnh Phúc,Nhân viên bán hàng,health|other|family,retired,3667577,5,True,1,1,0,0,0,3.5,medium,north,vĩnh phúc,2026-04-19T00:38:59.563480
worker_0458,61,male,college,widowed,salary_range|skills,30.0,Vũng Tàu,Lao động xây dựng,location,retired,4017848,4,True,0,0,0,1,0,1.0,low,south_east,vũng tàu,2026-04-19T00:38:59.563714
worker_0459,45,male,primary,widowed,skills,20.0,Thanh Hóa,Nông dân / Nông nghiệp,,retired,9403956,1,True,0,0,0,0,0,0.0,low,north,thanh hóa,2026-04-19T00:38:59.563815
worker_0461,56,other,college,widowed,salary_range|skills,30.0,Vũng Tàu,Giúp việc / Dịch vụ,family|techGap,self-employed,5747823,4,True,0,1,1,0,0,3.0,medium,south_east,vũng tàu,2026-04-19T00:38:59.564037
worker_0463,55,female,university,single,salary_range|skills,25.0,Nam Định,Bảo vệ,other,self-employed,5988950,5,True,0,0,0,0,0,0.0,low,north,nam định,2026-04-19T00:38:59.564276
worker_0464,36,male,upper_secondary,single,salary_range,6.0,Đà Lạt,Công nhân sản xuất,location,employed,5034375,3,True,0,0,0,1,0,1.0,low,central_highlands,lâm đồng,2026-04-19T00:38:59.564333
worker_0465,46,other,college,widowed,salary_range|skills,20.0,Đà Nẵng,Nhân viên bán hàng,techGap|health,unemployed,0,4,True,1,0,1,0,0,3.5,medium,central,đà nẵng,2026-04-19T00:38:59.564419
worker_0468,49,female,college,single,salary_range|skills,28.0,Hải Dương,Nhân viên kho vận,,unemployed,0,4,True,0,0,0,0,0,0.0,low,north,hải dương,2026-04-19T00:38:59.564761
worker_0470,35,male,upper_secondary,married,salary_range|skills,11.0,Bình Dương,Nông dân / Nông nghiệp,family|other|location,unemployed,0,3,True,0,1,0,1,0,2.5,medium,south_east,bình dương,2026-04-19T00:38:59.564927
worker_0471,38,female,college,married,salary_range|skills,11.0,Nha Trang,Pha chế,health|family,self-employed,10170908,4,True,1,1,0,0,0,3.5,medium,central,khánh hòa,2026-04-19T00:38:59.564960
worker_0472,42,male,university,widowed,salary_range|skills,21.0,Nha Trang,Nông dân / Nông nghiệp,location|other|family,employed,14206332,5,True,0,1,0,1,0,2.5,medium,central,khánh hòa,2026-04-19T00:38:59.564990
worker_0473,37,female,primary,widowed,salary_range|skills,9.0,Thái Nguyên,Lái xe,location,retired,9320753,1,True,0,0,0,1,0,1.0,low,north,thái nguyên,2026-04-19T00:38:59.565091
worker_0474,38,female,primary,divorced,skills,13.0,Huế,Nhân viên phục vụ,family,unemployed,0,1,True,0,1,0,0,0,1.5,low,central,thừa thiên huế,2026-04-19T00:38:59.565136
worker_0475,56,other,university,single,skills,30.0,Nha Trang,Bảo vệ,location|family|other,retired,8158344,5,True,0,1,0,1,0,2.5,medium,central,khánh hòa,2026-04-19T00:38:59.565177
worker_0477,57,other,upper_secondary,single,salary_range|skills,30.0,Nha Trang,Nông dân / Nông nghiệp,other|techGap|family,self-employed,11889967,3,True,0,1,1,0,0,3.0,medium,central,khánh hòa,2026-04-19T00:38:59.565367
worker_0479,46,male,upper_secondary,single,salary_range|skills,24.0,Bình Dương,Nhân viên bán hàng,family|techGap|location,self-employed,6218034,3,True,0,1,1,1,0,4.0,medium,south_east,bình dương,2026-04-19T00:38:59.565584
worker_0480,58,female,college,married,salary_range|skills,30.0,Vinhy,Thợ lành nghề,family,self-employed,7168639,4,True,0,1,0,0,0,1.5,low,north,nghệ an,2026-04-19T00:38:59.565649
worker_0481,57,other,university,divorced,salary_range|skills,30.0,Nam Định,Lái xe,health|techGap|family,unemployed,0,5,True,1,1,1,0,0,5.0,high,north,nam định,2026-04-19T00:38:59.565755
worker_0482,60,male,university,married,salary_range,30.0,Bắc Ninh,Nhân viên kho vận,family|techGap|location,self-employed,8803358,5,True,0,1,1,1,0,4.0,medium,north,bắc ninh,2026-04-19T00:38:59.565839
worker_0483,39,other,primary,single,salary_range|skills,13.0,Bình Dương,Nhân viên phục vụ,,self-employed,7963391,1,True,0,0,0,0,0,0.0,low,south_east,bình dương,2026-04-19T00:38:59.565931
worker_0485,61,other,university,married,salary_range|skills,30.0,Thanh Hóa,Thợ lành nghề,family,self-employed,3990437,5,True,0,1,0,0,0,1.5,low,north,thanh hóa,2026-04-19T00:38:59.566118
worker_0486,63,male,primary,married,salary_range|skills,30.0,Thanh Hóa,Lái xe,techGap|other|location,retired,9313367,1,True,0,0,1,1,0,2.5,medium,north,thanh hóa,2026-04-19T00:38:59.566177
worker_0488,36,female,college,divorced,salary_range|skills,8.0,Đà Lạt,Nhân viên kho vận,other|techGap|health,employed,7172837,4,True,1,0,1,0,0,3.5,medium,central_highlands,lâm đồng,2026-04-19T00:38:59.566331
worker_0490,48,female,upper_secondary,divorced,salary_range|skills,20.0,Vinhy,Công nhân sản xuất,techGap|family,retired,13160591,3,True,0,1,1,0,0,3.0,medium,north,nghệ an,2026-04-19T00:38:59.566510
worker_0491,42,female,college,single,salary_range|skills,12.0,Bình Dương,Bảo vệ,techGap|location|other,self-employed,8589136,4,True,0,0,1,1,0,2.5,medium,south_east,bình dương,2026-04-19T00:38:59.566561
worker_0492,38,male,college,widowed,salary_range|skills,14.0,Nam Định,Kế toán / Hành chính,other|location|family,unemployed,0,4,True,0,1,0,1,0,2.5,medium,north,nam định,2026-04-19T00:38:59.566625
worker_0493,48,female,primary,divorced,salary_range|skills,23.0,Vũng Tàu,Công nhân sản xuất,techGap|location|family,retired,11248641,1,True,0,1,1,1,0,4.0,medium,south_east,vũng tàu,2026-04-19T00:38:59.566678
worker_0494,36,male,college,divorced,salary_range|skills,10.0,Cần Thơ,Thợ lành nghề,,self-employed,13893821,4,True,0,0,0,0,0,0.0,low,mekong,cần thơ,2026-04-19T00:38:59.566726
worker_0495,57,female,upper_secondary,single,salary_range|skills,30.0,Vũng Tàu,Kế toán / Hành chính,family|techGap|health,retired,5038480,3,True,1,1,1,0,0,5.0,high,south_east,vũng tàu,2026-04-19T00:38:59.566779
worker_0496,42,female,upper_secondary,single,salary_range|skills,21.0,Nam Định,Lái xe,family|other|health,unemployed,0,3,True,1,1,0,0,0,3.5,medium,north,nam định,2026-04-19T00:38:59.566838
worker_0497,57,female,upper_secondary,single,salary_range,30.0,Huế,Pha chế,techGap|family,self-employed,13654846,3,True,0,1,1,0,0,3.0,medium,central,thừa thiên huế,2026-04-19T00:38:59.566866
worker_0498,62,male,upper_secondary,divorced,salary_range,30.0,Nam Định,Công nhân sản xuất,family,retired,3840423,3,True,0,1,0,0,0,1.5,low,north,nam định,2026-04-19T00:38:59.566920
worker_0499,59,male,college,single,salary_range,30.0,Đà Nẵng,Lao động xây dựng,family|techGap,self-employed,4394877,4,True,0,1,1,0,0,3.0,medium,central,đà nẵng,2026-04-19T00:38:59.566981
worker_0500,54,female,primary,divorced,salary_range|skills,29.0,Nam Định,Giúp việc / Dịch vụ,,unemployed,0,1,True,0,0,0,0,0,0.0,low,north,nam định,2026-04-19T00:38:59.567039
worker_0501,62,male,college,divorced,salary_range|skills,30.0,Thái Nguyên,Nhân viên phục vụ,location,self-employed,4032014,4,True,0,0,0,1,0,1.0,low,north,thái nguyên,2026-04-19T00:38:59.567103
worker_0502,44,female,upper_secondary,divorced,salary_range|skills,23.0,Vinhy,Bảo vệ,family,retired,9886603,3,True,0,1,0,0,0,1.5,low,north,nghệ an,2026-04-19T00:38:59.567141
worker_0503,51,other,university,divorced,salary_range|skills,27.0,Đà Lạt,Lao động xây dựng,,retired,4450689,5,True,0,0,0,0,0,0.0,low,central_highlands,lâm đồng,2026-04-19T00:38:59.567167
worker_0504,45,male,upper_secondary,married,salary_range|skills,19.0,Hà Nội,Thợ lành nghề,health|location,retired,6358749,3,True,1,0,0,1,0,3.0,medium,north,hà nội,2026-04-19T00:38:59.567215
worker_0505,59,female,university,divorced,salary_range|skills,30.0,Nha Trang,Giúp việc / Dịch vụ,other|techGap|location,employed,10213864,5,True,0,0,1,1,0,2.5,medium,central,khánh hòa,2026-04-19T00:38:59.567245
worker_0507,54,male,primary,single,salary_range,29.0,Đà Nẵng,Lái xe,other|location,employed,3738165,1,True,0,0,0,1,0,1.0,low,central,đà nẵng,2026-04-19T00:38:59.567378
worker_0508,46,male,upper_secondary,single,salary_range|skills,16.0,Nam Định,Giúp việc / Dịch vụ,other,self-employed,11991930,3,True,0,0,0,0,0,0.0,low,north,nam định,2026-04-19T00:38:59.567471
worker_0509,46,other,upper_secondary,single,salary_range|skills,25.0,Cần Thơ,Giúp việc / Dịch vụ,,employed,4024907,3,True,0,0,0,0,0,0.0,low,mekong,cần thơ,2026-04-19T00:38:59.567552
worker_0510,41,other,upper_secondary,widowed,salary_range|skills,13.0,Thanh Hóa,Nhân viên phục vụ,,self-employed,12082787,3,True,0,0,0,0,0,0.0,low,north,thanh hóa,2026-04-19T00:38:59.567636
worker_0512,39,male,college,divorced,salary_range|skills,10.0,Thanh Hóa,Nông dân / Nông nghiệp,family|techGap|location,employed,6038002,4,True,0,1,1,1,0,4.0,medium,north,thanh hóa,2026-04-19T00:38:59.567847
worker_0515,62,female,primary,married,salary_range|skills,30.0,Nam Định,Thợ lành nghề,,retired,11882456,1,True,0,0,0,0,0,0.0,low,north,nam định,2026-04-19T00:38:59.568148
worker_0516,52,other,primary,widowed,salary_range|skills,23.0,Hải Phòng,Bảo vệ,family|other|location,employed,14777495,1,True,0,1,0,1,0,2.5,medium,north,hải phòng,2026-04-19T00:38:59.568213
worker_0517,51,female,upper_secondary,single,salary_range|skills,26.0,Nam Định,Nông dân / Nông nghiệp,location|other|techGap,retired,13844743,3,True,0,0,1,1,0,2.5,medium,north,nam định,2026-04-19T00:38:59.568288
worker_0518,52,male,upper_secondary,widowed,salary_range|skills,22.0,Vũng Tàu,Nhân viên bán hàng,location|techGap|family,retired,14052431,3,True,0,1,1,1,0,4.0,medium,south_east,vũng tàu,2026-04-19T00:38:59.568355
worker_0519,38,male,upper_secondary,single,salary_range|skills,15.0,Đà Nẵng,Kế toán / Hành chính,family,self-employed,8088384,3,True,0,1,0,0,0,1.5,low,central,đà nẵng,2026-04-19T00:38:59.568494
worker_0520,45,male,university,divorced,salary_range|skills,18.0,Hải Dương,Bảo vệ,health,self-employed,8679677,5,True,1,0,0,0,0,2.0,medium,north,hải dương,2026-04-19T00:38:59.568556
worker_0521,49,female,college,widowed,salary_range,19.0,Vinhy,Kế toán / Hành chính,other|health|techGap,employed,13576662,4,True,1,0,1,0,0,3.5,medium,north,nghệ an,2026-04-19T00:38:59.568590
worker_0522,35,male,college,married,salary_range|skills,13.0,Nam Định,Bảo vệ,techGap|other|health,employed,8694132,4,True,1,0,1,0,0,3.5,medium,north,nam định,2026-04-19T00:38:59.568638
worker_0523,63,male,college,married,salary_range|skills,30.0,Hà Nội,Nông dân / Nông nghiệp,techGap|location,employed,11550334,4,True,0,0,1,1,0,2.5,medium,north,hà nội,2026-04-19T00:38:59.568675
worker_0524,60,female,upper_secondary,married,salary_range|skills,30.0,Đà Nẵng,Lao động xây dựng,family|health|other,self-employed,14253620,3,True,1,1,0,0,0,3.5,medium,central,đà nẵng,2026-04-19T00:38:59.568715
worker_0525,63,other,primary,single,salary_range|skills,30.0,Nam Định,Nhân viên kho vận,other,employed,7067766,1,True,0,0,0,0,0,0.0,low,north,nam định,2026-04-19T00:38:59.568760
worker_0526,47,female,college,single,salary_range,26.0,Đà Nẵng,Pha chế,family,unemployed,0,4,True,0,1,0,0,0,1.5,low,central,đà nẵng,2026-04-19T00:38:59.568836
worker_0527,44,female,college,divorced,salary_range|skills,24.0,Cần Thơ,Bảo vệ,location|health,employed,3011367,4,True,1,0,0,1,0,3.0,medium,mekong,cần thơ,2026-04-19T00:38:59.568878
worker_0528,39,male,primary,single,skills,15.0,Thanh Hóa,Lao động xây dựng,health|other,retired,6540013,1,True,1,0,0,0,0,2.0,medium,north,thanh hóa,2026-04-19T00:38:59.568919
worker_0529,44,other,university,widowed,salary_range,23.0,Thanh Hóa,Nhân viên bán hàng,family|health,unemployed,0,5,True,1,1,0,0,0,3.5,medium,north,thanh hóa,2026-04-19T00:38:59.568959
worker_0530,59,other,primary,widowed,salary_range|skills,30.0,Hải Phòng,Nông dân / Nông nghiệp,location|other|health,unemployed,0,1,True,1,0,0,1,0,3.0,medium,north,hải phòng,2026-04-19T00:38:59.569000
worker_0532,41,female,college,divorced,salary_range|skills,17.0,Vĩnh Phúc,Nhân viên kho vận,other|family|location,retired,12374775,4,True,0,1,0,1,0,2.5,medium,north,vĩnh phúc,2026-04-19T00:38:59.569121
worker_0533,64,male,primary,married,salary_range|skills,30.0,Hải Phòng,Nông dân / Nông nghiệp,,unemployed,0,1,True,0,0,0,0,0,0.0,low,north,hải phòng,2026-04-19T00:38:59.569161
worker_0534,56,male,university,divorced,salary_range,30.0,Đà Nẵng,Nông dân / Nông nghiệp,,unemployed,0,5,True,0,0,0,0,0,0.0,low,central,đà nẵng,2026-04-19T00:38:59.569193
worker_0535,56,male,primary,divorced,salary_range|skills,28.0,Vĩnh Phúc,Kế toán / Hành chính,other|health,retired,9176238,1,True,1,0,0,0,0,2.0,medium,north,vĩnh phúc,2026-04-19T00:38:59.569249
worker_0537,56,other,college,divorced,salary_range|skills,27.0,Nha Trang,Nhân viên bán hàng,,retired,3321004,4,True,0,0,0,0,0,0.0,low,central,khánh hòa,2026-04-19T00:38:59.569328
worker_0539,45,other,upper_secondary,single,salary_range|skills,23.0,Nha Trang,Nhân viên phục vụ,techGap|family|location,self-employed,11695659,3,True,0,1,1,1,0,4.0,medium,central,khánh hòa,2026-04-19T00:38:59.569446
worker_0541,47,female,primary,widowed,salary_range|skills,17.0,Bình Dương,Thợ lành nghề,family|other|health,unemployed,0,1,True,1,1,0,0,0,3.5,medium,south_east,bình dương,2026-04-19T00:38:59.569551
worker_0542,56,other,primary,divorced,salary_range|skills,28.0,Vinhy,Nông dân / Nông nghiệp,family|location,retired,7061975,1,True,0,1,0,1,0,2.5,medium,north,nghệ an,2026-04-19T00:38:59.569582
worker_0543,62,other,college,single,salary_range|skills,30.0,Vũng Tàu,Kế toán / Hành chính,,self-employed,13024367,4,True,0,0,0,0,0,0.0,low,south_east,vũng tàu,2026-04-19T00:38:59.569620
worker_0544,60,male,primary,married,salary_range|skills,30.0,TP. Hồ Chí Minh,Lái xe,techGap,self-employed,9341329,1,True,0,0,1,0,0,1.5,low,south_east,hồ chí minh,2026-04-19T00:38:59.569658
worker_0545,46,male,primary,married,salary_range,21.0,Thái Nguyên,Thợ lành nghề,other|health,self-employed,7028053,1,True,1,0,0,0,0,2.0,medium,north,thái nguyên,2026-04-19T00:38:59.569712
worker_0546,43,female,college,widowed,salary_range,16.0,Hải Phòng,Công nhân sản xuất,health,employed,10150890,4,True,1,0,0,0,0,2.0,medium,north,hải phòng,2026-04-19T00:38:59.569750
worker_0547,48,male,upper_secondary,married,salary_range|skills,25.0,Thái Nguyên,Công nhân sản xuất,techGap,self-employed,11055244,3,True,0,0,1,0,0,1.5,low,north,thái nguyên,2026-04-19T00:38:59.569804
worker_0549,39,male,college,married,salary_range|skills,14.0,Đà Lạt,Bảo vệ,family|location,self-employed,3579466,4,True,0,1,0,1,0,2.5,medium,central_highlands,lâm đồng,2026-04-19T00:38:59.569882
worker_0550,38,female,primary,divorced,salary_range,17.0,Vinhy,Lái xe,techGap|other,unemployed,0,1,True,0,0,1,0,0,1.5,low,north,nghệ an,2026-04-19T00:38:59.569913
worker_0551,65,other,college,widowed,salary_range,30.0,Cần Thơ,Nhân viên phục vụ,health|family|location,retired,14435771,4,True,1,1,0,1,0,4.5,medium,mekong,cần thơ,2026-04-19T00:38:59.569951
worker_0552,36,male,primary,married,salary_range|skills,9.0,Đà Lạt,Lao động xây dựng,,self-employed,13529682,1,True,0,0,0,0,0,0.0,low,central_highlands,lâm đồng,2026-04-19T00:38:59.569974
worker_0553,64,female,upper_secondary,single,salary_range|skills,30.0,Bình Dương,Bảo vệ,location|techGap|health,retired,7122637,3,True,1,0,1,1,0,4.5,medium,south_east,bình dương,2026-04-19T00:38:59.570014
worker_0554,43,female,primary,single,salary_range|skills,14.0,Nam Định,Pha chế,,self-employed,14196377,1,True,0,0,0,0,0,0.0,low,north,nam định,2026-04-19T00:38:59.570056
worker_0555,43,male,upper_secondary,divorced,salary_range|skills,23.0,Huế,Thợ lành nghề,family|location|health,self-employed,13849806,3,True,1,1,0,1,0,4.5,medium,central,thừa thiên huế,2026-04-19T00:38:59.570079
worker_0556,52,male,upper_secondary,married,salary_range|skills,28.0,Nha Trang,Kế toán / Hành chính,,retired,11412786,3,True,0,0,0,0,0,0.0,low,central,khánh hòa,2026-04-19T00:38:59.570100
worker_0557,61,female,upper_secondary,single,salary_range|skills,30.0,Hải Dương,Nhân viên bán hàng,family|health|techGap,employed,8016873,3,True,1,1,1,0,0,5.0,high,north,hải dương,2026-04-19T00:38:59.570139
worker_0558,60,other,college,divorced,skills,30.0,TP. Hồ Chí Minh,Nhân viên phục vụ,techGap,employed,5131183,4,True,0,0,1,0,0,1.5,low,south_east,hồ chí minh,2026-04-19T00:38:59.570174
worker_0559,40,male,college,married,salary_range|skills,10.0,Bình Dương,Nông dân / Nông nghiệp,techGap|family,retired,9942880,4,True,0,1,1,0,0,3.0,medium,south_east,bình dương,2026-04-19T00:38:59.570211
worker_0560,49,female,college,married,salary_range|skills,24.0,Hải Dương,Lái xe,other|health,self-employed,13212068,4,True,1,0,0,0,0,2.0,medium,north,hải dương,2026-04-19T00:38:59.570250
worker_0563,65,other,college,married,salary_range|skills,30.0,TP. Hồ Chí Minh,Lao động xây dựng,,employed,10232570,4,True,0,0,0,0,0,0.0,low,south_east,hồ chí minh,2026-04-19T00:38:59.570403
worker_0564,43,other,primary,married,salary_range|skills,21.0,Vũng Tàu,Bảo vệ,,employed,3957176,1,True,0,0,0,0,0,0.0,low,south_east,vũng tàu,2026-04-19T00:38:59.570441
worker_0565,47,other,upper_secondary,divorced,salary_range|skills,27.0,Nha Trang,Lái xe,techGap|other,self-employed,10451393,3,True,0,0,1,0,0,1.5,low,central,khánh hòa,2026-04-19T00:38:59.570463
worker_0566,56,other,college,divorced,salary_range|skills,30.0,Cần Thơ,Nhân viên bán hàng,location|health|family,employed,14302756,4,True,1,1,0,1,0,4.5,medium,mekong,cần thơ,2026-04-19T00:38:59.570502
worker_0567,52,female,primary,single,salary_range|skills,27.0,TP. Hồ Chí Minh,Nhân viên bán hàng,location|techGap,unemployed,0,1,True,0,0,1,1,0,2.5,medium,south_east,hồ chí minh,2026-04-19T00:38:59.570539
worker_0568,54,female,college,single,salary_range|skills,30.0,Huế,Nông dân / Nông nghiệp,other|techGap|health,self-employed,9308916,4,True,1,0,1,0,0,3.5,medium,central,thừa thiên huế,2026-04-19T00:38:59.570561
worker_0569,58,male,university,divorced,salary_range|skills,29.0,Nam Định,Pha chế,techGap|family,employed,6256701,5,True,0,1,1,0,0,3.0,medium,north,nam định,2026-04-19T00:38:59.570605
worker_0570,35,male,upper_secondary,divorced,salary_range|skills,11.0,Bắc Ninh,Kế toán / Hành chính,family|other,employed,8137136,3,True,0,1,0,0,0,1.5,low,north,bắc ninh,2026-04-19T00:38:59.570642
worker_0571,43,male,college,widowed,salary_range|skills,15.0,Đà Nẵng,Pha chế,family|other,retired,12096982,4,True,0,1,0,0,0,1.5,low,central,đà nẵng,2026-04-19T00:38:59.570677
worker_0572,58,male,upper_secondary,married,salary_range|skills,30.0,Thanh Hóa,Nhân viên kho vận,location|techGap,retired,12405148,3,True,0,0,1,1,0,2.5,medium,north,thanh hóa,2026-04-19T00:38:59.570719
worker_0573,35,female,upper_secondary,widowed,salary_range|skills,9.0,Bắc Ninh,Bảo vệ,family|location,retired,12110950,3,True,0,1,0,1,0,2.5,medium,north,bắc ninh,2026-04-19T00:38:59.570758
worker_0574,42,female,upper_secondary,divorced,salary_range|skills,18.0,Nha Trang,Nông dân / Nông nghiệp,,self-employed,5382281,3,True,0,0,0,0,0,0.0,low,central,khánh hòa,2026-04-19T00:38:59.570779
worker_0575,44,other,college,widowed,skills,16.0,Hà Nội,Công nhân sản xuất,,unemployed,0,4,True,0,0,0,0,0,0.0,low,north,hà nội,2026-04-19T00:38:59.570808
worker_0576,39,male,primary,divorced,salary_range|skills,13.0,Vĩnh Phúc,Công nhân sản xuất,other|health,employed,3933350,1,True,1,0,0,0,0,2.0,medium,north,vĩnh phúc,2026-04-19T00:38:59.570863
worker_0579,55,female,college,widowed,salary_range|skills,27.0,Cần Thơ,Giúp việc / Dịch vụ,,employed,10269564,4,True,0,0,0,0,0,0.0,low,mekong,cần thơ,2026-04-19T00:38:59.571008
worker_0581,63,female,primary,widowed,salary_range|skills,30.0,Bình Dương,Nông dân / Nông nghiệp,techGap|other|location,unemployed,0,1,True,0,0,1,1,0,2.5,medium,south_east,bình dương,2026-04-19T00:38:59.571109
worker_0582,57,male,primary,widowed,salary_range,30.0,Nha Trang,Nhân viên kho vận,health|location|family,retired,13689308,1,True,1,1,0,1,0,4.5,medium,central,khánh hòa,2026-04-19T00:38:59.571131
worker_0583,57,male,upper_secondary,single,salary_range|skills,30.0,Đà Nẵng,Lao động xây dựng,other|family|health,employed,11145610,3,True,1,1,0,0,0,3.5,medium,central,đà nẵng,2026-04-19T00:38:59.571166
worker_0584,58,female,upper_secondary,single,salary_range|skills,30.0,Bắc Ninh,Thợ lành nghề,techGap|location|health,retired,14697434,3,True,1,0,1,1,0,4.5,medium,north,bắc ninh,2026-04-19T00:38:59.571203
worker_0585,56,female,college,widowed,salary_range|skills,26.0,Vinhy,Pha chế,techGap|location|health,retired,11218034,4,True,1,0,1,1,0,4.5,medium,north,nghệ an,2026-04-19T00:38:59.571234
worker_0586,65,female,primary,married,salary_range|skills,30.0,Đà Nẵng,Bảo vệ,family|health,employed,3010232,1,True,1,1,0,0,0,3.5,medium,central,đà nẵng,2026-04-19T00:38:59.571268
worker_0587,63,male,college,widowed,salary_range|skills,30.0,Đà Nẵng,Thợ lành nghề,health|other|location,unemployed,0,4,True,1,0,0,1,0,3.0,medium,central,đà nẵng,2026-04-19T00:38:59.571303
worker_0588,40,male,college,widowed,salary_range|skills,14.0,Thái Nguyên,Nhân viên bán hàng,family,unemployed,0,4,True,0,1,0,0,0,1.5,low,north,thái nguyên,2026-04-19T00:38:59.571354
worker_0589,37,female,college,married,skills,17.0,Đà Nẵng,Nhân viên phục vụ,family|location|techGap,unemployed,0,4,True,0,1,1,1,0,4.0,medium,central,đà nẵng,2026-04-19T00:38:59.571389
worker_0591,37,female,primary,single,skills,10.0,Đà Nẵng,Nhân viên kho vận,location|family,self-employed,8090504,1,True,0,1,0,1,0,2.5,medium,central,đà nẵng,2026-04-19T00:38:59.571497
worker_0592,46,female,primary,divorced,salary_range|skills,23.0,Đà Nẵng,Pha chế,techGap,self-employed,10907800,1,True,0,0,1,0,0,1.5,low,central,đà nẵng,2026-04-19T00:38:59.571533
worker_0593,65,male,college,widowed,salary_range|skills,30.0,Bắc Ninh,Lao động xây dựng,family,unemployed,0,4,True,0,1,0,0,0,1.5,low,north,bắc ninh,2026-04-19T00:38:59.571570
worker_0594,55,other,college,widowed,salary_range,30.0,Hà Nội,Thợ lành nghề,techGap|location,employed,3439938,4,True,0,0,1,1,0,2.5,medium,north,hà nội,2026-04-19T00:38:59.571601
worker_0595,48,other,upper_secondary,widowed,salary_range|skills,21.0,Nam Định,Lái xe,other|family|health,unemployed,0,3,True,1,1,0,0,0,3.5,medium,north,nam định,2026-04-19T00:38:59.571646
worker_0596,56,other,college,divorced,salary_range|skills,27.0,Vĩnh Phúc,Nhân viên bán hàng,,self-employed,9928526,4,True,0,0,0,0,0,0.0,low,north,vĩnh phúc,2026-04-19T00:38:59.571700
worker_0597,54,other,primary,married,salary_range|skills,24.0,Bắc Ninh,Lái xe,location|techGap,self-employed,7105794,1,True,0,0,1,1,0,2.5,medium,north,bắc ninh,2026-04-19T00:38:59.571736
worker_0598,35,male,college,widowed,salary_range|skills,14.0,Thanh Hóa,Nông dân / Nông nghiệp,other,retired,6059597,4,True,0,0,0,0,0,0.0,low,north,thanh hóa,2026-04-19T00:38:59.571775
worker_0600,49,female,university,married,salary_range|skills,22.0,Đà Nẵng,Lao động xây dựng,family,employed,3647407,5,True,0,1,0,0,0,1.5,low,central,đà nẵng,2026-04-19T00:38:59.571856
worker_0601,49,male,university,divorced,salary_range|skills,21.0,Thanh Hóa,Thợ lành nghề,,unemployed,0,5,True,0,0,0,0,0,0.0,low,north,thanh hóa,2026-04-19T00:38:59.571892
worker_0602,39,other,college,divorced,salary_range|skills,17.0,TP. Hồ Chí Minh,Nhân viên bán hàng,techGap|location,employed,8263827,4,True,0,0,1,1,0,2.5,medium,south_east,hồ chí minh,2026-04-19T00:38:59.571927
worker_0603,63,other,college,divorced,salary_range|skills,30.0,Vinhy,Lao động xây dựng,techGap|family|other,self-employed,12837381,4,True,0,1,1,0,0,3.0,medium,north,nghệ an,2026-04-19T00:38:59.571952
worker_0606,47,female,upper_secondary,single,salary_range|skills,17.0,Nam Định,Bảo vệ,techGap,self-employed,6509612,3,True,0,0,1,0,0,1.5,low,north,nam định,2026-04-19T00:38:59.572113
worker_0607,49,male,primary,single,salary_range|skills,29.0,TP. Hồ Chí Minh,Bảo vệ,health|family|other,self-employed,9985036,1,True,1,1,0,0,0,3.5,medium,south_east,hồ chí minh,2026-04-19T00:38:59.572150
worker_0608,52,male,upper_secondary,divorced,salary_range|skills,28.0,Cần Thơ,Giúp việc / Dịch vụ,other|techGap,unemployed,0,3,True,0,0,1,0,0,1.5,low,mekong,cần thơ,2026-04-19T00:38:59.572186
worker_0610,39,female,upper_secondary,widowed,skills,14.0,Vũng Tàu,Thợ lành nghề,family|location|other,self-employed,13599293,3,True,0,1,0,1,0,2.5,medium,south_east,vũng tàu,2026-04-19T00:38:59.572274
worker_0611,54,male,college,divorced,salary_range|skills,27.0,Đà Lạt,Bảo vệ,health,self-employed,6948813,4,True,1,0,0,0,0,2.0,medium,central_highlands,lâm đồng,2026-04-19T00:38:59.572296
worker_0612,61,female,college,married,salary_range|skills,30.0,Đà Nẵng,Thợ lành nghề,,employed,9132896,4,True,0,0,0,0,0,0.0,low,central,đà nẵng,2026-04-19T00:38:59.572328
worker_0614,60,female,college,married,salary_range|skills,30.0,Bình Dương,Giúp việc / Dịch vụ,techGap,retired,11404875,4,True,0,0,1,0,0,1.5,low,south_east,bình dương,2026-04-19T00:38:59.572414
worker_0615,35,male,college,divorced,salary_range|skills,5.0,Vĩnh Phúc,Giúp việc / Dịch vụ,techGap,unemployed,0,4,True,0,0,1,0,0,1.5,low,north,vĩnh phúc,2026-04-19T00:38:59.572468
worker_0617,53,other,upper_secondary,single,salary_range,23.0,Thanh Hóa,Công nhân sản xuất,location|other,unemployed,0,3,True,0,0,0,1,0,1.0,low,north,thanh hóa,2026-04-19T00:38:59.572557
worker_0618,38,other,upper_secondary,widowed,salary_range|skills,15.0,Cần Thơ,Thợ lành nghề,health|location,retired,8005315,3,True,1,0,0,1,0,3.0,medium,mekong,cần thơ,2026-04-19T00:38:59.572594
worker_0619,52,female,university,married,salary_range|skills,25.0,TP. Hồ Chí Minh,Thợ lành nghề,,self-employed,13753970,5,True,0,0,0,0,0,0.0,low,south_east,hồ chí minh,2026-04-19T00:38:59.572630
worker_0620,61,other,upper_secondary,widowed,salary_range|skills,30.0,Bắc Ninh,Công nhân sản xuất,other|family,self-employed,13439377,3,True,0,1,0,0,0,1.5,low,north,bắc ninh,2026-04-19T00:38:59.572664
worker_0621,49,other,college,married,salary_range|skills,21.0,Vũng Tàu,Pha chế,family|other,self-employed,14851328,4,True,0,1,0,0,0,1.5,low,south_east,vũng tàu,2026-04-19T00:38:59.572698
worker_0622,45,other,primary,married,salary_range|skills,23.0,Bắc Ninh,Giúp việc / Dịch vụ,,employed,13477513,1,True,0,0,0,0,0,0.0,low,north,bắc ninh,2026-04-19T00:38:59.572732
worker_0623,62,male,upper_secondary,single,salary_range|skills,30.0,Đà Nẵng,Thợ lành nghề,techGap|health|family,unemployed,0,3,True,1,1,1,0,0,5.0,high,central,đà nẵng,2026-04-19T00:38:59.572765
worker_0624,41,other,upper_secondary,widowed,salary_range|skills,12.0,Nha Trang,Giúp việc / Dịch vụ,,employed,3650793,3,True,0,0,0,0,0,0.0,low,central,khánh hòa,2026-04-19T00:38:59.572785
worker_0625,46,male,university,divorced,salary_range|skills,19.0,Vinhy,Nhân viên bán hàng,location,retired,9069805,5,True,0,0,0,1,0,1.0,low,north,nghệ an,2026-04-19T00:38:59.572810
worker_0626,57,female,college,married,skills,30.0,Cần Thơ,Lao động xây dựng,location,self-employed,13828329,4,True,0,0,0,1,0,1.0,low,mekong,cần thơ,2026-04-19T00:38:59.572842
worker_0627,53,other,upper_secondary,single,salary_range|skills,29.0,Bình Dương,Giúp việc / Dịch vụ,techGap,self-employed,6881578,3,True,0,0,1,0,0,1.5,low,south_east,bình dương,2026-04-19T00:38:59.572878
worker_0628,54,female,upper_secondary,single,salary_range|skills,24.0,Thái Nguyên,Giúp việc / Dịch vụ,other|family,self-employed,13211991,3,True,0,1,0,0,0,1.5,low,north,thái nguyên,2026-04-19T00:38:59.572925
worker_0631,63,male,primary,single,salary_range|skills,30.0,Hải Phòng,Thợ lành nghề,other,self-employed,4382667,1,True,0,0,0,0,0,0.0,low,north,hải phòng,2026-04-19T00:38:59.573050
worker_0632,45,male,upper_secondary,widowed,salary_range|skills,20.0,Đà Lạt,Nhân viên bán hàng,other,unemployed,0,3,True,0,0,0,0,0,0.0,low,central_highlands,lâm đồng,2026-04-19T00:38:59.573071
worker_0634,57,other,college,widowed,salary_range|skills,30.0,TP. Hồ Chí Minh,Lái xe,health|techGap|other,retired,3397967,4,True,1,0,1,0,0,3.5,medium,south_east,hồ chí minh,2026-04-19T00:38:59.573152
worker_0635,38,male,university,divorced,salary_range|skills,15.0,Vũng Tàu,Nhân viên bán hàng,,retired,9869909,5,True,0,0,0,0,0,0.0,low,south_east,vũng tàu,2026-04-19T00:38:59.573187
worker_0637,47,male,university,single,salary_range,23.0,Nha Trang,Lao động xây dựng,family,retired,6424282,5,True,0,1,0,0,0,1.5,low,central,khánh hòa,2026-04-19T00:38:59.573255
worker_0640,60,male,college,married,skills,30.0,Thanh Hóa,Nhân viên phục vụ,health,self-employed,11896993,4,True,1,0,0,0,0,2.0,medium,north,thanh hóa,2026-04-19T00:38:59.573390
worker_0641,59,other,college,divorced,salary_range|skills,30.0,Huế,Nhân viên kho vận,,self-employed,4690069,4,True,0,0,0,0,0,0.0,low,central,thừa thiên huế,2026-04-19T00:38:59.573411
worker_0642,39,male,upper_secondary,married,salary_range|skills,13.0,Hải Dương,Kế toán / Hành chính,,self-employed,9492859,3,True,0,0,0,0,0,0.0,low,north,hải dương,2026-04-19T00:38:59.573446
worker_0643,48,other,primary,married,skills,18.0,Vũng Tàu,Bảo vệ,,self-employed,14498281,1,True,0,0,0,0,0,0.0,low,south_east,vũng tàu,2026-04-19T00:38:59.573477
worker_0644,38,female,primary,widowed,salary_range|skills,15.0,Bình Dương,Thợ lành nghề,,self-employed,5442142,1,True,0,0,0,0,0,0.0,low,south_east,bình dương,2026-04-19T00:38:59.573508
worker_0645,63,female,college,married,salary_range|skills,30.0,Hải Dương,Công nhân sản xuất,location|family|techGap,unemployed,0,4,True,0,1,1,1,0,4.0,medium,north,hải dương,2026-04-19T00:38:59.573557
worker_0647,63,other,college,widowed,skills,30.0,Đà Nẵng,Công nhân sản xuất,techGap|health|family,self-employed,12752553,4,True,1,1,1,0,0,5.0,high,central,đà nẵng,2026-04-19T00:38:59.573655
worker_0648,65,male,upper_secondary,widowed,salary_range|skills,30.0,Đà Nẵng,Lái xe,location|techGap|other,unemployed,0,3,True,0,0,1,1,0,2.5,medium,central,đà nẵng,2026-04-19T00:38:59.573690
worker_0649,58,male,primary,married,salary_range|skills,30.0,Hải Dương,Bảo vệ,techGap,employed,10360747,1,True,0,0,1,0,0,1.5,low,north,hải dương,2026-04-19T00:38:59.573726
worker_0650,40,other,upper_secondary,married,salary_range|skills,20.0,Bình Dương,Giúp việc / Dịch vụ,techGap|other|family,employed,8848028,3,True,0,1,1,0,0,3.0,medium,south_east,bình dương,2026-04-19T00:38:59.573761
worker_0651,57,male,college,married,salary_range|skills,30.0,Thanh Hóa,Bảo vệ,family,employed,11476418,4,True,0,1,0,0,0,1.5,low,north,thanh hóa,2026-04-19T00:38:59.573800
worker_0652,46,male,upper_secondary,widowed,salary_range|skills,17.0,Hải Dương,Nhân viên bán hàng,health|location|techGap,retired,11219245,3,True,1,0,1,1,0,4.5,medium,north,hải dương,2026-04-19T00:38:59.573837
worker_0653,49,other,upper_secondary,divorced,salary_range|skills,21.0,Đà Nẵng,Kế toán / Hành chính,,retired,12612344,3,True,0,0,0,0,0,0.0,low,central,đà nẵng,2026-04-19T00:38:59.573867
worker_0654,59,other,primary,divorced,salary_range|skills,30.0,Hà Nội,Nông dân / Nông nghiệp,health|techGap,self-employed,7100746,1,True,1,0,1,0,0,3.5,medium,north,hà nội,2026-04-19T00:38:59.573897
worker_0655,46,other,college,single,salary_range|skills,19.0,Cần Thơ,Nhân viên kho vận,family,retired,3478746,4,True,0,1,0,0,0,1.5,low,mekong,cần thơ,2026-04-19T00:38:59.573932
worker_0656,57,other,primary,married,salary_range|skills,30.0,Vinhy,Bảo vệ,techGap|family,unemployed,0,1,True,0,1,1,0,0,3.0,medium,north,nghệ an,2026-04-19T00:38:59.573957
worker_0657,57,other,primary,widowed,salary_range|skills,29.0,Cần Thơ,Thợ lành nghề,techGap,retired,8925725,1,True,0,0,1,0,0,1.5,low,mekong,cần thơ,2026-04-19T00:38:59.573991
worker_0658,35,male,primary,married,salary_range|skills,14.0,Vinhy,Thợ lành nghề,health|other,self-employed,12298529,1,True,1,0,0,0,0,2.0,medium,north,nghệ an,2026-04-19T00:38:59.574016
worker_0659,36,male,college,single,salary_range|skills,7.0,Bình Dương,Nông dân / Nông nghiệp,techGap|health,retired,12752228,4,True,1,0,1,0,0,3.5,medium,south_east,bình dương,2026-04-19T00:38:59.574050
worker_0660,58,male,upper_secondary,divorced,skills,30.0,Vinhy,Công nhân sản xuất,,retired,3004545,3,True,0,0,0,0,0,0.0,low,north,nghệ an,2026-04-19T00:38:59.574073
worker_0661,63,male,upper_secondary,single,salary_range|skills,30.0,Hải Phòng,Công nhân sản xuất,location,unemployed,0,3,True,0,0,0,1,0,1.0,low,north,hải phòng,2026-04-19T00:38:59.574107
worker_0662,65,other,college,married,salary_range|skills,30.0,Vĩnh Phúc,Thợ lành nghề,family,unemployed,0,4,True,0,1,0,0,0,1.5,low,north,vĩnh phúc,2026-04-19T00:38:59.574158
worker_0663,41,other,university,married,salary_range,14.0,Hải Dương,Giúp việc / Dịch vụ,location|other,unemployed,0,5,True,0,0,0,1,0,1.0,low,north,hải dương,2026-04-19T00:38:59.574191
worker_0664,56,female,college,married,salary_range|skills,29.0,Hải Dương,Lao động xây dựng,location,self-employed,12301140,4,True,0,0,0,1,0,1.0,low,north,hải dương,2026-04-19T00:38:59.574227
worker_0665,46,female,upper_secondary,widowed,salary_range|skills,18.0,Huế,Bảo vệ,family|health|location,unemployed,0,3,True,1,1,0,1,0,4.5,medium,central,thừa thiên huế,2026-04-19T00:38:59.574247
worker_0666,45,male,primary,married,salary_range|skills,15.0,Thanh Hóa,Lái xe,other|techGap,employed,6014748,1,True,0,0,1,0,0,1.5,low,north,thanh hóa,2026-04-19T00:38:59.574286
worker_0667,53,female,upper_secondary,single,salary_range|skills,23.0,Hải Dương,Công nhân sản xuất,,employed,10901409,3,True,0,0,0,0,0,0.0,low,north,hải dương,2026-04-19T00:38:59.574318
worker_0668,65,other,college,single,salary_range|skills,30.0,Thanh Hóa,Nhân viên phục vụ,health,unemployed,0,4,True,1,0,0,0,0,2.0,medium,north,thanh hóa,2026-04-19T00:38:59.574354
worker_0669,49,other,primary,single,salary_range|skills,22.0,Hà Nội,Giúp việc / Dịch vụ,techGap,retired,10030699,1,True,0,0,1,0,0,1.5,low,north,hà nội,2026-04-19T00:38:59.574383
worker_0670,50,other,primary,single,salary_range|skills,27.0,Đà Lạt,Thợ lành nghề,,retired,11487172,1,True,0,0,0,0,0,0.0,low,central_highlands,lâm đồng,2026-04-19T00:38:59.574401
worker_0671,59,other,upper_secondary,divorced,salary_range|skills,30.0,Hà Nội,Công nhân sản xuất,health|location,retired,11449616,3,True,1,0,0,1,0,3.0,medium,north,hà nội,2026-04-19T00:38:59.574431
worker_0672,55,female,college,widowed,salary_range|skills,30.0,Nha Trang,Giúp việc / Dịch vụ,,unemployed,0,4,True,0,0,0,0,0,0.0,low,central,khánh hòa,2026-04-19T00:38:59.574450
worker_0673,52,female,primary,married,salary_range|skills,24.0,Đà Nẵng,Nhân viên phục vụ,techGap|health,self-employed,6779241,1,True,1,0,1,0,0,3.5,medium,central,đà nẵng,2026-04-19T00:38:59.574481
worker_0675,52,female,primary,divorced,skills,27.0,Vĩnh Phúc,Nông dân / Nông nghiệp,,unemployed,0,1,True,0,0,0,0,0,0.0,low,north,vĩnh phúc,2026-04-19T00:38:59.574581
worker_0676,56,other,upper_secondary,divorced,salary_range|skills,30.0,Hải Dương,Nông dân / Nông nghiệp,other,retired,3461568,3,True,0,0,0,0,0,0.0,low,north,hải dương,2026-04-19T00:38:59.574816
worker_0677,52,other,primary,divorced,skills,27.0,Hải Dương,Công nhân sản xuất,family|techGap|health,employed,9075422,1,True,1,1,1,0,0,5.0,high,north,hải dương,2026-04-19T00:38:59.574959
worker_0678,50,other,primary,married,salary_range|skills,27.0,Nam Định,Bảo vệ,,retired,14065454,1,True,0,0,0,0,0,0.0,low,north,nam định,2026-04-19T00:38:59.575019
worker_0679,57,male,upper_secondary,widowed,salary_range|skills,28.0,Hà Nội,Giúp việc / Dịch vụ,location|techGap|health,retired,7094236,3,True,1,0,1,1,0,4.5,medium,north,hà nội,2026-04-19T00:38:59.575054
worker_0680,62,male,upper_secondary,married,salary_range|skills,30.0,Vĩnh Phúc,Lái xe,location,retired,9793383,3,True,0,0,0,1,0,1.0,low,north,vĩnh phúc,2026-04-19T00:38:59.575106
worker_0684,56,male,college,single,salary_range|skills,26.0,Hải Phòng,Lao động xây dựng,family|location,retired,9463546,4,True,0,1,0,1,0,2.5,medium,north,hải phòng,2026-04-19T00:38:59.575315
worker_0685,46,male,upper_secondary,married,salary_range|skills,20.0,Thái Nguyên,Lái xe,health|family,retired,4211397,3,True,1,1,0,0,0,3.5,medium,north,thái nguyên,2026-04-19T00:38:59.575364
worker_0686,42,male,college,widowed,salary_range|skills,15.0,Huế,Nhân viên phục vụ,other,self-employed,5025080,4,True,0,0,0,0,0,0.0,low,central,thừa thiên huế,2026-04-19T00:38:59.575390
worker_0687,36,female,college,widowed,salary_range|skills,15.0,TP. Hồ Chí Minh,Nhân viên kho vận,location|techGap,retired,10347036,4,True,0,0,1,1,0,2.5,medium,south_east,hồ chí minh,2026-04-19T00:38:59.575425
worker_0688,51,male,upper_secondary,married,salary_range|skills,28.0,Bắc Ninh,Nhân viên bán hàng,,retired,14619426,3,True,0,0,0,0,0,0.0,low,north,bắc ninh,2026-04-19T00:38:59.575462
worker_0689,61,female,primary,widowed,skills,30.0,Nam Định,Công nhân sản xuất,family|location,employed,3955897,1,True,0,1,0,1,0,2.5,medium,north,nam định,2026-04-19T00:38:59.575500
worker_0690,47,female,upper_secondary,married,salary_range|skills,20.0,Thanh Hóa,Lái xe,other|family|location,retired,5644174,3,True,0,1,0,1,0,2.5,medium,north,thanh hóa,2026-04-19T00:38:59.575540
worker_0691,52,male,college,divorced,salary_range|skills,22.0,Thái Nguyên,Kế toán / Hành chính,family|other|health,self-employed,11059143,4,True,1,1,0,0,0,3.5,medium,north,thái nguyên,2026-04-19T00:38:59.575586
worker_0693,46,male,university,single,salary_range|skills,20.0,Hải Dương,Lao động xây dựng,location|other|techGap,self-employed,13107371,5,True,0,0,1,1,0,2.5,medium,north,hải dương,2026-04-19T00:38:59.575679
worker_0695,46,male,college,widowed,salary_range,24.0,Hải Dương,Nhân viên bán hàng,,self-employed,10905755,4,True,0,0,0,0,0,0.0,low,north,hải dương,2026-04-19T00:38:59.575767
worker_0697,36,male,upper_secondary,divorced,salary_range|skills,11.0,Bắc Ninh,Nhân viên phục vụ,,self-employed,11499702,3,True,0,0,0,0,0,0.0,low,north,bắc ninh,2026-04-19T00:38:59.575884
worker_0698,49,female,college,single,salary_range|skills,24.0,Vĩnh Phúc,Bảo vệ,health|other,employed,5369736,4,True,1,0,0,0,0,2.0,medium,north,vĩnh phúc,2026-04-19T00:38:59.575936
worker_0699,44,male,college,divorced,salary_range|skills,20.0,Thái Nguyên,Nhân viên kho vận,family,retired,7361423,4,True,0,1,0,0,0,1.5,low,north,thái nguyên,2026-04-19T00:38:59.576047
worker_0700,39,other,upper_secondary,widowed,salary_range|skills,11.0,Đà Lạt,Nhân viên phục vụ,,self-employed,13733986,3,True,0,0,0,0,0,0.0,low,central_highlands,lâm đồng,2026-04-19T00:38:59.576096
worker_0702,47,female,upper_secondary,widowed,skills,26.0,Bắc Ninh,Kế toán / Hành chính,family,employed,12740225,3,True,0,1,0,0,0,1.5,low,north,bắc ninh,2026-04-19T00:38:59.576295
worker_0703,54,other,upper_secondary,single,salary_range|skills,27.0,Bình Dương,Pha chế,techGap|other|family,self-employed,4436722,3,True,0,1,1,0,0,3.0,medium,south_east,bình dương,2026-04-19T00:38:59.576379
worker_0704,44,other,upper_secondary,single,salary_range|skills,22.0,Hải Dương,Công nhân sản xuất,health,self-employed,3780631,3,True,1,0,0,0,0,2.0,medium,north,hải dương,2026-04-19T00:38:59.576459
worker_0706,52,female,primary,divorced,salary_range|skills,27.0,Nha Trang,Bảo vệ,health|techGap,self-employed,13690254,1,True,1,0,1,0,0,3.5,medium,central,khánh hòa,2026-04-19T00:38:59.576995
worker_0707,37,other,upper_secondary,married,salary_range|skills,13.0,Huế,Kế toán / Hành chính,techGap|family|other,employed,5618540,3,True,0,1,1,0,0,3.0,medium,central,thừa thiên huế,2026-04-19T00:38:59.577083
worker_0708,53,male,college,divorced,salary_range|skills,23.0,Nha Trang,Pha chế,techGap,self-employed,5819565,4,True,0,0,1,0,0,1.5,low,central,khánh hòa,2026-04-19T00:38:59.577143
worker_0709,42,other,primary,divorced,skills,21.0,Bắc Ninh,Nhân viên bán hàng,techGap|health,self-employed,14989504,1,True,1,0,1,0,0,3.5,medium,north,bắc ninh,2026-04-19T00:38:59.577257
worker_0711,39,female,primary,single,salary_range|skills,14.0,Đà Lạt,Lao động xây dựng,family|other,retired,13891902,1,True,0,1,0,0,0,1.5,low,central_highlands,lâm đồng,2026-04-19T00:38:59.577478
worker_0712,65,female,college,married,salary_range|skills,30.0,Vinhy,Giúp việc / Dịch vụ,health|family,self-employed,7024892,4,True,1,1,0,0,0,3.5,medium,north,nghệ an,2026-04-19T00:38:59.577564
worker_0713,53,other,primary,widowed,salary_range|skills,30.0,Bình Dương,Bảo vệ,,employed,5975857,1,True,0,0,0,0,0,0.0,low,south_east,bình dương,2026-04-19T00:38:59.577743
worker_0714,39,male,primary,divorced,salary_range|skills,16.0,Hải Phòng,Bảo vệ,family|techGap|location,retired,13646763,1,True,0,1,1,1,0,4.0,medium,north,hải phòng,2026-04-19T00:38:59.577898
worker_0715,43,female,primary,single,salary_range|skills,19.0,Bắc Ninh,Bảo vệ,,unemployed,0,1,True,0,0,0,0,0,0.0,low,north,bắc ninh,2026-04-19T00:38:59.578004
worker_0716,54,female,upper_secondary,divorced,skills,30.0,Nha Trang,Giúp việc / Dịch vụ,family|other,unemployed,0,3,True,0,1,0,0,0,1.5,low,central,khánh hòa,2026-04-19T00:38:59.578055
worker_0717,51,male,primary,divorced,salary_range|skills,30.0,Hải Dương,Bảo vệ,other|techGap|location,retired,5454110,1,True,0,0,1,1,0,2.5,medium,north,hải dương,2026-04-19T00:38:59.578872
worker_0718,57,male,university,widowed,salary_range|skills,30.0,Hà Nội,Công nhân sản xuất,techGap|other,self-employed,8017310,5,True,0,0,1,0,0,1.5,low,north,hà nội,2026-04-19T00:38:59.579015
worker_0719,50,female,college,divorced,salary_range|skills,30.0,Huế,Nhân viên kho vận,techGap,retired,7083541,4,True,0,0,1,0,0,1.5,low,central,thừa thiên huế,2026-04-19T00:38:59.579082
worker_0720,42,other,primary,married,salary_range|skills,19.0,Hà Nội,Nông dân / Nông nghiệp,health,self-employed,6864740,1,True,1,0,0,0,0,2.0,medium,north,hà nội,2026-04-19T00:38:59.579237
worker_0721,46,male,college,married,salary_range,24.0,Thái Nguyên,Kế toán / Hành chính,family,unemployed,0,4,True,0,1,0,0,0,1.5,low,north,thái nguyên,2026-04-19T00:38:59.579328
worker_0724,39,male,college,widowed,salary_range|skills,17.0,Huế,Kế toán / Hành chính,,self-employed,5554322,4,True,0,0,0,0,0,0.0,low,central,thừa thiên huế,2026-04-19T00:38:59.579651
worker_0725,51,male,primary,single,salary_range|skills,25.0,Bình Dương,Nhân viên bán hàng,,employed,7135992,1,True,0,0,0,0,0,0.0,low,south_east,bình dương,2026-04-19T00:38:59.579729
worker_0726,53,female,upper_secondary,widowed,salary_range|skills,23.0,Đà Nẵng,Bảo vệ,,retired,9343473,3,True,0,0,0,0,0,0.0,low,central,đà nẵng,2026-04-19T00:38:59.579818
worker_0727,39,male,university,single,salary_range|skills,11.0,Bình Dương,Nông dân / Nông nghiệp,other|location|family,retired,3138683,5,True,0,1,0,1,0,2.5,medium,south_east,bình dương,2026-04-19T00:38:59.579920
worker_0728,57,male,primary,married,salary_range|skills,30.0,Vĩnh Phúc,Giúp việc / Dịch vụ,location|techGap,unemployed,0,1,True,0,0,1,1,0,2.5,medium,north,vĩnh phúc,2026-04-19T00:38:59.580067
worker_0729,51,other,upper_secondary,divorced,salary_range|skills,28.0,Nha Trang,Pha chế,techGap|health|other,employed,7456822,3,True,1,0,1,0,0,3.5,medium,central,khánh hòa,2026-04-19T00:38:59.580275
worker_0730,48,female,upper_secondary,married,salary_range|skills,27.0,Cần Thơ,Kế toán / Hành chính,,retired,3348753,3,True,0,0,0,0,0,0.0,low,mekong,cần thơ,2026-04-19T00:38:59.580357
worker_0731,39,male,college,divorced,salary_range|skills,15.0,Nam Định,Lái xe,techGap|family,retired,10653622,4,True,0,1,1,0,0,3.0,medium,north,nam định,2026-04-19T00:38:59.580470
worker_0732,41,other,upper_secondary,married,salary_range|skills,13.0,Nha Trang,Lao động xây dựng,health|location,self-employed,8717801,3,True,1,0,0,1,0,3.0,medium,central,khánh hòa,2026-04-19T00:38:59.580522
worker_0734,53,male,college,single,salary_range|skills,24.0,Nam Định,Nhân viên kho vận,location|techGap|other,unemployed,0,4,True,0,0,1,1,0,2.5,medium,north,nam định,2026-04-19T00:38:59.580676
worker_0735,51,male,primary,widowed,salary_range|skills,26.0,Vĩnh Phúc,Kế toán / Hành chính,techGap,self-employed,7319939,1,True,0,0,1,0,0,1.5,low,north,vĩnh phúc,2026-04-19T00:38:59.580754
worker_0736,41,female,university,married,salary_range|skills,14.0,TP. Hồ Chí Minh,Nhân viên kho vận,family|other,unemployed,0,5,True,0,1,0,0,0,1.5,low,south_east,hồ chí minh,2026-04-19T00:38:59.580821
worker_0737,50,other,upper_secondary,divorced,salary_range|skills,24.0,Đà Nẵng,Kế toán / Hành chính,health,unemployed,0,3,True,1,0,0,0,0,2.0,medium,central,đà nẵng,2026-04-19T00:38:59.580909
worker_0739,49,other,primary,widowed,salary_range|skills,28.0,Hải Phòng,Nhân viên kho vận,techGap|location,retired,4897539,1,True,0,0,1,1,0,2.5,medium,north,hải phòng,2026-04-19T00:38:59.581073
worker_0740,43,other,upper_secondary,divorced,salary_range|skills,15.0,Hải Phòng,Lái xe,location,retired,8476485,3,True,0,0,0,1,0,1.0,low,north,hải phòng,2026-04-19T00:38:59.581133
worker_0741,59,male,upper_secondary,married,salary_range|skills,30.0,Hải Dương,Lái xe,health,self-employed,12580256,3,True,1,0,0,0,0,2.0,medium,north,hải dương,2026-04-19T00:38:59.581197
worker_0744,60,male,upper_secondary,divorced,salary_range|skills,30.0,Cần Thơ,Lái xe,,employed,9491571,3,True,0,0,0,0,0,0.0,low,mekong,cần thơ,2026-04-19T00:38:59.581467
worker_0745,64,other,university,divorced,salary_range|skills,30.0,Vĩnh Phúc,Bảo vệ,location|techGap|health,employed,13742122,5,True,1,0,1,1,0,4.5,medium,north,vĩnh phúc,2026-04-19T00:38:59.581564
worker_0746,65,male,upper_secondary,widowed,salary_range|skills,30.0,Bình Dương,Pha chế,location,employed,4389271,3,True,0,0,0,1,0,1.0,low,south_east,bình dương,2026-04-19T00:38:59.581627
worker_0747,63,male,college,single,salary_range|skills,30.0,Đà Nẵng,Bảo vệ,,employed,4901503,4,True,0,0,0,0,0,0.0,low,central,đà nẵng,2026-04-19T00:38:59.581679
worker_0748,44,male,college,divorced,salary_range|skills,14.0,Hà Nội,Thợ lành nghề,,retired,11905846,4,True,0,0,0,0,0,0.0,low,north,hà nội,2026-04-19T00:38:59.581737
worker_0750,56,female,upper_secondary,widowed,salary_range,30.0,Bình Dương,Bảo vệ,other,unemployed,0,3,True,0,0,0,0,0,0.0,low,south_east,bình dương,2026-04-19T00:38:59.581993
worker_0751,46,male,college,single,salary_range|skills,26.0,Hà Nội,Kế toán / Hành chính,,retired,10258098,4,True,0,0,0,0,0,0.0,low,north,hà nội,2026-04-19T00:38:59.582041
worker_0753,64,female,college,married,salary_range|skills,30.0,TP. Hồ Chí Minh,Công nhân sản xuất,,retired,5080747,4,True,0,0,0,0,0,0.0,low,south_east,hồ chí minh,2026-04-19T00:38:59.582171
worker_0754,46,other,upper_secondary,divorced,salary_range|skills,25.0,Nam Định,Bảo vệ,,unemployed,0,3,True,0,0,0,0,0,0.0,low,north,nam định,2026-04-19T00:38:59.582232
worker_0755,63,other,university,married,salary_range|skills,30.0,Vĩnh Phúc,Nhân viên bán hàng,techGap|health,retired,13476723,5,True,1,0,1,0,0,3.5,medium,north,vĩnh phúc,2026-04-19T00:38:59.582305
worker_0756,50,female,upper_secondary,married,salary_range,29.0,Thanh Hóa,Nhân viên kho vận,techGap,retired,7590824,3,True,0,0,1,0,0,1.5,low,north,thanh hóa,2026-04-19T00:38:59.582360
worker_0757,64,female,upper_secondary,widowed,salary_range|skills,30.0,Bắc Ninh,Nhân viên phục vụ,techGap|family|health,employed,14411337,3,True,1,1,1,0,0,5.0,high,north,bắc ninh,2026-04-19T00:38:59.582411
worker_0758,55,male,upper_secondary,married,salary_range,30.0,Hải Phòng,Giúp việc / Dịch vụ,,employed,4776169,3,True,0,0,0,0,0,0.0,low,north,hải phòng,2026-04-19T00:38:59.582458
worker_0759,47,other,university,married,salary_range|skills,20.0,Hải Phòng,Pha chế,techGap|family,unemployed,0,5,True,0,1,1,0,0,3.0,medium,north,hải phòng,2026-04-19T00:38:59.582535
worker_0760,51,male,primary,married,salary_range|skills,21.0,Đà Lạt,Thợ lành nghề,location,unemployed,0,1,True,0,0,0,1,0,1.0,low,central_highlands,lâm đồng,2026-04-19T00:38:59.582566
worker_0763,46,female,primary,widowed,salary_range|skills,21.0,Hà Nội,Bảo vệ,,employed,6749684,1,True,0,0,0,0,0,0.0,low,north,hà nội,2026-04-19T00:38:59.582756
worker_0764,55,male,upper_secondary,married,salary_range,27.0,Thanh Hóa,Giúp việc / Dịch vụ,,unemployed,0,3,True,0,0,0,0,0,0.0,low,north,thanh hóa,2026-04-19T00:38:59.582800
worker_0766,57,male,primary,married,salary_range|skills,28.0,Nam Định,Công nhân sản xuất,family|techGap,employed,6202043,1,True,0,1,1,0,0,3.0,medium,north,nam định,2026-04-19T00:38:59.582945
worker_0767,47,other,primary,married,salary_range|skills,22.0,Bắc Ninh,Công nhân sản xuất,,self-employed,3620155,1,True,0,0,0,0,0,0.0,low,north,bắc ninh,2026-04-19T00:38:59.582986
worker_0768,47,female,college,married,salary_range|skills,27.0,Hải Phòng,Nhân viên phục vụ,,employed,11567708,4,True,0,0,0,0,0,0.0,low,north,hải phòng,2026-04-19T00:38:59.583026
worker_0769,54,male,primary,married,salary_range|skills,30.0,Thanh Hóa,Lao động xây dựng,techGap|health|family,retired,3571771,1,True,1,1,1,0,0,5.0,high,north,thanh hóa,2026-04-19T00:38:59.583072
worker_0770,36,female,primary,single,salary_range|skills,11.0,Đà Lạt,Kế toán / Hành chính,,unemployed,0,1,True,0,0,0,0,0,0.0,low,central_highlands,lâm đồng,2026-04-19T00:38:59.583095
worker_0771,46,other,primary,married,salary_range|skills,24.0,Bắc Ninh,Giúp việc / Dịch vụ,family|techGap|location,employed,5800489,1,True,0,1,1,1,0,4.0,medium,north,bắc ninh,2026-04-19T00:38:59.583136
worker_0773,45,male,university,single,salary_range|skills,17.0,Bắc Ninh,Thợ lành nghề,techGap|health,self-employed,5808513,5,True,1,0,1,0,0,3.5,medium,north,bắc ninh,2026-04-19T00:38:59.583244
worker_0774,37,other,primary,single,salary_range|skills,16.0,Hà Nội,Công nhân sản xuất,location|health,employed,11604659,1,True,1,0,0,1,0,3.0,medium,north,hà nội,2026-04-19T00:38:59.583282
worker_0776,60,female,primary,widowed,salary_range|skills,30.0,Bắc Ninh,Nhân viên bán hàng,other|techGap,retired,13480067,1,True,0,0,1,0,0,1.5,low,north,bắc ninh,2026-04-19T00:38:59.583412
worker_0777,56,other,upper_secondary,divorced,salary_range,30.0,Vĩnh Phúc,Lái xe,location|health,retired,13222590,3,True,1,0,0,1,0,3.0,medium,north,vĩnh phúc,2026-04-19T00:38:59.583495
worker_0778,55,other,primary,single,salary_range|skills,30.0,Huế,Công nhân sản xuất,family,unemployed,0,1,True,0,1,0,0,0,1.5,low,central,thừa thiên huế,2026-04-19T00:38:59.583524
worker_0779,39,other,primary,married,salary_range|skills,12.0,Huế,Lái xe,techGap|health,self-employed,14251277,1,True,1,0,1,0,0,3.5,medium,central,thừa thiên huế,2026-04-19T00:38:59.583550
worker_0780,39,other,upper_secondary,single,salary_range|skills,10.0,TP. Hồ Chí Minh,Lao động xây dựng,,self-employed,3794662,3,True,0,0,0,0,0,0.0,low,south_east,hồ chí minh,2026-04-19T00:38:59.583591
worker_0781,61,male,college,single,salary_range|skills,30.0,Nam Định,Kế toán / Hành chính,health|other|location,retired,5556743,4,True,1,0,0,1,0,3.0,medium,north,nam định,2026-04-19T00:38:59.583644
worker_0782,42,male,primary,married,salary_range|skills,16.0,Vũng Tàu,Công nhân sản xuất,,unemployed,0,1,True,0,0,0,0,0,0.0,low,south_east,vũng tàu,2026-04-19T00:38:59.583686
worker_0783,44,male,university,married,salary_range|skills,17.0,Cần Thơ,Bảo vệ,family|techGap|other,unemployed,0,5,True,0,1,1,0,0,3.0,medium,mekong,cần thơ,2026-04-19T00:38:59.583728
worker_0784,49,female,upper_secondary,married,salary_range|skills,19.0,Vinhy,Kế toán / Hành chính,,self-employed,13932944,3,True,0,0,0,0,0,0.0,low,north,nghệ an,2026-04-19T00:38:59.583758
worker_0786,48,female,college,single,salary_range|skills,27.0,Vĩnh Phúc,Lái xe,other,self-employed,11627887,4,True,0,0,0,0,0,0.0,low,north,vĩnh phúc,2026-04-19T00:38:59.583891
worker_0787,56,male,college,married,salary_range|skills,26.0,Bình Dương,Kế toán / Hành chính,,employed,5509121,4,True,0,0,0,0,0,0.0,low,south_east,bình dương,2026-04-19T00:38:59.583926
worker_0789,61,male,primary,widowed,salary_range|skills,30.0,Đà Nẵng,Nhân viên bán hàng,,unemployed,0,1,True,0,0,0,0,0,0.0,low,central,đà nẵng,2026-04-19T00:38:59.584041
worker_0790,36,female,primary,married,salary_range|skills,10.0,Vũng Tàu,Nông dân / Nông nghiệp,health|location|techGap,retired,12153656,1,True,1,0,1,1,0,4.5,medium,south_east,vũng tàu,2026-04-19T00:38:59.584101
worker_0791,56,other,upper_secondary,single,salary_range,30.0,TP. Hồ Chí Minh,Nông dân / Nông nghiệp,family|other|techGap,self-employed,11757732,3,True,0,1,1,0,0,3.0,medium,south_east,hồ chí minh,2026-04-19T00:38:59.584155
worker_0792,57,male,primary,divorced,skills,30.0,Hải Phòng,Nhân viên kho vận,techGap|family,self-employed,9019127,1,True,0,1,1,0,0,3.0,medium,north,hải phòng,2026-04-19T00:38:59.584207
worker_0793,46,female,primary,divorced,skills,16.0,Hải Dương,Giúp việc / Dịch vụ,family|other|health,self-employed,12333018,1,True,1,1,0,0,0,3.5,medium,north,hải dương,2026-04-19T00:38:59.584260
worker_0795,55,male,upper_secondary,single,salary_range,30.0,Vũng Tàu,Nông dân / Nông nghiệp,,retired,6314514,3,True,0,0,0,0,0,0.0,low,south_east,vũng tàu,2026-04-19T00:38:59.584396
worker_0796,47,male,upper_secondary,married,skills,20.0,Nha Trang,Lao động xây dựng,location|other|techGap,employed,10416298,3,True,0,0,1,1,0,2.5,medium,central,khánh hòa,2026-04-19T00:38:59.584428
worker_0797,59,other,primary,widowed,salary_range|skills,30.0,TP. Hồ Chí Minh,Nhân viên phục vụ,family|location|other,self-employed,12027689,1,True,0,1,0,1,0,2.5,medium,south_east,hồ chí minh,2026-04-19T00:38:59.584483
worker_0798,39,male,primary,divorced,salary_range|skills,10.0,Vĩnh Phúc,Công nhân sản xuất,,self-employed,14677886,1,True,0,0,0,0,0,0.0,low,north,vĩnh phúc,2026-04-19T00:38:59.584566
worker_0800,43,female,upper_secondary,widowed,skills,13.0,Cần Thơ,Thợ lành nghề,family|health,retired,8449563,3,True,1,1,0,0,0,3.5,medium,mekong,cần thơ,2026-04-19T00:38:59.584713
worker_0801,39,other,upper_secondary,single,salary_range|skills,13.0,Vinhy,Nhân viên bán hàng,,unemployed,0,3,True,0,0,0,0,0,0.0,low,north,nghệ an,2026-04-19T00:38:59.584754
worker_0802,37,female,upper_secondary,single,salary_range|skills,11.0,Huế,Thợ lành nghề,techGap|other|location,self-employed,10483878,3,True,0,0,1,1,0,2.5,medium,central,thừa thiên huế,2026-04-19T00:38:59.584788
worker_0804,45,male,university,married,salary_range|skills,16.0,Huế,Lao động xây dựng,location|health,unemployed,0,5,True,1,0,0,1,0,3.0,medium,central,thừa thiên huế,2026-04-19T00:38:59.584900
worker_0805,47,male,upper_secondary,divorced,skills,23.0,Hải Phòng,Bảo vệ,other|location,self-employed,5730053,3,True,0,0,0,1,0,1.0,low,north,hải phòng,2026-04-19T00:38:59.584951
worker_0806,59,male,university,single,salary_range|skills,30.0,Nam Định,Bảo vệ,,self-employed,6579042,5,True,0,0,0,0,0,0.0,low,north,nam định,2026-04-19T00:38:59.584994
worker_0807,43,other,primary,married,salary_range|skills,16.0,Bình Dương,Công nhân sản xuất,location,self-employed,14742820,1,True,0,0,0,1,0,1.0,low,south_east,bình dương,2026-04-19T00:38:59.585031
worker_0809,60,female,upper_secondary,married,salary_range|skills,30.0,TP. Hồ Chí Minh,Nhân viên phục vụ,other|family,retired,5871524,3,True,0,1,0,0,0,1.5,low,south_east,hồ chí minh,2026-04-19T00:38:59.585116
worker_0810,53,male,college,widowed,salary_range|skills,29.0,Hải Phòng,Nhân viên bán hàng,,unemployed,0,4,True,0,0,0,0,0,0.0,low,north,hải phòng,2026-04-19T00:38:59.585159
worker_0811,61,male,college,single,skills,30.0,Thanh Hóa,Nhân viên bán hàng,other,employed,10317662,4,True,0,0,0,0,0,0.0,low,north,thanh hóa,2026-04-19T00:38:59.585201
worker_0812,65,female,primary,divorced,salary_range|skills,30.0,Bắc Ninh,Kế toán / Hành chính,,employed,11694659,1,True,0,0,0,0,0,0.0,low,north,bắc ninh,2026-04-19T00:38:59.585235
worker_0813,52,male,upper_secondary,married,salary_range|skills,25.0,Hải Dương,Bảo vệ,techGap|location|health,self-employed,12291730,3,True,1,0,1,1,0,4.5,medium,north,hải dương,2026-04-19T00:38:59.585274
worker_0814,43,other,college,single,skills,13.0,Nha Trang,Lái xe,health|family,employed,4506301,4,True,1,1,0,0,0,3.5,medium,central,khánh hòa,2026-04-19T00:38:59.585305
worker_0815,46,male,university,widowed,salary_range,22.0,TP. Hồ Chí Minh,Kế toán / Hành chính,techGap|health|family,employed,11438823,5,True,1,1,1,0,0,5.0,high,south_east,hồ chí minh,2026-04-19T00:38:59.585353
worker_0816,58,female,primary,single,salary_range|skills,30.0,Thái Nguyên,Nhân viên kho vận,health|other|techGap,employed,14542982,1,True,1,0,1,0,0,3.5,medium,north,thái nguyên,2026-04-19T00:38:59.585449
worker_0817,57,male,upper_secondary,married,salary_range|skills,30.0,Nha Trang,Lao động xây dựng,,retired,9214601,3,True,0,0,0,0,0,0.0,low,central,khánh hòa,2026-04-19T00:38:59.585471
worker_0819,52,other,primary,divorced,salary_range|skills,28.0,Thái Nguyên,Kế toán / Hành chính,family|other,employed,12283457,1,True,0,1,0,0,0,1.5,low,north,thái nguyên,2026-04-19T00:38:59.585565
worker_0820,38,female,upper_secondary,widowed,salary_range,18.0,Cần Thơ,Kế toán / Hành chính,techGap,employed,13293985,3,True,0,0,1,0,0,1.5,low,mekong,cần thơ,2026-04-19T00:38:59.585603
worker_0821,35,male,college,divorced,salary_range|skills,9.0,Huế,Nhân viên bán hàng,other,self-employed,13671138,4,True,0,0,0,0,0,0.0,low,central,thừa thiên huế,2026-04-19T00:38:59.585626
worker_0822,46,other,primary,widowed,salary_range|skills,25.0,Thái Nguyên,Nông dân / Nông nghiệp,,unemployed,0,1,True,0,0,0,0,0,0.0,low,north,thái nguyên,2026-04-19T00:38:59.585673
worker_0823,61,male,primary,married,salary_range|skills,30.0,TP. Hồ Chí Minh,Giúp việc / Dịch vụ,,self-employed,8051202,1,True,0,0,0,0,0,0.0,low,south_east,hồ chí minh,2026-04-19T00:38:59.585707
worker_0824,48,female,upper_secondary,married,salary_range,23.0,Hải Phòng,Nhân viên bán hàng,techGap|other,unemployed,0,3,True,0,0,1,0,0,1.5,low,north,hải phòng,2026-04-19T00:38:59.585743
worker_0825,42,male,primary,divorced,salary_range|skills,14.0,Nha Trang,Lao động xây dựng,other|health|location,unemployed,0,1,True,1,0,0,1,0,3.0,medium,central,khánh hòa,2026-04-19T00:38:59.585765
worker_0826,55,male,upper_secondary,widowed,salary_range|skills,30.0,Huế,Bảo vệ,location|family|other,unemployed,0,3,True,0,1,0,1,0,2.5,medium,central,thừa thiên huế,2026-04-19T00:38:59.585787
worker_0827,39,female,primary,married,salary_range|skills,12.0,TP. Hồ Chí Minh,Nông dân / Nông nghiệp,,employed,5387441,1,True,0,0,0,0,0,0.0,low,south_east,hồ chí minh,2026-04-19T00:38:59.585820
worker_0828,52,male,primary,single,salary_range|skills,24.0,Nam Định,Kế toán / Hành chính,family|other,unemployed,0,1,True,0,1,0,0,0,1.5,low,north,nam định,2026-04-19T00:38:59.585865
worker_0829,52,female,primary,married,salary_range|skills,25.0,Vĩnh Phúc,Pha chế,,retired,7185902,1,True,0,0,0,0,0,0.0,low,north,vĩnh phúc,2026-04-19T00:38:59.585923
worker_0830,52,other,upper_secondary,married,salary_range|skills,30.0,Nam Định,Nông dân / Nông nghiệp,location|techGap|health,self-employed,8256600,3,True,1,0,1,1,0,4.5,medium,north,nam định,2026-04-19T00:38:59.585983
worker_0831,61,male,college,widowed,skills,30.0,Vũng Tàu,Giúp việc / Dịch vụ,location|other,unemployed,0,4,True,0,0,0,1,0,1.0,low,south_east,vũng tàu,2026-04-19T00:38:59.586022
worker_0832,46,male,college,married,salary_range|skills,26.0,Hải Dương,Nông dân / Nông nghiệp,health|other|family,retired,6969611,4,True,1,1,0,0,0,3.5,medium,north,hải dương,2026-04-19T00:38:59.586070
worker_0835,44,female,college,single,salary_range|skills,24.0,Hải Phòng,Nhân viên kho vận,techGap|other|family,unemployed,0,4,True,0,1,1,0,0,3.0,medium,north,hải phòng,2026-04-19T00:38:59.586228
worker_0836,43,female,primary,married,salary_range,13.0,Hải Phòng,Nhân viên kho vận,location,unemployed,0,1,True,0,0,0,1,0,1.0,low,north,hải phòng,2026-04-19T00:38:59.586264
worker_0838,40,male,college,divorced,salary_range|skills,14.0,Thái Nguyên,Nhân viên phục vụ,other,retired,12290213,4,True,0,0,0,0,0,0.0,low,north,thái nguyên,2026-04-19T00:38:59.586369
worker_0840,65,female,university,married,salary_range|skills,30.0,Đà Nẵng,Bảo vệ,health|family,retired,10511790,5,True,1,1,0,0,0,3.5,medium,central,đà nẵng,2026-04-19T00:38:59.586470
worker_0842,44,female,college,single,salary_range|skills,22.0,Hải Phòng,Công nhân sản xuất,health,employed,7916241,4,True,1,0,0,0,0,2.0,medium,north,hải phòng,2026-04-19T00:38:59.586581
worker_0843,51,male,upper_secondary,married,salary_range|skills,22.0,TP. Hồ Chí Minh,Giúp việc / Dịch vụ,location|other,self-employed,5882576,3,True,0,0,0,1,0,1.0,low,south_east,hồ chí minh,2026-04-19T00:38:59.586619
worker_0845,54,female,college,divorced,salary_range|skills,24.0,Đà Nẵng,Thợ lành nghề,family|other,unemployed,0,4,True,0,1,0,0,0,1.5,low,central,đà nẵng,2026-04-19T00:38:59.586708
worker_0846,37,female,upper_secondary,married,salary_range|skills,9.0,Huế,Giúp việc / Dịch vụ,location|health,employed,7932632,3,True,1,0,0,1,0,3.0,medium,central,thừa thiên huế,2026-04-19T00:38:59.586732
worker_0847,55,female,college,divorced,salary_range|skills,29.0,Bắc Ninh,Nhân viên phục vụ,techGap|health,unemployed,0,4,True,1,0,1,0,0,3.5,medium,north,bắc ninh,2026-04-19T00:38:59.586770
worker_0850,63,other,college,divorced,salary_range|skills,30.0,Huế,Nhân viên kho vận,,retired,3435346,4,True,0,0,0,0,0,0.0,low,central,thừa thiên huế,2026-04-19T00:38:59.586922
worker_0851,42,female,upper_secondary,married,skills,22.0,Huế,Giúp việc / Dịch vụ,,retired,7716711,3,True,0,0,0,0,0,0.0,low,central,thừa thiên huế,2026-04-19T00:38:59.586942
worker_0852,36,male,primary,married,salary_range|skills,6.0,Huế,Lao động xây dựng,family|location|other,unemployed,0,1,True,0,1,0,1,0,2.5,medium,central,thừa thiên huế,2026-04-19T00:38:59.586964
worker_0853,48,male,college,married,salary_range|skills,25.0,Cần Thơ,Pha chế,location,unemployed,0,4,True,0,0,0,1,0,1.0,low,mekong,cần thơ,2026-04-19T00:38:59.587003
worker_0854,36,other,college,married,salary_range|skills,15.0,Thái Nguyên,Nhân viên phục vụ,techGap|health,unemployed,0,4,True,1,0,1,0,0,3.5,medium,north,thái nguyên,2026-04-19T00:38:59.587049
worker_0855,56,female,university,widowed,salary_range|skills,30.0,Đà Nẵng,Thợ lành nghề,,retired,9617516,5,True,0,0,0,0,0,0.0,low,central,đà nẵng,2026-04-19T00:38:59.587080
worker_0856,51,other,college,widowed,salary_range|skills,30.0,Hà Nội,Kế toán / Hành chính,,employed,8091805,4,True,0,0,0,0,0,0.0,low,north,hà nội,2026-04-19T00:38:59.587110
worker_0857,54,female,upper_secondary,widowed,salary_range|skills,25.0,Thái Nguyên,Pha chế,other,retired,10964899,3,True,0,0,0,0,0,0.0,low,north,thái nguyên,2026-04-19T00:38:59.587154
worker_0858,63,female,college,married,skills,30.0,Vĩnh Phúc,Nhân viên bán hàng,,retired,3670557,4,True,0,0,0,0,0,0.0,low,north,vĩnh phúc,2026-04-19T00:38:59.587207
worker_0860,51,female,university,widowed,salary_range,30.0,Hải Phòng,Nhân viên bán hàng,health|location,retired,9313745,5,True,1,0,0,1,0,3.0,medium,north,hải phòng,2026-04-19T00:38:59.587301
worker_0861,46,male,college,married,salary_range|skills,22.0,Vinhy,Giúp việc / Dịch vụ,family,retired,11653431,4,True,0,1,0,0,0,1.5,low,north,nghệ an,2026-04-19T00:38:59.587329
worker_0863,40,female,primary,married,salary_range,15.0,Vinhy,Kế toán / Hành chính,,employed,9053931,1,True,0,0,0,0,0,0.0,low,north,nghệ an,2026-04-19T00:38:59.587406
worker_0864,64,other,college,divorced,salary_range|skills,30.0,Hải Phòng,Bảo vệ,,self-employed,12703258,4,True,0,0,0,0,0,0.0,low,north,hải phòng,2026-04-19T00:38:59.587439
worker_0865,52,female,upper_secondary,divorced,salary_range|skills,30.0,Hải Dương,Nhân viên phục vụ,techGap,employed,6101209,3,True,0,0,1,0,0,1.5,low,north,hải dương,2026-04-19T00:38:59.587476
worker_0866,36,male,upper_secondary,widowed,skills,7.0,TP. Hồ Chí Minh,Kế toán / Hành chính,,self-employed,11530297,3,True,0,0,0,0,0,0.0,low,south_east,hồ chí minh,2026-04-19T00:38:59.587507
worker_0867,54,male,university,widowed,salary_range|skills,25.0,Nha Trang,Công nhân sản xuất,health|other,employed,5129300,5,True,1,0,0,0,0,2.0,medium,central,khánh hòa,2026-04-19T00:38:59.587528
worker_0868,39,female,upper_secondary,widowed,salary_range|skills,14.0,Vũng Tàu,Giúp việc / Dịch vụ,techGap|other|location,unemployed,0,3,True,0,0,1,1,0,2.5,medium,south_east,vũng tàu,2026-04-19T00:38:59.587566
worker_0869,59,female,upper_secondary,married,salary_range|skills,30.0,TP. Hồ Chí Minh,Giúp việc / Dịch vụ,location|health|other,retired,4221155,3,True,1,0,0,1,0,3.0,medium,south_east,hồ chí minh,2026-04-19T00:38:59.587602
worker_0870,45,male,primary,married,skills,23.0,Vũng Tàu,Lao động xây dựng,,self-employed,5463426,1,True,0,0,0,0,0,0.0,low,south_east,vũng tàu,2026-04-19T00:38:59.587634
worker_0871,59,other,upper_secondary,divorced,salary_range|skills,29.0,TP. Hồ Chí Minh,Công nhân sản xuất,health|family|other,unemployed,0,3,True,1,1,0,0,0,3.5,medium,south_east,hồ chí minh,2026-04-19T00:38:59.587673
worker_0872,43,male,primary,single,salary_range|skills,18.0,Cần Thơ,Nhân viên kho vận,family|other|techGap,self-employed,3421696,1,True,0,1,1,0,0,3.0,medium,mekong,cần thơ,2026-04-19T00:38:59.587714
worker_0873,37,male,college,married,skills,10.0,Đà Lạt,Thợ lành nghề,health,self-employed,6913606,4,True,1,0,0,0,0,2.0,medium,central_highlands,lâm đồng,2026-04-19T00:38:59.587736
worker_0875,54,female,primary,divorced,salary_range|skills,25.0,Vinhy,Nông dân / Nông nghiệp,other|family,retired,7292634,1,True,0,1,0,0,0,1.5,low,north,nghệ an,2026-04-19T00:38:59.587821
worker_0876,57,male,primary,widowed,salary_range|skills,30.0,Thái Nguyên,Nông dân / Nông nghiệp,,self-employed,13361948,1,True,0,0,0,0,0,0.0,low,north,thái nguyên,2026-04-19T00:38:59.587870
worker_0877,37,male,upper_secondary,single,salary_range,14.0,Bình Dương,Pha chế,other,retired,4628720,3,True,0,0,0,0,0,0.0,low,south_east,bình dương,2026-04-19T00:38:59.587909
worker_0879,57,male,primary,single,salary_range|skills,30.0,Cần Thơ,Kế toán / Hành chính,,retired,13621821,1,True,0,0,0,0,0,0.0,low,mekong,cần thơ,2026-04-19T00:38:59.588002
worker_0880,56,other,college,widowed,salary_range,28.0,Vũng Tàu,Công nhân sản xuất,health|techGap|family,retired,11341777,4,True,1,1,1,0,0,5.0,high,south_east,vũng tàu,2026-04-19T00:38:59.588043
worker_0882,60,male,primary,single,skills,30.0,Bắc Ninh,Nhân viên phục vụ,techGap,employed,11842545,1,True,0,0,1,0,0,1.5,low,north,bắc ninh,2026-04-19T00:38:59.588156
worker_0883,56,male,primary,widowed,salary_range|skills,30.0,Thanh Hóa,Nhân viên bán hàng,other|location|techGap,retired,4931756,1,True,0,0,1,1,0,2.5,medium,north,thanh hóa,2026-04-19T00:38:59.588218
worker_0884,63,other,primary,divorced,salary_range|skills,30.0,Bình Dương,Nhân viên phục vụ,techGap,unemployed,0,1,True,0,0,1,0,0,1.5,low,south_east,bình dương,2026-04-19T00:38:59.588261
worker_0885,65,male,primary,single,salary_range|skills,30.0,TP. Hồ Chí Minh,Lái xe,health|techGap|location,retired,10813174,1,True,1,0,1,1,0,4.5,medium,south_east,hồ chí minh,2026-04-19T00:38:59.588301
worker_0887,47,other,upper_secondary,single,salary_range|skills,20.0,Hà Nội,Pha chế,,self-employed,6176520,3,True,0,0,0,0,0,0.0,low,north,hà nội,2026-04-19T00:38:59.588393
worker_0888,35,other,primary,married,salary_range|skills,13.0,Nam Định,Công nhân sản xuất,family|other|location,unemployed,0,1,True,0,1,0,1,0,2.5,medium,north,nam định,2026-04-19T00:38:59.588440
worker_0889,59,other,university,married,salary_range|skills,30.0,Cần Thơ,Giúp việc / Dịch vụ,health|techGap|location,unemployed,0,5,True,1,0,1,1,0,4.5,medium,mekong,cần thơ,2026-04-19T00:38:59.588480
worker_0890,57,other,college,single,salary_range|skills,30.0,Hải Dương,Nhân viên bán hàng,techGap|other|family,unemployed,0,4,True,0,1,1,0,0,3.0,medium,north,hải dương,2026-04-19T00:38:59.588523
worker_0891,38,other,college,widowed,salary_range|skills,9.0,Thái Nguyên,Nhân viên bán hàng,location|family,self-employed,6742334,4,True,0,1,0,1,0,2.5,medium,north,thái nguyên,2026-04-19T00:38:59.588574
worker_0893,38,female,primary,single,skills,12.0,Hải Dương,Kế toán / Hành chính,location,employed,4584312,1,True,0,0,0,1,0,1.0,low,north,hải dương,2026-04-19T00:38:59.588666
worker_0894,49,other,college,single,salary_range|skills,23.0,Hải Dương,Bảo vệ,,unemployed,0,4,True,0,0,0,0,0,0.0,low,north,hải dương,2026-04-19T00:38:59.588705
worker_0895,58,female,upper_secondary,married,skills,28.0,Nha Trang,Thợ lành nghề,health|other,retired,8909284,3,True,1,0,0,0,0,2.0,medium,central,khánh hòa,2026-04-19T00:38:59.588726
worker_0896,53,other,primary,single,salary_range|skills,30.0,Bắc Ninh,Nông dân / Nông nghiệp,,self-employed,4605770,1,True,0,0,0,0,0,0.0,low,north,bắc ninh,2026-04-19T00:38:59.588762
worker_0897,40,male,primary,widowed,salary_range|skills,20.0,TP. Hồ Chí Minh,Kế toán / Hành chính,health|location,self-employed,5373804,1,True,1,0,0,1,0,3.0,medium,south_east,hồ chí minh,2026-04-19T00:38:59.588800
worker_0898,63,female,college,single,salary_range,30.0,Thanh Hóa,Giúp việc / Dịch vụ,,retired,5886558,4,True,0,0,0,0,0,0.0,low,north,thanh hóa,2026-04-19T00:38:59.588841
worker_0899,44,male,college,widowed,salary_range,18.0,Thanh Hóa,Bảo vệ,techGap,self-employed,10082500,4,True,0,0,1,0,0,1.5,low,north,thanh hóa,2026-04-19T00:38:59.588882
worker_0900,55,male,college,widowed,salary_range|skills,30.0,Đà Lạt,Pha chế,health,unemployed,0,4,True,1,0,0,0,0,2.0,medium,central_highlands,lâm đồng,2026-04-19T00:38:59.588905
worker_0901,51,female,college,single,salary_range|skills,21.0,Đà Lạt,Nhân viên phục vụ,health|location,retired,12896903,4,True,1,0,0,1,0,3.0,medium,central_highlands,lâm đồng,2026-04-19T00:38:59.588929
worker_0902,49,other,college,widowed,skills,19.0,Hải Dương,Lao động xây dựng,techGap|location|other,retired,8218573,4,True,0,0,1,1,0,2.5,medium,north,hải dương,2026-04-19T00:38:59.588967
worker_0904,45,other,primary,divorced,salary_range|skills,24.0,Hải Phòng,Pha chế,,self-employed,6822446,1,True,0,0,0,0,0,0.0,low,north,hải phòng,2026-04-19T00:38:59.589063
worker_0905,65,female,university,married,skills,30.0,Nam Định,Nhân viên phục vụ,other|techGap,unemployed,0,5,True,0,0,1,0,0,1.5,low,north,nam định,2026-04-19T00:38:59.589106
worker_0906,62,female,university,married,salary_range|skills,30.0,Huế,Nhân viên kho vận,location|techGap,retired,6399874,5,True,0,0,1,1,0,2.5,medium,central,thừa thiên huế,2026-04-19T00:38:59.589130
worker_0907,65,other,college,divorced,skills,30.0,Bình Dương,Nông dân / Nông nghiệp,,self-employed,9466701,4,True,0,0,0,0,0,0.0,low,south_east,bình dương,2026-04-19T00:38:59.589166
worker_0908,65,male,primary,widowed,salary_range|skills,30.0,Hà Nội,Lao động xây dựng,other|techGap|location,self-employed,8430048,1,True,0,0,1,1,0,2.5,medium,north,hà nội,2026-04-19T00:38:59.589207
worker_0909,36,female,primary,married,salary_range|skills,16.0,Hải Phòng,Lái xe,,retired,14714167,1,True,0,0,0,0,0,0.0,low,north,hải phòng,2026-04-19T00:38:59.589245
worker_0911,61,male,upper_secondary,widowed,salary_range|skills,30.0,Đà Nẵng,Nhân viên phục vụ,health|other|family,unemployed,0,3,True,1,1,0,0,0,3.5,medium,central,đà nẵng,2026-04-19T00:38:59.589345
worker_0912,35,female,primary,divorced,salary_range|skills,8.0,Bắc Ninh,Giúp việc / Dịch vụ,location|techGap,employed,10007238,1,True,0,0,1,1,0,2.5,medium,north,bắc ninh,2026-04-19T00:38:59.589386
worker_0913,63,female,university,divorced,salary_range,30.0,Hà Nội,Giúp việc / Dịch vụ,location|family|other,retired,3913499,5,True,0,1,0,1,0,2.5,medium,north,hà nội,2026-04-19T00:38:59.589420
worker_0914,40,female,university,divorced,salary_range|skills,14.0,TP. Hồ Chí Minh,Lao động xây dựng,,employed,13508088,5,True,0,0,0,0,0,0.0,low,south_east,hồ chí minh,2026-04-19T00:38:59.589456
worker_0915,59,male,college,single,salary_range|skills,29.0,Vĩnh Phúc,Lái xe,other|health,employed,8730211,4,True,1,0,0,0,0,2.0,medium,north,vĩnh phúc,2026-04-19T00:38:59.589514
worker_0917,48,other,university,widowed,salary_range|skills,18.0,Nam Định,Nhân viên kho vận,family,self-employed,5461475,5,True,0,1,0,0,0,1.5,low,north,nam định,2026-04-19T00:38:59.589619
worker_0918,48,male,primary,single,salary_range|skills,19.0,Huế,Nhân viên bán hàng,location|other,employed,9618630,1,True,0,0,0,1,0,1.0,low,central,thừa thiên huế,2026-04-19T00:38:59.589640
worker_0919,62,other,college,widowed,salary_range|skills,30.0,Hải Phòng,Nông dân / Nông nghiệp,,self-employed,13930795,4,True,0,0,0,0,0,0.0,low,north,hải phòng,2026-04-19T00:38:59.589675
worker_0920,50,female,university,single,salary_range|skills,24.0,Thanh Hóa,Lái xe,,self-employed,9996718,5,True,0,0,0,0,0,0.0,low,north,thanh hóa,2026-04-19T00:38:59.589712
worker_0922,54,female,college,widowed,salary_range|skills,25.0,Nam Định,Pha chế,health|other|techGap,retired,3373703,4,True,1,0,1,0,0,3.5,medium,north,nam định,2026-04-19T00:38:59.589809
worker_0923,55,other,college,divorced,salary_range|skills,30.0,Nam Định,Kế toán / Hành chính,family|techGap,self-employed,5013800,4,True,0,1,1,0,0,3.0,medium,north,nam định,2026-04-19T00:38:59.589852
worker_0924,65,other,college,married,salary_range,30.0,Huế,Công nhân sản xuất,other|family|health,retired,12479420,4,True,1,1,0,0,0,3.5,medium,central,thừa thiên huế,2026-04-19T00:38:59.589872
worker_0925,36,male,primary,divorced,salary_range|skills,11.0,Cần Thơ,Công nhân sản xuất,techGap,retired,3648511,1,True,0,0,1,0,0,1.5,low,mekong,cần thơ,2026-04-19T00:38:59.589908
worker_0926,42,male,primary,divorced,salary_range|skills,17.0,Bắc Ninh,Nhân viên kho vận,,retired,10018819,1,True,0,0,0,0,0,0.0,low,north,bắc ninh,2026-04-19T00:38:59.589941
worker_0927,52,female,upper_secondary,married,salary_range|skills,30.0,Hà Nội,Lao động xây dựng,location|health|family,unemployed,0,3,True,1,1,0,1,0,4.5,medium,north,hà nội,2026-04-19T00:38:59.589974
worker_0929,65,other,primary,single,skills,30.0,Cần Thơ,Nhân viên kho vận,health|other|techGap,employed,7187634,1,True,1,0,1,0,0,3.5,medium,mekong,cần thơ,2026-04-19T00:38:59.590062
worker_0930,58,male,primary,single,salary_range|skills,30.0,TP. Hồ Chí Minh,Lao động xây dựng,techGap,employed,4861570,1,True,0,0,1,0,0,1.5,low,south_east,hồ chí minh,2026-04-19T00:38:59.590099
worker_0931,41,female,college,single,salary_range|skills,16.0,Hải Dương,Nhân viên kho vận,,self-employed,9796126,4,True,0,0,0,0,0,0.0,low,north,hải dương,2026-04-19T00:38:59.590159
worker_0932,51,male,primary,married,salary_range|skills,30.0,Vinhy,Nhân viên bán hàng,,unemployed,0,1,True,0,0,0,0,0,0.0,low,north,nghệ an,2026-04-19T00:38:59.590185
worker_0933,50,female,college,widowed,salary_range|skills,21.0,Thái Nguyên,Pha chế,,unemployed,0,4,True,0,0,0,0,0,0.0,low,north,thái nguyên,2026-04-19T00:38:59.590232
worker_0934,55,male,primary,single,salary_range|skills,30.0,Cần Thơ,Kế toán / Hành chính,techGap|location,self-employed,7130174,1,True,0,0,1,1,0,2.5,medium,mekong,cần thơ,2026-04-19T00:38:59.590306
worker_0935,57,male,upper_secondary,married,salary_range|skills,27.0,Thanh Hóa,Pha chế,family|other|location,unemployed,0,3,True,0,1,0,1,0,2.5,medium,north,thanh hóa,2026-04-19T00:38:59.590456
worker_0936,41,female,upper_secondary,single,salary_range|skills,17.0,Hà Nội,Công nhân sản xuất,,employed,11521493,3,True,0,0,0,0,0,0.0,low,north,hà nội,2026-04-19T00:38:59.590528
worker_0937,61,other,upper_secondary,widowed,salary_range,30.0,Thanh Hóa,Lái xe,other|family|location,retired,9512530,3,True,0,1,0,1,0,2.5,medium,north,thanh hóa,2026-04-19T00:38:59.590855
worker_0939,54,female,college,married,salary_range|skills,30.0,Huế,Nông dân / Nông nghiệp,techGap,employed,13943982,4,True,0,0,1,0,0,1.5,low,central,thừa thiên huế,2026-04-19T00:38:59.591095
worker_0943,36,male,college,married,salary_range|skills,14.0,Thanh Hóa,Thợ lành nghề,techGap|location,unemployed,0,4,True,0,0,1,1,0,2.5,medium,north,thanh hóa,2026-04-19T00:38:59.591599
worker_0944,58,female,primary,divorced,skills,29.0,Vũng Tàu,Nhân viên bán hàng,other,self-employed,12246453,1,True,0,0,0,0,0,0.0,low,south_east,vũng tàu,2026-04-19T00:38:59.591699
worker_0945,55,other,primary,divorced,salary_range|skills,29.0,Thái Nguyên,Thợ lành nghề,,retired,4090479,1,True,0,0,0,0,0,0.0,low,north,thái nguyên,2026-04-19T00:38:59.591809
worker_0947,53,male,primary,widowed,salary_range,25.0,Đà Nẵng,Công nhân sản xuất,health|family|other,unemployed,0,1,True,1,1,0,0,0,3.5,medium,central,đà nẵng,2026-04-19T00:38:59.592080
worker_0948,42,male,university,divorced,salary_range|skills,13.0,Thái Nguyên,Bảo vệ,,unemployed,0,5,True,0,0,0,0,0,0.0,low,north,thái nguyên,2026-04-19T00:38:59.592215
worker_0949,43,other,college,single,salary_range|skills,23.0,Hải Dương,Kế toán / Hành chính,,employed,8521290,4,True,0,0,0,0,0,0.0,low,north,hải dương,2026-04-19T00:38:59.592317
worker_0950,53,female,upper_secondary,married,salary_range|skills,28.0,Hải Phòng,Nông dân / Nông nghiệp,techGap|other|health,employed,12956009,3,True,1,0,1,0,0,3.5,medium,north,hải phòng,2026-04-19T00:38:59.592536
worker_0952,43,female,upper_secondary,single,salary_range|skills,23.0,Hải Phòng,Nhân viên bán hàng,techGap|location,self-employed,6457977,3,True,0,0,1,1,0,2.5,medium,north,hải phòng,2026-04-19T00:38:59.592862
worker_0953,65,female,college,widowed,salary_range|skills,30.0,Hải Dương,Thợ lành nghề,techGap|health|family,unemployed,0,4,True,1,1,1,0,0,5.0,high,north,hải dương,2026-04-19T00:38:59.593065
worker_0954,57,female,university,divorced,salary_range|skills,30.0,Cần Thơ,Kế toán / Hành chính,techGap,employed,14955869,5,True,0,0,1,0,0,1.5,low,mekong,cần thơ,2026-04-19T00:38:59.593309
worker_0955,57,female,college,widowed,salary_range|skills,30.0,Hải Dương,Kế toán / Hành chính,other|location,unemployed,0,4,True,0,0,0,1,0,1.0,low,north,hải dương,2026-04-19T00:38:59.593883
worker_0956,36,male,upper_secondary,widowed,salary_range,16.0,Vinhy,Nông dân / Nông nghiệp,,retired,5907744,3,True,0,0,0,0,0,0.0,low,north,nghệ an,2026-04-19T00:38:59.593970
worker_0957,59,other,college,married,skills,30.0,Hà Nội,Pha chế,location,unemployed,0,4,True,0,0,0,1,0,1.0,low,north,hà nội,2026-04-19T00:38:59.595238
worker_0958,60,other,primary,married,salary_range,30.0,TP. Hồ Chí Minh,Nhân viên kho vận,location|family|other,retired,8983986,1,True,0,1,0,1,0,2.5,medium,south_east,hồ chí minh,2026-04-19T00:38:59.595407
worker_0959,51,male,primary,widowed,salary_range|skills,27.0,Vũng Tàu,Bảo vệ,other|health,self-employed,12198606,1,True,1,0,0,0,0,2.0,medium,south_east,vũng tàu,2026-04-19T00:38:59.595695
worker_0960,56,male,upper_secondary,divorced,skills,30.0,Cần Thơ,Nông dân / Nông nghiệp,family|other,employed,4583273,3,True,0,1,0,0,0,1.5,low,mekong,cần thơ,2026-04-19T00:38:59.595873
worker_0961,45,male,college,single,salary_range,15.0,Nam Định,Nông dân / Nông nghiệp,,unemployed,0,4,True,0,0,0,0,0,0.0,low,north,nam định,2026-04-19T00:38:59.595993
worker_0964,55,other,primary,widowed,salary_range,28.0,Đà Lạt,Nhân viên bán hàng,health|techGap|other,employed,5864633,1,True,1,0,1,0,0,3.5,medium,central_highlands,lâm đồng,2026-04-19T00:38:59.596436
worker_0965,45,male,college,widowed,salary_range|skills,21.0,Hải Dương,Nông dân / Nông nghiệp,techGap|location|health,unemployed,0,4,True,1,0,1,1,0,4.5,medium,north,hải dương,2026-04-19T00:38:59.596564
worker_0966,47,other,college,widowed,salary_range|skills,23.0,Bình Dương,Lao động xây dựng,,retired,6409255,4,True,0,0,0,0,0,0.0,low,south_east,bình dương,2026-04-19T00:38:59.596672
worker_0967,61,male,college,married,salary_range|skills,30.0,Vĩnh Phúc,Giúp việc / Dịch vụ,,self-employed,8946879,4,True,0,0,0,0,0,0.0,low,north,vĩnh phúc,2026-04-19T00:38:59.596830
worker_0968,51,other,primary,widowed,salary_range|skills,26.0,Hải Phòng,Nông dân / Nông nghiệp,health|family,self-employed,11141426,1,True,1,1,0,0,0,3.5,medium,north,hải phòng,2026-04-19T00:38:59.596935
worker_0969,43,female,upper_secondary,married,salary_range|skills,22.0,Cần Thơ,Lái xe,location,employed,13276239,3,True,0,0,0,1,0,1.0,low,mekong,cần thơ,2026-04-19T00:38:59.597032
worker_0970,55,male,primary,divorced,salary_range|skills,30.0,Hải Phòng,Bảo vệ,location|family|other,self-employed,11887794,1,True,0,1,0,1,0,2.5,medium,north,hải phòng,2026-04-19T00:38:59.597130
worker_0972,48,female,college,married,skills,20.0,Huế,Công nhân sản xuất,other,unemployed,0,4,True,0,0,0,0,0,0.0,low,central,thừa thiên huế,2026-04-19T00:38:59.597326
worker_0974,41,male,primary,divorced,salary_range|skills,16.0,Hà Nội,Lái xe,other,employed,8615072,1,True,0,0,0,0,0,0.0,low,north,hà nội,2026-04-19T00:38:59.597596
worker_0975,38,other,college,widowed,salary_range|skills,9.0,Bắc Ninh,Lái xe,family|other,retired,5782174,4,True,0,1,0,0,0,1.5,low,north,bắc ninh,2026-04-19T00:38:59.597693
worker_0976,53,female,primary,divorced,salary_range|skills,27.0,Hải Phòng,Nhân viên bán hàng,family|location|other,retired,13925409,1,True,0,1,0,1,0,2.5,medium,north,hải phòng,2026-04-19T00:38:59.597788
worker_0977,52,female,college,widowed,salary_range|skills,25.0,Vinhy,Pha chế,health|other|techGap,employed,12860483,4,True,1,0,1,0,0,3.5,medium,north,nghệ an,2026-04-19T00:38:59.597865
worker_0979,56,other,university,widowed,salary_range|skills,29.0,Đà Nẵng,Nhân viên kho vận,,retired,11925370,5,True,0,0,0,0,0,0.0,low,central,đà nẵng,2026-04-19T00:38:59.598088
worker_0980,44,other,college,divorced,skills,19.0,Nha Trang,Lao động xây dựng,techGap|other,retired,9676877,4,True,0,0,1,0,0,1.5,low,central,khánh hòa,2026-04-19T00:38:59.598239
worker_0982,64,female,primary,divorced,salary_range,30.0,Thái Nguyên,Thợ lành nghề,family|health,employed,6373526,1,True,1,1,0,0,0,3.5,medium,north,thái nguyên,2026-04-19T00:38:59.598575
worker_0983,50,other,primary,widowed,salary_range|skills,24.0,Thanh Hóa,Kế toán / Hành chính,techGap|family,employed,3144191,1,True,0,1,1,0,0,3.0,medium,north,thanh hóa,2026-04-19T00:38:59.598685
worker_0984,37,other,primary,single,salary_range|skills,7.0,Thanh Hóa,Bảo vệ,techGap|location|health,employed,10055590,1,True,1,0,1,1,0,4.5,medium,north,thanh hóa,2026-04-19T00:38:59.598777
worker_0985,44,other,primary,divorced,salary_range|skills,21.0,Hải Dương,Kế toán / Hành chính,,retired,3993589,1,True,0,0,0,0,0,0.0,low,north,hải dương,2026-04-19T00:38:59.598865
worker_0986,51,female,college,single,salary_range|skills,30.0,Đà Nẵng,Thợ lành nghề,location|other|family,unemployed,0,4,True,0,1,0,1,0,2.5,medium,central,đà nẵng,2026-04-19T00:38:59.598944
worker_0987,65,female,primary,divorced,salary_range|skills,30.0,Hải Dương,Lái xe,location,employed,11250769,1,True,0,0,0,1,0,1.0,low,north,hải dương,2026-04-19T00:38:59.599027
worker_0988,39,other,university,single,salary_range|skills,18.0,Huế,Lái xe,family|other,self-employed,13796094,5,True,0,1,0,0,0,1.5,low,central,thừa thiên huế,2026-04-19T00:38:59.599074
worker_0989,43,other,college,married,salary_range|skills,18.0,Nam Định,Bảo vệ,other,retired,3579093,4,True,0,0,0,0,0,0.0,low,north,nam định,2026-04-19T00:38:59.599166
worker_0990,65,other,primary,married,salary_range|skills,30.0,Hà Nội,Kế toán / Hành chính,family|techGap,retired,8816862,1,True,0,1,1,0,0,3.0,medium,north,hà nội,2026-04-19T00:38:59.599239
worker_0991,46,female,upper_secondary,single,salary_range|skills,19.0,Bắc Ninh,Thợ lành nghề,techGap|family,retired,3278817,3,True,0,1,1,0,0,3.0,medium,north,bắc ninh,2026-04-19T00:38:59.599322
worker_0993,60,male,upper_secondary,married,salary_range|skills,30.0,Vĩnh Phúc,Lái xe,family|techGap,employed,13102723,3,True,0,1,1,0,0,3.0,medium,north,vĩnh phúc,2026-04-19T00:38:59.599594
worker_0994,62,male,college,divorced,salary_range|skills,30.0,Hải Dương,Công nhân sản xuất,,employed,10949934,4,True,0,0,0,0,0,0.0,low,north,hải dương,2026-04-19T00:38:59.599678
worker_0995,43,other,university,single,salary_range|skills,23.0,Thái Nguyên,Lao động xây dựng,health,unemployed,0,5,True,1,0,0,0,0,2.0,medium,north,thái nguyên,2026-04-19T00:38:59.599783
worker_0997,49,other,college,divorced,skills,26.0,Vinhy,Nhân viên bán hàng,,unemployed,0,4,True,0,0,0,0,0,0.0,low,north,nghệ an,2026-04-19T00:38:59.599927
worker_0999,46,other,upper_secondary,divorced,salary_range|skills,18.0,Bắc Ninh,Bảo vệ,location,self-employed,11128686,3,True,0,0,0,1,0,1.0,low,north,bắc ninh,2026-04-19T00:38:59.600044
worker_1000,46,male,college,married,salary_range|skills,16.0,Cần Thơ,Nhân viên phục vụ,health,self-employed,4759375,4,True,1,0,0,0,0,2.0,medium,mekong,cần thơ,2026-04-19T00:38:59.600098
