2026-04-14 21:05:12,087 - __main__ - INFO - Initialized ScrapingOrchestrator
2026-04-14 21:05:12,088 - __main__ - INFO -   Data dir: D:\LUAN_VAN\restart-35-platform\ai-service\data
2026-04-14 21:05:12,088 - __main__ - INFO -   Output dir: D:\LUAN_VAN\restart-35-platform\ai-service\data\scraped
2026-04-14 21:05:12,089 - __main__ - INFO -   Pages per scraper: 1
2026-04-14 21:05:12,089 - __main__ - INFO -   Sources: ['topcv']
2026-04-14 21:05:12,089 - __main__ - INFO -   Dry run: False
2026-04-14 21:05:12,089 - __main__ - INFO - ============================================================
2026-04-14 21:05:12,089 - __main__ - INFO - STARTING WEB SCRAPING PIPELINE
2026-04-14 21:05:12,089 - __main__ - INFO - ============================================================
2026-04-14 21:05:12,089 - __main__ - INFO - 
==================================================
2026-04-14 21:05:12,089 - __main__ - INFO - STEP 1: SCRAPING
2026-04-14 21:05:12,089 - __main__ - INFO - ==================================================
2026-04-14 21:05:12,090 - __main__ - INFO - 
Running topcv scraper...
2026-04-14 21:05:12,090 - topcv_scraper - INFO - Scraping TopCV IT jobs from https://www.topcv.vn/viec-lam-it
2026-04-14 21:05:12,730 - topcv_scraper - INFO - TopCV session established with curl_cffi
2026-04-14 21:05:14,819 - topcv_scraper - INFO - Found 50 job items on first page
2026-04-14 21:05:14,848 - topcv_scraper - INFO - Estimated total pages: 1, scraping 1
2026-04-14 21:05:14,849 - topcv_scraper - INFO - Scraping details for 50 jobs...
2026-04-14 21:05:14,849 - topcv_scraper - INFO - Fetching detail 1/50: 3D Environment Artist – Game/3D Modeling
2026-04-14 21:05:19,679 - topcv_scraper - INFO - Fetching detail 2/50: Chuyên Viên Kinh Doanh Phần Mềm  - Thu N
2026-04-14 21:05:25,827 - topcv_scraper - INFO - Fetching detail 3/50: Nhân Viên Kinh Doanh Phần Mềm / Tư Vấn/ 
2026-04-14 21:05:31,214 - topcv_scraper - INFO - Fetching detail 4/50: Bridge System Engineer (BrSE - Kỹ Sư Cầu
2026-04-14 21:05:36,358 - topcv_scraper - INFO - Fetching detail 5/50: Business Development Executive - Sapo En
2026-04-14 21:05:41,048 - topcv_scraper - INFO - Fetching detail 6/50: Chuyên Viên Phát Triển Đối Tác/Sale B2B 
2026-04-14 21:05:46,161 - topcv_scraper - INFO - Fetching detail 7/50: Kỹ Sư Triển Khai Hệ Thống ( System Engin
2026-04-14 21:05:51,211 - topcv_scraper - INFO - Fetching detail 8/50: Chuyên Viên Kinh Doanh/Sales B2B Giải Ph
2026-04-14 21:05:55,732 - topcv_scraper - INFO - Fetching detail 9/50: Nhân Viên Kinh Doanh Phần Mềm / Sale /Tư
2026-04-14 21:06:00,246 - topcv_scraper - INFO - Fetching detail 10/50: Thực Tập Sinh Tài Năng (Tech/Data/Risk/B
2026-04-14 21:06:04,933 - topcv_scraper - INFO - Fetching detail 11/50: Thực Tập Sinh Phân Tích & Triển Khai Ngh
2026-04-14 21:06:09,615 - topcv_scraper - INFO - Fetching detail 12/50: Data Engineer/Data Analytics (DE/DA)
2026-04-14 21:06:14,143 - topcv_scraper - INFO - Fetching detail 13/50: Nhân Viên Thiết Kế Đồ Hoạ/ Designer
2026-04-14 21:06:18,823 - topcv_scraper - INFO - Fetching detail 14/50: Kỹ Sư Trí Tuệ Nhân Tạo
2026-04-14 21:06:23,925 - topcv_scraper - INFO - Fetching detail 15/50: Senior Backend Engineer (Rust/Go/C++) - 
2026-04-14 21:06:28,529 - topcv_scraper - INFO - Fetching detail 16/50: Chuyên Viên Thiết Kế
2026-04-14 21:06:34,238 - topcv_scraper - INFO - Fetching detail 17/50: ERP Implementation Analyst
2026-04-14 21:06:38,862 - topcv_scraper - INFO - Fetching detail 18/50: Chuyên Viên Kỹ Thuật IoT Từ 4 Năm Kinh N
2026-04-14 21:06:43,836 - topcv_scraper - INFO - Fetching detail 19/50: Nhân Viên Quản Trị Dữ Liệu (Data Admin)
2026-04-14 21:06:48,661 - topcv_scraper - INFO - Fetching detail 20/50: BrSE - Kỹ Sư Cầu Nối JLPT  Từ N3
2026-04-14 21:06:53,306 - topcv_scraper - INFO - Fetching detail 21/50: Nhân Viên Bình Bài & Thiết Kế (Bao Bì, T
2026-04-14 21:06:58,342 - topcv_scraper - INFO - Fetching detail 22/50: Fullstack Engineer (Kỹ Sư Fullstack) - L
2026-04-14 21:07:03,576 - topcv_scraper - INFO - Fetching detail 23/50: IT Staff/ IT Helpdesk/IT Support
2026-04-14 21:07:08,337 - topcv_scraper - INFO - Fetching detail 24/50: Fullstack Developer
2026-04-14 21:07:12,942 - topcv_scraper - INFO - Fetching detail 25/50: QC Mid-Senior
2026-04-14 21:07:18,135 - topcv_scraper - INFO - Fetching detail 26/50: Nhân Viên Marketing Tổng Hợp Full- Stack
2026-04-14 21:07:25,082 - topcv_scraper - INFO - Fetching detail 27/50: Senior Data Engineer (Quận 1 - HCM)
2026-04-14 21:07:30,383 - topcv_scraper - INFO - Fetching detail 28/50: Tech Lead/Trưởng Phòng Phát Triển Phần M
2026-04-14 21:07:35,744 - topcv_scraper - INFO - Fetching detail 29/50: Integration Specialist (Night Shift, E-C
2026-04-14 21:07:40,566 - topcv_scraper - INFO - Fetching detail 30/50: Chuyên Viên Vận Hành Và Giải Pháp CNTT
2026-04-14 21:07:45,176 - topcv_scraper - INFO - Fetching detail 31/50: Giáo Viên Dạy Lập Trình (Stem) / Giáo Vi
2026-04-14 21:07:50,445 - topcv_scraper - INFO - Fetching detail 32/50: 4. Lập Trình Viên Fullstack (Java/React)
2026-04-14 21:07:56,034 - topcv_scraper - INFO - Fetching detail 33/50: 3. Kỹ Sư Phân Tích Hệ Thống & Quy Trình 
2026-04-14 21:08:01,560 - topcv_scraper - INFO - Fetching detail 34/50: Lập Trình Viên Java - 4 Năm Kinh Nghiệm 
2026-04-14 21:08:07,642 - topcv_scraper - INFO - Fetching detail 35/50: Chuyên Viên Đào Tạo Ứng Dụng AI (Thu Nhậ
2026-04-14 21:08:12,746 - topcv_scraper - INFO - Fetching detail 36/50: Print Production Artist (English)
2026-04-14 21:08:17,426 - topcv_scraper - INFO - Fetching detail 37/50: UI/UX Designer
2026-04-14 21:08:21,995 - topcv_scraper - INFO - Fetching detail 38/50: Tester  - Thu Nhập Hấp Dẫn - Tại Hà Nội
2026-04-14 21:08:27,142 - topcv_scraper - INFO - Fetching detail 39/50: Middle Full-Stack Developer
2026-04-14 21:08:32,392 - topcv_scraper - INFO - Fetching detail 40/50: Technical Lead (SaaS Product)
2026-04-14 21:08:37,281 - topcv_scraper - INFO - Fetching detail 41/50: Graphic Designer - Chuyên Viên Thiết Kế 
2026-04-14 21:08:41,815 - topcv_scraper - INFO - Fetching detail 42/50: Thiết Kế Đồ Hoạ Ngành In Vải (AI, Photos
2026-04-14 21:08:46,450 - topcv_scraper - INFO - Fetching detail 43/50: QA Tester
2026-04-14 21:08:50,996 - topcv_scraper - INFO - Fetching detail 44/50: Senior AI Engineer
2026-04-14 21:08:55,523 - topcv_scraper - INFO - Fetching detail 45/50: Thiết Kế Đồ Họa (Graphic Designer - Perf
2026-04-14 21:09:00,279 - topcv_scraper - INFO - Fetching detail 46/50: Business Analyst
2026-04-14 21:09:05,663 - topcv_scraper - INFO - Fetching detail 47/50: Digital Team Supervisor - IT Solution De
2026-04-14 21:09:10,471 - topcv_scraper - INFO - Fetching detail 48/50: Fullstack Team Lead (NodeJS / ReactJS) -
2026-04-14 21:09:14,983 - topcv_scraper - INFO - Fetching detail 49/50: Chuyên Viên Phân Tích Nghiệp Vụ Và Hỗ Tr
2026-04-14 21:09:19,586 - topcv_scraper - INFO - Fetching detail 50/50: Technical Support Engineer (Fixed Night 
2026-04-14 21:09:24,723 - topcv_scraper - INFO - TopCV scraping complete. Total: 50 jobs
2026-04-14 21:09:24,723 - topcv_scraper - INFO - ==================================================
2026-04-14 21:09:24,725 - topcv_scraper - INFO - Scraper Statistics: TopCVScraper
2026-04-14 21:09:24,725 - topcv_scraper - INFO -   Requests made: 51
2026-04-14 21:09:24,725 - topcv_scraper - INFO -   Requests failed: 0
2026-04-14 21:09:24,725 - topcv_scraper - INFO -   Pages scraped: 0
2026-04-14 21:09:24,726 - topcv_scraper - INFO -   Jobs found: 50
2026-04-14 21:09:24,727 - topcv_scraper - INFO -   Bytes downloaded: 70,951,887
2026-04-14 21:09:24,728 - topcv_scraper - INFO -   Rate limit hits: 0
2026-04-14 21:09:24,728 - topcv_scraper - INFO -   Blocked attempts: 0
2026-04-14 21:09:24,728 - topcv_scraper - INFO - ==================================================
2026-04-14 21:09:24,728 - __main__ - INFO - 
Total raw jobs scraped: 50
2026-04-14 21:09:24,728 - __main__ - INFO - 
--- SCRAPER SUMMARY ---
2026-04-14 21:09:24,729 - __main__ - INFO -   topcv: 50 jobs
2026-04-14 21:09:24,730 - __main__ - INFO - 
==================================================
2026-04-14 21:09:24,730 - __main__ - INFO - STEP 2: TRANSFORMING
2026-04-14 21:09:24,730 - __main__ - INFO - ==================================================
2026-04-14 21:09:24,730 - __main__ - INFO - Transforming 50 jobs from TopCV...
2026-04-14 21:09:24,757 - __main__ - INFO -   Transformed: 50 jobs
2026-04-14 21:09:24,758 - data_transformer - INFO - ==================================================
2026-04-14 21:09:24,758 - data_transformer - INFO - Data Transformer Statistics
2026-04-14 21:09:24,758 - data_transformer - INFO -   Total processed: 50
2026-04-14 21:09:24,758 - data_transformer - INFO -   Transformed: 50
2026-04-14 21:09:24,758 - data_transformer - INFO -   Skipped: 0
2026-04-14 21:09:24,759 - data_transformer - INFO -   Errors: 0
2026-04-14 21:09:24,763 - data_transformer - INFO -   Success rate: 100.0%
2026-04-14 21:09:24,763 - data_transformer - INFO - ==================================================
2026-04-14 21:09:24,763 - __main__ - INFO - 
==================================================
2026-04-14 21:09:24,763 - __main__ - INFO - STEP 3: DEDUPLICATING
2026-04-14 21:09:24,763 - __main__ - INFO - ==================================================
2026-04-14 21:09:24,764 - deduplicator - INFO - Filtered 0 invalid jobs
2026-04-14 21:09:24,764 - deduplicator - INFO - Removed 0 exact duplicates
2026-04-14 21:09:24,776 - deduplicator - INFO - Removed 0 fuzzy duplicates
2026-04-14 21:09:24,783 - deduplicator - INFO - Filtered 0 outdated jobs
2026-04-14 21:09:24,784 - deduplicator - INFO - ==================================================
2026-04-14 21:09:24,784 - deduplicator - INFO - Deduplication Statistics
2026-04-14 21:09:24,784 - deduplicator - INFO -   Total input: 50
2026-04-14 21:09:24,784 - deduplicator - INFO -   Exact duplicates: 0
2026-04-14 21:09:24,784 - deduplicator - INFO -   Fuzzy duplicates: 0
2026-04-14 21:09:24,784 - deduplicator - INFO -   Outdated: 0
2026-04-14 21:09:24,784 - deduplicator - INFO -   Invalid: 0
2026-04-14 21:09:24,784 - deduplicator - INFO -   Total output: 50
2026-04-14 21:09:24,785 - deduplicator - INFO -   Keep rate: 100.0%
2026-04-14 21:09:24,785 - deduplicator - INFO - ==================================================
2026-04-14 21:09:24,785 - __main__ - INFO - Quality score: 56.0/100
2026-04-14 21:09:24,785 - __main__ - INFO - 
==================================================
2026-04-14 21:09:24,786 - __main__ - INFO - STEP 4: MERGING WITH EXISTING DATA
2026-04-14 21:09:24,786 - __main__ - INFO - ==================================================
2026-04-14 21:09:24,856 - __main__ - INFO - Found 239 existing jobs
2026-04-14 21:09:24,907 - deduplicator - INFO - Filtered 0 invalid jobs
2026-04-14 21:09:24,908 - deduplicator - INFO - Removed 42 exact duplicates
2026-04-14 21:09:25,017 - deduplicator - INFO - Removed 0 fuzzy duplicates
2026-04-14 21:09:25,018 - deduplicator - INFO - Filtered 0 outdated jobs
2026-04-14 21:09:25,018 - __main__ - INFO - After merge and dedup: 247 jobs
2026-04-14 21:09:25,018 - __main__ - INFO - 
==================================================
2026-04-14 21:09:25,018 - __main__ - INFO - STEP 5: SAVING RESULTS
2026-04-14 21:09:25,018 - __main__ - INFO - ==================================================
2026-04-14 21:09:25,031 - __main__ - INFO - Backed up existing file to jobs_backup_20260414_210925.csv
2026-04-14 21:09:25,054 - __main__ - INFO - Saved 247 jobs to D:\LUAN_VAN\restart-35-platform\ai-service\data\jobs.csv
2026-04-14 21:09:25,070 - __main__ - INFO - Saved raw data to scraped_20260414_210925.csv
2026-04-14 21:09:25,072 - __main__ - INFO - Saved metadata to metadata_20260414_210925.json
2026-04-14 21:09:25,072 - __main__ - INFO - Results saved successfully!
2026-04-14 21:09:25,073 - __main__ - INFO - 
============================================================
2026-04-14 21:09:25,073 - __main__ - INFO - SCRAPING PIPELINE COMPLETE
2026-04-14 21:09:25,073 - __main__ - INFO - ============================================================
2026-04-14 21:09:25,073 - __main__ - INFO - Duration: None
2026-04-14 21:09:25,073 - __main__ - INFO - Scrapers run: 1
2026-04-14 21:09:25,073 - __main__ - INFO - Raw jobs scraped: 50
2026-04-14 21:09:25,074 - __main__ - INFO - Jobs transformed: 50
2026-04-14 21:09:25,074 - __main__ - INFO - Unique jobs: 50
2026-04-14 21:09:25,074 - __main__ - INFO - Final jobs (after merge): 247
2026-04-14 21:09:25,074 - __main__ - INFO - Deduplication rate: 0.0%
2026-04-14 21:09:25,074 - __main__ - INFO - ============================================================
2026-04-14 21:15:12,231 - __main__ - INFO - Initialized ScrapingOrchestrator
2026-04-14 21:15:12,236 - __main__ - INFO -   Data dir: D:\LUAN_VAN\restart-35-platform\ai-service\data
2026-04-14 21:15:12,237 - __main__ - INFO -   Output dir: D:\LUAN_VAN\restart-35-platform\ai-service\data\scraped
2026-04-14 21:15:12,237 - __main__ - INFO -   Pages per scraper: 1
2026-04-14 21:15:12,237 - __main__ - INFO -   Sources: ['topcv']
2026-04-14 21:15:12,237 - __main__ - INFO -   Dry run: False
2026-04-14 21:15:12,237 - __main__ - INFO - ============================================================
2026-04-14 21:15:12,237 - __main__ - INFO - STARTING WEB SCRAPING PIPELINE
2026-04-14 21:15:12,237 - __main__ - INFO - ============================================================
2026-04-14 21:15:12,237 - __main__ - INFO - 
==================================================
2026-04-14 21:15:12,237 - __main__ - INFO - STEP 1: SCRAPING
2026-04-14 21:15:12,238 - __main__ - INFO - ==================================================
2026-04-14 21:15:12,238 - __main__ - INFO - 
Running topcv scraper...
2026-04-14 21:15:12,239 - topcv_scraper - INFO - Scraping TopCV IT jobs from https://www.topcv.vn/viec-lam-it
2026-04-14 21:15:12,948 - topcv_scraper - INFO - TopCV session established with curl_cffi
2026-04-14 21:15:15,529 - topcv_scraper - INFO - Found 50 job items on first page
2026-04-14 21:15:15,566 - topcv_scraper - INFO - Estimated total pages: 1, scraping 1
2026-04-14 21:15:15,566 - topcv_scraper - INFO - Scraping details for 50 jobs...
2026-04-14 21:15:15,566 - topcv_scraper - INFO - Fetching detail 1/50: Nhân Viên Kinh Doanh Giải Pháp Dành Cho 
2026-04-14 21:15:19,807 - topcv_scraper - INFO - Fetching detail 2/50: Kỹ Thuật Dự Án & Presale (3 Năm Kinh Ngh
2026-04-14 21:15:25,158 - topcv_scraper - INFO - Fetching detail 3/50: Bridge System Engineer (BrSE - Kỹ Sư Cầu
2026-04-14 21:15:30,426 - topcv_scraper - INFO - Fetching detail 4/50: Junior User Acquisition Executive (Mobil
2026-04-14 21:15:35,800 - topcv_scraper - INFO - Fetching detail 5/50: Chuyên Viên Kinh Doanh Phần Mềm  - Thu N
2026-04-14 21:15:40,420 - topcv_scraper - INFO - Fetching detail 6/50: 3D Artist(Game/VR) - Animation/Game Desi
2026-04-14 21:15:44,972 - topcv_scraper - INFO - Fetching detail 7/50: AI-Native Software Engineering Lead | HC
2026-04-14 21:15:49,835 - topcv_scraper - INFO - Fetching detail 8/50: 3D Environment Artist – Game/3D Modeling
2026-04-14 21:15:54,348 - topcv_scraper - INFO - Fetching detail 9/50: Nhân Viên Kinh Doanh Phần Mềm / Tư Vấn/ 
2026-04-14 21:15:58,965 - topcv_scraper - INFO - Fetching detail 10/50: Business Development Executive - Sapo En
2026-04-14 21:16:03,363 - topcv_scraper - INFO - Fetching detail 11/50: Nhân Viên Thiết Kế Đồ Hoạ/ Designer
2026-04-14 21:16:08,821 - topcv_scraper - INFO - Fetching detail 12/50: Kỹ Sư Trí Tuệ Nhân Tạo
2026-04-14 21:16:13,648 - topcv_scraper - INFO - Fetching detail 13/50: Senior Backend Engineer (Rust/Go/C++) - 
2026-04-14 21:16:18,563 - topcv_scraper - INFO - Fetching detail 14/50: Chuyên Viên Thiết Kế
2026-04-14 21:16:23,605 - topcv_scraper - INFO - Fetching detail 15/50: ERP Implementation Analyst
2026-04-14 21:16:28,220 - topcv_scraper - INFO - Fetching detail 16/50: Chuyên Viên Kỹ Thuật IoT Từ 4 Năm Kinh N
2026-04-14 21:16:33,427 - topcv_scraper - INFO - Fetching detail 17/50: Nhân Viên Quản Trị Dữ Liệu (Data Admin)
2026-04-14 21:16:38,179 - topcv_scraper - INFO - Fetching detail 18/50: Nhân Viên Bình Bài & Thiết Kế (Bao Bì, T
2026-04-14 21:16:42,900 - topcv_scraper - INFO - Fetching detail 19/50: Fullstack Engineer (Kỹ Sư Fullstack) - L
2026-04-14 21:16:47,684 - topcv_scraper - INFO - Fetching detail 20/50: IT Staff/ IT Helpdesk/IT Support
2026-04-14 21:16:52,310 - topcv_scraper - INFO - Fetching detail 21/50: Fullstack Developer
2026-04-14 21:16:57,404 - topcv_scraper - INFO - Fetching detail 22/50: QC Mid-Senior
2026-04-14 21:17:02,031 - topcv_scraper - INFO - Fetching detail 23/50: Nhân Viên Marketing Tổng Hợp Full- Stack
2026-04-14 21:17:06,664 - topcv_scraper - INFO - Fetching detail 24/50: Senior Data Engineer (Quận 1 - HCM)
2026-04-14 21:17:11,372 - topcv_scraper - INFO - Fetching detail 25/50: Tech Lead/Trưởng Phòng Phát Triển Phần M
2026-04-14 21:17:16,045 - topcv_scraper - INFO - Fetching detail 26/50: Integration Specialist (Night Shift, E-C
2026-04-14 21:17:21,230 - topcv_scraper - INFO - Fetching detail 27/50: Thực Tập Sinh Tài Năng (Tech/Data/Risk/B
2026-04-14 21:17:26,345 - topcv_scraper - INFO - Fetching detail 28/50: Thực Tập Sinh Phân Tích & Triển Khai Ngh
2026-04-14 21:17:31,173 - topcv_scraper - INFO - Fetching detail 29/50: Data Engineer/Data Analytics (DE/DA)
2026-04-14 21:17:35,942 - topcv_scraper - INFO - Fetching detail 30/50: 4. Lập Trình Viên Fullstack (Java/React)
2026-04-14 21:17:41,033 - topcv_scraper - INFO - Fetching detail 31/50: 3. Kỹ Sư Phân Tích Hệ Thống & Quy Trình 
2026-04-14 21:17:46,710 - topcv_scraper - INFO - Fetching detail 32/50: Lập Trình Viên Java - 4 Năm Kinh Nghiệm 
2026-04-14 21:17:51,797 - topcv_scraper - INFO - Fetching detail 33/50: Chuyên Viên Đào Tạo Ứng Dụng AI (Thu Nhậ
2026-04-14 21:17:57,104 - topcv_scraper - INFO - Fetching detail 34/50: Print Production Artist (English)
2026-04-14 21:18:02,151 - topcv_scraper - INFO - Fetching detail 35/50: UI/UX Designer
2026-04-14 21:18:07,703 - topcv_scraper - INFO - Fetching detail 36/50: Tester  - Thu Nhập Hấp Dẫn - Tại Hà Nội
2026-04-14 21:18:12,438 - topcv_scraper - INFO - Fetching detail 37/50: Middle Full-Stack Developer
2026-04-14 21:18:18,133 - topcv_scraper - INFO - Fetching detail 38/50: Technical Lead (SaaS Product)
2026-04-14 21:18:23,193 - topcv_scraper - INFO - Fetching detail 39/50: BrSE - Kỹ Sư Cầu Nối JLPT  Từ N3
2026-04-14 21:18:28,155 - topcv_scraper - INFO - Fetching detail 40/50: Thiết Kế Đồ Hoạ Ngành In Vải (AI, Photos
2026-04-14 21:18:32,948 - topcv_scraper - INFO - Fetching detail 41/50: QA Tester
2026-04-14 21:18:37,933 - topcv_scraper - INFO - Fetching detail 42/50: Senior AI Engineer
2026-04-14 21:18:42,599 - topcv_scraper - INFO - Fetching detail 43/50: Thiết Kế Đồ Họa (Graphic Designer - Perf
2026-04-14 21:18:47,550 - topcv_scraper - INFO - Fetching detail 44/50: Business Analyst
2026-04-14 21:18:52,493 - topcv_scraper - INFO - Fetching detail 45/50: Digital Team Supervisor - IT Solution De
2026-04-14 21:18:57,096 - topcv_scraper - INFO - Fetching detail 46/50: Fullstack Team Lead (NodeJS / ReactJS) -
2026-04-14 21:19:02,097 - topcv_scraper - INFO - Fetching detail 47/50: Chuyên Viên Phân Tích Nghiệp Vụ Và Hỗ Tr
2026-04-14 21:19:06,798 - topcv_scraper - INFO - Fetching detail 48/50: Chuyên Viên Vận Hành Và Giải Pháp CNTT
2026-04-14 21:19:06,859 - topcv_scraper - WARNING - Page fetch failed: status 403
2026-04-14 21:19:10,360 - topcv_scraper - INFO - Fetching detail 49/50: Giáo Viên Dạy Lập Trình (Stem) / Giáo Vi
2026-04-14 21:19:10,429 - topcv_scraper - WARNING - Page fetch failed: status 403
2026-04-14 21:19:13,929 - topcv_scraper - INFO - Fetching detail 50/50: Nhân Viên Phần Mềm
2026-04-14 21:19:18,445 - topcv_scraper - INFO - TopCV scraping complete. Total: 50 jobs
2026-04-14 21:19:18,446 - topcv_scraper - INFO - ==================================================
2026-04-14 21:19:18,446 - topcv_scraper - INFO - Scraper Statistics: TopCVScraper
2026-04-14 21:19:18,446 - topcv_scraper - INFO -   Requests made: 49
2026-04-14 21:19:18,446 - topcv_scraper - INFO -   Requests failed: 0
2026-04-14 21:19:18,446 - topcv_scraper - INFO -   Pages scraped: 0
2026-04-14 21:19:18,446 - topcv_scraper - INFO -   Jobs found: 50
2026-04-14 21:19:18,446 - topcv_scraper - INFO -   Bytes downloaded: 67,574,665
2026-04-14 21:19:18,446 - topcv_scraper - INFO -   Rate limit hits: 0
2026-04-14 21:19:18,447 - topcv_scraper - INFO -   Blocked attempts: 0
2026-04-14 21:19:18,447 - topcv_scraper - INFO - ==================================================
2026-04-14 21:19:18,447 - __main__ - INFO - 
Total raw jobs scraped: 50
2026-04-14 21:19:18,447 - __main__ - INFO - 
--- SCRAPER SUMMARY ---
2026-04-14 21:19:18,447 - __main__ - INFO -   topcv: 50 jobs
2026-04-14 21:19:18,447 - __main__ - INFO - 
==================================================
2026-04-14 21:19:18,447 - __main__ - INFO - STEP 2: TRANSFORMING
2026-04-14 21:19:18,447 - __main__ - INFO - ==================================================
2026-04-14 21:19:18,447 - __main__ - INFO - Transforming 50 jobs from TopCV...
2026-04-14 21:19:18,476 - __main__ - INFO -   Transformed: 50 jobs
2026-04-14 21:19:18,476 - data_transformer - INFO - ==================================================
2026-04-14 21:19:18,476 - data_transformer - INFO - Data Transformer Statistics
2026-04-14 21:19:18,476 - data_transformer - INFO -   Total processed: 50
2026-04-14 21:19:18,476 - data_transformer - INFO -   Transformed: 50
2026-04-14 21:19:18,476 - data_transformer - INFO -   Skipped: 0
2026-04-14 21:19:18,477 - data_transformer - INFO -   Errors: 0
2026-04-14 21:19:18,478 - data_transformer - INFO -   Success rate: 100.0%
2026-04-14 21:19:18,479 - data_transformer - INFO - ==================================================
2026-04-14 21:19:18,479 - __main__ - INFO - 
==================================================
2026-04-14 21:19:18,479 - __main__ - INFO - STEP 3: DEDUPLICATING
2026-04-14 21:19:18,479 - __main__ - INFO - ==================================================
2026-04-14 21:19:18,479 - deduplicator - INFO - Filtered 0 invalid jobs
2026-04-14 21:19:18,479 - deduplicator - INFO - Removed 0 exact duplicates
2026-04-14 21:19:18,487 - deduplicator - INFO - Removed 0 fuzzy duplicates
2026-04-14 21:19:18,488 - deduplicator - INFO - Filtered 0 outdated jobs
2026-04-14 21:19:18,488 - deduplicator - INFO - ==================================================
2026-04-14 21:19:18,488 - deduplicator - INFO - Deduplication Statistics
2026-04-14 21:19:18,488 - deduplicator - INFO -   Total input: 50
2026-04-14 21:19:18,488 - deduplicator - INFO -   Exact duplicates: 0
2026-04-14 21:19:18,488 - deduplicator - INFO -   Fuzzy duplicates: 0
2026-04-14 21:19:18,488 - deduplicator - INFO -   Outdated: 0
2026-04-14 21:19:18,489 - deduplicator - INFO -   Invalid: 0
2026-04-14 21:19:18,489 - deduplicator - INFO -   Total output: 50
2026-04-14 21:19:18,489 - deduplicator - INFO -   Keep rate: 100.0%
2026-04-14 21:19:18,489 - deduplicator - INFO - ==================================================
2026-04-14 21:19:18,489 - __main__ - INFO - Quality score: 54.0/100
2026-04-14 21:19:18,489 - __main__ - INFO - 
==================================================
2026-04-14 21:19:18,489 - __main__ - INFO - STEP 4: MERGING WITH EXISTING DATA
2026-04-14 21:19:18,489 - __main__ - INFO - ==================================================
2026-04-14 21:19:18,542 - __main__ - INFO - Found 247 existing jobs
2026-04-14 21:19:18,582 - deduplicator - INFO - Filtered 0 invalid jobs
2026-04-14 21:19:18,583 - deduplicator - INFO - Removed 46 exact duplicates
2026-04-14 21:19:18,643 - deduplicator - INFO - Removed 0 fuzzy duplicates
2026-04-14 21:19:18,644 - deduplicator - INFO - Filtered 0 outdated jobs
2026-04-14 21:19:18,644 - __main__ - INFO - After merge and dedup: 251 jobs
2026-04-14 21:19:18,644 - __main__ - INFO - 
==================================================
2026-04-14 21:19:18,644 - __main__ - INFO - STEP 5: SAVING RESULTS
2026-04-14 21:19:18,644 - __main__ - INFO - ==================================================
2026-04-14 21:19:18,653 - __main__ - INFO - Backed up existing file to jobs_backup_20260414_211918.csv
2026-04-14 21:19:18,671 - __main__ - INFO - Saved 251 jobs to D:\LUAN_VAN\restart-35-platform\ai-service\data\jobs.csv
2026-04-14 21:19:18,680 - __main__ - INFO - Saved raw data to scraped_20260414_211918.csv
2026-04-14 21:19:18,681 - __main__ - INFO - Saved metadata to metadata_20260414_211918.json
2026-04-14 21:19:18,681 - __main__ - INFO - Results saved successfully!
2026-04-14 21:19:18,681 - __main__ - INFO - 
============================================================
2026-04-14 21:19:18,681 - __main__ - INFO - SCRAPING PIPELINE COMPLETE
2026-04-14 21:19:18,681 - __main__ - INFO - ============================================================
2026-04-14 21:19:18,681 - __main__ - INFO - Duration: None
2026-04-14 21:19:18,682 - __main__ - INFO - Scrapers run: 1
2026-04-14 21:19:18,682 - __main__ - INFO - Raw jobs scraped: 50
2026-04-14 21:19:18,682 - __main__ - INFO - Jobs transformed: 50
2026-04-14 21:19:18,682 - __main__ - INFO - Unique jobs: 50
2026-04-14 21:19:18,682 - __main__ - INFO - Final jobs (after merge): 251
2026-04-14 21:19:18,682 - __main__ - INFO - Deduplication rate: 0.0%
2026-04-14 21:19:18,682 - __main__ - INFO - ============================================================
2026-04-14 21:25:47,972 - __main__ - INFO - Initialized ScrapingOrchestrator
2026-04-14 21:25:47,972 - __main__ - INFO -   Data dir: D:\LUAN_VAN\restart-35-platform\ai-service\data
2026-04-14 21:25:47,973 - __main__ - INFO -   Output dir: D:\LUAN_VAN\restart-35-platform\ai-service\data\scraped
2026-04-14 21:25:47,973 - __main__ - INFO -   Pages per scraper: 1
2026-04-14 21:25:47,973 - __main__ - INFO -   Sources: ['topcv']
2026-04-14 21:25:47,973 - __main__ - INFO -   Dry run: False
2026-04-14 21:25:47,973 - __main__ - INFO - ============================================================
2026-04-14 21:25:47,973 - __main__ - INFO - STARTING WEB SCRAPING PIPELINE
2026-04-14 21:25:47,973 - __main__ - INFO - ============================================================
2026-04-14 21:25:47,973 - __main__ - INFO - 
==================================================
2026-04-14 21:25:47,973 - __main__ - INFO - STEP 1: SCRAPING
2026-04-14 21:25:47,973 - __main__ - INFO - ==================================================
2026-04-14 21:25:47,973 - __main__ - INFO - 
Running topcv scraper...
2026-04-14 21:25:47,973 - topcv_scraper - INFO - Scraping TopCV IT jobs from https://www.topcv.vn/viec-lam-it
2026-04-14 21:25:48,561 - topcv_scraper - INFO - TopCV session established with curl_cffi
2026-04-14 21:25:50,627 - topcv_scraper - INFO - Found 50 job items on first page
2026-04-14 21:25:50,642 - topcv_scraper - INFO - Estimated total pages: 1, scraping 1
2026-04-14 21:25:50,642 - topcv_scraper - INFO - Scraping details for 50 jobs...
2026-04-14 21:25:50,642 - topcv_scraper - INFO - Fetching detail 1/50: Chuyên Viên Kinh Doanh - Thu Nhập Đến 30
2026-04-14 21:25:55,205 - topcv_scraper - INFO - Fetching detail 2/50: Data Architect (Customer Profile)
2026-04-14 21:26:00,582 - topcv_scraper - INFO - Fetching detail 3/50: Bridge System Engineer (BrSE - Kỹ Sư Cầu
2026-04-14 21:26:06,310 - topcv_scraper - INFO - Fetching detail 4/50: Nhân Viên Quay Dựng/ Video Editor Tại Hà
2026-04-14 21:26:10,960 - topcv_scraper - INFO - Fetching detail 5/50: 3D Artist(Game/VR) - Animation/Game Desi
2026-04-14 21:26:15,657 - topcv_scraper - INFO - Fetching detail 6/50: Chuyên Viên Phân Tích Nghiệp Vụ (Senior 
2026-04-14 21:26:20,168 - topcv_scraper - INFO - Fetching detail 7/50: Chuyên Viên Kinh Doanh Cao Cấp - Đi Làm 
2026-04-14 21:26:25,158 - topcv_scraper - INFO - Fetching detail 8/50: Kỹ Sư Phát Triển Game H5 Cao Cấp (AI-Dri
2026-04-14 21:26:29,825 - topcv_scraper - INFO - Fetching detail 9/50: Kỹ Thuật Dự Án & Presale (3 Năm Kinh Ngh
2026-04-14 21:26:34,322 - topcv_scraper - INFO - Fetching detail 10/50: UA Marketing (Mobile App)
2026-04-14 21:26:39,204 - topcv_scraper - INFO - Fetching detail 11/50: Nhân Viên Kinh Doanh Phần Mềm / Sale /Tư
2026-04-14 21:26:43,841 - topcv_scraper - INFO - Fetching detail 12/50: Chuyên Viên Kinh Doanh Phần Mềm  - Thu N
2026-04-14 21:26:48,442 - topcv_scraper - INFO - Fetching detail 13/50: Nhân Viên Kinh Doanh Giải Pháp Dành Cho 
2026-04-14 21:26:52,595 - topcv_scraper - INFO - Fetching detail 14/50: Senior Data Engineer (Quận 1 - HCM)
2026-04-14 21:26:57,147 - topcv_scraper - INFO - Fetching detail 15/50: Tech Lead/Trưởng Phòng Phát Triển Phần M
2026-04-14 21:27:01,726 - topcv_scraper - INFO - Fetching detail 16/50: Integration Specialist (Night Shift, E-C
2026-04-14 21:27:06,357 - topcv_scraper - INFO - Fetching detail 17/50: Thực Tập Sinh Tài Năng (Tech/Data/Risk/B
2026-04-14 21:27:11,088 - topcv_scraper - INFO - Fetching detail 18/50: Thực Tập Sinh Phân Tích & Triển Khai Ngh
2026-04-14 21:27:16,265 - topcv_scraper - INFO - Fetching detail 19/50: Data Engineer/Data Analytics (DE/DA)
2026-04-14 21:27:20,954 - topcv_scraper - INFO - Fetching detail 20/50: Nhân Viên Thiết Kế Đồ Hoạ/ Designer
2026-04-14 21:27:25,983 - topcv_scraper - INFO - Fetching detail 21/50: Kỹ Sư Trí Tuệ Nhân Tạo
2026-04-14 21:27:30,520 - topcv_scraper - INFO - Fetching detail 22/50: Senior Backend Engineer (Rust/Go/C++) - 
2026-04-14 21:27:35,007 - topcv_scraper - INFO - Fetching detail 23/50: Chuyên Viên Thiết Kế
2026-04-14 21:27:40,321 - topcv_scraper - INFO - Fetching detail 24/50: ERP Implementation Analyst
2026-04-14 21:27:45,018 - topcv_scraper - INFO - Fetching detail 25/50: Chuyên Viên Kỹ Thuật IoT Từ 4 Năm Kinh N
2026-04-14 21:27:49,778 - topcv_scraper - INFO - Fetching detail 26/50: Nhân Viên Quản Trị Dữ Liệu (Data Admin)
2026-04-14 21:27:54,593 - topcv_scraper - INFO - Fetching detail 27/50: Middle Full-Stack Developer
2026-04-14 21:27:59,293 - topcv_scraper - INFO - Fetching detail 28/50: Technical Lead (SaaS Product)
2026-04-14 21:28:04,162 - topcv_scraper - INFO - Fetching detail 29/50: BrSE - Kỹ Sư Cầu Nối JLPT  Từ N3
2026-04-14 21:28:09,005 - topcv_scraper - INFO - Fetching detail 30/50: Nhân Viên Bình Bài & Thiết Kế (Bao Bì, T
2026-04-14 21:28:13,676 - topcv_scraper - INFO - Fetching detail 31/50: Fullstack Engineer (Kỹ Sư Fullstack) - L
2026-04-14 21:28:18,315 - topcv_scraper - INFO - Fetching detail 32/50: IT Staff/ IT Helpdesk/IT Support
2026-04-14 21:28:23,025 - topcv_scraper - INFO - Fetching detail 33/50: Fullstack Developer
2026-04-14 21:28:28,766 - topcv_scraper - INFO - Fetching detail 34/50: QC Mid-Senior
2026-04-14 21:28:34,970 - topcv_scraper - INFO - Fetching detail 35/50: Nhân Viên Marketing Tổng Hợp Full- Stack
2026-04-14 21:28:40,071 - topcv_scraper - INFO - Fetching detail 36/50: QA Tester
2026-04-14 21:28:45,043 - topcv_scraper - INFO - Fetching detail 37/50: Senior AI Engineer
2026-04-14 21:28:50,137 - topcv_scraper - INFO - Fetching detail 38/50: Thiết Kế Đồ Họa (Graphic Designer - Perf
2026-04-14 21:28:55,289 - topcv_scraper - INFO - Fetching detail 39/50: Business Analyst
2026-04-14 21:29:00,578 - topcv_scraper - INFO - Fetching detail 40/50: Digital Team Supervisor - IT Solution De
2026-04-14 21:29:05,505 - topcv_scraper - INFO - Fetching detail 41/50: Fullstack Team Lead (NodeJS / ReactJS) -
2026-04-14 21:29:10,502 - topcv_scraper - INFO - Fetching detail 42/50: Chuyên Viên Phân Tích Nghiệp Vụ Và Hỗ Tr
2026-04-14 21:29:15,428 - topcv_scraper - INFO - Fetching detail 43/50: Chuyên Viên Vận Hành Và Giải Pháp CNTT
2026-04-14 21:29:20,623 - topcv_scraper - INFO - Fetching detail 44/50: Giáo Viên Dạy Lập Trình (Stem) / Giáo Vi
2026-04-14 21:29:25,320 - topcv_scraper - INFO - Fetching detail 45/50: 4. Lập Trình Viên Fullstack (Java/React)
2026-04-14 21:29:30,257 - topcv_scraper - INFO - Fetching detail 46/50: 3. Kỹ Sư Phân Tích Hệ Thống & Quy Trình 
2026-04-14 21:29:35,313 - topcv_scraper - INFO - Fetching detail 47/50: Lập Trình Viên Java - 4 Năm Kinh Nghiệm 
2026-04-14 21:29:39,925 - topcv_scraper - INFO - Fetching detail 48/50: Chuyên Viên Đào Tạo Ứng Dụng AI (Thu Nhậ
2026-04-14 21:29:45,145 - topcv_scraper - INFO - Fetching detail 49/50: Print Production Artist (English)
2026-04-14 21:29:45,213 - topcv_scraper - WARNING - Page fetch failed: status 403
2026-04-14 21:29:48,714 - topcv_scraper - INFO - Fetching detail 50/50: UI/UX Designer
2026-04-14 21:29:53,440 - topcv_scraper - INFO - TopCV scraping complete. Total: 50 jobs
2026-04-14 21:29:53,441 - topcv_scraper - INFO - ==================================================
2026-04-14 21:29:53,441 - topcv_scraper - INFO - Scraper Statistics: TopCVScraper
2026-04-14 21:29:53,441 - topcv_scraper - INFO -   Requests made: 50
2026-04-14 21:29:53,441 - topcv_scraper - INFO -   Requests failed: 0
2026-04-14 21:29:53,441 - topcv_scraper - INFO -   Pages scraped: 0
2026-04-14 21:29:53,441 - topcv_scraper - INFO -   Jobs found: 50
2026-04-14 21:29:53,441 - topcv_scraper - INFO -   Bytes downloaded: 69,485,090
2026-04-14 21:29:53,442 - topcv_scraper - INFO -   Rate limit hits: 0
2026-04-14 21:29:53,442 - topcv_scraper - INFO -   Blocked attempts: 0
2026-04-14 21:29:53,442 - topcv_scraper - INFO - ==================================================
2026-04-14 21:29:53,442 - __main__ - INFO - 
Total raw jobs scraped: 50
2026-04-14 21:29:53,442 - __main__ - INFO - 
--- SCRAPER SUMMARY ---
2026-04-14 21:29:53,442 - __main__ - INFO -   topcv: 50 jobs
2026-04-14 21:29:53,442 - __main__ - INFO - 
==================================================
2026-04-14 21:29:53,442 - __main__ - INFO - STEP 2: TRANSFORMING
2026-04-14 21:29:53,442 - __main__ - INFO - ==================================================
2026-04-14 21:29:53,442 - __main__ - INFO - Transforming 50 jobs from TopCV...
2026-04-14 21:29:53,461 - __main__ - INFO -   Transformed: 50 jobs
2026-04-14 21:29:53,461 - data_transformer - INFO - ==================================================
2026-04-14 21:29:53,461 - data_transformer - INFO - Data Transformer Statistics
2026-04-14 21:29:53,461 - data_transformer - INFO -   Total processed: 50
2026-04-14 21:29:53,462 - data_transformer - INFO -   Transformed: 50
2026-04-14 21:29:53,462 - data_transformer - INFO -   Skipped: 0
2026-04-14 21:29:53,462 - data_transformer - INFO -   Errors: 0
2026-04-14 21:29:53,463 - data_transformer - INFO -   Success rate: 100.0%
2026-04-14 21:29:53,463 - data_transformer - INFO - ==================================================
2026-04-14 21:29:53,463 - __main__ - INFO - 
==================================================
2026-04-14 21:29:53,463 - __main__ - INFO - STEP 3: DEDUPLICATING
2026-04-14 21:29:53,463 - __main__ - INFO - ==================================================
2026-04-14 21:29:53,463 - deduplicator - INFO - Filtered 0 invalid jobs
2026-04-14 21:29:53,464 - deduplicator - INFO - Removed 0 exact duplicates
2026-04-14 21:29:53,470 - deduplicator - INFO - Removed 0 fuzzy duplicates
2026-04-14 21:29:53,471 - deduplicator - INFO - Filtered 0 outdated jobs
2026-04-14 21:29:53,472 - deduplicator - INFO - ==================================================
2026-04-14 21:29:53,472 - deduplicator - INFO - Deduplication Statistics
2026-04-14 21:29:53,472 - deduplicator - INFO -   Total input: 50
2026-04-14 21:29:53,472 - deduplicator - INFO -   Exact duplicates: 0
2026-04-14 21:29:53,472 - deduplicator - INFO -   Fuzzy duplicates: 0
2026-04-14 21:29:53,472 - deduplicator - INFO -   Outdated: 0
2026-04-14 21:29:53,472 - deduplicator - INFO -   Invalid: 0
2026-04-14 21:29:53,472 - deduplicator - INFO -   Total output: 50
2026-04-14 21:29:53,473 - deduplicator - INFO -   Keep rate: 100.0%
2026-04-14 21:29:53,473 - deduplicator - INFO - ==================================================
2026-04-14 21:29:53,473 - __main__ - INFO - Quality score: 57.0/100
2026-04-14 21:29:53,473 - __main__ - INFO - 
==================================================
2026-04-14 21:29:53,473 - __main__ - INFO - STEP 4: MERGING WITH EXISTING DATA
2026-04-14 21:29:53,473 - __main__ - INFO - ==================================================
2026-04-14 21:29:53,508 - __main__ - INFO - Found 251 existing jobs
2026-04-14 21:29:53,543 - deduplicator - INFO - Filtered 0 invalid jobs
2026-04-14 21:29:53,545 - deduplicator - INFO - Removed 43 exact duplicates
2026-04-14 21:29:53,632 - deduplicator - INFO - Removed 0 fuzzy duplicates
2026-04-14 21:29:53,632 - deduplicator - INFO - Filtered 0 outdated jobs
2026-04-14 21:29:53,632 - __main__ - INFO - After merge and dedup: 258 jobs
2026-04-14 21:29:53,633 - __main__ - INFO - 
==================================================
2026-04-14 21:29:53,633 - __main__ - INFO - STEP 5: SAVING RESULTS
2026-04-14 21:29:53,633 - __main__ - INFO - ==================================================
2026-04-14 21:29:53,642 - __main__ - INFO - Backed up existing file to jobs_backup_20260414_212953.csv
2026-04-14 21:29:53,658 - __main__ - INFO - Saved 258 jobs to D:\LUAN_VAN\restart-35-platform\ai-service\data\jobs.csv
2026-04-14 21:29:53,669 - __main__ - INFO - Saved raw data to scraped_20260414_212953.csv
2026-04-14 21:29:53,672 - __main__ - INFO - Saved metadata to metadata_20260414_212953.json
2026-04-14 21:29:53,672 - __main__ - INFO - Results saved successfully!
2026-04-14 21:29:53,672 - __main__ - INFO - 
============================================================
2026-04-14 21:29:53,672 - __main__ - INFO - SCRAPING PIPELINE COMPLETE
2026-04-14 21:29:53,672 - __main__ - INFO - ============================================================
2026-04-14 21:29:53,672 - __main__ - INFO - Duration: None
2026-04-14 21:29:53,673 - __main__ - INFO - Scrapers run: 1
2026-04-14 21:29:53,673 - __main__ - INFO - Raw jobs scraped: 50
2026-04-14 21:29:53,673 - __main__ - INFO - Jobs transformed: 50
2026-04-14 21:29:53,673 - __main__ - INFO - Unique jobs: 50
2026-04-14 21:29:53,673 - __main__ - INFO - Final jobs (after merge): 258
2026-04-14 21:29:53,673 - __main__ - INFO - Deduplication rate: 0.0%
2026-04-14 21:29:53,673 - __main__ - INFO - ============================================================
2026-04-14 21:35:48,497 - topcv_scraper - INFO - TopCV session established with curl_cffi
2026-04-14 21:36:44,572 - topcv_scraper - INFO - TopCV session established with curl_cffi
2026-04-14 21:38:40,331 - topcv_scraper - INFO - TopCV session established with curl_cffi
2026-04-14 21:39:14,212 - __main__ - INFO - Initialized ScrapingOrchestrator
2026-04-14 21:39:14,213 - __main__ - INFO -   Data dir: D:\LUAN_VAN\restart-35-platform\ai-service\data
2026-04-14 21:39:14,213 - __main__ - INFO -   Output dir: D:\LUAN_VAN\restart-35-platform\ai-service\data\scraped
2026-04-14 21:39:14,213 - __main__ - INFO -   Pages per scraper: 1
2026-04-14 21:39:14,213 - __main__ - INFO -   Sources: ['topcv']
2026-04-14 21:39:14,213 - __main__ - INFO -   Dry run: False
2026-04-14 21:39:14,213 - __main__ - INFO - ============================================================
2026-04-14 21:39:14,213 - __main__ - INFO - STARTING WEB SCRAPING PIPELINE
2026-04-14 21:39:14,213 - __main__ - INFO - ============================================================
2026-04-14 21:39:14,213 - __main__ - INFO - 
==================================================
2026-04-14 21:39:14,213 - __main__ - INFO - STEP 1: SCRAPING
2026-04-14 21:39:14,213 - __main__ - INFO - ==================================================
2026-04-14 21:39:14,214 - __main__ - INFO - 
Running topcv scraper...
2026-04-14 21:39:14,214 - topcv_scraper - INFO - Scraping TopCV IT jobs from https://www.topcv.vn/viec-lam-it
2026-04-14 21:39:14,723 - topcv_scraper - INFO - TopCV session established with curl_cffi
2026-04-14 21:39:18,139 - topcv_scraper - INFO - Found 50 job items on first page
2026-04-14 21:39:18,159 - topcv_scraper - INFO - Estimated total pages: 1, scraping 1
2026-04-14 21:39:18,159 - topcv_scraper - INFO - Scraping details for 50 jobs...
2026-04-14 21:39:18,159 - topcv_scraper - INFO - Fetching detail 1/50: Kỹ Thuật Dự Án & Presale (3 Năm Kinh Ngh
2026-04-14 21:39:22,846 - topcv_scraper - INFO - Fetching detail 2/50: Bridge System Engineer (BrSE - Kỹ Sư Cầu
2026-04-14 21:39:27,743 - topcv_scraper - INFO - Fetching detail 3/50: Nhân Viên Kinh Doanh Tư Vấn Phần Mềm CRM
2026-04-14 21:39:32,387 - topcv_scraper - INFO - Fetching detail 4/50: Founder Startup (Chương Trình Tuyển Dụng
2026-04-14 21:39:37,832 - topcv_scraper - INFO - Fetching detail 5/50: QA Tester
2026-04-14 21:39:42,782 - topcv_scraper - INFO - Fetching detail 6/50: Kế Toán/Kiểm Toán Làm Chuyên Viên Phân T
2026-04-14 21:39:47,322 - topcv_scraper - INFO - Fetching detail 7/50: Nhân Viên Thiết Kế Đồ Hoạ/ Designer
2026-04-14 21:39:52,103 - topcv_scraper - INFO - Fetching detail 8/50: Kỹ Sư Trí Tuệ Nhân Tạo
2026-04-14 21:39:56,865 - topcv_scraper - INFO - Fetching detail 9/50: Senior Backend Engineer (Rust/Go/C++) - 
2026-04-14 21:40:01,456 - topcv_scraper - INFO - Fetching detail 10/50: Chuyên Viên Thiết Kế
2026-04-14 21:40:06,612 - topcv_scraper - INFO - Fetching detail 11/50: ERP Implementation Analyst
2026-04-14 21:40:11,301 - topcv_scraper - INFO - Fetching detail 12/50: Chuyên Viên Kỹ Thuật IoT Từ 4 Năm Kinh N
2026-04-14 21:40:15,850 - topcv_scraper - INFO - Fetching detail 13/50: Nhân Viên Quản Trị Dữ Liệu (Data Admin)
2026-04-14 21:40:20,465 - topcv_scraper - INFO - Fetching detail 14/50: BrSE - Kỹ Sư Cầu Nối JLPT  Từ N3
2026-04-14 21:40:24,979 - topcv_scraper - INFO - Fetching detail 15/50: Nhân Viên Bình Bài & Thiết Kế (Bao Bì, T
2026-04-14 21:40:29,480 - topcv_scraper - INFO - Fetching detail 16/50: Fullstack Engineer (Kỹ Sư Fullstack) - L
2026-04-14 21:40:34,006 - topcv_scraper - INFO - Fetching detail 17/50: IT Staff/ IT Helpdesk/IT Support
2026-04-14 21:40:38,506 - topcv_scraper - INFO - Fetching detail 18/50: Fullstack Developer
2026-04-14 21:40:43,196 - topcv_scraper - INFO - Fetching detail 19/50: QC Mid-Senior
2026-04-14 21:40:47,814 - topcv_scraper - INFO - Fetching detail 20/50: Nhân Viên Marketing Tổng Hợp Full- Stack
2026-04-14 21:40:52,577 - topcv_scraper - INFO - Fetching detail 21/50: Senior Data Engineer (Quận 1 - HCM)
2026-04-14 21:40:57,245 - topcv_scraper - INFO - Fetching detail 22/50: Tech Lead/Trưởng Phòng Phát Triển Phần M
2026-04-14 21:41:01,782 - topcv_scraper - INFO - Fetching detail 23/50: Integration Specialist (Night Shift, E-C
2026-04-14 21:41:06,499 - topcv_scraper - INFO - Fetching detail 24/50: Thực Tập Sinh Tài Năng (Tech/Data/Risk/B
2026-04-14 21:41:11,071 - topcv_scraper - INFO - Fetching detail 25/50: Thực Tập Sinh Phân Tích & Triển Khai Ngh
2026-04-14 21:41:15,772 - topcv_scraper - INFO - Fetching detail 26/50: Data Engineer/Data Analytics (DE/DA)
2026-04-14 21:41:20,588 - topcv_scraper - INFO - Fetching detail 27/50: Giáo Viên Dạy Lập Trình (Stem) / Giáo Vi
2026-04-14 21:41:25,438 - topcv_scraper - INFO - Fetching detail 28/50: 4. Lập Trình Viên Fullstack (Java/React)
2026-04-14 21:41:30,063 - topcv_scraper - INFO - Fetching detail 29/50: 3. Kỹ Sư Phân Tích Hệ Thống & Quy Trình 
2026-04-14 21:41:34,773 - topcv_scraper - INFO - Fetching detail 30/50: Lập Trình Viên Java - 4 Năm Kinh Nghiệm 
2026-04-14 21:41:39,537 - topcv_scraper - INFO - Fetching detail 31/50: Chuyên Viên Đào Tạo Ứng Dụng AI (Thu Nhậ
2026-04-14 21:41:44,157 - topcv_scraper - INFO - Fetching detail 32/50: Print Production Artist (English)
2026-04-14 21:41:48,774 - topcv_scraper - INFO - Fetching detail 33/50: UI/UX Designer
2026-04-14 21:41:53,378 - topcv_scraper - INFO - Fetching detail 34/50: Tester  - Thu Nhập Hấp Dẫn - Tại Hà Nội
2026-04-14 21:41:58,168 - topcv_scraper - INFO - Fetching detail 35/50: Middle Full-Stack Developer
2026-04-14 21:42:02,867 - topcv_scraper - INFO - Fetching detail 36/50: Technical Lead (SaaS Product)
2026-04-14 21:42:07,615 - topcv_scraper - INFO - Fetching detail 37/50: Graphic Designer - Chuyên Viên Thiết Kế 
2026-04-14 21:42:12,434 - topcv_scraper - INFO - Fetching detail 38/50: Senior AI Engineer
2026-04-14 21:42:17,440 - topcv_scraper - INFO - Fetching detail 39/50: Thiết Kế Đồ Hoạ Ngành In Vải (AI, Photos
2026-04-14 21:42:22,266 - topcv_scraper - INFO - Fetching detail 40/50: Thiết Kế Đồ Họa (Graphic Designer - Perf
2026-04-14 21:42:26,852 - topcv_scraper - INFO - Fetching detail 41/50: Business Analyst
2026-04-14 21:42:31,582 - topcv_scraper - INFO - Fetching detail 42/50: Digital Team Supervisor - IT Solution De
2026-04-14 21:42:36,420 - topcv_scraper - INFO - Fetching detail 43/50: Fullstack Team Lead (NodeJS / ReactJS) -
2026-04-14 21:42:41,031 - topcv_scraper - INFO - Fetching detail 44/50: Chuyên Viên Phân Tích Nghiệp Vụ Và Hỗ Tr
2026-04-14 21:42:46,052 - topcv_scraper - INFO - Fetching detail 45/50: Chuyên Viên Vận Hành Và Giải Pháp CNTT
2026-04-14 21:42:50,537 - topcv_scraper - INFO - Fetching detail 46/50: UA Marketing (Android App) - Lương 10-20
2026-04-14 21:42:55,084 - topcv_scraper - INFO - Fetching detail 47/50: Kiểm Duyệt Nội Dung (Photoshop Cơ Bản)
2026-04-14 21:42:59,816 - topcv_scraper - INFO - Fetching detail 48/50: Nhân Viên Phần Mềm
2026-04-14 21:43:05,117 - topcv_scraper - INFO - Fetching detail 49/50: Lập Trình Viên Phát Triển Ứng Dụng Web  
2026-04-14 21:43:10,232 - topcv_scraper - INFO - Fetching detail 50/50: Business Analyst (TMS/Control Tower) - C
2026-04-14 21:43:15,747 - topcv_scraper - INFO - TopCV scraping complete. Total: 50 jobs
2026-04-14 21:43:15,752 - topcv_scraper - INFO - ==================================================
2026-04-14 21:43:15,753 - topcv_scraper - INFO - Scraper Statistics: TopCVScraper
2026-04-14 21:43:15,753 - topcv_scraper - INFO -   Requests made: 51
2026-04-14 21:43:15,753 - topcv_scraper - INFO -   Requests failed: 0
2026-04-14 21:43:15,753 - topcv_scraper - INFO -   Pages scraped: 0
2026-04-14 21:43:15,754 - topcv_scraper - INFO -   Jobs found: 50
2026-04-14 21:43:15,755 - topcv_scraper - INFO -   Bytes downloaded: 71,503,245
2026-04-14 21:43:15,755 - topcv_scraper - INFO -   Rate limit hits: 0
2026-04-14 21:43:15,755 - topcv_scraper - INFO -   Blocked attempts: 0
2026-04-14 21:43:15,755 - topcv_scraper - INFO - ==================================================
2026-04-14 21:43:15,755 - __main__ - INFO - 
Total raw jobs scraped: 50
2026-04-14 21:43:15,755 - __main__ - INFO - 
--- SCRAPER SUMMARY ---
2026-04-14 21:43:15,755 - __main__ - INFO -   topcv: 50 jobs
2026-04-14 21:43:15,755 - __main__ - INFO - 
==================================================
2026-04-14 21:43:15,756 - __main__ - INFO - STEP 2: TRANSFORMING
2026-04-14 21:43:15,756 - __main__ - INFO - ==================================================
2026-04-14 21:43:15,756 - __main__ - INFO - Transforming 50 jobs from TopCV...
2026-04-14 21:43:15,814 - __main__ - INFO -   Transformed: 50 jobs
2026-04-14 21:43:15,814 - data_transformer - INFO - ==================================================
2026-04-14 21:43:15,814 - data_transformer - INFO - Data Transformer Statistics
2026-04-14 21:43:15,814 - data_transformer - INFO -   Total processed: 50
2026-04-14 21:43:15,814 - data_transformer - INFO -   Transformed: 50
2026-04-14 21:43:15,815 - data_transformer - INFO -   Skipped: 0
2026-04-14 21:43:15,815 - data_transformer - INFO -   Errors: 0
2026-04-14 21:43:15,816 - data_transformer - INFO -   Success rate: 100.0%
2026-04-14 21:43:15,816 - data_transformer - INFO - ==================================================
2026-04-14 21:43:15,817 - __main__ - INFO - 
==================================================
2026-04-14 21:43:15,817 - __main__ - INFO - STEP 3: DEDUPLICATING
2026-04-14 21:43:15,817 - __main__ - INFO - ==================================================
2026-04-14 21:43:15,818 - deduplicator - INFO - Filtered 0 invalid jobs
2026-04-14 21:43:15,819 - deduplicator - INFO - Removed 0 exact duplicates
2026-04-14 21:43:15,828 - deduplicator - INFO - Removed 0 fuzzy duplicates
2026-04-14 21:43:15,829 - deduplicator - INFO - Filtered 0 outdated jobs
2026-04-14 21:43:15,829 - deduplicator - INFO - ==================================================
2026-04-14 21:43:15,829 - deduplicator - INFO - Deduplication Statistics
2026-04-14 21:43:15,829 - deduplicator - INFO -   Total input: 50
2026-04-14 21:43:15,830 - deduplicator - INFO -   Exact duplicates: 0
2026-04-14 21:43:15,830 - deduplicator - INFO -   Fuzzy duplicates: 0
2026-04-14 21:43:15,830 - deduplicator - INFO -   Outdated: 0
2026-04-14 21:43:15,830 - deduplicator - INFO -   Invalid: 0
2026-04-14 21:43:15,830 - deduplicator - INFO -   Total output: 50
2026-04-14 21:43:15,830 - deduplicator - INFO -   Keep rate: 100.0%
2026-04-14 21:43:15,830 - deduplicator - INFO - ==================================================
2026-04-14 21:43:15,831 - __main__ - INFO - Quality score: 52.0/100
2026-04-14 21:43:15,831 - __main__ - INFO - 
==================================================
2026-04-14 21:43:15,831 - __main__ - INFO - STEP 4: MERGING WITH EXISTING DATA
2026-04-14 21:43:15,831 - __main__ - INFO - ==================================================
2026-04-14 21:43:15,920 - __main__ - INFO - Found 258 existing jobs
2026-04-14 21:43:15,965 - deduplicator - INFO - Filtered 0 invalid jobs
2026-04-14 21:43:15,966 - deduplicator - INFO - Removed 49 exact duplicates
2026-04-14 21:43:16,065 - deduplicator - INFO - Removed 0 fuzzy duplicates
2026-04-14 21:43:16,065 - deduplicator - INFO - Filtered 0 outdated jobs
2026-04-14 21:43:16,066 - __main__ - INFO - After merge and dedup: 259 jobs
2026-04-14 21:43:16,066 - __main__ - INFO - 
==================================================
2026-04-14 21:43:16,066 - __main__ - INFO - STEP 5: SAVING RESULTS
2026-04-14 21:43:16,066 - __main__ - INFO - ==================================================
2026-04-14 21:43:16,075 - __main__ - INFO - Backed up existing file to jobs_backup_20260414_214316.csv
2026-04-14 21:43:16,097 - __main__ - INFO - Saved 259 jobs to D:\LUAN_VAN\restart-35-platform\ai-service\data\jobs.csv
2026-04-14 21:43:16,113 - __main__ - INFO - Saved raw data to scraped_20260414_214316.csv
2026-04-14 21:43:16,115 - __main__ - INFO - Saved metadata to metadata_20260414_214316.json
2026-04-14 21:43:16,115 - __main__ - INFO - Results saved successfully!
2026-04-14 21:43:16,115 - __main__ - INFO - 
============================================================
2026-04-14 21:43:16,115 - __main__ - INFO - SCRAPING PIPELINE COMPLETE
2026-04-14 21:43:16,115 - __main__ - INFO - ============================================================
2026-04-14 21:43:16,115 - __main__ - INFO - Duration: None
2026-04-14 21:43:16,115 - __main__ - INFO - Scrapers run: 1
2026-04-14 21:43:16,116 - __main__ - INFO - Raw jobs scraped: 50
2026-04-14 21:43:16,116 - __main__ - INFO - Jobs transformed: 50
2026-04-14 21:43:16,116 - __main__ - INFO - Unique jobs: 50
2026-04-14 21:43:16,116 - __main__ - INFO - Final jobs (after merge): 259
2026-04-14 21:43:16,116 - __main__ - INFO - Deduplication rate: 0.0%
2026-04-14 21:43:16,116 - __main__ - INFO - ============================================================
2026-04-14 22:01:24,646 - __main__ - INFO - Initialized ScrapingOrchestrator
2026-04-14 22:01:24,647 - __main__ - INFO -   Data dir: D:\LUAN_VAN\restart-35-platform\ai-service\data
2026-04-14 22:01:24,647 - __main__ - INFO -   Output dir: D:\LUAN_VAN\restart-35-platform\ai-service\data\scraped
2026-04-14 22:01:24,647 - __main__ - INFO -   Pages per scraper: 5
2026-04-14 22:01:24,647 - __main__ - INFO -   Sources: ['topcv']
2026-04-14 22:01:24,648 - __main__ - INFO -   Dry run: False
2026-04-14 22:01:24,648 - __main__ - INFO - ============================================================
2026-04-14 22:01:24,648 - __main__ - INFO - STARTING WEB SCRAPING PIPELINE
2026-04-14 22:01:24,648 - __main__ - INFO - ============================================================
2026-04-14 22:01:24,648 - __main__ - INFO - 
==================================================
2026-04-14 22:01:24,648 - __main__ - INFO - STEP 1: SCRAPING
2026-04-14 22:01:24,649 - __main__ - INFO - ==================================================
2026-04-14 22:01:24,649 - __main__ - INFO - 
Running topcv scraper...
2026-04-14 22:01:24,650 - topcv_scraper - INFO - Scraping TopCV IT jobs from https://www.topcv.vn/viec-lam-it
2026-04-14 22:01:25,418 - topcv_scraper - INFO - TopCV session established with curl_cffi
2026-04-14 22:01:29,157 - topcv_scraper - INFO - Found 50 job items on first page
2026-04-14 22:01:29,227 - topcv_scraper - INFO - Estimated total pages: 1, scraping 1
2026-04-14 22:01:29,228 - topcv_scraper - INFO - Scraping details for 50 jobs...
2026-04-14 22:01:29,228 - topcv_scraper - INFO - Fetching detail 1/50: Chuyên Viên Kinh Doanh Cao Cấp - Đi Làm 
2026-04-14 22:01:35,142 - topcv_scraper - INFO - Fetching detail 2/50: Founder Startup (Chương Trình Tuyển Dụng
2026-04-14 22:01:40,745 - topcv_scraper - INFO - Fetching detail 3/50: Chuyên Viên Kinh Doanh Giải Pháp An Toàn
2026-04-14 22:01:46,110 - topcv_scraper - INFO - Fetching detail 4/50: Nhân Viên IT Tại KCN Thụy Vân, Việt Trì,
2026-04-14 22:01:52,324 - topcv_scraper - INFO - Fetching detail 5/50: Kế Toán/Kiểm Toán Làm Chuyên Viên Phân T
2026-04-14 22:01:58,704 - topcv_scraper - INFO - Fetching detail 6/50: Thực Tập Sinh Công Nghệ Thông Tin (Có Lư
2026-04-14 22:02:04,266 - topcv_scraper - INFO - Fetching detail 7/50: Sales Development Representative (B2B/ B
2026-04-14 22:02:09,256 - topcv_scraper - INFO - Fetching detail 8/50: Senior Data Engineer – Finance Division 
2026-04-14 22:02:13,628 - topcv_scraper - INFO - Fetching detail 9/50: Kỹ Thuật Viên Triển Khai - Đà Nẵng (Đi L
2026-04-14 22:02:18,910 - topcv_scraper - INFO - Fetching detail 10/50: Nhân Viên Thiết Kế Đồ Họa/Uxui (Hà Đông 
2026-04-14 22:02:24,843 - topcv_scraper - INFO - Fetching detail 11/50: Nhân Viên Kinh Doanh / Nhân Viên Tư Vấn 
2026-04-14 22:02:30,279 - topcv_scraper - INFO - Fetching detail 12/50: Chuyên Viên Phân Tích Nghiệp Vụ – Busine
2026-04-14 22:02:35,847 - topcv_scraper - INFO - Fetching detail 13/50: Backend Developer (Golang)
2026-04-14 22:02:41,285 - topcv_scraper - INFO - Fetching detail 14/50: User Experience Assurance-User Oriented 
2026-04-14 22:02:46,580 - topcv_scraper - INFO - Fetching detail 15/50: Product Owner
2026-04-14 22:02:51,821 - topcv_scraper - INFO - Fetching detail 16/50: Middle Web System Engineer (Python/VueJS
2026-04-14 22:02:56,985 - topcv_scraper - INFO - Fetching detail 17/50: Trưởng Nhóm Quản Trị Cơ Sở Hạ Tầng Trung
2026-04-14 22:03:01,963 - topcv_scraper - INFO - Fetching detail 18/50: Nhân Viên Kinh Doanh Giải Pháp Phần Mềm 
2026-04-14 22:03:07,543 - topcv_scraper - INFO - Fetching detail 19/50: Chuyên Viên SAP
2026-04-14 22:03:12,812 - topcv_scraper - INFO - Fetching detail 20/50: Thiết Kế Đồ Hoạ / Thiết Kế Branding/ 2D 
2026-04-14 22:03:18,013 - topcv_scraper - INFO - Fetching detail 21/50: Opera PMS Implementation Consultant / Ch
2026-04-14 22:03:24,564 - topcv_scraper - INFO - Fetching detail 22/50: Senior Data Management Specialist – Busi
2026-04-14 22:03:29,010 - topcv_scraper - INFO - Fetching detail 23/50: Bridge System Engineer (BrSE - Kỹ Sư Cầu
2026-04-14 22:03:34,640 - topcv_scraper - INFO - Fetching detail 24/50: Kỹ Sư Điện - Tự Động Hóa/ Kỹ Sư Lập Trìn
2026-04-14 22:03:40,461 - topcv_scraper - INFO - Fetching detail 25/50: Quản Lý Dự Án Triển Khai (Project Manage
2026-04-14 22:03:45,805 - topcv_scraper - INFO - Fetching detail 26/50: Nhân Viên Điều Phối Dự Án IT - Offer Upt
2026-04-14 22:03:51,314 - topcv_scraper - INFO - Fetching detail 27/50: Cloud Engineer (Hà Nội)
2026-04-14 22:03:57,146 - topcv_scraper - INFO - Fetching detail 28/50: Chuyên Viên Tư Vấn | Consultant Executiv
2026-04-14 22:04:03,417 - topcv_scraper - INFO - Fetching detail 29/50: Unity 3D/ Unity Designer
2026-04-14 22:04:09,341 - topcv_scraper - INFO - Fetching detail 30/50: Kỹ Sư Hệ Thống (System Engineer) - Lương
2026-04-14 22:04:16,358 - topcv_scraper - INFO - Fetching detail 31/50: Game Designer (Upto 30M Net, Upto 17 Thá
2026-04-14 22:04:21,502 - topcv_scraper - INFO - Fetching detail 32/50: Chuyên Viên Phân Tích Nghiệp Vụ (BA)
2026-04-14 22:04:26,832 - topcv_scraper - INFO - Fetching detail 33/50: Phân Tích Nghiệp Vụ ( BA ) - Senior / Bu
2026-04-14 22:04:32,396 - topcv_scraper - INFO - Fetching detail 34/50: Nhân Viên IT
2026-04-14 22:04:37,903 - topcv_scraper - INFO - Fetching detail 35/50: Art Designer/ Creative Designer(Tiếng An
2026-04-14 22:04:42,929 - topcv_scraper - INFO - Fetching detail 36/50: Nhân Viên Kinh Doanh Phần Mềm (B2B Sales
2026-04-14 22:04:47,790 - topcv_scraper - INFO - Fetching detail 37/50: Nhân Viên Kinh Doanh Phần Mềm / Tư Vấn/ 
2026-04-14 22:04:53,118 - topcv_scraper - INFO - Fetching detail 38/50: Backend Developer – AI/ML Ops
2026-04-14 22:04:58,310 - topcv_scraper - INFO - Fetching detail 39/50: 3D Environment Artist – Game/3D Modeling
2026-04-14 22:05:03,481 - topcv_scraper - INFO - Fetching detail 40/50: Kỹ Sư Cầu Nối (Bridge Engineer - BrSE), 
2026-04-14 22:05:09,375 - topcv_scraper - INFO - Fetching detail 41/50: Concept Artist (Game/VR) – Salary 20–25 
2026-04-14 22:05:14,752 - topcv_scraper - INFO - Fetching detail 42/50: Chuyên Viên Telesales - Lương Trung Bình
2026-04-14 22:05:20,880 - topcv_scraper - INFO - Fetching detail 43/50: IOS Developer - Swift
2026-04-14 22:05:26,372 - topcv_scraper - INFO - Fetching detail 44/50: Nhân Viên Tư Vấn Triển Khai Phần Mềm
2026-04-14 22:05:31,369 - topcv_scraper - INFO - Fetching detail 45/50: Nhân Viên Triển Khai Bản Vẽ 2D (Part Tim
2026-04-14 22:05:51,598 - topcv_scraper - INFO - Fetching detail 46/50: Kế Toán/Kiểm Toán Làm Chuyên Viên Kiểm T
2026-04-14 22:05:57,109 - topcv_scraper - INFO - Fetching detail 47/50: IT Support Executive
2026-04-14 22:06:02,651 - topcv_scraper - INFO - Fetching detail 48/50: Kỹ Sư Triển Khai Hệ Thống ( System Engin
2026-04-14 22:06:07,960 - topcv_scraper - INFO - Fetching detail 49/50: Chuyên Viên Business Analyst (BA)
2026-04-14 22:06:13,281 - topcv_scraper - INFO - Fetching detail 50/50: NV Kinh Doanh Làm Báo Giá Hợp Đồng(Ko Áp
2026-04-14 22:06:18,388 - topcv_scraper - INFO - TopCV scraping complete. Total: 50 jobs
2026-04-14 22:06:18,389 - topcv_scraper - INFO - ==================================================
2026-04-14 22:06:18,390 - topcv_scraper - INFO - Scraper Statistics: TopCVScraper
2026-04-14 22:06:18,390 - topcv_scraper - INFO -   Requests made: 51
2026-04-14 22:06:18,390 - topcv_scraper - INFO -   Requests failed: 0
2026-04-14 22:06:18,390 - topcv_scraper - INFO -   Pages scraped: 0
2026-04-14 22:06:18,390 - topcv_scraper - INFO -   Jobs found: 50
2026-04-14 22:06:18,391 - topcv_scraper - INFO -   Bytes downloaded: 74,854,149
2026-04-14 22:06:18,392 - topcv_scraper - INFO -   Rate limit hits: 0
2026-04-14 22:06:18,392 - topcv_scraper - INFO -   Blocked attempts: 0
2026-04-14 22:06:18,392 - topcv_scraper - INFO - ==================================================
2026-04-14 22:06:18,392 - __main__ - INFO - 
Total raw jobs scraped: 50
2026-04-14 22:06:18,392 - __main__ - INFO - 
--- SCRAPER SUMMARY ---
2026-04-14 22:06:18,392 - __main__ - INFO -   topcv: 50 jobs
2026-04-14 22:06:18,392 - __main__ - INFO - 
==================================================
2026-04-14 22:06:18,392 - __main__ - INFO - STEP 2: TRANSFORMING
2026-04-14 22:06:18,393 - __main__ - INFO - ==================================================
2026-04-14 22:06:18,393 - __main__ - INFO - Transforming 50 jobs from TopCV...
2026-04-14 22:06:18,526 - __main__ - INFO -   Transformed: 50 jobs
2026-04-14 22:06:18,527 - data_transformer - INFO - ==================================================
2026-04-14 22:06:18,527 - data_transformer - INFO - Data Transformer Statistics
2026-04-14 22:06:18,527 - data_transformer - INFO -   Total processed: 50
2026-04-14 22:06:18,527 - data_transformer - INFO -   Transformed: 50
2026-04-14 22:06:18,527 - data_transformer - INFO -   Skipped: 0
2026-04-14 22:06:18,527 - data_transformer - INFO -   Errors: 0
2026-04-14 22:06:18,533 - data_transformer - INFO -   Success rate: 100.0%
2026-04-14 22:06:18,533 - data_transformer - INFO - ==================================================
2026-04-14 22:06:18,533 - __main__ - INFO - 
==================================================
2026-04-14 22:06:18,533 - __main__ - INFO - STEP 3: DEDUPLICATING
2026-04-14 22:06:18,534 - __main__ - INFO - ==================================================
2026-04-14 22:06:18,534 - deduplicator - INFO - Filtered 0 invalid jobs
2026-04-14 22:06:18,534 - deduplicator - INFO - Removed 0 exact duplicates
2026-04-14 22:06:18,545 - deduplicator - INFO - Removed 0 fuzzy duplicates
2026-04-14 22:06:18,546 - deduplicator - INFO - Filtered 0 outdated jobs
2026-04-14 22:06:18,546 - deduplicator - INFO - ==================================================
2026-04-14 22:06:18,546 - deduplicator - INFO - Deduplication Statistics
2026-04-14 22:06:18,546 - deduplicator - INFO -   Total input: 50
2026-04-14 22:06:18,547 - deduplicator - INFO -   Exact duplicates: 0
2026-04-14 22:06:18,547 - deduplicator - INFO -   Fuzzy duplicates: 0
2026-04-14 22:06:18,547 - deduplicator - INFO -   Outdated: 0
2026-04-14 22:06:18,547 - deduplicator - INFO -   Invalid: 0
2026-04-14 22:06:18,547 - deduplicator - INFO -   Total output: 50
2026-04-14 22:06:18,547 - deduplicator - INFO -   Keep rate: 100.0%
2026-04-14 22:06:18,547 - deduplicator - INFO - ==================================================
2026-04-14 22:06:18,548 - __main__ - INFO - Quality score: 56.0/100
2026-04-14 22:06:18,548 - __main__ - INFO - 
==================================================
2026-04-14 22:06:18,548 - __main__ - INFO - STEP 4: MERGING WITH EXISTING DATA
2026-04-14 22:06:18,548 - __main__ - INFO - ==================================================
2026-04-14 22:06:18,633 - __main__ - INFO - Found 259 existing jobs
2026-04-14 22:06:18,707 - deduplicator - INFO - Filtered 0 invalid jobs
2026-04-14 22:06:18,710 - deduplicator - INFO - Removed 7 exact duplicates
2026-04-14 22:06:18,878 - deduplicator - INFO - Removed 0 fuzzy duplicates
2026-04-14 22:06:18,879 - deduplicator - INFO - Filtered 0 outdated jobs
2026-04-14 22:06:18,880 - __main__ - INFO - After merge and dedup: 302 jobs
2026-04-14 22:06:18,883 - __main__ - INFO - 
==================================================
2026-04-14 22:06:18,883 - __main__ - INFO - STEP 5: SAVING RESULTS
2026-04-14 22:06:18,883 - __main__ - INFO - ==================================================
2026-04-14 22:06:18,894 - __main__ - INFO - Backed up existing file to jobs_backup_20260414_220618.csv
2026-04-14 22:06:18,939 - __main__ - INFO - Saved 302 jobs to D:\LUAN_VAN\restart-35-platform\ai-service\data\jobs.csv
2026-04-14 22:06:18,974 - __main__ - INFO - Saved raw data to scraped_20260414_220618.csv
2026-04-14 22:06:18,976 - __main__ - INFO - Saved metadata to metadata_20260414_220618.json
2026-04-14 22:06:18,976 - __main__ - INFO - Results saved successfully!
2026-04-14 22:06:18,976 - __main__ - INFO - 
============================================================
2026-04-14 22:06:18,976 - __main__ - INFO - SCRAPING PIPELINE COMPLETE
2026-04-14 22:06:18,976 - __main__ - INFO - ============================================================
2026-04-14 22:06:18,976 - __main__ - INFO - Duration: None
2026-04-14 22:06:18,976 - __main__ - INFO - Scrapers run: 1
2026-04-14 22:06:18,977 - __main__ - INFO - Raw jobs scraped: 50
2026-04-14 22:06:18,977 - __main__ - INFO - Jobs transformed: 50
2026-04-14 22:06:18,977 - __main__ - INFO - Unique jobs: 50
2026-04-14 22:06:18,977 - __main__ - INFO - Final jobs (after merge): 302
2026-04-14 22:06:18,977 - __main__ - INFO - Deduplication rate: 0.0%
2026-04-14 22:06:18,977 - __main__ - INFO - ============================================================
2026-04-14 22:12:16,815 - __main__ - INFO - Initialized ScrapingOrchestrator
2026-04-14 22:12:16,818 - __main__ - INFO -   Data dir: D:\LUAN_VAN\restart-35-platform\ai-service\data
2026-04-14 22:12:16,818 - __main__ - INFO -   Output dir: D:\LUAN_VAN\restart-35-platform\ai-service\data\scraped
2026-04-14 22:12:16,818 - __main__ - INFO -   Pages per scraper: 5
2026-04-14 22:12:16,819 - __main__ - INFO -   Sources: ['topcv']
2026-04-14 22:12:16,819 - __main__ - INFO -   Dry run: False
2026-04-14 22:12:16,819 - __main__ - INFO - ============================================================
2026-04-14 22:12:16,819 - __main__ - INFO - STARTING WEB SCRAPING PIPELINE
2026-04-14 22:12:16,819 - __main__ - INFO - ============================================================
2026-04-14 22:12:16,819 - __main__ - INFO - 
==================================================
2026-04-14 22:12:16,819 - __main__ - INFO - STEP 1: SCRAPING
2026-04-14 22:12:16,819 - __main__ - INFO - ==================================================
2026-04-14 22:12:16,820 - __main__ - INFO - 
Running topcv scraper...
2026-04-14 22:12:16,821 - topcv_scraper - INFO - Trying API-based scraping for 5 pages...
2026-04-14 22:12:17,499 - topcv_scraper - INFO - TopCV session established with curl_cffi
2026-04-14 22:12:17,500 - topcv_scraper - INFO - Fetching API page 1/5
2026-04-14 22:12:17,650 - topcv_scraper - WARNING - API returned 404 on page 1
2026-04-14 22:12:17,650 - topcv_scraper - INFO - API scraping complete: 0 jobs
2026-04-14 22:12:17,650 - topcv_scraper - WARNING - API scraping failed, falling back to HTML scraping
2026-04-14 22:12:21,074 - topcv_scraper - INFO - Found 50 job items on HTML page
2026-04-14 22:12:21,079 - topcv_scraper - WARNING - Error parsing job item: invalid literal for int() with base 10: ''
2026-04-14 22:12:21,111 - topcv_scraper - WARNING - Error parsing job item: invalid literal for int() with base 10: ''
2026-04-14 22:12:21,122 - topcv_scraper - WARNING - Error parsing job item: invalid literal for int() with base 10: ''
2026-04-14 22:12:21,134 - topcv_scraper - WARNING - Error parsing job item: invalid literal for int() with base 10: ''
2026-04-14 22:12:21,140 - topcv_scraper - WARNING - Error parsing job item: invalid literal for int() with base 10: ''
2026-04-14 22:12:21,146 - topcv_scraper - INFO - Scraping details for 45 jobs...
2026-04-14 22:12:21,147 - topcv_scraper - INFO - Fetching detail 1/45: Chuyên Viên Kinh Doanh Phần Mềm  - Thu N
2026-04-14 22:12:27,432 - topcv_scraper - INFO - Fetching detail 2/45: Nhân Viên Kinh Doanh Phần Mềm / Tư Vấn/ 
2026-04-14 22:12:33,571 - topcv_scraper - INFO - Fetching detail 3/45: Kỹ Sư Phát Triển Game H5 Cao Cấp (AI-Dri
2026-04-14 22:12:38,838 - topcv_scraper - INFO - Fetching detail 4/45: Data Engineer/Data Analytics (DE/DA)
2026-04-14 22:12:44,127 - topcv_scraper - INFO - Fetching detail 5/45: Nhân Viên Thiết Kế Đồ Hoạ/ Designer
2026-04-14 22:12:50,148 - topcv_scraper - INFO - Fetching detail 6/45: Kỹ Sư Trí Tuệ Nhân Tạo
2026-04-14 22:12:54,977 - topcv_scraper - INFO - Fetching detail 7/45: Senior Backend Engineer (Rust/Go/C++) - 
2026-04-14 22:12:59,995 - topcv_scraper - INFO - Fetching detail 8/45: Chuyên Viên Thiết Kế
2026-04-14 22:13:05,433 - topcv_scraper - INFO - Fetching detail 9/45: ERP Implementation Analyst
2026-04-14 22:13:10,946 - topcv_scraper - INFO - Fetching detail 10/45: Chuyên Viên Kỹ Thuật IoT Từ 4 Năm Kinh N
2026-04-14 22:13:16,770 - topcv_scraper - INFO - Fetching detail 11/45: Nhân Viên Quản Trị Dữ Liệu (Data Admin)
2026-04-14 22:13:21,602 - topcv_scraper - INFO - Fetching detail 12/45: BrSE - Kỹ Sư Cầu Nối JLPT  Từ N3
2026-04-14 22:13:26,369 - topcv_scraper - INFO - Fetching detail 13/45: Nhân Viên Bình Bài & Thiết Kế (Bao Bì, T
2026-04-14 22:13:31,533 - topcv_scraper - INFO - Fetching detail 14/45: Fullstack Engineer (Kỹ Sư Fullstack) - L
2026-04-14 22:13:36,528 - topcv_scraper - INFO - Fetching detail 15/45: IT Staff/ IT Helpdesk/IT Support
2026-04-14 22:13:42,339 - topcv_scraper - INFO - Fetching detail 16/45: Fullstack Developer
2026-04-14 22:13:47,512 - topcv_scraper - INFO - Fetching detail 17/45: QC Mid-Senior
2026-04-14 22:13:52,519 - topcv_scraper - INFO - Fetching detail 18/45: Nhân Viên Marketing Tổng Hợp Full- Stack
2026-04-14 22:13:58,102 - topcv_scraper - INFO - Fetching detail 19/45: Senior Data Engineer (Quận 1 - HCM)
2026-04-14 22:14:04,351 - topcv_scraper - INFO - Fetching detail 20/45: Integration Specialist (Night Shift, E-C
2026-04-14 22:14:04,431 - topcv_scraper - WARNING - Page fetch failed: status 403
2026-04-14 22:14:09,484 - topcv_scraper - INFO - TopCV: Using Playwright fallback
2026-04-14 22:14:24,260 - topcv_scraper - INFO - Fetching detail 21/45: Thực Tập Sinh Tài Năng (Tech/Data/Risk/B
2026-04-14 22:14:54,322 - topcv_scraper - ERROR - Playwright fetch error: Page.goto: Timeout 30000ms exceeded.
Call log:
  - navigating to "https://www.topcv.vn/viec-lam/thuc-tap-sinh-tai-nang-tech-data-risk-business/2103006.html?ta_source=JobSearchList_LinkDetail&u_sr_id=TLjxwQguXAddqIaoaeoAkkY9GBaViKqBrpKai02M_1776179537", waiting until "networkidle"

2026-04-14 22:14:57,825 - topcv_scraper - INFO - Fetching detail 22/45: Thực Tập Sinh Phân Tích & Triển Khai Ngh
2026-04-14 22:15:04,489 - topcv_scraper - INFO - Fetching detail 23/45: Chuyên Viên Vận Hành Và Giải Pháp CNTT
2026-04-14 22:15:10,855 - topcv_scraper - INFO - Fetching detail 24/45: Giáo Viên Dạy Lập Trình (Stem) / Giáo Vi
2026-04-14 22:15:17,275 - topcv_scraper - INFO - Fetching detail 25/45: 4. Lập Trình Viên Fullstack (Java/React)
2026-04-14 22:15:23,588 - topcv_scraper - INFO - Fetching detail 26/45: 3. Kỹ Sư Phân Tích Hệ Thống & Quy Trình 
2026-04-14 22:15:29,869 - topcv_scraper - INFO - Fetching detail 27/45: Lập Trình Viên Java - 4 Năm Kinh Nghiệm 
2026-04-14 22:15:36,122 - topcv_scraper - INFO - Fetching detail 28/45: Print Production Artist (English)
2026-04-14 22:15:42,595 - topcv_scraper - INFO - Fetching detail 29/45: UI/UX Designer
2026-04-14 22:15:48,914 - topcv_scraper - INFO - Fetching detail 30/45: Tester  - Thu Nhập Hấp Dẫn - Tại Hà Nội
2026-04-14 22:15:55,346 - topcv_scraper - INFO - Fetching detail 31/45: Middle Full-Stack Developer
2026-04-14 22:16:01,718 - topcv_scraper - INFO - Fetching detail 32/45: Technical Lead (SaaS Product)
2026-04-14 22:16:08,180 - topcv_scraper - INFO - Fetching detail 33/45: Graphic Designer - Chuyên Viên Thiết Kế 
2026-04-14 22:16:14,485 - topcv_scraper - INFO - Fetching detail 34/45: Senior AI Engineer
2026-04-14 22:16:20,884 - topcv_scraper - INFO - Fetching detail 35/45: QA Tester
2026-04-14 22:16:27,227 - topcv_scraper - INFO - Fetching detail 36/45: Thiết Kế Đồ Họa (Graphic Designer - Perf
2026-04-14 22:16:33,523 - topcv_scraper - INFO - Fetching detail 37/45: Business Analyst
2026-04-14 22:16:39,818 - topcv_scraper - INFO - Fetching detail 38/45: Digital Team Supervisor - IT Solution De
2026-04-14 22:16:46,222 - topcv_scraper - INFO - Fetching detail 39/45: Chuyên Viên Phân Tích Nghiệp Vụ Và Hỗ Tr
2026-04-14 22:16:52,539 - topcv_scraper - INFO - Fetching detail 40/45: Technical Support Engineer (Fixed Night 
2026-04-14 22:16:58,994 - topcv_scraper - INFO - Fetching detail 41/45: Kiểm Duyệt Nội Dung (Photoshop Cơ Bản)
2026-04-14 22:17:05,306 - topcv_scraper - INFO - Fetching detail 42/45: UA Marketing (Android App) - Lương 10-20
2026-04-14 22:17:11,642 - topcv_scraper - INFO - Fetching detail 43/45: Nhân Viên Phần Mềm
2026-04-14 22:17:18,143 - topcv_scraper - INFO - Fetching detail 44/45: Business Analyst (TMS/Control Tower) - C
2026-04-14 22:17:24,554 - topcv_scraper - INFO - Fetching detail 45/45: Kỹ Thuật Viên Triển Khai Dự Án Công Nghệ
2026-04-14 22:17:30,878 - topcv_scraper - INFO - TopCV scraping complete. Total: 45 jobs
2026-04-14 22:17:30,884 - topcv_scraper - INFO - ==================================================
2026-04-14 22:17:30,884 - topcv_scraper - INFO - Scraper Statistics: TopCVScraper
2026-04-14 22:17:30,884 - topcv_scraper - INFO -   Requests made: 45
2026-04-14 22:17:30,884 - topcv_scraper - INFO -   Requests failed: 1
2026-04-14 22:17:30,885 - topcv_scraper - INFO -   Pages scraped: 0
2026-04-14 22:17:30,885 - topcv_scraper - INFO -   Jobs found: 45
2026-04-14 22:17:30,885 - topcv_scraper - INFO -   Bytes downloaded: 29,880,351
2026-04-14 22:17:30,886 - topcv_scraper - INFO -   Rate limit hits: 0
2026-04-14 22:17:30,886 - topcv_scraper - INFO -   Blocked attempts: 0
2026-04-14 22:17:30,886 - topcv_scraper - INFO - ==================================================
2026-04-14 22:17:30,886 - __main__ - INFO - 
Total raw jobs scraped: 45
2026-04-14 22:17:30,887 - __main__ - INFO - 
--- SCRAPER SUMMARY ---
2026-04-14 22:17:30,887 - __main__ - INFO -   topcv: 45 jobs
2026-04-14 22:17:30,887 - __main__ - INFO - 
==================================================
2026-04-14 22:17:30,888 - __main__ - INFO - STEP 2: TRANSFORMING
2026-04-14 22:17:30,888 - __main__ - INFO - ==================================================
2026-04-14 22:17:30,889 - __main__ - INFO - Transforming 45 jobs from TopCV...
2026-04-14 22:17:30,987 - __main__ - INFO -   Transformed: 45 jobs
2026-04-14 22:17:30,987 - data_transformer - INFO - ==================================================
2026-04-14 22:17:30,988 - data_transformer - INFO - Data Transformer Statistics
2026-04-14 22:17:30,988 - data_transformer - INFO -   Total processed: 45
2026-04-14 22:17:30,988 - data_transformer - INFO -   Transformed: 45
2026-04-14 22:17:30,988 - data_transformer - INFO -   Skipped: 0
2026-04-14 22:17:30,988 - data_transformer - INFO -   Errors: 0
2026-04-14 22:17:30,989 - data_transformer - INFO -   Success rate: 100.0%
2026-04-14 22:17:30,989 - data_transformer - INFO - ==================================================
2026-04-14 22:17:30,989 - __main__ - INFO - 
==================================================
2026-04-14 22:17:30,989 - __main__ - INFO - STEP 3: DEDUPLICATING
2026-04-14 22:17:30,989 - __main__ - INFO - ==================================================
2026-04-14 22:17:30,993 - deduplicator - INFO - Filtered 0 invalid jobs
2026-04-14 22:17:31,001 - deduplicator - INFO - Removed 0 exact duplicates
2026-04-14 22:17:31,015 - deduplicator - INFO - Removed 0 fuzzy duplicates
2026-04-14 22:17:31,017 - deduplicator - INFO - Filtered 0 outdated jobs
2026-04-14 22:17:31,018 - deduplicator - INFO - ==================================================
2026-04-14 22:17:31,018 - deduplicator - INFO - Deduplication Statistics
2026-04-14 22:17:31,018 - deduplicator - INFO -   Total input: 45
2026-04-14 22:17:31,018 - deduplicator - INFO -   Exact duplicates: 0
2026-04-14 22:17:31,018 - deduplicator - INFO -   Fuzzy duplicates: 0
2026-04-14 22:17:31,018 - deduplicator - INFO -   Outdated: 0
2026-04-14 22:17:31,019 - deduplicator - INFO -   Invalid: 0
2026-04-14 22:17:31,019 - deduplicator - INFO -   Total output: 45
2026-04-14 22:17:31,019 - deduplicator - INFO -   Keep rate: 100.0%
2026-04-14 22:17:31,019 - deduplicator - INFO - ==================================================
2026-04-14 22:17:31,020 - __main__ - INFO - Quality score: 0.0/100
2026-04-14 22:17:31,020 - __main__ - INFO - 
==================================================
2026-04-14 22:17:31,020 - __main__ - INFO - STEP 4: MERGING WITH EXISTING DATA
2026-04-14 22:17:31,020 - __main__ - INFO - ==================================================
2026-04-14 22:17:31,282 - __main__ - INFO - Found 302 existing jobs
2026-04-14 22:17:31,414 - deduplicator - INFO - Filtered 0 invalid jobs
2026-04-14 22:17:31,418 - deduplicator - INFO - Removed 45 exact duplicates
2026-04-14 22:17:31,657 - deduplicator - INFO - Removed 0 fuzzy duplicates
2026-04-14 22:17:31,658 - deduplicator - INFO - Filtered 0 outdated jobs
2026-04-14 22:17:31,658 - __main__ - INFO - After merge and dedup: 302 jobs
2026-04-14 22:17:31,658 - __main__ - INFO - 
==================================================
2026-04-14 22:17:31,658 - __main__ - INFO - STEP 5: SAVING RESULTS
2026-04-14 22:17:31,658 - __main__ - INFO - ==================================================
2026-04-14 22:17:31,684 - __main__ - INFO - Backed up existing file to jobs_backup_20260414_221731.csv
2026-04-14 22:17:31,750 - __main__ - INFO - Saved 302 jobs to D:\LUAN_VAN\restart-35-platform\ai-service\data\jobs.csv
2026-04-14 22:17:31,787 - __main__ - INFO - Saved raw data to scraped_20260414_221731.csv
2026-04-14 22:17:31,791 - __main__ - INFO - Saved metadata to metadata_20260414_221731.json
2026-04-14 22:17:31,792 - __main__ - INFO - Results saved successfully!
2026-04-14 22:17:31,792 - __main__ - INFO - 
============================================================
2026-04-14 22:17:31,792 - __main__ - INFO - SCRAPING PIPELINE COMPLETE
2026-04-14 22:17:31,793 - __main__ - INFO - ============================================================
2026-04-14 22:17:31,793 - __main__ - INFO - Duration: None
2026-04-14 22:17:31,793 - __main__ - INFO - Scrapers run: 1
2026-04-14 22:17:31,793 - __main__ - INFO - Raw jobs scraped: 45
2026-04-14 22:17:31,794 - __main__ - INFO - Jobs transformed: 45
2026-04-14 22:17:31,794 - __main__ - INFO - Unique jobs: 45
2026-04-14 22:17:31,794 - __main__ - INFO - Final jobs (after merge): 302
2026-04-14 22:17:31,794 - __main__ - INFO - Deduplication rate: 0.0%
2026-04-14 22:17:31,794 - __main__ - INFO - ============================================================
2026-04-14 22:20:35,943 - __main__ - INFO - Initialized ScrapingOrchestrator
2026-04-14 22:20:35,944 - __main__ - INFO -   Data dir: D:\LUAN_VAN\restart-35-platform\ai-service\data
2026-04-14 22:20:35,944 - __main__ - INFO -   Output dir: D:\LUAN_VAN\restart-35-platform\ai-service\data\scraped
2026-04-14 22:20:35,944 - __main__ - INFO -   Pages per scraper: 5
2026-04-14 22:20:35,944 - __main__ - INFO -   Sources: ['topcv']
2026-04-14 22:20:35,945 - __main__ - INFO -   Dry run: False
2026-04-14 22:20:35,945 - __main__ - INFO - ============================================================
2026-04-14 22:20:35,945 - __main__ - INFO - STARTING WEB SCRAPING PIPELINE
2026-04-14 22:20:35,945 - __main__ - INFO - ============================================================
2026-04-14 22:20:35,945 - __main__ - INFO - 
==================================================
2026-04-14 22:20:35,945 - __main__ - INFO - STEP 1: SCRAPING
2026-04-14 22:20:35,945 - __main__ - INFO - ==================================================
2026-04-14 22:20:35,945 - __main__ - INFO - 
Running topcv scraper...
2026-04-14 22:20:35,946 - topcv_scraper - INFO - Trying API-based scraping for 5 pages...
2026-04-14 22:20:36,750 - topcv_scraper - INFO - TopCV session established with curl_cffi
2026-04-14 22:20:36,751 - topcv_scraper - INFO - Trying API: https://www.topcv.vn/api/job/search
2026-04-14 22:20:36,898 - topcv_scraper - WARNING - API https://www.topcv.vn/api/job/search failed: 404
2026-04-14 22:20:36,898 - topcv_scraper - INFO - Trying API: https://www.topcv.vn/api/v4/job/search
2026-04-14 22:20:37,046 - topcv_scraper - WARNING - API https://www.topcv.vn/api/v4/job/search failed: 404
2026-04-14 22:20:37,046 - topcv_scraper - INFO - Trying API: https://www.topcv.vn/api/v2/search
2026-04-14 22:20:37,199 - topcv_scraper - WARNING - API https://www.topcv.vn/api/v2/search failed: 404
2026-04-14 22:20:37,199 - topcv_scraper - INFO - API scraping complete: 0 jobs
2026-04-14 22:20:37,199 - topcv_scraper - WARNING - API scraping failed, trying Playwright pagination...
2026-04-14 22:20:41,103 - topcv_scraper - INFO - TopCV: Using Playwright fallback
2026-04-14 22:20:41,104 - topcv_scraper - INFO - Starting Playwright pagination scraping for 5 pages
2026-04-14 22:21:11,126 - topcv_scraper - ERROR - Playwright pagination error: Page.goto: Timeout 30000ms exceeded.
Call log:
  - navigating to "https://www.topcv.vn/viec-lam-it", waiting until "networkidle"

2026-04-14 22:21:11,126 - topcv_scraper - WARNING - Playwright pagination failed, falling back to single page HTML scraping
2026-04-14 22:21:13,946 - topcv_scraper - INFO - Found 0 job items on HTML page
2026-04-14 22:21:13,946 - topcv_scraper - INFO - TopCV scraping complete. Total: 0 jobs
2026-04-14 22:21:13,947 - topcv_scraper - INFO - ==================================================
2026-04-14 22:21:13,947 - topcv_scraper - INFO - Scraper Statistics: TopCVScraper
2026-04-14 22:21:13,947 - topcv_scraper - INFO -   Requests made: 1
2026-04-14 22:21:13,947 - topcv_scraper - INFO -   Requests failed: 0
2026-04-14 22:21:13,947 - topcv_scraper - INFO -   Pages scraped: 0
2026-04-14 22:21:13,947 - topcv_scraper - INFO -   Jobs found: 0
2026-04-14 22:21:13,947 - topcv_scraper - INFO -   Bytes downloaded: 4,268
2026-04-14 22:21:13,947 - topcv_scraper - INFO -   Rate limit hits: 0
2026-04-14 22:21:13,947 - topcv_scraper - INFO -   Blocked attempts: 0
2026-04-14 22:21:13,947 - topcv_scraper - INFO - ==================================================
2026-04-14 22:21:13,948 - __main__ - INFO - 
Total raw jobs scraped: 0
2026-04-14 22:21:13,948 - __main__ - INFO - 
--- SCRAPER SUMMARY ---
2026-04-14 22:21:13,948 - __main__ - INFO -   topcv: 0 jobs
2026-04-14 22:21:13,948 - __main__ - ERROR - No jobs scraped. Aborting.
2026-04-14 22:24:09,235 - __main__ - INFO - Initialized ScrapingOrchestrator
2026-04-14 22:24:09,236 - __main__ - INFO -   Data dir: D:\LUAN_VAN\restart-35-platform\ai-service\data
2026-04-14 22:24:09,236 - __main__ - INFO -   Output dir: D:\LUAN_VAN\restart-35-platform\ai-service\data\scraped
2026-04-14 22:24:09,236 - __main__ - INFO -   Pages per scraper: 5
2026-04-14 22:24:09,236 - __main__ - INFO -   Sources: ['topcv']
2026-04-14 22:24:09,237 - __main__ - INFO -   Dry run: False
2026-04-14 22:24:09,237 - __main__ - INFO - ============================================================
2026-04-14 22:24:09,237 - __main__ - INFO - STARTING WEB SCRAPING PIPELINE
2026-04-14 22:24:09,237 - __main__ - INFO - ============================================================
2026-04-14 22:24:09,237 - __main__ - INFO - 
==================================================
2026-04-14 22:24:09,237 - __main__ - INFO - STEP 1: SCRAPING
2026-04-14 22:24:09,238 - __main__ - INFO - ==================================================
2026-04-14 22:24:09,238 - __main__ - INFO - 
Running topcv scraper...
2026-04-14 22:24:09,239 - topcv_scraper - INFO - Trying API-based scraping for 5 pages...
2026-04-14 22:24:09,924 - topcv_scraper - INFO - TopCV session established with curl_cffi
2026-04-14 22:24:45,689 - topcv_scraper - INFO - API scraping complete: 0 jobs
2026-04-14 22:24:45,690 - topcv_scraper - WARNING - API scraping failed, trying Playwright pagination...
2026-04-14 22:24:47,933 - topcv_scraper - INFO - TopCV: Using Playwright fallback
2026-04-14 22:24:47,934 - topcv_scraper - INFO - Starting Playwright pagination scraping for 5 pages
2026-04-14 22:25:17,982 - topcv_scraper - ERROR - Playwright pagination error: Page.goto: Timeout 30000ms exceeded.
Call log:
  - navigating to "https://www.topcv.vn/viec-lam-it", waiting until "networkidle"

2026-04-14 22:25:17,983 - topcv_scraper - WARNING - Playwright pagination failed, falling back to single page HTML scraping
2026-04-14 22:25:21,081 - topcv_scraper - INFO - Found 0 job items on HTML page
2026-04-14 22:25:21,081 - topcv_scraper - INFO - TopCV scraping complete. Total: 0 jobs
2026-04-14 22:25:21,082 - topcv_scraper - INFO - ==================================================
2026-04-14 22:25:21,082 - topcv_scraper - INFO - Scraper Statistics: TopCVScraper
2026-04-14 22:25:21,082 - topcv_scraper - INFO -   Requests made: 1
2026-04-14 22:25:21,082 - topcv_scraper - INFO -   Requests failed: 0
2026-04-14 22:25:21,082 - topcv_scraper - INFO -   Pages scraped: 0
2026-04-14 22:25:21,083 - topcv_scraper - INFO -   Jobs found: 0
2026-04-14 22:25:21,083 - topcv_scraper - INFO -   Bytes downloaded: 4,268
2026-04-14 22:25:21,083 - topcv_scraper - INFO -   Rate limit hits: 0
2026-04-14 22:25:21,083 - topcv_scraper - INFO -   Blocked attempts: 0
2026-04-14 22:25:21,084 - topcv_scraper - INFO - ==================================================
2026-04-14 22:25:21,084 - __main__ - INFO - 
Total raw jobs scraped: 0
2026-04-14 22:25:21,084 - __main__ - INFO - 
--- SCRAPER SUMMARY ---
2026-04-14 22:25:21,084 - __main__ - INFO -   topcv: 0 jobs
2026-04-14 22:25:21,084 - __main__ - ERROR - No jobs scraped. Aborting.
2026-04-14 22:27:04,581 - __main__ - INFO - Initialized ScrapingOrchestrator
2026-04-14 22:27:04,581 - __main__ - INFO -   Data dir: D:\LUAN_VAN\restart-35-platform\ai-service\data
2026-04-14 22:27:04,581 - __main__ - INFO -   Output dir: D:\LUAN_VAN\restart-35-platform\ai-service\data\scraped
2026-04-14 22:27:04,582 - __main__ - INFO -   Pages per scraper: 5
2026-04-14 22:27:04,582 - __main__ - INFO -   Sources: ['topcv']
2026-04-14 22:27:04,582 - __main__ - INFO -   Dry run: False
2026-04-14 22:27:04,582 - __main__ - INFO - ============================================================
2026-04-14 22:27:04,582 - __main__ - INFO - STARTING WEB SCRAPING PIPELINE
2026-04-14 22:27:04,582 - __main__ - INFO - ============================================================
2026-04-14 22:27:04,582 - __main__ - INFO - 
==================================================
2026-04-14 22:27:04,582 - __main__ - INFO - STEP 1: SCRAPING
2026-04-14 22:27:04,582 - __main__ - INFO - ==================================================
2026-04-14 22:27:04,583 - __main__ - INFO - 
Running topcv scraper...
2026-04-14 22:27:04,583 - topcv_scraper - INFO - Trying API-based scraping for 5 pages...
2026-04-14 22:27:05,308 - topcv_scraper - INFO - TopCV session established with curl_cffi
2026-04-14 22:27:41,845 - topcv_scraper - INFO - API scraping complete: 0 jobs
2026-04-14 22:27:41,845 - topcv_scraper - WARNING - API scraping failed, trying Playwright pagination...
2026-04-14 22:27:43,430 - topcv_scraper - INFO - TopCV: Using Playwright fallback
2026-04-14 22:27:43,430 - topcv_scraper - INFO - Starting Playwright pagination scraping for 5 pages
2026-04-14 22:28:13,442 - topcv_scraper - ERROR - Playwright pagination error: Page.goto: Timeout 30000ms exceeded.
Call log:
  - navigating to "https://www.topcv.vn/viec-lam-it", waiting until "networkidle"

2026-04-14 22:28:13,442 - topcv_scraper - WARNING - Playwright pagination failed, falling back to single page HTML scraping
2026-04-14 22:28:16,243 - topcv_scraper - INFO - Found 0 job items on HTML page
2026-04-14 22:28:16,243 - topcv_scraper - INFO - TopCV scraping complete. Total: 0 jobs
2026-04-14 22:28:16,244 - topcv_scraper - INFO - ==================================================
2026-04-14 22:28:16,244 - topcv_scraper - INFO - Scraper Statistics: TopCVScraper
2026-04-14 22:28:16,244 - topcv_scraper - INFO -   Requests made: 1
2026-04-14 22:28:16,244 - topcv_scraper - INFO -   Requests failed: 0
2026-04-14 22:28:16,244 - topcv_scraper - INFO -   Pages scraped: 0
2026-04-14 22:28:16,244 - topcv_scraper - INFO -   Jobs found: 0
2026-04-14 22:28:16,244 - topcv_scraper - INFO -   Bytes downloaded: 4,268
2026-04-14 22:28:16,244 - topcv_scraper - INFO -   Rate limit hits: 0
2026-04-14 22:28:16,244 - topcv_scraper - INFO -   Blocked attempts: 0
2026-04-14 22:28:16,244 - topcv_scraper - INFO - ==================================================
2026-04-14 22:28:16,244 - __main__ - INFO - 
Total raw jobs scraped: 0
2026-04-14 22:28:16,245 - __main__ - INFO - 
--- SCRAPER SUMMARY ---
2026-04-14 22:28:16,245 - __main__ - INFO -   topcv: 0 jobs
2026-04-14 22:28:16,245 - __main__ - ERROR - No jobs scraped. Aborting.
2026-04-14 22:29:45,005 - topcv_scraper - INFO - TopCV session established with curl_cffi
2026-04-14 22:30:04,925 - topcv_scraper - INFO - Trying API-based scraping for 2 pages...
2026-04-14 22:30:05,525 - topcv_scraper - INFO - TopCV session established with curl_cffi
2026-04-14 22:30:15,037 - topcv_scraper - INFO - API scraping complete: 0 jobs
2026-04-14 22:30:15,038 - topcv_scraper - WARNING - API scraping failed, trying Playwright pagination...
2026-04-14 22:30:17,007 - topcv_scraper - INFO - TopCV: Using Playwright fallback
2026-04-14 22:30:17,007 - topcv_scraper - INFO - Starting Playwright pagination scraping for 2 pages
2026-04-14 22:30:47,031 - topcv_scraper - ERROR - Playwright pagination error: Page.goto: Timeout 30000ms exceeded.
Call log:
  - navigating to "https://www.topcv.vn/viec-lam-it", waiting until "networkidle"

2026-04-14 22:30:47,032 - topcv_scraper - WARNING - Playwright pagination failed, falling back to single page HTML scraping
2026-04-14 22:30:49,977 - topcv_scraper - INFO - Found 0 job items on HTML page
2026-04-14 22:30:49,977 - topcv_scraper - INFO - TopCV scraping complete. Total: 0 jobs
2026-04-14 22:31:30,526 - __main__ - INFO - Initialized ScrapingOrchestrator
2026-04-14 22:31:30,526 - __main__ - INFO -   Data dir: D:\LUAN_VAN\restart-35-platform\ai-service\data
2026-04-14 22:31:30,526 - __main__ - INFO -   Output dir: D:\LUAN_VAN\restart-35-platform\ai-service\data\scraped
2026-04-14 22:31:30,526 - __main__ - INFO -   Pages per scraper: 5
2026-04-14 22:31:30,526 - __main__ - INFO -   Sources: ['topcv']
2026-04-14 22:31:30,526 - __main__ - INFO -   Dry run: False
2026-04-14 22:31:30,526 - __main__ - INFO - ============================================================
2026-04-14 22:31:30,526 - __main__ - INFO - STARTING WEB SCRAPING PIPELINE
2026-04-14 22:31:30,526 - __main__ - INFO - ============================================================
2026-04-14 22:31:30,526 - __main__ - INFO - 
==================================================
2026-04-14 22:31:30,526 - __main__ - INFO - STEP 1: SCRAPING
2026-04-14 22:31:30,527 - __main__ - INFO - ==================================================
2026-04-14 22:31:30,527 - __main__ - INFO - 
Running topcv scraper...
2026-04-14 22:31:31,179 - topcv_scraper - INFO - TopCV session established with curl_cffi
2026-04-14 22:31:31,179 - topcv_scraper - INFO - Scraping TopCV IT jobs from https://www.topcv.vn/viec-lam-it (5 pages)
2026-04-14 22:31:31,179 - topcv_scraper - INFO - Fetching page 1/5: https://www.topcv.vn/viec-lam-it
2026-04-14 22:31:33,586 - topcv_scraper - INFO - Found 50 job items on page 1
2026-04-14 22:31:33,588 - topcv_scraper - WARNING - Error parsing job item: invalid literal for int() with base 10: ''
2026-04-14 22:31:33,593 - topcv_scraper - WARNING - Error parsing job item: invalid literal for int() with base 10: ''
2026-04-14 22:31:36,996 - topcv_scraper - INFO - Fetching page 2/5: https://www.topcv.vn/viec-lam-it?page=2
2026-04-14 22:31:39,423 - topcv_scraper - INFO - Found 50 job items on page 2
2026-04-14 22:31:39,426 - topcv_scraper - WARNING - Error parsing job item: invalid literal for int() with base 10: ''
2026-04-14 22:31:39,436 - topcv_scraper - WARNING - Error parsing job item: invalid literal for int() with base 10: ''
2026-04-14 22:31:39,443 - topcv_scraper - WARNING - Error parsing job item: invalid literal for int() with base 10: ''
2026-04-14 22:31:39,446 - topcv_scraper - WARNING - Error parsing job item: invalid literal for int() with base 10: ''
2026-04-14 22:31:39,465 - topcv_scraper - WARNING - Error parsing job item: invalid literal for int() with base 10: ''
2026-04-14 22:31:43,109 - topcv_scraper - INFO - Fetching page 3/5: https://www.topcv.vn/viec-lam-it?page=3
2026-04-14 22:31:45,277 - topcv_scraper - INFO - Found 50 job items on page 3
2026-04-14 22:31:45,278 - topcv_scraper - WARNING - Error parsing job item: invalid literal for int() with base 10: ''
2026-04-14 22:31:45,290 - topcv_scraper - WARNING - Error parsing job item: invalid literal for int() with base 10: ''
2026-04-14 22:31:45,293 - topcv_scraper - WARNING - Error parsing job item: invalid literal for int() with base 10: ''
2026-04-14 22:31:45,297 - topcv_scraper - WARNING - Error parsing job item: invalid literal for int() with base 10: ''
2026-04-14 22:31:45,300 - topcv_scraper - WARNING - Error parsing job item: invalid literal for int() with base 10: ''
2026-04-14 22:31:48,232 - topcv_scraper - INFO - Fetching page 4/5: https://www.topcv.vn/viec-lam-it?page=4
2026-04-14 22:31:50,937 - topcv_scraper - INFO - Found 50 job items on page 4
2026-04-14 22:31:50,944 - topcv_scraper - WARNING - Error parsing job item: invalid literal for int() with base 10: ''
2026-04-14 22:31:50,976 - topcv_scraper - WARNING - Error parsing job item: invalid literal for int() with base 10: ''
2026-04-14 22:31:50,980 - topcv_scraper - WARNING - Error parsing job item: invalid literal for int() with base 10: ''
2026-04-14 22:31:50,992 - topcv_scraper - WARNING - Error parsing job item: invalid literal for int() with base 10: ''
2026-04-14 22:31:51,006 - topcv_scraper - WARNING - Error parsing job item: invalid literal for int() with base 10: ''
2026-04-14 22:31:54,388 - topcv_scraper - INFO - Fetching page 5/5: https://www.topcv.vn/viec-lam-it?page=5
2026-04-14 22:31:56,493 - topcv_scraper - INFO - Found 50 job items on page 5
2026-04-14 22:31:56,494 - topcv_scraper - WARNING - Error parsing job item: invalid literal for int() with base 10: ''
2026-04-14 22:31:56,509 - topcv_scraper - WARNING - Error parsing job item: invalid literal for int() with base 10: ''
2026-04-14 22:31:56,513 - topcv_scraper - WARNING - Error parsing job item: invalid literal for int() with base 10: ''
2026-04-14 22:31:56,523 - topcv_scraper - WARNING - Error parsing job item: invalid literal for int() with base 10: ''
2026-04-14 22:31:56,528 - topcv_scraper - WARNING - Error parsing job item: invalid literal for int() with base 10: ''
2026-04-14 22:32:00,477 - topcv_scraper - INFO - TopCV scraping complete: 228 jobs
2026-04-14 22:32:00,477 - topcv_scraper - INFO - Scraping details for 228 jobs...
2026-04-14 22:32:00,477 - topcv_scraper - INFO - Fetching detail 1/228: Chuyên Viên Kinh Doanh Cao Cấp - Đi Làm 
2026-04-14 22:32:05,876 - topcv_scraper - INFO - Fetching detail 2/228: QA Tester
2026-04-14 22:32:11,443 - topcv_scraper - INFO - Fetching detail 3/228: Kỹ Sư Quản Trị Hệ Thống
2026-04-14 22:32:17,740 - topcv_scraper - INFO - Fetching detail 4/228: Manual Tester
2026-04-14 22:32:23,289 - topcv_scraper - INFO - Fetching detail 5/228: Business Development Executive - IT Outs
2026-04-14 22:32:28,703 - topcv_scraper - INFO - Fetching detail 6/228: Chuyên Viên Phát Triển Sản Phẩm
2026-04-14 22:32:34,469 - topcv_scraper - INFO - Fetching detail 7/228: Lập Trình Viên - Solution Developer
2026-04-14 22:32:39,764 - topcv_scraper - INFO - Fetching detail 8/228: Thực Tập Sinh Công Nghệ Thông Tin Đào Tạ
2026-04-14 22:32:44,900 - topcv_scraper - INFO - Fetching detail 9/228: Chuyên Viên Phân Tích Dữ Liệu & AI Agent
2026-04-14 22:32:49,898 - topcv_scraper - INFO - Fetching detail 10/228: Senior Designer (Yêu Cầu Kinh Nghiệm Thi
2026-04-14 22:32:54,685 - topcv_scraper - INFO - Fetching detail 11/228: Product Builder (Remote)
2026-04-14 22:33:00,044 - topcv_scraper - INFO - Fetching detail 12/228: AI Engineer - Hồ Chí Minh
2026-04-14 22:33:05,484 - topcv_scraper - INFO - Fetching detail 13/228: Graphic Designer
2026-04-14 22:33:10,662 - topcv_scraper - INFO - Fetching detail 14/228: Nhân Viên Designer
2026-04-14 22:33:16,011 - topcv_scraper - INFO - Fetching detail 15/228: Quản Lý Dự Án  - Thu Nhập Lên Đến 25 Tri
2026-04-14 22:33:16,072 - topcv_scraper - WARNING - Page fetch failed: status 403
2026-04-14 22:33:18,313 - topcv_scraper - INFO - TopCV: Using Playwright fallback
2026-04-14 22:33:48,344 - topcv_scraper - ERROR - Playwright fetch error: Page.goto: Timeout 30000ms exceeded.
Call log:
  - navigating to "https://www.topcv.vn/viec-lam/quan-ly-du-an-thu-nhap-len-den-25-trieu-thang/2117887.html?ta_source=JobSearchList_LinkDetail&u_sr_id=3vBTeTDCw1ROW6js5OrCnSkc3PWDvgxsWW7UcMWZ_1776180690", waiting until "networkidle"

2026-04-14 22:33:51,845 - topcv_scraper - INFO - Fetching detail 16/228: Back-End Developer
2026-04-14 22:34:03,694 - topcv_scraper - INFO - Fetching detail 17/228: CVCC Phân Tích Nghiệp Vụ (Senior Busines
2026-04-14 22:34:10,088 - topcv_scraper - INFO - Fetching detail 18/228: Nhân Viên Tư Vấn Thiết Kế Website, App, 
2026-04-14 22:34:40,109 - topcv_scraper - ERROR - Playwright fetch error: Page.goto: Timeout 30000ms exceeded.
Call log:
  - navigating to "https://www.topcv.vn/viec-lam/nhan-vien-tu-van-thiet-ke-website-app-phan-mem/2110275.html?ta_source=JobSearchList_LinkDetail&u_sr_id=3vBTeTDCw1ROW6js5OrCnSkc3PWDvgxsWW7UcMWZ_1776180690", waiting until "networkidle"

2026-04-14 22:34:43,609 - topcv_scraper - INFO - Fetching detail 19/228: AI Team Leader
2026-04-14 22:34:49,959 - topcv_scraper - INFO - Fetching detail 20/228: Lập Trình Viên Mobile IOS/Android
2026-04-14 22:34:56,237 - topcv_scraper - INFO - Fetching detail 21/228: Nhân Viên Kỹ Thuật Lắp Ráp Máy Tính (PC,
2026-04-14 22:35:02,546 - topcv_scraper - INFO - Fetching detail 22/228: TTS Công Nghệ Thông Tin Fulltime (Có Mộc
2026-04-14 22:35:08,899 - topcv_scraper - INFO - Fetching detail 23/228: Nhân Viên Thiết Kế Đồ Họa - Đi Làm Ngay
2026-04-14 22:35:38,936 - topcv_scraper - ERROR - Playwright fetch error: Page.goto: Timeout 30000ms exceeded.
Call log:
  - navigating to "https://www.topcv.vn/viec-lam/nhan-vien-thiet-ke-do-hoa-di-lam-ngay/2115104.html?ta_source=JobSearchList_LinkDetail&u_sr_id=3vBTeTDCw1ROW6js5OrCnSkc3PWDvgxsWW7UcMWZ_1776180690", waiting until "networkidle"

2026-04-14 22:35:42,440 - topcv_scraper - INFO - Fetching detail 24/228: Kỹ Sư Giải Pháp An Ninh Bảo Mật
2026-04-14 22:35:49,141 - topcv_scraper - INFO - Fetching detail 25/228: Chuyên Viên Thiết Kế Đồ Họa - Graphic De
2026-04-14 22:35:55,544 - topcv_scraper - INFO - Fetching detail 26/228: Kỹ Sư Lập Trình Điều Khiển Và Tự Động Hó
2026-04-14 22:36:01,979 - topcv_scraper - INFO - Fetching detail 27/228: Nhân Viên Thiết Kế In Ấn / Đồ Họa - Tân 
2026-04-14 22:36:32,013 - topcv_scraper - ERROR - Playwright fetch error: Page.goto: Timeout 30000ms exceeded.
Call log:
  - navigating to "https://www.topcv.vn/viec-lam/nhan-vien-thiet-ke-in-an-do-hoa-tan-binh/2110344.html?ta_source=JobSearchList_LinkDetail&u_sr_id=3vBTeTDCw1ROW6js5OrCnSkc3PWDvgxsWW7UcMWZ_1776180690", waiting until "networkidle"

2026-04-14 22:36:35,519 - topcv_scraper - INFO - Fetching detail 28/228: Lập Trình Viên Fullstack (Java & Angular
2026-04-14 22:36:42,078 - topcv_scraper - INFO - Fetching detail 29/228: Fullstack Developer (Nodejs+Reactjs)
2026-04-14 22:36:48,455 - topcv_scraper - INFO - Fetching detail 30/228: Senior Data Analyst (Ecommerce Service)
2026-04-14 22:36:54,886 - topcv_scraper - INFO - Fetching detail 31/228: Frontend Developer
2026-04-14 22:37:24,904 - topcv_scraper - ERROR - Playwright fetch error: Page.goto: Timeout 30000ms exceeded.
Call log:
  - navigating to "https://www.topcv.vn/viec-lam/frontend-developer/2106129.html?ta_source=JobSearchList_LinkDetail&u_sr_id=3vBTeTDCw1ROW6js5OrCnSkc3PWDvgxsWW7UcMWZ_1776180690", waiting until "networkidle"

2026-04-14 22:37:28,407 - topcv_scraper - INFO - Fetching detail 32/228: Full Stack Developer (ReactJS / FabricJS
2026-04-14 22:37:35,016 - topcv_scraper - INFO - Fetching detail 33/228: System/Network Administrator (Quản Trị H
2026-04-14 22:37:42,080 - topcv_scraper - INFO - Fetching detail 34/228: Nhân Viên Kỹ Thuật Bảo Trì & Vận Hành - 
2026-04-14 22:37:48,582 - topcv_scraper - INFO - Fetching detail 35/228: Devops Engineer - Hà Nội
2026-04-14 22:38:18,614 - topcv_scraper - ERROR - Playwright fetch error: Page.goto: Timeout 30000ms exceeded.
Call log:
  - navigating to "https://www.topcv.vn/viec-lam/devops-engineer-ha-noi/2103701.html?ta_source=JobSearchList_LinkDetail&u_sr_id=3vBTeTDCw1ROW6js5OrCnSkc3PWDvgxsWW7UcMWZ_1776180690", waiting until "networkidle"

2026-04-14 22:38:22,118 - topcv_scraper - INFO - Fetching detail 36/228: Graphic Designer - Product & Packaging
2026-04-14 22:38:28,607 - topcv_scraper - INFO - Fetching detail 37/228: Nhân Viên Thiết Kế Đồ Họa/ Designer Tại 
2026-04-14 22:38:35,047 - topcv_scraper - INFO - Fetching detail 38/228: Backend Developer (Node.Js, AWS, DynamoD
2026-04-14 22:38:41,372 - topcv_scraper - INFO - Fetching detail 39/228: Chuyên Viên Phân Tích Dữ Liệu Tài Chính
2026-04-14 22:39:11,389 - topcv_scraper - ERROR - Playwright fetch error: Page.goto: Timeout 30000ms exceeded.
Call log:
  - navigating to "https://www.topcv.vn/viec-lam/chuyen-vien-phan-tich-du-lieu-tai-chinh/2109110.html?ta_source=JobSearchList_LinkDetail&u_sr_id=3vBTeTDCw1ROW6js5OrCnSkc3PWDvgxsWW7UcMWZ_1776180690", waiting until "networkidle"

2026-04-14 22:39:14,889 - topcv_scraper - INFO - Fetching detail 40/228: Chuyên Viên Kinh Doanh Tư Vấn Phần Mềm -
2026-04-14 22:39:21,259 - topcv_scraper - INFO - Fetching detail 41/228: Android Developer
2026-04-14 22:39:27,591 - topcv_scraper - INFO - Fetching detail 42/228: Nhân Viên Kinh Doanh B2B (IT Outsourcing
2026-04-14 22:39:33,931 - topcv_scraper - INFO - Fetching detail 43/228: Nhân Viên Kinh Doanh/ Sales B2B/ Nhân Vi
2026-04-14 22:39:40,204 - topcv_scraper - INFO - Fetching detail 44/228: Phân Tích Nghiệp Vụ (BA) | Business Anal
2026-04-14 22:40:10,218 - topcv_scraper - ERROR - Playwright fetch error: Page.goto: Timeout 30000ms exceeded.
Call log:
  - navigating to "https://www.topcv.vn/viec-lam/phan-tich-nghiep-vu-ba-business-analyst-tu-2-nam-kinh-nghiem-luong-15-25m/2110486.html?ta_source=JobSearchList_LinkDetail&u_sr_id=3vBTeTDCw1ROW6js5OrCnSkc3PWDvgxsWW7UcMWZ_1776180690", waiting until "networkidle"

2026-04-14 22:40:13,721 - topcv_scraper - INFO - Fetching detail 45/228: 3D Artist (Blender + Substance 3D Painte
2026-04-14 22:40:20,029 - topcv_scraper - INFO - Fetching detail 46/228: Nhân Viên Kinh Doanh Giải Pháp Dành Cho 
2026-04-14 22:40:26,349 - topcv_scraper - INFO - Fetching detail 47/228: Chuyên Viên Phân Tích Nghiệp Vụ (BA)
2026-04-14 22:40:32,664 - topcv_scraper - INFO - Fetching detail 48/228: Nhân Viên Kinh Doanh Phần Mềm (B2B Sales
2026-04-14 22:40:38,922 - topcv_scraper - INFO - Fetching detail 49/228: Chuyên Viên Kinh Doanh Cao Cấp - Đi Làm 
2026-04-14 22:40:45,186 - topcv_scraper - INFO - Fetching detail 50/228: QA Tester
2026-04-14 22:40:51,514 - topcv_scraper - INFO - Fetching detail 51/228: BrSE - Kỹ Sư Cầu Nối JLPT  Từ N3
2026-04-14 22:40:57,835 - topcv_scraper - INFO - Fetching detail 52/228: Nhân Viên Bình Bài & Thiết Kế (Bao Bì, T
2026-04-14 22:41:27,841 - topcv_scraper - ERROR - Playwright fetch error: Page.goto: Timeout 30000ms exceeded.
Call log:
  - navigating to "https://www.topcv.vn/viec-lam/nhan-vien-binh-bai-thiet-ke-bao-bi-tem-nhan-in-an/2102109.html?ta_source=JobSearchList_LinkDetail&u_sr_id=3vBTeTDCw1ROW6js5OrCnSkc3PWDvgxsWW7UcMWZ_1776180696", waiting until "networkidle"

2026-04-14 22:41:31,344 - topcv_scraper - INFO - Fetching detail 53/228: Fullstack Engineer (Kỹ Sư Fullstack) - L
2026-04-14 22:41:37,991 - topcv_scraper - INFO - Fetching detail 54/228: Fullstack Developer
2026-04-14 22:41:44,289 - topcv_scraper - INFO - Fetching detail 55/228: Chuyên Viên Vận Hành Và Giải Pháp CNTT
2026-04-14 22:41:50,560 - topcv_scraper - INFO - Fetching detail 56/228: Giáo Viên Dạy Lập Trình (Stem) / Giáo Vi
2026-04-14 22:41:56,814 - topcv_scraper - INFO - Fetching detail 57/228: 4. Lập Trình Viên Fullstack (Java/React)
2026-04-14 22:42:03,060 - topcv_scraper - INFO - Fetching detail 58/228: 3. Kỹ Sư Phân Tích Hệ Thống & Quy Trình 
2026-04-14 22:42:33,063 - topcv_scraper - ERROR - Playwright fetch error: Page.goto: Timeout 30000ms exceeded.
Call log:
  - navigating to "https://www.topcv.vn/viec-lam/3-ky-su-phan-tich-he-thong-quy-trinh-business-analyst-du-an-chuyen-doi-so-3-nam-kinh-nghiem/2102668.html?ta_source=JobSearchList_LinkDetail&u_sr_id=3vBTeTDCw1ROW6js5OrCnSkc3PWDvgxsWW7UcMWZ_1776180696", waiting until "networkidle"

2026-04-14 22:42:36,565 - topcv_scraper - INFO - Fetching detail 59/228: Lập Trình Viên Java - 4 Năm Kinh Nghiệm 
2026-04-14 22:42:42,951 - topcv_scraper - INFO - Fetching detail 60/228: Print Production Artist (English)
2026-04-14 22:42:49,243 - topcv_scraper - INFO - Fetching detail 61/228: UI/UX Designer
2026-04-14 22:42:55,508 - topcv_scraper - INFO - Fetching detail 62/228: Tester  - Thu Nhập Hấp Dẫn - Tại Hà Nội
2026-04-14 22:43:01,758 - topcv_scraper - INFO - Fetching detail 63/228: Middle Full-Stack Developer
2026-04-14 22:43:08,013 - topcv_scraper - INFO - Fetching detail 64/228: Graphic Designer - Chuyên Viên Thiết Kế 
2026-04-14 22:43:14,286 - topcv_scraper - INFO - Fetching detail 65/228: Senior AI Engineer
2026-04-14 22:43:20,571 - topcv_scraper - INFO - Fetching detail 66/228: Thiết Kế Đồ Họa (Graphic Designer - Perf
2026-04-14 22:43:26,837 - topcv_scraper - INFO - Fetching detail 67/228: Business Analyst
2026-04-14 22:43:56,849 - topcv_scraper - ERROR - Playwright fetch error: Page.goto: Timeout 30000ms exceeded.
Call log:
  - navigating to "https://www.topcv.vn/viec-lam/business-analyst/2105647.html?ta_source=JobSearchList_LinkDetail&u_sr_id=3vBTeTDCw1ROW6js5OrCnSkc3PWDvgxsWW7UcMWZ_1776180696", waiting until "networkidle"

2026-04-14 22:44:00,350 - topcv_scraper - INFO - Fetching detail 68/228: Digital Team Supervisor - IT Solution De
2026-04-14 22:44:06,745 - topcv_scraper - INFO - Fetching detail 69/228: Chuyên Viên Phân Tích Nghiệp Vụ Và Hỗ Tr
2026-04-14 22:44:13,040 - topcv_scraper - INFO - Fetching detail 70/228: Technical Support Engineer (Fixed Night 
2026-04-14 22:44:19,374 - topcv_scraper - INFO - Fetching detail 71/228: Kiểm Duyệt Nội Dung (Photoshop Cơ Bản)
2026-04-14 22:44:25,757 - topcv_scraper - INFO - Fetching detail 72/228: UA Marketing (Android App) - Lương 10-20
2026-04-14 22:44:32,268 - topcv_scraper - INFO - Fetching detail 73/228: Nhân Viên Phần Mềm
2026-04-14 22:44:38,573 - topcv_scraper - INFO - Fetching detail 74/228: Business Analyst (TMS/Control Tower) - C
2026-04-14 22:45:08,588 - topcv_scraper - ERROR - Playwright fetch error: Page.goto: Timeout 30000ms exceeded.
Call log:
  - navigating to "https://www.topcv.vn/viec-lam/business-analyst-tms-control-tower-chuyen-vien-phan-tich-va-van-hanh-he-thong-van-tai-control-tower/2103577.html?ta_source=JobSearchList_LinkDetail&u_sr_id=3vBTeTDCw1ROW6js5OrCnSkc3PWDvgxsWW7UcMWZ_1776180696", waiting until "networkidle"

2026-04-14 22:45:12,089 - topcv_scraper - INFO - Fetching detail 75/228: Kỹ Thuật Viên Triển Khai Dự Án Công Nghệ
2026-04-14 22:45:18,420 - topcv_scraper - INFO - Fetching detail 76/228: Lập Trình Viên Phát Triển Ứng Dụng Web  
2026-04-14 22:45:24,700 - topcv_scraper - INFO - Fetching detail 77/228: Nhân Viên Designer Social 2D_02 Năm Kinh
2026-04-14 22:45:30,959 - topcv_scraper - INFO - Fetching detail 78/228: Kỹ Sư Quản Trị Hệ Thống
2026-04-14 22:45:37,209 - topcv_scraper - INFO - Fetching detail 79/228: Manual Tester
2026-04-14 22:45:43,466 - topcv_scraper - INFO - Fetching detail 80/228: Business Development Executive - IT Outs
2026-04-14 22:46:13,473 - topcv_scraper - ERROR - Playwright fetch error: Page.goto: Timeout 30000ms exceeded.
Call log:
  - navigating to "https://www.topcv.vn/viec-lam/business-development-executive-it-outsourcing/2102219.html?ta_source=JobSearchList_LinkDetail&u_sr_id=3vBTeTDCw1ROW6js5OrCnSkc3PWDvgxsWW7UcMWZ_1776180696", waiting until "networkidle"

2026-04-14 22:46:16,974 - topcv_scraper - INFO - Fetching detail 81/228: AI Engineer
2026-04-14 22:46:23,516 - topcv_scraper - INFO - Fetching detail 82/228: Chuyên Viên Cao Cấp Phát Triển Ứng Dụng 
2026-04-14 22:46:29,769 - topcv_scraper - INFO - Fetching detail 83/228: Kỹ Sư Lập Trình Và Phát Triển Phần Mềm
2026-04-14 22:46:36,018 - topcv_scraper - INFO - Fetching detail 84/228: Nhân Viên Kinh Doanh Phần Mềm - Thu Nhập
2026-04-14 22:46:42,270 - topcv_scraper - INFO - Fetching detail 85/228: Trưởng Phòng Công Nghệ Thông Tin (TECH L
2026-04-14 22:46:48,541 - topcv_scraper - INFO - Fetching detail 86/228: Chương Trình Tài Năng Trẻ TopCV Mùa 2 - 
2026-04-14 22:46:54,780 - topcv_scraper - INFO - Fetching detail 87/228: Chuyên Viên Phát Triển Sản Phẩm
2026-04-14 22:47:01,036 - topcv_scraper - INFO - Fetching detail 88/228: Lập Trình Viên - Solution Developer
2026-04-14 22:47:07,289 - topcv_scraper - INFO - Fetching detail 89/228: Thực Tập Sinh Công Nghệ Thông Tin Đào Tạ
2026-04-14 22:47:13,549 - topcv_scraper - INFO - Fetching detail 90/228: Chuyên Viên Phân Tích Dữ Liệu & AI Agent
2026-04-14 22:47:19,828 - topcv_scraper - INFO - Fetching detail 91/228: Senior Designer (Yêu Cầu Kinh Nghiệm Thi
2026-04-14 22:47:49,847 - topcv_scraper - ERROR - Playwright fetch error: Page.goto: Timeout 30000ms exceeded.
Call log:
  - navigating to "https://www.topcv.vn/viec-lam/senior-designer-yeu-cau-kinh-nghiem-thiet-ke-bds-tren-2-nam/2096912.html?ta_source=JobSearchList_LinkDetail&u_sr_id=3vBTeTDCw1ROW6js5OrCnSkc3PWDvgxsWW7UcMWZ_1776180696", waiting until "networkidle"

2026-04-14 22:47:53,350 - topcv_scraper - INFO - Fetching detail 92/228: Product Builder (Remote)
2026-04-14 22:47:59,817 - topcv_scraper - INFO - Fetching detail 93/228: Nhân Viên Thiết Kế/ Graphic Designer (Th
2026-04-14 22:48:06,063 - topcv_scraper - INFO - Fetching detail 94/228: Chuyên Viên Kinh Doanh Cao Cấp - Đi Làm 
2026-04-14 22:48:12,307 - topcv_scraper - INFO - Fetching detail 95/228: QA Tester
2026-04-14 22:48:18,569 - topcv_scraper - INFO - Fetching detail 96/228: Thực Tập Sinh Tài Năng (Tech/Data/Risk/B
2026-04-14 22:48:24,806 - topcv_scraper - INFO - Fetching detail 97/228: Thực Tập Sinh Phân Tích & Triển Khai Ngh
2026-04-14 22:48:31,072 - topcv_scraper - INFO - Fetching detail 98/228: Data Engineer/Data Analytics (DE/DA)
2026-04-14 22:49:01,078 - topcv_scraper - ERROR - Playwright fetch error: Page.goto: Timeout 30000ms exceeded.
Call log:
  - navigating to "https://www.topcv.vn/viec-lam/data-engineer-data-analytics-de-da/2101649.html?ta_source=JobSearchList_LinkDetail&u_sr_id=3vBTeTDCw1ROW6js5OrCnSkc3PWDvgxsWW7UcMWZ_1776180702", waiting until "networkidle"

2026-04-14 22:49:04,580 - topcv_scraper - INFO - Fetching detail 99/228: Nhân Viên Thiết Kế Đồ Hoạ/ Designer
2026-04-14 22:49:11,723 - topcv_scraper - INFO - Fetching detail 100/228: Kỹ Sư Trí Tuệ Nhân Tạo
2026-04-14 22:49:18,043 - topcv_scraper - INFO - Fetching detail 101/228: Senior Backend Engineer (Rust/Go/C++) - 
2026-04-14 22:49:24,339 - topcv_scraper - INFO - Fetching detail 102/228: Chuyên Viên Thiết Kế
2026-04-14 22:49:30,622 - topcv_scraper - INFO - Fetching detail 103/228: ERP Implementation Analyst
2026-04-14 22:49:36,924 - topcv_scraper - INFO - Fetching detail 104/228: Chuyên Viên Kỹ Thuật IoT Từ 4 Năm Kinh N
2026-04-14 22:49:43,214 - topcv_scraper - INFO - Fetching detail 105/228: Nhân Viên Quản Trị Dữ Liệu (Data Admin)
2026-04-14 22:50:13,216 - topcv_scraper - ERROR - Playwright fetch error: Page.goto: Timeout 30000ms exceeded.
Call log:
  - navigating to "https://www.topcv.vn/viec-lam/nhan-vien-quan-tri-du-lieu-data-admin/1220636.html?ta_source=JobSearchList_LinkDetail&u_sr_id=3vBTeTDCw1ROW6js5OrCnSkc3PWDvgxsWW7UcMWZ_1776180702", waiting until "networkidle"

2026-04-14 22:50:16,718 - topcv_scraper - INFO - Fetching detail 106/228: BrSE - Kỹ Sư Cầu Nối JLPT  Từ N3
2026-04-14 22:50:23,049 - topcv_scraper - INFO - Fetching detail 107/228: Nhân Viên Bình Bài & Thiết Kế (Bao Bì, T
2026-04-14 22:50:29,310 - topcv_scraper - INFO - Fetching detail 108/228: Fullstack Engineer (Kỹ Sư Fullstack) - L
2026-04-14 22:50:35,575 - topcv_scraper - INFO - Fetching detail 109/228: IT Staff/ IT Helpdesk/IT Support
2026-04-14 22:50:41,819 - topcv_scraper - INFO - Fetching detail 110/228: Fullstack Developer
2026-04-14 22:50:48,070 - topcv_scraper - INFO - Fetching detail 111/228: QC Mid-Senior
2026-04-14 22:51:18,077 - topcv_scraper - ERROR - Playwright fetch error: Page.goto: Timeout 30000ms exceeded.
Call log:
  - navigating to "https://www.topcv.vn/viec-lam/qc-mid-senior/2102599.html?ta_source=JobSearchList_LinkDetail&u_sr_id=3vBTeTDCw1ROW6js5OrCnSkc3PWDvgxsWW7UcMWZ_1776180702", waiting until "networkidle"

2026-04-14 22:51:21,577 - topcv_scraper - INFO - Fetching detail 112/228: Nhân Viên Marketing Tổng Hợp Full- Stack
2026-04-14 22:51:27,918 - topcv_scraper - INFO - Fetching detail 113/228: Senior Data Engineer (Quận 1 - HCM)
2026-04-14 22:51:34,166 - topcv_scraper - INFO - Fetching detail 114/228: Integration Specialist (Night Shift, E-C
2026-04-14 22:51:40,431 - topcv_scraper - INFO - Fetching detail 115/228: Chuyên Viên Vận Hành Và Giải Pháp CNTT
2026-04-14 22:51:46,696 - topcv_scraper - INFO - Fetching detail 116/228: Giáo Viên Dạy Lập Trình (Stem) / Giáo Vi
2026-04-14 22:51:52,946 - topcv_scraper - INFO - Fetching detail 117/228: 4. Lập Trình Viên Fullstack (Java/React)
2026-04-14 22:51:59,206 - topcv_scraper - INFO - Fetching detail 118/228: 3. Kỹ Sư Phân Tích Hệ Thống & Quy Trình 
2026-04-14 22:52:29,216 - topcv_scraper - ERROR - Playwright fetch error: Page.goto: Timeout 30000ms exceeded.
Call log:
  - navigating to "https://www.topcv.vn/viec-lam/3-ky-su-phan-tich-he-thong-quy-trinh-business-analyst-du-an-chuyen-doi-so-3-nam-kinh-nghiem/2102668.html?ta_source=JobSearchList_LinkDetail&u_sr_id=3vBTeTDCw1ROW6js5OrCnSkc3PWDvgxsWW7UcMWZ_1776180702", waiting until "networkidle"

2026-04-14 22:52:32,717 - topcv_scraper - INFO - Fetching detail 119/228: Lập Trình Viên Java - 4 Năm Kinh Nghiệm 
2026-04-14 22:52:39,105 - topcv_scraper - INFO - Fetching detail 120/228: Print Production Artist (English)
2026-04-14 22:52:45,574 - topcv_scraper - INFO - Fetching detail 121/228: UI/UX Designer
2026-04-14 22:52:51,856 - topcv_scraper - INFO - Fetching detail 122/228: Tester  - Thu Nhập Hấp Dẫn - Tại Hà Nội
2026-04-14 22:52:58,157 - topcv_scraper - INFO - Fetching detail 123/228: Middle Full-Stack Developer
2026-04-14 22:53:04,438 - topcv_scraper - INFO - Fetching detail 124/228: Technical Lead (SaaS Product)
2026-04-14 22:53:10,670 - topcv_scraper - INFO - Fetching detail 125/228: Graphic Designer - Chuyên Viên Thiết Kế 
2026-04-14 22:53:16,931 - topcv_scraper - INFO - Fetching detail 126/228: Senior AI Engineer
2026-04-14 22:53:23,198 - topcv_scraper - INFO - Fetching detail 127/228: Thiết Kế Đồ Họa (Graphic Designer - Perf
2026-04-14 22:53:53,208 - topcv_scraper - ERROR - Playwright fetch error: Page.goto: Timeout 30000ms exceeded.
Call log:
  - navigating to "https://www.topcv.vn/viec-lam/thiet-ke-do-hoa-graphic-designer-performance-marketing/2108912.html?ta_source=JobSearchList_LinkDetail&u_sr_id=3vBTeTDCw1ROW6js5OrCnSkc3PWDvgxsWW7UcMWZ_1776180702", waiting until "networkidle"

2026-04-14 22:53:56,710 - topcv_scraper - INFO - Fetching detail 128/228: Business Analyst
2026-04-14 22:54:03,093 - topcv_scraper - INFO - Fetching detail 129/228: Digital Team Supervisor - IT Solution De
2026-04-14 22:54:09,369 - topcv_scraper - INFO - Fetching detail 130/228: Chuyên Viên Phân Tích Nghiệp Vụ Và Hỗ Tr
2026-04-14 22:54:15,666 - topcv_scraper - INFO - Fetching detail 131/228: Technical Support Engineer (Fixed Night 
2026-04-14 22:54:21,964 - topcv_scraper - INFO - Fetching detail 132/228: Kiểm Duyệt Nội Dung (Photoshop Cơ Bản)
2026-04-14 22:54:28,265 - topcv_scraper - INFO - Fetching detail 133/228: UA Marketing (Android App) - Lương 10-20
2026-04-14 22:54:58,270 - topcv_scraper - ERROR - Playwright fetch error: Page.goto: Timeout 30000ms exceeded.
Call log:
  - navigating to "https://www.topcv.vn/viec-lam/ua-marketing-android-app-luong-10-20tr-commission-hap-dan/2106515.html?ta_source=JobSearchList_LinkDetail&u_sr_id=3vBTeTDCw1ROW6js5OrCnSkc3PWDvgxsWW7UcMWZ_1776180702", waiting until "networkidle"

2026-04-14 22:55:01,773 - topcv_scraper - INFO - Fetching detail 134/228: Nhân Viên Phần Mềm
2026-04-14 22:55:08,101 - topcv_scraper - INFO - Fetching detail 135/228: Business Analyst (TMS/Control Tower) - C
2026-04-14 22:55:14,340 - topcv_scraper - INFO - Fetching detail 136/228: Kỹ Thuật Viên Triển Khai Dự Án Công Nghệ
2026-04-14 22:55:20,573 - topcv_scraper - INFO - Fetching detail 137/228: Lập Trình Viên Phát Triển Ứng Dụng Web  
2026-04-14 22:55:26,835 - topcv_scraper - INFO - Fetching detail 138/228: Nhân Viên Designer Social 2D_02 Năm Kinh
2026-04-14 22:55:33,087 - topcv_scraper - INFO - Fetching detail 139/228: Chuyên Viên Kinh Doanh Cao Cấp - Đi Làm 
2026-04-14 22:55:39,321 - topcv_scraper - INFO - Fetching detail 140/228: QA Tester
2026-04-14 22:56:09,332 - topcv_scraper - ERROR - Playwright fetch error: Page.goto: Timeout 30000ms exceeded.
Call log:
  - navigating to "https://www.topcv.vn/viec-lam/qa-tester/2109203.html?ta_source=JobSearchList_LinkDetail&u_sr_id=3vBTeTDCw1ROW6js5OrCnSkc3PWDvgxsWW7UcMWZ_1776180707", waiting until "networkidle"

2026-04-14 22:56:12,835 - topcv_scraper - INFO - Fetching detail 141/228: Thực Tập Sinh Tài Năng (Tech/Data/Risk/B
2026-04-14 22:56:19,206 - topcv_scraper - INFO - Fetching detail 142/228: Thực Tập Sinh Phân Tích & Triển Khai Ngh
2026-04-14 22:56:25,502 - topcv_scraper - INFO - Fetching detail 143/228: Data Engineer/Data Analytics (DE/DA)
2026-04-14 22:56:31,765 - topcv_scraper - INFO - Fetching detail 144/228: Nhân Viên Thiết Kế Đồ Hoạ/ Designer
2026-04-14 22:56:38,022 - topcv_scraper - INFO - Fetching detail 145/228: Kỹ Sư Trí Tuệ Nhân Tạo
2026-04-14 22:56:44,266 - topcv_scraper - INFO - Fetching detail 146/228: Senior Backend Engineer (Rust/Go/C++) - 
2026-04-14 22:57:14,276 - topcv_scraper - ERROR - Playwright fetch error: Page.goto: Timeout 30000ms exceeded.
Call log:
  - navigating to "https://www.topcv.vn/viec-lam/senior-backend-engineer-rust-go-c-luong-tu-1-500-2-000-thuong-hieu-qua-cong-viec/2104876.html?ta_source=JobSearchList_LinkDetail&u_sr_id=3vBTeTDCw1ROW6js5OrCnSkc3PWDvgxsWW7UcMWZ_1776180707", waiting until "networkidle"

2026-04-14 22:57:17,779 - topcv_scraper - INFO - Fetching detail 147/228: Chuyên Viên Thiết Kế
2026-04-14 22:57:24,076 - topcv_scraper - INFO - Fetching detail 148/228: ERP Implementation Analyst
2026-04-14 22:57:30,294 - topcv_scraper - INFO - Fetching detail 149/228: Chuyên Viên Kỹ Thuật IoT Từ 4 Năm Kinh N
2026-04-14 22:57:36,495 - topcv_scraper - INFO - Fetching detail 150/228: Nhân Viên Quản Trị Dữ Liệu (Data Admin)
2026-04-14 22:57:42,742 - topcv_scraper - INFO - Fetching detail 151/228: BrSE - Kỹ Sư Cầu Nối JLPT  Từ N3
2026-04-14 22:57:48,965 - topcv_scraper - INFO - Fetching detail 152/228: Nhân Viên Bình Bài & Thiết Kế (Bao Bì, T
2026-04-14 22:57:55,192 - topcv_scraper - INFO - Fetching detail 153/228: Fullstack Engineer (Kỹ Sư Fullstack) - L
2026-04-14 22:58:25,208 - topcv_scraper - ERROR - Playwright fetch error: Page.goto: Timeout 30000ms exceeded.
Call log:
  - navigating to "https://www.topcv.vn/viec-lam/fullstack-engineer-ky-su-fullstack-luong-tu-1-500-2-000-thuong-hieu-qua-cong-viec/2104890.html?ta_source=JobSearchList_LinkDetail&u_sr_id=3vBTeTDCw1ROW6js5OrCnSkc3PWDvgxsWW7UcMWZ_1776180707", waiting until "networkidle"

2026-04-14 22:58:28,710 - topcv_scraper - INFO - Fetching detail 154/228: IT Staff/ IT Helpdesk/IT Support
2026-04-14 22:58:35,276 - topcv_scraper - INFO - Fetching detail 155/228: Fullstack Developer
2026-04-14 22:58:41,648 - topcv_scraper - INFO - Fetching detail 156/228: QC Mid-Senior
2026-04-14 22:58:47,950 - topcv_scraper - INFO - Fetching detail 157/228: Nhân Viên Marketing Tổng Hợp Full- Stack
2026-04-14 22:58:54,276 - topcv_scraper - INFO - Fetching detail 158/228: Senior Data Engineer (Quận 1 - HCM)
2026-04-14 22:59:00,589 - topcv_scraper - INFO - Fetching detail 159/228: Integration Specialist (Night Shift, E-C
2026-04-14 22:59:06,882 - topcv_scraper - INFO - Fetching detail 160/228: Chuyên Viên Vận Hành Và Giải Pháp CNTT
2026-04-14 22:59:36,896 - topcv_scraper - ERROR - Playwright fetch error: Page.goto: Timeout 30000ms exceeded.
Call log:
  - navigating to "https://www.topcv.vn/viec-lam/chuyen-vien-van-hanh-va-giai-phap-cntt/2100963.html?ta_source=JobSearchList_LinkDetail&u_sr_id=3vBTeTDCw1ROW6js5OrCnSkc3PWDvgxsWW7UcMWZ_1776180707", waiting until "networkidle"

2026-04-14 22:59:40,397 - topcv_scraper - INFO - Fetching detail 161/228: Giáo Viên Dạy Lập Trình (Stem) / Giáo Vi
2026-04-14 22:59:46,798 - topcv_scraper - INFO - Fetching detail 162/228: 4. Lập Trình Viên Fullstack (Java/React)
2026-04-14 22:59:53,069 - topcv_scraper - INFO - Fetching detail 163/228: 3. Kỹ Sư Phân Tích Hệ Thống & Quy Trình 
2026-04-14 22:59:59,325 - topcv_scraper - INFO - Fetching detail 164/228: Lập Trình Viên Java - 4 Năm Kinh Nghiệm 
2026-04-14 23:00:05,585 - topcv_scraper - INFO - Fetching detail 165/228: Print Production Artist (English)
2026-04-14 23:00:11,852 - topcv_scraper - INFO - Fetching detail 166/228: UI/UX Designer
2026-04-14 23:00:18,107 - topcv_scraper - INFO - Fetching detail 167/228: Tester  - Thu Nhập Hấp Dẫn - Tại Hà Nội
2026-04-14 23:00:24,370 - topcv_scraper - INFO - Fetching detail 168/228: Middle Full-Stack Developer
2026-04-14 23:00:54,375 - topcv_scraper - ERROR - Playwright fetch error: Page.goto: Timeout 30000ms exceeded.
Call log:
  - navigating to "https://www.topcv.vn/viec-lam/middle-full-stack-developer/2103394.html?ta_source=JobSearchList_LinkDetail&u_sr_id=3vBTeTDCw1ROW6js5OrCnSkc3PWDvgxsWW7UcMWZ_1776180707", waiting until "networkidle"

2026-04-14 23:00:57,876 - topcv_scraper - INFO - Fetching detail 169/228: Technical Lead (SaaS Product)
2026-04-14 23:01:04,224 - topcv_scraper - INFO - Fetching detail 170/228: Graphic Designer - Chuyên Viên Thiết Kế 
2026-04-14 23:01:10,486 - topcv_scraper - INFO - Fetching detail 171/228: Senior AI Engineer
2026-04-14 23:01:16,742 - topcv_scraper - INFO - Fetching detail 172/228: Thiết Kế Đồ Họa (Graphic Designer - Perf
2026-04-14 23:01:23,014 - topcv_scraper - INFO - Fetching detail 173/228: Business Analyst
2026-04-14 23:01:29,271 - topcv_scraper - INFO - Fetching detail 174/228: Digital Team Supervisor - IT Solution De
2026-04-14 23:01:35,539 - topcv_scraper - INFO - Fetching detail 175/228: Chuyên Viên Phân Tích Nghiệp Vụ Và Hỗ Tr
2026-04-14 23:02:05,548 - topcv_scraper - ERROR - Playwright fetch error: Page.goto: Timeout 30000ms exceeded.
Call log:
  - navigating to "https://www.topcv.vn/viec-lam/chuyen-vien-phan-tich-nghiep-vu-va-ho-tro-nguoi-dung/2105292.html?ta_source=JobSearchList_LinkDetail&u_sr_id=3vBTeTDCw1ROW6js5OrCnSkc3PWDvgxsWW7UcMWZ_1776180707", waiting until "networkidle"

2026-04-14 23:02:09,051 - topcv_scraper - INFO - Fetching detail 176/228: Technical Support Engineer (Fixed Night 
2026-04-14 23:02:15,392 - topcv_scraper - INFO - Fetching detail 177/228: Kiểm Duyệt Nội Dung (Photoshop Cơ Bản)
2026-04-14 23:02:21,637 - topcv_scraper - INFO - Fetching detail 178/228: UA Marketing (Android App) - Lương 10-20
2026-04-14 23:02:28,535 - topcv_scraper - INFO - Fetching detail 179/228: Nhân Viên Phần Mềm
2026-04-14 23:02:34,803 - topcv_scraper - INFO - Fetching detail 180/228: Business Analyst (TMS/Control Tower) - C
2026-04-14 23:02:41,057 - topcv_scraper - INFO - Fetching detail 181/228: Kỹ Thuật Viên Triển Khai Dự Án Công Nghệ
2026-04-14 23:02:47,303 - topcv_scraper - INFO - Fetching detail 182/228: Lập Trình Viên Phát Triển Ứng Dụng Web  
2026-04-14 23:03:17,308 - topcv_scraper - ERROR - Playwright fetch error: Page.goto: Timeout 30000ms exceeded.
Call log:
  - navigating to "https://www.topcv.vn/viec-lam/lap-trinh-vien-phat-trien-ung-dung-web-integration-data-microservices-kinh-nghiem-tu-3-nam/2104775.html?ta_source=JobSearchList_LinkDetail&u_sr_id=3vBTeTDCw1ROW6js5OrCnSkc3PWDvgxsWW7UcMWZ_1776180707", waiting until "networkidle"

2026-04-14 23:03:20,808 - topcv_scraper - INFO - Fetching detail 183/228: Nhân Viên Designer Social 2D_02 Năm Kinh
2026-04-14 23:03:27,158 - topcv_scraper - INFO - Fetching detail 184/228: Chuyên Viên Kinh Doanh Cao Cấp - Đi Làm 
2026-04-14 23:03:33,404 - topcv_scraper - INFO - Fetching detail 185/228: QA Tester
2026-04-14 23:03:39,661 - topcv_scraper - INFO - Fetching detail 186/228: Thực Tập Sinh Tài Năng (Tech/Data/Risk/B
2026-04-14 23:03:45,904 - topcv_scraper - INFO - Fetching detail 187/228: Thực Tập Sinh Phân Tích & Triển Khai Ngh
2026-04-14 23:03:52,227 - topcv_scraper - INFO - Fetching detail 188/228: Data Engineer/Data Analytics (DE/DA)
2026-04-14 23:03:58,479 - topcv_scraper - INFO - Fetching detail 189/228: Nhân Viên Thiết Kế Đồ Hoạ/ Designer
2026-04-14 23:04:28,494 - topcv_scraper - ERROR - Playwright fetch error: Page.goto: Timeout 30000ms exceeded.
Call log:
  - navigating to "https://www.topcv.vn/viec-lam/nhan-vien-thiet-ke-do-hoa-designer/2102165.html?ta_source=JobSearchList_LinkDetail&u_sr_id=3vBTeTDCw1ROW6js5OrCnSkc3PWDvgxsWW7UcMWZ_1776180713", waiting until "networkidle"

2026-04-14 23:04:31,995 - topcv_scraper - INFO - Fetching detail 190/228: Kỹ Sư Trí Tuệ Nhân Tạo
2026-04-14 23:04:38,491 - topcv_scraper - INFO - Fetching detail 191/228: Senior Backend Engineer (Rust/Go/C++) - 
2026-04-14 23:04:44,800 - topcv_scraper - INFO - Fetching detail 192/228: Chuyên Viên Thiết Kế
2026-04-14 23:04:51,055 - topcv_scraper - INFO - Fetching detail 193/228: ERP Implementation Analyst
2026-04-14 23:04:57,332 - topcv_scraper - INFO - Fetching detail 194/228: Chuyên Viên Kỹ Thuật IoT Từ 4 Năm Kinh N
2026-04-14 23:05:03,595 - topcv_scraper - INFO - Fetching detail 195/228: Nhân Viên Quản Trị Dữ Liệu (Data Admin)
2026-04-14 23:05:09,974 - topcv_scraper - INFO - Fetching detail 196/228: BrSE - Kỹ Sư Cầu Nối JLPT  Từ N3
2026-04-14 23:05:16,393 - topcv_scraper - INFO - Fetching detail 197/228: Nhân Viên Bình Bài & Thiết Kế (Bao Bì, T
2026-04-14 23:05:22,674 - topcv_scraper - INFO - Fetching detail 198/228: Fullstack Engineer (Kỹ Sư Fullstack) - L
2026-04-14 23:05:29,081 - topcv_scraper - INFO - Fetching detail 199/228: IT Staff/ IT Helpdesk/IT Support
2026-04-14 23:05:35,377 - topcv_scraper - INFO - Fetching detail 200/228: Fullstack Developer
2026-04-14 23:05:42,552 - topcv_scraper - INFO - Fetching detail 201/228: QC Mid-Senior
2026-04-14 23:05:48,826 - topcv_scraper - INFO - Fetching detail 202/228: Nhân Viên Marketing Tổng Hợp Full- Stack
2026-04-14 23:05:55,163 - topcv_scraper - INFO - Fetching detail 203/228: Senior Data Engineer (Quận 1 - HCM)
2026-04-14 23:06:01,512 - topcv_scraper - INFO - Fetching detail 204/228: Integration Specialist (Night Shift, E-C
2026-04-14 23:06:07,812 - topcv_scraper - INFO - Fetching detail 205/228: Chuyên Viên Vận Hành Và Giải Pháp CNTT
2026-04-14 23:06:14,075 - topcv_scraper - INFO - Fetching detail 206/228: Giáo Viên Dạy Lập Trình (Stem) / Giáo Vi
2026-04-14 23:06:20,669 - topcv_scraper - INFO - Fetching detail 207/228: 4. Lập Trình Viên Fullstack (Java/React)
2026-04-14 23:06:27,062 - topcv_scraper - INFO - Fetching detail 208/228: 3. Kỹ Sư Phân Tích Hệ Thống & Quy Trình 
2026-04-14 23:06:33,332 - topcv_scraper - INFO - Fetching detail 209/228: Lập Trình Viên Java - 4 Năm Kinh Nghiệm 
2026-04-14 23:06:39,581 - topcv_scraper - INFO - Fetching detail 210/228: Print Production Artist (English)
2026-04-14 23:06:45,857 - topcv_scraper - INFO - Fetching detail 211/228: UI/UX Designer
2026-04-14 23:06:52,184 - topcv_scraper - INFO - Fetching detail 212/228: Tester  - Thu Nhập Hấp Dẫn - Tại Hà Nội
2026-04-14 23:06:58,649 - topcv_scraper - INFO - Fetching detail 213/228: Middle Full-Stack Developer
2026-04-14 23:07:04,932 - topcv_scraper - INFO - Fetching detail 214/228: Technical Lead (SaaS Product)
2026-04-14 23:07:11,236 - topcv_scraper - INFO - Fetching detail 215/228: Graphic Designer - Chuyên Viên Thiết Kế 
2026-04-14 23:07:17,666 - topcv_scraper - INFO - Fetching detail 216/228: Senior AI Engineer
2026-04-14 23:07:24,180 - topcv_scraper - INFO - Fetching detail 217/228: Thiết Kế Đồ Họa (Graphic Designer - Perf
2026-04-14 23:07:30,493 - topcv_scraper - INFO - Fetching detail 218/228: Business Analyst
2026-04-14 23:07:37,037 - topcv_scraper - INFO - Fetching detail 219/228: Digital Team Supervisor - IT Solution De
2026-04-14 23:07:43,400 - topcv_scraper - INFO - Fetching detail 220/228: Chuyên Viên Phân Tích Nghiệp Vụ Và Hỗ Tr
2026-04-14 23:07:49,685 - topcv_scraper - INFO - Fetching detail 221/228: Technical Support Engineer (Fixed Night 
2026-04-14 23:07:56,181 - topcv_scraper - INFO - Fetching detail 222/228: Kiểm Duyệt Nội Dung (Photoshop Cơ Bản)
2026-04-14 23:08:02,454 - topcv_scraper - INFO - Fetching detail 223/228: UA Marketing (Android App) - Lương 10-20
2026-04-14 23:08:09,075 - topcv_scraper - INFO - Fetching detail 224/228: Nhân Viên Phần Mềm
2026-04-14 23:08:15,414 - topcv_scraper - INFO - Fetching detail 225/228: Business Analyst (TMS/Control Tower) - C
2026-04-14 23:08:21,672 - topcv_scraper - INFO - Fetching detail 226/228: Kỹ Thuật Viên Triển Khai Dự Án Công Nghệ
2026-04-14 23:08:28,240 - topcv_scraper - INFO - Fetching detail 227/228: Lập Trình Viên Phát Triển Ứng Dụng Web  
2026-04-14 23:08:34,574 - topcv_scraper - INFO - Fetching detail 228/228: Nhân Viên Designer Social 2D_02 Năm Kinh
2026-04-14 23:08:40,832 - topcv_scraper - INFO - ==================================================
2026-04-14 23:08:40,833 - topcv_scraper - INFO - Scraper Statistics: TopCVScraper
2026-04-14 23:08:40,833 - topcv_scraper - INFO -   Requests made: 205
2026-04-14 23:08:40,833 - topcv_scraper - INFO -   Requests failed: 28
2026-04-14 23:08:40,833 - topcv_scraper - INFO -   Pages scraped: 0
2026-04-14 23:08:40,833 - topcv_scraper - INFO -   Jobs found: 228
2026-04-14 23:08:40,834 - topcv_scraper - INFO -   Bytes downloaded: 31,193,476
2026-04-14 23:08:40,834 - topcv_scraper - INFO -   Rate limit hits: 0
2026-04-14 23:08:40,834 - topcv_scraper - INFO -   Blocked attempts: 0
2026-04-14 23:08:40,834 - topcv_scraper - INFO - ==================================================
2026-04-14 23:08:40,835 - __main__ - INFO - 
Total raw jobs scraped: 228
2026-04-14 23:08:40,835 - __main__ - INFO - 
--- SCRAPER SUMMARY ---
2026-04-14 23:08:40,835 - __main__ - INFO -   topcv: 228 jobs
2026-04-14 23:08:40,837 - __main__ - INFO - 
==================================================
2026-04-14 23:08:40,837 - __main__ - INFO - STEP 2: TRANSFORMING
2026-04-14 23:08:40,837 - __main__ - INFO - ==================================================
2026-04-14 23:08:40,841 - __main__ - INFO - Transforming 228 jobs from TopCV...
2026-04-14 23:08:40,952 - __main__ - INFO -   Transformed: 228 jobs
2026-04-14 23:08:40,954 - data_transformer - INFO - ==================================================
2026-04-14 23:08:40,954 - data_transformer - INFO - Data Transformer Statistics
2026-04-14 23:08:40,954 - data_transformer - INFO -   Total processed: 228
2026-04-14 23:08:40,954 - data_transformer - INFO -   Transformed: 228
2026-04-14 23:08:40,954 - data_transformer - INFO -   Skipped: 0
2026-04-14 23:08:40,955 - data_transformer - INFO -   Errors: 0
2026-04-14 23:08:40,955 - data_transformer - INFO -   Success rate: 100.0%
2026-04-14 23:08:40,955 - data_transformer - INFO - ==================================================
2026-04-14 23:08:40,956 - __main__ - INFO - 
==================================================
2026-04-14 23:08:40,956 - __main__ - INFO - STEP 3: DEDUPLICATING
2026-04-14 23:08:40,956 - __main__ - INFO - ==================================================
2026-04-14 23:08:40,959 - deduplicator - INFO - Filtered 0 invalid jobs
2026-04-14 23:08:40,961 - deduplicator - INFO - Removed 130 exact duplicates
2026-04-14 23:08:40,983 - deduplicator - INFO - Removed 0 fuzzy duplicates
2026-04-14 23:08:40,984 - deduplicator - INFO - Filtered 0 outdated jobs
2026-04-14 23:08:40,985 - deduplicator - INFO - ==================================================
2026-04-14 23:08:40,985 - deduplicator - INFO - Deduplication Statistics
2026-04-14 23:08:40,985 - deduplicator - INFO -   Total input: 228
2026-04-14 23:08:40,985 - deduplicator - INFO -   Exact duplicates: 130
2026-04-14 23:08:40,985 - deduplicator - INFO -   Fuzzy duplicates: 0
2026-04-14 23:08:40,985 - deduplicator - INFO -   Outdated: 0
2026-04-14 23:08:40,985 - deduplicator - INFO -   Invalid: 0
2026-04-14 23:08:40,985 - deduplicator - INFO -   Total output: 98
2026-04-14 23:08:40,986 - deduplicator - INFO -   Keep rate: 43.0%
2026-04-14 23:08:40,986 - deduplicator - INFO - ==================================================
2026-04-14 23:08:40,986 - __main__ - INFO - Quality score: 0.0/100
2026-04-14 23:08:40,987 - __main__ - INFO - 
==================================================
2026-04-14 23:08:40,987 - __main__ - INFO - STEP 4: MERGING WITH EXISTING DATA
2026-04-14 23:08:40,987 - __main__ - INFO - ==================================================
2026-04-14 23:08:41,201 - __main__ - INFO - Found 302 existing jobs
2026-04-14 23:08:41,302 - deduplicator - INFO - Filtered 0 invalid jobs
2026-04-14 23:08:41,305 - deduplicator - INFO - Removed 183 exact duplicates
2026-04-14 23:08:41,716 - deduplicator - INFO - Removed 0 fuzzy duplicates
2026-04-14 23:08:41,717 - deduplicator - INFO - Filtered 0 outdated jobs
2026-04-14 23:08:41,717 - __main__ - INFO - After merge and dedup: 347 jobs
2026-04-14 23:08:41,718 - __main__ - INFO - 
==================================================
2026-04-14 23:08:41,718 - __main__ - INFO - STEP 5: SAVING RESULTS
2026-04-14 23:08:41,718 - __main__ - INFO - ==================================================
2026-04-14 23:08:41,733 - __main__ - INFO - Backed up existing file to jobs_backup_20260414_230841.csv
2026-04-14 23:08:41,795 - __main__ - INFO - Saved 347 jobs to D:\LUAN_VAN\restart-35-platform\ai-service\data\jobs.csv
2026-04-14 23:08:41,837 - __main__ - INFO - Saved raw data to scraped_20260414_230841.csv
2026-04-14 23:08:41,841 - __main__ - INFO - Saved metadata to metadata_20260414_230841.json
2026-04-14 23:08:41,841 - __main__ - INFO - Results saved successfully!
2026-04-14 23:08:41,841 - __main__ - INFO - 
============================================================
2026-04-14 23:08:41,842 - __main__ - INFO - SCRAPING PIPELINE COMPLETE
2026-04-14 23:08:41,842 - __main__ - INFO - ============================================================
2026-04-14 23:08:41,842 - __main__ - INFO - Duration: None
2026-04-14 23:08:41,842 - __main__ - INFO - Scrapers run: 1
2026-04-14 23:08:41,842 - __main__ - INFO - Raw jobs scraped: 228
2026-04-14 23:08:41,842 - __main__ - INFO - Jobs transformed: 228
2026-04-14 23:08:41,843 - __main__ - INFO - Unique jobs: 98
2026-04-14 23:08:41,843 - __main__ - INFO - Final jobs (after merge): 347
2026-04-14 23:08:41,843 - __main__ - INFO - Deduplication rate: 57.0%
2026-04-14 23:08:41,843 - __main__ - INFO - ============================================================
2026-04-15 08:13:07,418 - timviec365_scraper - INFO - Scraping category: Bao ve - Kiem not
2026-04-15 08:13:09,529 - timviec365_scraper - INFO - Playwright browser initialized
2026-04-15 08:13:18,138 - timviec365_scraper - INFO -   Total pages: 3, scraping: 1
2026-04-15 08:13:18,678 - timviec365_scraper - INFO -   Category Bao ve - Kiem not: 25 jobs
2026-04-15 08:14:41,847 - timviec365_scraper - INFO - Scraping category: Bao ve - Kiem not
2026-04-15 08:14:42,883 - timviec365_scraper - INFO - Playwright browser initialized
2026-04-15 08:14:51,195 - timviec365_scraper - INFO -   Total pages: 3, scraping: 1
2026-04-15 08:14:51,627 - timviec365_scraper - INFO -   Category Bao ve - Kiem not: 25 jobs
2026-04-15 08:16:31,453 - timviec365_scraper - INFO - Scraping category: Bao ve - Kiem not
2026-04-15 08:16:32,931 - timviec365_scraper - INFO - Playwright browser initialized
2026-04-15 08:16:42,202 - timviec365_scraper - INFO -   Total pages: 3, scraping: 1
2026-04-15 08:16:42,857 - timviec365_scraper - INFO -   Category Bao ve - Kiem not: 25 jobs
2026-04-15 08:17:21,846 - timviec365_scraper - INFO - Scraping category: Bao ve - Kiem not
2026-04-15 08:17:23,039 - timviec365_scraper - INFO - Playwright browser initialized
2026-04-15 08:17:31,825 - timviec365_scraper - INFO -   Total pages: 3, scraping: 3
2026-04-15 08:17:53,926 - timviec365_scraper - INFO -   Category Bao ve - Kiem not: 74 jobs
2026-04-15 08:17:56,928 - timviec365_scraper - INFO - Scraping category: Lai xe - Van tai
2026-04-15 08:18:04,111 - timviec365_scraper - INFO -   Total pages: 8, scraping: 5
2026-04-15 08:18:47,127 - timviec365_scraper - INFO -   Category Lai xe - Van tai: 125 jobs
2026-04-15 08:18:50,136 - timviec365_scraper - INFO - Scraping category: Ban hang - Kinh doanh
2026-04-15 08:18:57,866 - timviec365_scraper - INFO -   Total pages: 20, scraping: 5
2026-04-15 08:19:42,286 - timviec365_scraper - INFO -   Category Ban hang - Kinh doanh: 125 jobs
2026-04-15 08:19:45,287 - timviec365_scraper - INFO - Scraping category: Phuc vu - Nha hang - Khach san
2026-04-15 08:19:52,519 - timviec365_scraper - INFO -   Total pages: 2, scraping: 2
2026-04-15 08:20:03,304 - timviec365_scraper - INFO -   Category Phuc vu - Nha hang - Khach san: 34 jobs
2026-04-15 08:20:06,304 - timviec365_scraper - INFO - Scraping category: Co khi - Che tao
2026-04-15 08:20:13,754 - timviec365_scraper - INFO -   Total pages: 13, scraping: 5
2026-04-15 08:20:56,853 - timviec365_scraper - INFO -   Category Co khi - Che tao: 125 jobs
2026-04-15 08:20:59,854 - timviec365_scraper - INFO - Scraping category: Hanh chinh - Van phong
2026-04-15 08:21:07,207 - timviec365_scraper - INFO -   Total pages: 14, scraping: 5
2026-04-15 08:21:50,089 - timviec365_scraper - INFO -   Category Hanh chinh - Van phong: 125 jobs
2026-04-15 08:21:53,090 - timviec365_scraper - INFO - Scraping category: Nhan su - HR
2026-04-15 08:22:00,978 - timviec365_scraper - INFO -   Total pages: 12, scraping: 5
2026-04-15 08:22:45,534 - timviec365_scraper - INFO -   Category Nhan su - HR: 125 jobs
2026-04-15 08:22:48,534 - timviec365_scraper - INFO - Scraping category: Tu van
2026-04-15 08:22:55,991 - timviec365_scraper - INFO -   Total pages: 10, scraping: 5
2026-04-15 08:23:46,198 - timviec365_scraper - INFO -   Category Tu van: 125 jobs
2026-04-15 08:23:49,199 - timviec365_scraper - INFO - Total jobs scraped: 858
2026-04-15 08:38:24,115 - timviec365_scraper - INFO - Scraping category: Bao ve - Kiem not
2026-04-15 08:38:25,277 - timviec365_scraper - INFO - Playwright browser initialized
2026-04-15 08:38:36,271 - timviec365_scraper - INFO -   Total pages: 3, scraping: 1
2026-04-15 08:38:36,660 - timviec365_scraper - INFO -   Category Bao ve - Kiem not: 25 jobs
2026-04-15 08:56:44,493 - __main__ - INFO - Scraping category: An ninh - Bao ve
2026-04-15 08:56:45,729 - __main__ - INFO - Playwright browser initialized
2026-04-15 08:56:55,522 - __main__ - INFO -   Total pages: 1, scraping: 1
2026-04-15 08:56:55,570 - __main__ - INFO -   Category An ninh - Bao ve: 0 jobs
2026-04-15 08:56:57,571 - __main__ - INFO - Scraping category: Lai xe - Van tai
2026-04-15 08:57:03,378 - __main__ - INFO -   Total pages: 1, scraping: 1
2026-04-15 08:57:03,416 - __main__ - INFO -   Category Lai xe - Van tai: 0 jobs
2026-04-15 08:57:05,417 - __main__ - INFO - Scraping category: Lao dong pho thong
2026-04-15 08:57:11,217 - __main__ - INFO -   Total pages: 1, scraping: 1
2026-04-15 08:57:11,259 - __main__ - INFO -   Category Lao dong pho thong: 0 jobs
2026-04-15 08:57:13,259 - __main__ - INFO - Scraping category: Nha hang - Khach san
2026-04-15 08:57:19,133 - __main__ - INFO -   Total pages: 1, scraping: 1
2026-04-15 08:57:19,172 - __main__ - INFO -   Category Nha hang - Khach san: 0 jobs
2026-04-15 08:57:21,173 - __main__ - INFO - Scraping category: Co khi - Ky thuat
2026-04-15 08:57:26,909 - __main__ - INFO -   Total pages: 1, scraping: 1
2026-04-15 08:57:26,957 - __main__ - INFO -   Category Co khi - Ky thuat: 0 jobs
2026-04-15 08:57:28,958 - __main__ - INFO - Scraping category: Kinh doanh - Ban hang
2026-04-15 08:57:34,624 - __main__ - INFO -   Total pages: 1, scraping: 1
2026-04-15 08:57:34,667 - __main__ - INFO -   Category Kinh doanh - Ban hang: 0 jobs
2026-04-15 08:57:36,668 - __main__ - INFO - Total jobs scraped: 0
2026-04-15 08:57:36,673 - __main__ - INFO - Saved 0 jobs to ..\data\scraped_mywork.json
2026-04-15 08:57:36,674 - __main__ - INFO - ==================================================
2026-04-15 08:57:36,675 - __main__ - INFO - Scraper Statistics: MyWorkScraper
2026-04-15 08:57:36,675 - __main__ - INFO -   Requests made: 6
2026-04-15 08:57:36,676 - __main__ - INFO -   Requests failed: 0
2026-04-15 08:57:36,676 - __main__ - INFO -   Pages scraped: 0
2026-04-15 08:57:36,677 - __main__ - INFO -   Jobs found: 0
2026-04-15 08:57:36,677 - __main__ - INFO -   Bytes downloaded: 8,076,888
2026-04-15 08:57:36,677 - __main__ - INFO -   Rate limit hits: 0
2026-04-15 08:57:36,678 - __main__ - INFO -   Blocked attempts: 0
2026-04-15 08:57:36,678 - __main__ - INFO - ==================================================
2026-04-15 08:57:48,646 - __main__ - INFO - Scraping category: Cong nhan - Nha may
2026-04-15 08:57:49,506 - __main__ - INFO - Playwright browser initialized
2026-04-15 08:57:50,462 - __main__ - WARNING - HTTP 404 for https://www.vieclamtot.com/viec-lam-cong-nhan-nha-may
2026-04-15 08:57:50,462 - __main__ - ERROR - Failed to fetch category page: Cong nhan - Nha may
2026-04-15 08:57:52,463 - __main__ - INFO - Scraping category: Tai xe - Van tai
2026-04-15 08:57:52,672 - __main__ - WARNING - HTTP 403 for https://www.vieclamtot.com/viec-lam-tai-xe-sdjt3
2026-04-15 08:57:52,672 - __main__ - ERROR - Failed to fetch category page: Tai xe - Van tai
2026-04-15 08:57:54,673 - __main__ - INFO - Scraping category: Phuc vu
2026-04-15 08:57:54,756 - __main__ - WARNING - HTTP 403 for https://www.vieclamtot.com/viec-lam-phuc-vu
2026-04-15 08:57:54,756 - __main__ - ERROR - Failed to fetch category page: Phuc vu
2026-04-15 08:57:56,757 - __main__ - INFO - Scraping category: Lao dong pho thong
2026-04-15 08:57:56,893 - __main__ - WARNING - HTTP 403 for https://www.vieclamtot.com/viec-lam-lao-dong-pho-thong
2026-04-15 08:57:56,949 - __main__ - ERROR - Failed to fetch category page: Lao dong pho thong
2026-04-15 08:57:59,020 - __main__ - INFO - Scraping category: Bao ve - An ninh
2026-04-15 08:57:59,113 - __main__ - WARNING - HTTP 403 for https://www.vieclamtot.com/viec-lam-bao-ve
2026-04-15 08:57:59,114 - __main__ - ERROR - Failed to fetch category page: Bao ve - An ninh
2026-04-15 08:58:01,115 - __main__ - INFO - Scraping category: Kinh doanh - Ban hang
2026-04-15 08:58:01,195 - __main__ - WARNING - HTTP 403 for https://www.vieclamtot.com/viec-lam-kinh-doanh
2026-04-15 08:58:01,195 - __main__ - ERROR - Failed to fetch category page: Kinh doanh - Ban hang
2026-04-15 08:58:03,195 - __main__ - INFO - Total jobs scraped: 0
2026-04-15 08:58:03,197 - __main__ - INFO - Saved 0 jobs to ..\data\scraped_vieclamtot.json
2026-04-15 08:58:03,198 - __main__ - INFO - ==================================================
2026-04-15 08:58:03,198 - __main__ - INFO - Scraper Statistics: VieclamtotScraper
2026-04-15 08:58:03,199 - __main__ - INFO -   Requests made: 0
2026-04-15 08:58:03,199 - __main__ - INFO -   Requests failed: 0
2026-04-15 08:58:03,200 - __main__ - INFO -   Pages scraped: 0
2026-04-15 08:58:03,200 - __main__ - INFO -   Jobs found: 0
2026-04-15 08:58:03,201 - __main__ - INFO -   Bytes downloaded: 0
2026-04-15 08:58:03,201 - __main__ - INFO -   Rate limit hits: 0
2026-04-15 08:58:03,201 - __main__ - INFO -   Blocked attempts: 0
2026-04-15 08:58:03,202 - __main__ - INFO - ==================================================
2026-04-15 08:58:15,893 - __main__ - INFO - Initialized ScrapingOrchestrator
2026-04-15 08:58:15,893 - __main__ - INFO -   Data dir: D:\LUAN_VAN\restart-35-platform\ai-service\data
2026-04-15 08:58:15,894 - __main__ - INFO -   Output dir: D:\LUAN_VAN\restart-35-platform\ai-service\data\scraped
2026-04-15 08:58:15,894 - __main__ - INFO -   Pages per scraper: 5
2026-04-15 08:58:15,894 - __main__ - INFO -   Sources: ['mywork_playwright']
2026-04-15 08:58:15,894 - __main__ - INFO -   Dry run: False
2026-04-15 08:58:15,895 - __main__ - INFO - ============================================================
2026-04-15 08:58:15,895 - __main__ - INFO - STARTING WEB SCRAPING PIPELINE
2026-04-15 08:58:15,895 - __main__ - INFO - ============================================================
2026-04-15 08:58:15,895 - __main__ - INFO - 
==================================================
2026-04-15 08:58:15,895 - __main__ - INFO - STEP 1: SCRAPING
2026-04-15 08:58:15,895 - __main__ - INFO - ==================================================
2026-04-15 08:58:15,896 - __main__ - INFO - 
Running mywork_playwright scraper...
2026-04-15 08:58:15,896 - mywork_scraper - INFO - Scraping category: An ninh - Bao ve
2026-04-15 08:58:16,653 - mywork_scraper - INFO - Playwright browser initialized
2026-04-15 08:58:23,284 - mywork_scraper - INFO -   Total pages: 1, scraping: 1
2026-04-15 08:58:23,334 - mywork_scraper - INFO -   Category An ninh - Bao ve: 0 jobs
2026-04-15 08:58:25,334 - mywork_scraper - INFO - Scraping category: Lai xe - Van tai
2026-04-15 08:58:31,193 - mywork_scraper - INFO -   Total pages: 1, scraping: 1
2026-04-15 08:58:31,240 - mywork_scraper - INFO -   Category Lai xe - Van tai: 0 jobs
2026-04-15 08:58:33,241 - mywork_scraper - INFO - Scraping category: Lao dong pho thong
2026-04-15 08:58:39,063 - mywork_scraper - INFO -   Total pages: 1, scraping: 1
2026-04-15 08:58:39,176 - mywork_scraper - INFO -   Category Lao dong pho thong: 0 jobs
2026-04-15 08:58:41,177 - mywork_scraper - INFO - Scraping category: Nha hang - Khach san
2026-04-15 08:58:46,954 - mywork_scraper - INFO -   Total pages: 1, scraping: 1
2026-04-15 08:58:46,995 - mywork_scraper - INFO -   Category Nha hang - Khach san: 0 jobs
2026-04-15 08:58:48,996 - mywork_scraper - INFO - Scraping category: Co khi - Ky thuat
2026-04-15 08:58:54,673 - mywork_scraper - INFO -   Total pages: 1, scraping: 1
2026-04-15 08:58:54,712 - mywork_scraper - INFO -   Category Co khi - Ky thuat: 0 jobs
2026-04-15 08:58:56,713 - mywork_scraper - INFO - Scraping category: Kinh doanh - Ban hang
2026-04-15 08:59:02,550 - mywork_scraper - INFO -   Total pages: 1, scraping: 1
2026-04-15 08:59:02,613 - mywork_scraper - INFO -   Category Kinh doanh - Ban hang: 0 jobs
2026-04-15 08:59:04,614 - mywork_scraper - INFO - Total jobs scraped: 0
2026-04-15 08:59:04,614 - mywork_scraper - INFO - ==================================================
2026-04-15 08:59:04,614 - mywork_scraper - INFO - Scraper Statistics: MyWorkScraper
2026-04-15 08:59:04,614 - mywork_scraper - INFO -   Requests made: 6
2026-04-15 08:59:04,615 - mywork_scraper - INFO -   Requests failed: 0
2026-04-15 08:59:04,615 - mywork_scraper - INFO -   Pages scraped: 0
2026-04-15 08:59:04,615 - mywork_scraper - INFO -   Jobs found: 0
2026-04-15 08:59:04,615 - mywork_scraper - INFO -   Bytes downloaded: 8,076,769
2026-04-15 08:59:04,615 - mywork_scraper - INFO -   Rate limit hits: 0
2026-04-15 08:59:04,615 - mywork_scraper - INFO -   Blocked attempts: 0
2026-04-15 08:59:04,615 - mywork_scraper - INFO - ==================================================
2026-04-15 08:59:04,616 - __main__ - INFO - 
Total raw jobs scraped: 0
2026-04-15 08:59:04,616 - __main__ - INFO - 
--- SCRAPER SUMMARY ---
2026-04-15 08:59:04,616 - __main__ - INFO -   mywork_playwright: 0 jobs
2026-04-15 08:59:04,616 - __main__ - ERROR - No jobs scraped. Aborting.
2026-04-15 09:01:43,486 - __main__ - INFO - Scraping category: An ninh - Bao ve
2026-04-15 09:01:44,261 - __main__ - INFO - Playwright browser initialized
2026-04-15 09:01:51,190 - __main__ - INFO -   Total pages: 1, scraping: 1
2026-04-15 09:01:51,300 - __main__ - INFO -   Category An ninh - Bao ve: 0 jobs
2026-04-15 09:01:53,301 - __main__ - INFO - Scraping category: Lai xe - Van tai
2026-04-15 09:01:59,532 - __main__ - INFO -   Total pages: 1, scraping: 1
2026-04-15 09:01:59,645 - __main__ - INFO -   Category Lai xe - Van tai: 0 jobs
2026-04-15 09:02:01,646 - __main__ - INFO - Scraping category: Lao dong pho thong
2026-04-15 09:02:07,464 - __main__ - INFO -   Total pages: 1, scraping: 1
2026-04-15 09:02:07,508 - __main__ - INFO -   Category Lao dong pho thong: 0 jobs
2026-04-15 09:02:09,508 - __main__ - INFO - Scraping category: Nha hang - Khach san
2026-04-15 09:02:15,337 - __main__ - INFO -   Total pages: 1, scraping: 1
2026-04-15 09:02:15,379 - __main__ - INFO -   Category Nha hang - Khach san: 0 jobs
2026-04-15 09:02:17,380 - __main__ - INFO - Scraping category: Co khi - Ky thuat
2026-04-15 09:02:23,409 - __main__ - INFO -   Total pages: 1, scraping: 1
2026-04-15 09:02:23,454 - __main__ - INFO -   Category Co khi - Ky thuat: 0 jobs
2026-04-15 09:02:25,455 - __main__ - INFO - Scraping category: Kinh doanh - Ban hang
2026-04-15 09:02:31,702 - __main__ - INFO -   Total pages: 1, scraping: 1
2026-04-15 09:02:31,747 - __main__ - INFO -   Category Kinh doanh - Ban hang: 0 jobs
2026-04-15 09:02:33,748 - __main__ - INFO - Total jobs scraped: 0
2026-04-15 09:02:33,753 - __main__ - INFO - Saved 0 jobs to ..\data\scraped_mywork.json
2026-04-15 09:02:33,753 - __main__ - INFO - ==================================================
2026-04-15 09:02:33,753 - __main__ - INFO - Scraper Statistics: MyWorkScraper
2026-04-15 09:02:33,754 - __main__ - INFO -   Requests made: 6
2026-04-15 09:02:33,754 - __main__ - INFO -   Requests failed: 0
2026-04-15 09:02:33,755 - __main__ - INFO -   Pages scraped: 0
2026-04-15 09:02:33,755 - __main__ - INFO -   Jobs found: 0
2026-04-15 09:02:33,756 - __main__ - INFO -   Bytes downloaded: 8,137,889
2026-04-15 09:02:33,756 - __main__ - INFO -   Rate limit hits: 0
2026-04-15 09:02:33,756 - __main__ - INFO -   Blocked attempts: 0
2026-04-15 09:02:33,757 - __main__ - INFO - ==================================================
2026-04-15 09:03:35,988 - mywork_scraper - INFO - Scraping category: An ninh - Bao ve
2026-04-15 09:03:37,044 - mywork_scraper - INFO - Playwright browser initialized
2026-04-15 09:03:43,838 - mywork_scraper - INFO -   Total pages: 1, scraping: 1
2026-04-15 09:03:43,907 - mywork_scraper - INFO -   Category An ninh - Bao ve: 0 jobs
2026-04-15 09:04:08,650 - mywork_scraper - INFO - Playwright browser initialized
2026-04-15 09:05:01,940 - mywork_scraper - INFO - Playwright browser initialized
2026-04-15 09:05:22,249 - mywork_scraper - INFO - Playwright browser initialized
2026-04-15 09:06:00,964 - mywork_scraper - INFO - Playwright browser initialized
2026-04-15 09:06:31,653 - mywork_scraper - INFO - Playwright browser initialized
2026-04-15 09:07:14,910 - mywork_scraper - INFO - Playwright browser initialized
2026-04-15 09:07:50,687 - vieclamtot_scraper - INFO - Playwright browser initialized
2026-04-15 09:07:51,755 - vieclamtot_scraper - WARNING - HTTP 404 for https://www.vieclamtot.com/viec-lam-cong-nhan-nha-may
2026-04-15 09:08:07,213 - vieclamtot_scraper - INFO - Playwright browser initialized
2026-04-15 09:08:45,784 - vieclamtot_scraper - INFO - Playwright browser initialized
2026-04-15 09:10:35,002 - vieclamtot_scraper - INFO - Scraping category: Cong nhan - Nha may
2026-04-15 09:10:36,780 - vieclamtot_scraper - INFO - Playwright browser initialized
2026-04-15 09:10:44,896 - vieclamtot_scraper - INFO -   Total pages: 50, scraping: 1
2026-04-15 09:10:45,009 - vieclamtot_scraper - WARNING - Error parsing job link: unterminated character set at position 1
2026-04-15 09:10:45,009 - vieclamtot_scraper - WARNING - Error parsing job link: unterminated character set at position 1
2026-04-15 09:10:45,009 - vieclamtot_scraper - WARNING - Error parsing job link: unterminated character set at position 1
2026-04-15 09:10:45,010 - vieclamtot_scraper - WARNING - Error parsing job link: unterminated character set at position 1
2026-04-15 09:10:45,010 - vieclamtot_scraper - WARNING - Error parsing job link: unterminated character set at position 1
2026-04-15 09:10:45,010 - vieclamtot_scraper - WARNING - Error parsing job link: unterminated character set at position 1
2026-04-15 09:10:45,011 - vieclamtot_scraper - WARNING - Error parsing job link: unterminated character set at position 1
2026-04-15 09:10:45,011 - vieclamtot_scraper - WARNING - Error parsing job link: unterminated character set at position 1
2026-04-15 09:10:45,012 - vieclamtot_scraper - WARNING - Error parsing job link: unterminated character set at position 1
2026-04-15 09:10:45,012 - vieclamtot_scraper - WARNING - Error parsing job link: unterminated character set at position 1
2026-04-15 09:10:45,013 - vieclamtot_scraper - WARNING - Error parsing job link: unterminated character set at position 1
2026-04-15 09:10:45,013 - vieclamtot_scraper - WARNING - Error parsing job link: unterminated character set at position 1
2026-04-15 09:10:45,013 - vieclamtot_scraper - WARNING - Error parsing job link: unterminated character set at position 1
2026-04-15 09:10:45,016 - vieclamtot_scraper - WARNING - Error parsing job link: unterminated character set at position 1
2026-04-15 09:10:45,016 - vieclamtot_scraper - WARNING - Error parsing job link: unterminated character set at position 1
2026-04-15 09:10:45,017 - vieclamtot_scraper - WARNING - Error parsing job link: unterminated character set at position 1
2026-04-15 09:10:45,017 - vieclamtot_scraper - WARNING - Error parsing job link: unterminated character set at position 1
2026-04-15 09:10:45,017 - vieclamtot_scraper - WARNING - Error parsing job link: unterminated character set at position 1
2026-04-15 09:10:45,018 - vieclamtot_scraper - WARNING - Error parsing job link: unterminated character set at position 1
2026-04-15 09:10:45,018 - vieclamtot_scraper - WARNING - Error parsing job link: unterminated character set at position 1
2026-04-15 09:10:45,018 - vieclamtot_scraper - INFO -   Category Cong nhan - Nha may: 0 jobs
2026-04-15 09:10:47,024 - vieclamtot_scraper - INFO - Scraping category: Bao ve - An ninh
2026-04-15 09:10:47,288 - vieclamtot_scraper - WARNING - HTTP 403 for https://www.vieclamtot.com/viec-lam-bao-ve-sdjt7
2026-04-15 09:10:47,288 - vieclamtot_scraper - ERROR - Failed to fetch category page: Bao ve - An ninh
2026-04-15 09:11:25,451 - vieclamtot_scraper - INFO - Scraping category: Cong nhan - Nha may
2026-04-15 09:11:26,659 - vieclamtot_scraper - INFO - Playwright browser initialized
2026-04-15 09:11:32,977 - vieclamtot_scraper - INFO -   Total pages: 50, scraping: 1
2026-04-15 09:11:33,023 - vieclamtot_scraper - INFO -   Category Cong nhan - Nha may: 20 jobs
2026-04-15 09:12:38,469 - vieclamtot_scraper - INFO - Scraping category: Cong nhan - Nha may
2026-04-15 09:12:39,509 - vieclamtot_scraper - INFO - Playwright browser initialized
2026-04-15 09:12:46,251 - vieclamtot_scraper - INFO -   Total pages: 50, scraping: 1
2026-04-15 09:12:46,383 - vieclamtot_scraper - INFO -   Category Cong nhan - Nha may: 20 jobs
2026-04-15 09:12:48,384 - vieclamtot_scraper - INFO - Scraping category: Tai xe - Van tai
2026-04-15 09:12:48,581 - vieclamtot_scraper - WARNING - HTTP 403 for https://www.vieclamtot.com/viec-lam-tai-xe-sdjt3
2026-04-15 09:12:48,582 - vieclamtot_scraper - ERROR - Failed to fetch category page: Tai xe - Van tai
2026-04-15 09:12:50,582 - vieclamtot_scraper - INFO - Scraping category: Phuc vu
2026-04-15 09:12:50,693 - vieclamtot_scraper - WARNING - HTTP 403 for https://www.vieclamtot.com/viec-lam-nhan-vien-phuc-vu-sdjt27
2026-04-15 09:12:50,693 - vieclamtot_scraper - ERROR - Failed to fetch category page: Phuc vu
2026-04-15 09:14:52,727 - vieclamtot_scraper - INFO - Scraping category: Cong nhan - Nha may
2026-04-15 09:14:53,796 - vieclamtot_scraper - INFO - Playwright browser initialized
2026-04-15 09:15:01,266 - vieclamtot_scraper - INFO -   Total pages: 50, scraping: 1
2026-04-15 09:15:01,327 - vieclamtot_scraper - INFO -   Category Cong nhan - Nha may: 20 jobs
2026-04-15 09:15:03,328 - vieclamtot_scraper - INFO - Scraping category: Bao ve - An ninh
2026-04-15 09:15:03,557 - vieclamtot_scraper - WARNING - HTTP 403 for https://www.vieclamtot.com/viec-lam-bao-ve-sdjt7
2026-04-15 09:15:03,558 - vieclamtot_scraper - ERROR - Failed to fetch category page: Bao ve - An ninh
2026-04-15 09:15:05,558 - vieclamtot_scraper - INFO - Scraping category: Kinh doanh - Ban hang
2026-04-15 09:15:05,663 - vieclamtot_scraper - WARNING - HTTP 403 for https://www.vieclamtot.com/viec-lam-nhan-vien-kinh-doanh-sdjt15
2026-04-15 09:15:05,664 - vieclamtot_scraper - ERROR - Failed to fetch category page: Kinh doanh - Ban hang
2026-04-15 09:16:02,710 - vieclamtot_scraper - INFO - Scraping category: Cong nhan - Nha may
2026-04-15 09:16:03,661 - vieclamtot_scraper - INFO - Playwright browser initialized
2026-04-15 09:16:09,898 - vieclamtot_scraper - INFO -   Total pages: 50, scraping: 1
2026-04-15 09:16:09,986 - vieclamtot_scraper - INFO -   Category Cong nhan - Nha may: 20 jobs
2026-04-15 09:16:38,916 - vieclamtot_scraper - INFO - Scraping category: Cong nhan - Nha may
2026-04-15 09:16:39,691 - vieclamtot_scraper - INFO - Playwright browser initialized
2026-04-15 09:16:45,797 - vieclamtot_scraper - INFO -   Total pages: 50, scraping: 3
2026-04-15 09:16:46,103 - vieclamtot_scraper - WARNING - HTTP 403 for https://www.vieclamtot.com/viec-lam-cong-nhan-nha-may-sdjt17?page=2
2026-04-15 09:16:46,196 - vieclamtot_scraper - WARNING - HTTP 403 for https://www.vieclamtot.com/viec-lam-cong-nhan-nha-may-sdjt17?page=3
2026-04-15 09:16:46,197 - vieclamtot_scraper - INFO -   Category Cong nhan - Nha may: 20 jobs
2026-04-15 09:16:49,197 - vieclamtot_scraper - INFO - Scraping category: Kinh doanh - Ban hang
2026-04-15 09:16:49,280 - vieclamtot_scraper - WARNING - HTTP 403 for https://www.vieclamtot.com/viec-lam-nhan-vien-kinh-doanh-sdjt15
2026-04-15 09:16:49,280 - vieclamtot_scraper - ERROR - Failed to fetch category page: Kinh doanh - Ban hang
2026-04-15 09:16:52,288 - vieclamtot_scraper - INFO - Saved 20 jobs to ..\data\scraped_vieclamtot_20260415_091652.json
2026-04-15 09:17:30,421 - vieclamtot_scraper - INFO - Scraping category: Cong nhan - Nha may
2026-04-15 09:17:31,237 - vieclamtot_scraper - INFO - Playwright browser initialized
2026-04-15 09:17:37,401 - vieclamtot_scraper - INFO -   Total pages: 50, scraping: 1
2026-04-15 09:17:37,450 - vieclamtot_scraper - INFO -   Category Cong nhan - Nha may: 20 jobs
2026-04-15 09:17:47,451 - vieclamtot_scraper - INFO - Scraping category: Tai xe - Van tai
2026-04-15 09:17:47,657 - vieclamtot_scraper - WARNING - HTTP 403 for https://www.vieclamtot.com/viec-lam-tai-xe-sdjt3
2026-04-15 09:17:47,657 - vieclamtot_scraper - ERROR - Failed to fetch category page: Tai xe - Van tai
2026-04-15 09:17:57,658 - vieclamtot_scraper - INFO - Scraping category: Phuc vu
2026-04-15 09:17:57,751 - vieclamtot_scraper - WARNING - HTTP 403 for https://www.vieclamtot.com/viec-lam-nhan-vien-phuc-vu-sdjt27
2026-04-15 09:17:57,752 - vieclamtot_scraper - ERROR - Failed to fetch category page: Phuc vu
2026-04-15 09:18:07,752 - vieclamtot_scraper - INFO - Scraping category: Lao dong pho thong
2026-04-15 09:18:07,834 - vieclamtot_scraper - WARNING - HTTP 403 for https://www.vieclamtot.com/viec-lam-giao-hang-sdjt24
2026-04-15 09:18:07,834 - vieclamtot_scraper - ERROR - Failed to fetch category page: Lao dong pho thong
2026-04-15 09:18:17,835 - vieclamtot_scraper - INFO - Scraping category: Bao ve - An ninh
2026-04-15 09:18:17,926 - vieclamtot_scraper - WARNING - HTTP 403 for https://www.vieclamtot.com/viec-lam-bao-ve-sdjt7
2026-04-15 09:18:17,926 - vieclamtot_scraper - ERROR - Failed to fetch category page: Bao ve - An ninh
2026-04-15 09:18:27,927 - vieclamtot_scraper - INFO - Scraping category: Kinh doanh - Ban hang
2026-04-15 09:18:28,010 - vieclamtot_scraper - WARNING - HTTP 403 for https://www.vieclamtot.com/viec-lam-nhan-vien-kinh-doanh-sdjt15
2026-04-15 09:18:28,010 - vieclamtot_scraper - ERROR - Failed to fetch category page: Kinh doanh - Ban hang
2026-04-15 09:18:38,012 - vieclamtot_scraper - INFO - Saved 20 jobs to ..\data\scraped_vieclamtot_20260415_091838.json
2026-04-15 09:19:32,851 - vieclamtot_scraper - INFO - Scraping category: Cong nhan - Nha may
2026-04-15 09:19:33,978 - vieclamtot_scraper - INFO - Playwright browser initialized
2026-04-15 09:19:40,503 - vieclamtot_scraper - INFO -   Total pages: 50, scraping: 2
2026-04-15 09:19:41,574 - vieclamtot_scraper - INFO - Playwright browser initialized
2026-04-15 09:19:51,149 - vieclamtot_scraper - INFO -   Category Cong nhan - Nha may: 40 jobs
2026-04-15 09:19:56,149 - vieclamtot_scraper - INFO - Scraping category: Tai xe - Van tai
2026-04-15 09:19:56,363 - vieclamtot_scraper - WARNING - HTTP 403 for https://www.vieclamtot.com/viec-lam-tai-xe-sdjt3
2026-04-15 09:19:56,363 - vieclamtot_scraper - ERROR - Failed to fetch category page: Tai xe - Van tai
2026-04-15 09:20:01,363 - vieclamtot_scraper - INFO - Scraping category: Phuc vu
2026-04-15 09:20:01,454 - vieclamtot_scraper - WARNING - HTTP 403 for https://www.vieclamtot.com/viec-lam-nhan-vien-phuc-vu-sdjt27
2026-04-15 09:20:01,454 - vieclamtot_scraper - ERROR - Failed to fetch category page: Phuc vu
2026-04-15 09:21:02,075 - vieclamtot_scraper - INFO - Scraping category: Cong nhan - Nha may
2026-04-15 09:21:02,982 - vieclamtot_scraper - INFO - Playwright browser initialized
2026-04-15 09:21:09,560 - vieclamtot_scraper - INFO -   Total pages: 50, scraping: 1
2026-04-15 09:21:09,601 - vieclamtot_scraper - INFO -   Category Cong nhan - Nha may: 20 jobs
2026-04-15 09:21:09,741 - vieclamtot_scraper - INFO - Scraping category: Tai xe - Van tai
2026-04-15 09:21:10,512 - vieclamtot_scraper - INFO - Playwright browser initialized
2026-04-15 09:21:16,981 - vieclamtot_scraper - INFO -   Total pages: 50, scraping: 1
2026-04-15 09:21:17,077 - vieclamtot_scraper - INFO -   Category Tai xe - Van tai: 20 jobs
2026-04-15 09:21:17,262 - vieclamtot_scraper - INFO - Scraping category: Phuc vu
2026-04-15 09:21:18,448 - vieclamtot_scraper - INFO - Playwright browser initialized
2026-04-15 09:21:24,759 - vieclamtot_scraper - INFO -   Total pages: 50, scraping: 1
2026-04-15 09:21:24,802 - vieclamtot_scraper - INFO -   Category Phuc vu: 20 jobs
2026-04-15 09:21:40,322 - vieclamtot_scraper - INFO - Scraping category: Cong nhan - Nha may
2026-04-15 09:21:41,132 - vieclamtot_scraper - INFO - Playwright browser initialized
2026-04-15 09:21:47,298 - vieclamtot_scraper - INFO -   Total pages: 50, scraping: 3
2026-04-15 09:21:49,173 - vieclamtot_scraper - INFO - Playwright browser initialized
2026-04-15 09:22:00,256 - vieclamtot_scraper - INFO - Playwright browser initialized
2026-04-15 09:22:09,914 - vieclamtot_scraper - INFO -   Category Cong nhan - Nha may: 60 jobs
2026-04-15 09:22:10,039 - vieclamtot_scraper - INFO - Scraping category: Tai xe - Van tai
2026-04-15 09:22:10,738 - vieclamtot_scraper - INFO - Playwright browser initialized
2026-04-15 09:22:16,978 - vieclamtot_scraper - INFO -   Total pages: 50, scraping: 3
2026-04-15 09:22:18,665 - vieclamtot_scraper - INFO - Playwright browser initialized
2026-04-15 09:22:28,895 - vieclamtot_scraper - INFO - Playwright browser initialized
2026-04-15 09:22:38,410 - vieclamtot_scraper - INFO -   Category Tai xe - Van tai: 60 jobs
2026-04-15 09:22:38,543 - vieclamtot_scraper - INFO - Scraping category: Phuc vu
2026-04-15 09:22:39,335 - vieclamtot_scraper - INFO - Playwright browser initialized
2026-04-15 09:22:46,036 - vieclamtot_scraper - INFO -   Total pages: 50, scraping: 3
2026-04-15 09:22:47,830 - vieclamtot_scraper - INFO - Playwright browser initialized
2026-04-15 09:22:58,347 - vieclamtot_scraper - INFO - Playwright browser initialized
2026-04-15 09:23:07,764 - vieclamtot_scraper - INFO -   Category Phuc vu: 60 jobs
2026-04-15 09:23:07,882 - vieclamtot_scraper - INFO - Scraping category: Lao dong pho thong
2026-04-15 09:23:08,618 - vieclamtot_scraper - INFO - Playwright browser initialized
2026-04-15 09:23:15,240 - vieclamtot_scraper - INFO -   Total pages: 50, scraping: 3
2026-04-15 09:23:16,654 - vieclamtot_scraper - INFO - Playwright browser initialized
2026-04-15 09:23:27,221 - vieclamtot_scraper - INFO - Playwright browser initialized
2026-04-15 09:23:36,635 - vieclamtot_scraper - INFO -   Category Lao dong pho thong: 60 jobs
2026-04-15 09:23:36,751 - vieclamtot_scraper - INFO - Scraping category: Bao ve - An ninh
2026-04-15 09:23:37,480 - vieclamtot_scraper - INFO - Playwright browser initialized
2026-04-15 09:23:44,466 - vieclamtot_scraper - INFO -   Total pages: 50, scraping: 3
2026-04-15 09:23:46,281 - vieclamtot_scraper - INFO - Playwright browser initialized
2026-04-15 09:23:57,218 - vieclamtot_scraper - INFO - Playwright browser initialized
2026-04-15 09:24:06,803 - vieclamtot_scraper - INFO -   Category Bao ve - An ninh: 60 jobs
2026-04-15 09:24:06,930 - vieclamtot_scraper - INFO - Scraping category: Kinh doanh - Ban hang
2026-04-15 09:24:07,901 - vieclamtot_scraper - INFO - Playwright browser initialized
2026-04-15 09:24:14,153 - vieclamtot_scraper - INFO -   Total pages: 50, scraping: 3
2026-04-15 09:24:15,604 - vieclamtot_scraper - INFO - Playwright browser initialized
2026-04-15 09:24:26,417 - vieclamtot_scraper - INFO - Playwright browser initialized
2026-04-15 09:24:35,916 - vieclamtot_scraper - INFO -   Category Kinh doanh - Ban hang: 60 jobs
2026-04-15 09:24:36,047 - vieclamtot_scraper - INFO - Saved 360 jobs to ..\data\scraped_vieclamtot_20260415_092436.json
2026-04-15 09:26:00,019 - __main__ - INFO - Scraping category: An ninh - Bao ve
2026-04-15 09:26:00,990 - __main__ - INFO - Playwright browser initialized
2026-04-15 09:26:07,700 - __main__ - INFO -   Total pages: 1, scraping: 1
2026-04-15 09:26:07,749 - __main__ - INFO -   Category An ninh - Bao ve: 0 jobs
2026-04-15 09:26:09,749 - __main__ - INFO - Scraping category: Lai xe - Van tai
2026-04-15 09:26:15,685 - __main__ - INFO -   Total pages: 1, scraping: 1
2026-04-15 09:26:15,768 - __main__ - INFO -   Category Lai xe - Van tai: 0 jobs
2026-04-15 09:26:17,769 - __main__ - INFO - Scraping category: Lao dong pho thong
2026-04-15 09:26:23,737 - __main__ - INFO -   Total pages: 1, scraping: 1
2026-04-15 09:26:23,824 - __main__ - INFO -   Category Lao dong pho thong: 0 jobs
2026-04-15 09:26:25,826 - __main__ - INFO - Scraping category: Nha hang - Khach san
2026-04-15 09:26:31,533 - __main__ - INFO -   Total pages: 1, scraping: 1
2026-04-15 09:26:31,573 - __main__ - INFO -   Category Nha hang - Khach san: 0 jobs
2026-04-15 09:26:33,574 - __main__ - INFO - Scraping category: Co khi - Ky thuat
2026-04-15 09:26:39,328 - __main__ - INFO -   Total pages: 1, scraping: 1
2026-04-15 09:26:39,372 - __main__ - INFO -   Category Co khi - Ky thuat: 0 jobs
2026-04-15 09:26:41,373 - __main__ - INFO - Scraping category: Kinh doanh - Ban hang
2026-04-15 09:26:50,196 - asyncio - ERROR - Task was destroyed but it is pending!
task: <Task pending name='Task-22' coro=<Browser.close() running at C:\Users\DELL\AppData\Roaming\Python\Python313\site-packages\playwright\_impl\_browser.py:232> cb=[SyncBase._sync.<locals>.<lambda>() at C:\Users\DELL\AppData\Roaming\Python\Python313\site-packages\playwright\_impl\_sync_base.py:111]>
2026-04-15 09:26:50,198 - asyncio - ERROR - Task was destroyed but it is pending!
task: <Task pending name='Task-21' coro=<Page.goto() done, defined at C:\Users\DELL\AppData\Roaming\Python\Python313\site-packages\playwright\_impl\_page.py:545> wait_for=<Future pending cb=[Task.task_wakeup()]> cb=[SyncBase._sync.<locals>.<lambda>() at C:\Users\DELL\AppData\Roaming\Python\Python313\site-packages\playwright\_impl\_sync_base.py:111, ProtocolCallback.__init__.<locals>.cb() at C:\Users\DELL\AppData\Roaming\Python\Python313\site-packages\playwright\_impl\_connection.py:230]>
2026-04-15 09:27:15,462 - __main__ - INFO - Initialized ScrapingOrchestrator
2026-04-15 09:27:15,463 - __main__ - INFO -   Data dir: D:\LUAN_VAN\restart-35-platform\ai-service\data
2026-04-15 09:27:15,463 - __main__ - INFO -   Output dir: D:\LUAN_VAN\restart-35-platform\ai-service\data\scraped
2026-04-15 09:27:15,463 - __main__ - INFO -   Pages per scraper: 3
2026-04-15 09:27:15,464 - __main__ - INFO -   Sources: ['vieclamtot']
2026-04-15 09:27:15,464 - __main__ - INFO -   Dry run: False
2026-04-15 09:27:15,464 - __main__ - INFO - ============================================================
2026-04-15 09:27:15,464 - __main__ - INFO - STARTING WEB SCRAPING PIPELINE
2026-04-15 09:27:15,465 - __main__ - INFO - ============================================================
2026-04-15 09:27:15,465 - __main__ - INFO - 
==================================================
2026-04-15 09:27:15,465 - __main__ - INFO - STEP 1: SCRAPING
2026-04-15 09:27:15,465 - __main__ - INFO - ==================================================
2026-04-15 09:27:15,465 - __main__ - INFO - 
Running vieclamtot scraper...
2026-04-15 09:27:15,466 - vieclamtot_scraper - INFO - Scraping category: Cong nhan - Nha may
2026-04-15 09:27:16,176 - vieclamtot_scraper - INFO - Playwright browser initialized
2026-04-15 09:27:22,947 - vieclamtot_scraper - INFO -   Total pages: 50, scraping: 3
2026-04-15 09:27:24,539 - vieclamtot_scraper - INFO - Playwright browser initialized
2026-04-15 09:27:34,116 - vieclamtot_scraper - INFO - Playwright browser initialized
2026-04-15 09:27:42,615 - vieclamtot_scraper - INFO -   Category Cong nhan - Nha may: 60 jobs
2026-04-15 09:27:44,616 - vieclamtot_scraper - INFO - Scraping category: Tai xe - Van tai
2026-04-15 09:27:44,871 - vieclamtot_scraper - WARNING - HTTP 403 for https://www.vieclamtot.com/viec-lam-tai-xe-sdjt3
2026-04-15 09:27:44,872 - vieclamtot_scraper - ERROR - Failed to fetch category page: Tai xe - Van tai
2026-04-15 09:27:46,873 - vieclamtot_scraper - INFO - Scraping category: Phuc vu
2026-04-15 09:27:46,964 - vieclamtot_scraper - WARNING - HTTP 403 for https://www.vieclamtot.com/viec-lam-nhan-vien-phuc-vu-sdjt27
2026-04-15 09:27:46,966 - vieclamtot_scraper - ERROR - Failed to fetch category page: Phuc vu
2026-04-15 09:27:48,967 - vieclamtot_scraper - INFO - Scraping category: Lao dong pho thong
2026-04-15 09:27:49,055 - vieclamtot_scraper - WARNING - HTTP 403 for https://www.vieclamtot.com/viec-lam-giao-hang-sdjt24
2026-04-15 09:27:49,055 - vieclamtot_scraper - ERROR - Failed to fetch category page: Lao dong pho thong
2026-04-15 09:27:51,056 - vieclamtot_scraper - INFO - Scraping category: Bao ve - An ninh
2026-04-15 09:27:51,141 - vieclamtot_scraper - WARNING - HTTP 403 for https://www.vieclamtot.com/viec-lam-bao-ve-sdjt7
2026-04-15 09:27:51,142 - vieclamtot_scraper - ERROR - Failed to fetch category page: Bao ve - An ninh
2026-04-15 09:27:53,142 - vieclamtot_scraper - INFO - Scraping category: Kinh doanh - Ban hang
2026-04-15 09:27:53,224 - vieclamtot_scraper - WARNING - HTTP 403 for https://www.vieclamtot.com/viec-lam-nhan-vien-kinh-doanh-sdjt15
2026-04-15 09:27:53,224 - vieclamtot_scraper - ERROR - Failed to fetch category page: Kinh doanh - Ban hang
2026-04-15 09:27:55,225 - vieclamtot_scraper - INFO - Total jobs scraped: 60
2026-04-15 09:27:55,225 - vieclamtot_scraper - INFO - ==================================================
2026-04-15 09:27:55,225 - vieclamtot_scraper - INFO - Scraper Statistics: VieclamtotScraper
2026-04-15 09:27:55,226 - vieclamtot_scraper - INFO -   Requests made: 3
2026-04-15 09:27:55,226 - vieclamtot_scraper - INFO -   Requests failed: 0
2026-04-15 09:27:55,226 - vieclamtot_scraper - INFO -   Pages scraped: 0
2026-04-15 09:27:55,226 - vieclamtot_scraper - INFO -   Jobs found: 60
2026-04-15 09:27:55,227 - vieclamtot_scraper - INFO -   Bytes downloaded: 1,718,993
2026-04-15 09:27:55,227 - vieclamtot_scraper - INFO -   Rate limit hits: 0
2026-04-15 09:27:55,227 - vieclamtot_scraper - INFO -   Blocked attempts: 0
2026-04-15 09:27:55,227 - vieclamtot_scraper - INFO - ==================================================
2026-04-15 09:27:55,227 - __main__ - INFO - 
Total raw jobs scraped: 60
2026-04-15 09:27:55,228 - __main__ - INFO - 
--- SCRAPER SUMMARY ---
2026-04-15 09:27:55,228 - __main__ - INFO -   vieclamtot: 60 jobs
2026-04-15 09:27:55,228 - __main__ - INFO - 
==================================================
2026-04-15 09:27:55,228 - __main__ - INFO - STEP 2: TRANSFORMING
2026-04-15 09:27:55,229 - __main__ - INFO - ==================================================
2026-04-15 09:27:55,229 - __main__ - INFO - Transforming 60 jobs from Vieclamtot...
2026-04-15 09:27:55,233 - __main__ - INFO -   Transformed: 60 jobs
2026-04-15 09:27:55,233 - data_transformer - INFO - ==================================================
2026-04-15 09:27:55,233 - data_transformer - INFO - Data Transformer Statistics
2026-04-15 09:27:55,233 - data_transformer - INFO -   Total processed: 60
2026-04-15 09:27:55,233 - data_transformer - INFO -   Transformed: 60
2026-04-15 09:27:55,234 - data_transformer - INFO -   Skipped: 0
2026-04-15 09:27:55,234 - data_transformer - INFO -   Errors: 0
2026-04-15 09:27:55,234 - data_transformer - INFO -   Success rate: 100.0%
2026-04-15 09:27:55,234 - data_transformer - INFO - ==================================================
2026-04-15 09:27:55,234 - __main__ - INFO - 
==================================================
2026-04-15 09:27:55,234 - __main__ - INFO - STEP 3: DEDUPLICATING
2026-04-15 09:27:55,235 - __main__ - INFO - ==================================================
2026-04-15 09:27:55,235 - deduplicator - INFO - Filtered 0 invalid jobs
2026-04-15 09:27:55,235 - deduplicator - INFO - Removed 0 exact duplicates
2026-04-15 09:27:55,242 - deduplicator - INFO - Removed 0 fuzzy duplicates
2026-04-15 09:27:55,242 - deduplicator - INFO - Filtered 0 outdated jobs
2026-04-15 09:27:55,242 - deduplicator - INFO - ==================================================
2026-04-15 09:27:55,242 - deduplicator - INFO - Deduplication Statistics
2026-04-15 09:27:55,242 - deduplicator - INFO -   Total input: 60
2026-04-15 09:27:55,243 - deduplicator - INFO -   Exact duplicates: 0
2026-04-15 09:27:55,243 - deduplicator - INFO -   Fuzzy duplicates: 0
2026-04-15 09:27:55,243 - deduplicator - INFO -   Outdated: 0
2026-04-15 09:27:55,243 - deduplicator - INFO -   Invalid: 0
2026-04-15 09:27:55,243 - deduplicator - INFO -   Total output: 60
2026-04-15 09:27:55,243 - deduplicator - INFO -   Keep rate: 100.0%
2026-04-15 09:27:55,243 - deduplicator - INFO - ==================================================
2026-04-15 09:27:55,244 - __main__ - INFO - Quality score: 0.0/100
2026-04-15 09:27:55,244 - __main__ - INFO - 
==================================================
2026-04-15 09:27:55,244 - __main__ - INFO - STEP 4: MERGING WITH EXISTING DATA
2026-04-15 09:27:55,244 - __main__ - INFO - ==================================================
2026-04-15 09:27:55,292 - __main__ - INFO - Found 1205 existing jobs
2026-04-15 09:27:55,328 - deduplicator - INFO - Filtered 0 invalid jobs
2026-04-15 09:27:55,331 - deduplicator - INFO - Removed 29 exact duplicates
2026-04-15 09:27:56,050 - deduplicator - INFO - Removed 7 fuzzy duplicates
2026-04-15 09:27:56,051 - deduplicator - INFO - Filtered 0 outdated jobs
2026-04-15 09:27:56,051 - __main__ - INFO - After merge and dedup: 1229 jobs
2026-04-15 09:27:56,051 - __main__ - INFO - 
==================================================
2026-04-15 09:27:56,051 - __main__ - INFO - STEP 5: SAVING RESULTS
2026-04-15 09:27:56,052 - __main__ - INFO - ==================================================
2026-04-15 09:27:56,060 - __main__ - INFO - Backed up existing file to jobs_backup_20260415_092756.csv
2026-04-15 09:27:56,093 - __main__ - INFO - Saved 1229 jobs to D:\LUAN_VAN\restart-35-platform\ai-service\data\jobs.csv
2026-04-15 09:27:56,123 - __main__ - INFO - Saved raw data to scraped_20260415_092756.csv
2026-04-15 09:27:56,124 - __main__ - INFO - Saved metadata to metadata_20260415_092756.json
2026-04-15 09:27:56,124 - __main__ - INFO - Results saved successfully!
2026-04-15 09:27:56,124 - __main__ - INFO - 
============================================================
2026-04-15 09:27:56,124 - __main__ - INFO - SCRAPING PIPELINE COMPLETE
2026-04-15 09:27:56,125 - __main__ - INFO - ============================================================
2026-04-15 09:27:56,125 - __main__ - INFO - Duration: None
2026-04-15 09:27:56,125 - __main__ - INFO - Scrapers run: 1
2026-04-15 09:27:56,125 - __main__ - INFO - Raw jobs scraped: 60
2026-04-15 09:27:56,125 - __main__ - INFO - Jobs transformed: 60
2026-04-15 09:27:56,126 - __main__ - INFO - Unique jobs: 60
2026-04-15 09:27:56,126 - __main__ - INFO - Final jobs (after merge): 1229
2026-04-15 09:27:56,126 - __main__ - INFO - Deduplication rate: 0.0%
2026-04-15 09:27:56,126 - __main__ - INFO - ============================================================
2026-04-15 09:28:57,165 - __main__ - INFO - Initialized ScrapingOrchestrator
2026-04-15 09:28:57,165 - __main__ - INFO -   Data dir: D:\LUAN_VAN\restart-35-platform\ai-service\data
2026-04-15 09:28:57,165 - __main__ - INFO -   Output dir: D:\LUAN_VAN\restart-35-platform\ai-service\data\scraped
2026-04-15 09:28:57,166 - __main__ - INFO -   Pages per scraper: 3
2026-04-15 09:28:57,166 - __main__ - INFO -   Sources: ['vieclamtot']
2026-04-15 09:28:57,166 - __main__ - INFO -   Dry run: False
2026-04-15 09:28:57,166 - __main__ - INFO - ============================================================
2026-04-15 09:28:57,167 - __main__ - INFO - STARTING WEB SCRAPING PIPELINE
2026-04-15 09:28:57,167 - __main__ - INFO - ============================================================
2026-04-15 09:28:57,167 - __main__ - INFO - 
==================================================
2026-04-15 09:28:57,168 - __main__ - INFO - STEP 1: SCRAPING
2026-04-15 09:28:57,168 - __main__ - INFO - ==================================================
2026-04-15 09:28:57,168 - __main__ - INFO - 
Running vieclamtot scraper...
2026-04-15 09:28:57,168 - vieclamtot_scraper - INFO - Scraping category: Cong nhan - Nha may
2026-04-15 09:28:57,920 - vieclamtot_scraper - INFO - Playwright browser initialized
2026-04-15 09:29:04,567 - vieclamtot_scraper - INFO -   Total pages: 50, scraping: 3
2026-04-15 09:29:05,382 - vieclamtot_scraper - INFO - Playwright browser initialized
2026-04-15 09:29:14,507 - vieclamtot_scraper - INFO - Playwright browser initialized
2026-04-15 09:29:23,067 - vieclamtot_scraper - INFO -   Category Cong nhan - Nha may: 60 jobs
2026-04-15 09:29:25,067 - vieclamtot_scraper - INFO - Scraping category: Tai xe - Van tai
2026-04-15 09:29:25,307 - vieclamtot_scraper - WARNING - HTTP 403 for https://www.vieclamtot.com/viec-lam-tai-xe-sdjt3
2026-04-15 09:29:25,308 - vieclamtot_scraper - ERROR - Failed to fetch category page: Tai xe - Van tai
2026-04-15 09:29:27,309 - vieclamtot_scraper - INFO - Scraping category: Phuc vu
2026-04-15 09:29:27,490 - vieclamtot_scraper - WARNING - HTTP 403 for https://www.vieclamtot.com/viec-lam-nhan-vien-phuc-vu-sdjt27
2026-04-15 09:29:27,494 - vieclamtot_scraper - ERROR - Failed to fetch category page: Phuc vu
2026-04-15 09:29:29,495 - vieclamtot_scraper - INFO - Scraping category: Lao dong pho thong
2026-04-15 09:29:29,582 - vieclamtot_scraper - WARNING - HTTP 403 for https://www.vieclamtot.com/viec-lam-giao-hang-sdjt24
2026-04-15 09:29:29,582 - vieclamtot_scraper - ERROR - Failed to fetch category page: Lao dong pho thong
2026-04-15 09:29:31,583 - vieclamtot_scraper - INFO - Scraping category: Bao ve - An ninh
2026-04-15 09:29:31,662 - vieclamtot_scraper - WARNING - HTTP 403 for https://www.vieclamtot.com/viec-lam-bao-ve-sdjt7
2026-04-15 09:29:31,662 - vieclamtot_scraper - ERROR - Failed to fetch category page: Bao ve - An ninh
2026-04-15 09:29:33,663 - vieclamtot_scraper - INFO - Scraping category: Kinh doanh - Ban hang
2026-04-15 09:29:33,748 - vieclamtot_scraper - WARNING - HTTP 403 for https://www.vieclamtot.com/viec-lam-nhan-vien-kinh-doanh-sdjt15
2026-04-15 09:29:33,748 - vieclamtot_scraper - ERROR - Failed to fetch category page: Kinh doanh - Ban hang
2026-04-15 09:29:35,749 - vieclamtot_scraper - INFO - Total jobs scraped: 60
2026-04-15 09:29:35,749 - vieclamtot_scraper - INFO - ==================================================
2026-04-15 09:29:35,749 - vieclamtot_scraper - INFO - Scraper Statistics: VieclamtotScraper
2026-04-15 09:29:35,750 - vieclamtot_scraper - INFO -   Requests made: 3
2026-04-15 09:29:35,750 - vieclamtot_scraper - INFO -   Requests failed: 0
2026-04-15 09:29:35,750 - vieclamtot_scraper - INFO -   Pages scraped: 0
2026-04-15 09:29:35,750 - vieclamtot_scraper - INFO -   Jobs found: 60
2026-04-15 09:29:35,750 - vieclamtot_scraper - INFO -   Bytes downloaded: 1,719,306
2026-04-15 09:29:35,750 - vieclamtot_scraper - INFO -   Rate limit hits: 0
2026-04-15 09:29:35,751 - vieclamtot_scraper - INFO -   Blocked attempts: 0
2026-04-15 09:29:35,751 - vieclamtot_scraper - INFO - ==================================================
2026-04-15 09:29:35,751 - __main__ - INFO - 
Total raw jobs scraped: 60
2026-04-15 09:29:35,751 - __main__ - INFO - 
--- SCRAPER SUMMARY ---
2026-04-15 09:29:35,751 - __main__ - INFO -   vieclamtot: 60 jobs
2026-04-15 09:29:35,751 - __main__ - INFO - 
==================================================
2026-04-15 09:29:35,751 - __main__ - INFO - STEP 2: TRANSFORMING
2026-04-15 09:29:35,752 - __main__ - INFO - ==================================================
2026-04-15 09:29:35,752 - __main__ - INFO - Transforming 60 jobs from Vieclamtot...
2026-04-15 09:29:35,756 - __main__ - INFO -   Transformed: 60 jobs
2026-04-15 09:29:35,757 - data_transformer - INFO - ==================================================
2026-04-15 09:29:35,757 - data_transformer - INFO - Data Transformer Statistics
2026-04-15 09:29:35,757 - data_transformer - INFO -   Total processed: 60
2026-04-15 09:29:35,757 - data_transformer - INFO -   Transformed: 60
2026-04-15 09:29:35,757 - data_transformer - INFO -   Skipped: 0
2026-04-15 09:29:35,758 - data_transformer - INFO -   Errors: 0
2026-04-15 09:29:35,758 - data_transformer - INFO -   Success rate: 100.0%
2026-04-15 09:29:35,758 - data_transformer - INFO - ==================================================
2026-04-15 09:29:35,758 - __main__ - INFO - 
==================================================
2026-04-15 09:29:35,758 - __main__ - INFO - STEP 3: DEDUPLICATING
2026-04-15 09:29:35,758 - __main__ - INFO - ==================================================
2026-04-15 09:29:35,759 - deduplicator - INFO - Filtered 0 invalid jobs
2026-04-15 09:29:35,759 - deduplicator - INFO - Removed 0 exact duplicates
2026-04-15 09:29:35,766 - deduplicator - INFO - Removed 0 fuzzy duplicates
2026-04-15 09:29:35,766 - deduplicator - INFO - Filtered 0 outdated jobs
2026-04-15 09:29:35,766 - deduplicator - INFO - ==================================================
2026-04-15 09:29:35,766 - deduplicator - INFO - Deduplication Statistics
2026-04-15 09:29:35,766 - deduplicator - INFO -   Total input: 60
2026-04-15 09:29:35,767 - deduplicator - INFO -   Exact duplicates: 0
2026-04-15 09:29:35,767 - deduplicator - INFO -   Fuzzy duplicates: 0
2026-04-15 09:29:35,767 - deduplicator - INFO -   Outdated: 0
2026-04-15 09:29:35,767 - deduplicator - INFO -   Invalid: 0
2026-04-15 09:29:35,767 - deduplicator - INFO -   Total output: 60
2026-04-15 09:29:35,767 - deduplicator - INFO -   Keep rate: 100.0%
2026-04-15 09:29:35,767 - deduplicator - INFO - ==================================================
2026-04-15 09:29:35,768 - __main__ - INFO - Quality score: 0.0/100
2026-04-15 09:29:35,768 - __main__ - INFO - 
==================================================
2026-04-15 09:29:35,768 - __main__ - INFO - STEP 4: MERGING WITH EXISTING DATA
2026-04-15 09:29:35,769 - __main__ - INFO - ==================================================
2026-04-15 09:29:35,791 - __main__ - INFO - Found 1229 existing jobs
2026-04-15 09:29:35,809 - deduplicator - INFO - Filtered 0 invalid jobs
2026-04-15 09:29:35,812 - deduplicator - INFO - Removed 49 exact duplicates
2026-04-15 09:29:36,574 - deduplicator - INFO - Removed 11 fuzzy duplicates
2026-04-15 09:29:36,575 - deduplicator - INFO - Filtered 0 outdated jobs
2026-04-15 09:29:36,575 - __main__ - INFO - After merge and dedup: 1229 jobs
2026-04-15 09:29:36,576 - __main__ - INFO - 
==================================================
2026-04-15 09:29:36,576 - __main__ - INFO - STEP 5: SAVING RESULTS
2026-04-15 09:29:36,576 - __main__ - INFO - ==================================================
2026-04-15 09:29:36,580 - __main__ - INFO - Backed up existing file to jobs_backup_20260415_092936.csv
2026-04-15 09:29:36,610 - __main__ - INFO - Saved 1229 jobs to D:\LUAN_VAN\restart-35-platform\ai-service\data\jobs.csv
2026-04-15 09:29:36,634 - __main__ - INFO - Saved raw data to scraped_20260415_092936.csv
2026-04-15 09:29:36,635 - __main__ - INFO - Saved metadata to metadata_20260415_092936.json
2026-04-15 09:29:36,636 - __main__ - INFO - Results saved successfully!
2026-04-15 09:29:36,636 - __main__ - INFO - 
============================================================
2026-04-15 09:29:36,636 - __main__ - INFO - SCRAPING PIPELINE COMPLETE
2026-04-15 09:29:36,636 - __main__ - INFO - ============================================================
2026-04-15 09:29:36,636 - __main__ - INFO - Duration: None
2026-04-15 09:29:36,636 - __main__ - INFO - Scrapers run: 1
2026-04-15 09:29:36,636 - __main__ - INFO - Raw jobs scraped: 60
2026-04-15 09:29:36,637 - __main__ - INFO - Jobs transformed: 60
2026-04-15 09:29:36,637 - __main__ - INFO - Unique jobs: 60
2026-04-15 09:29:36,637 - __main__ - INFO - Final jobs (after merge): 1229
2026-04-15 09:29:36,637 - __main__ - INFO - Deduplication rate: 0.0%
2026-04-15 09:29:36,637 - __main__ - INFO - ============================================================
2026-04-15 09:33:18,035 - run_scraping - INFO - Initialized ScrapingOrchestrator
2026-04-15 09:33:18,035 - run_scraping - INFO -   Data dir: D:\LUAN_VAN\restart-35-platform\ai-service\data
2026-04-15 09:33:18,035 - run_scraping - INFO -   Output dir: D:\LUAN_VAN\restart-35-platform\ai-service\data\scraped
2026-04-15 09:33:18,035 - run_scraping - INFO -   Pages per scraper: 2
2026-04-15 09:33:18,035 - run_scraping - INFO -   Sources: ['vieclamtot']
2026-04-15 09:33:18,035 - run_scraping - INFO -   Dry run: True
2026-04-15 09:33:18,035 - run_scraping - INFO - ============================================================
2026-04-15 09:33:18,035 - run_scraping - INFO - STARTING WEB SCRAPING PIPELINE
2026-04-15 09:33:18,035 - run_scraping - INFO - ============================================================
2026-04-15 09:33:18,035 - run_scraping - INFO - 
==================================================
2026-04-15 09:33:18,035 - run_scraping - INFO - STEP 1: SCRAPING
2026-04-15 09:33:18,035 - run_scraping - INFO - ==================================================
2026-04-15 09:33:18,035 - run_scraping - INFO - 
Running vieclamtot scraper...
2026-04-15 09:33:18,035 - vieclamtot_scraper - INFO - Scraping category: Cong nhan - Nha may
2026-04-15 09:33:19,369 - vieclamtot_scraper - INFO - Playwright browser initialized
2026-04-15 09:33:27,097 - vieclamtot_scraper - INFO -   Total pages: 50, scraping: 2
2026-04-15 09:33:29,144 - vieclamtot_scraper - INFO - Playwright browser initialized
2026-04-15 09:33:37,873 - vieclamtot_scraper - INFO -   Category Cong nhan - Nha may: 40 jobs
2026-04-15 09:33:37,873 - run_scraping - INFO -   cong_nhan: 40 jobs
2026-04-15 09:33:40,061 - vieclamtot_scraper - INFO - Scraping category: Tai xe - Van tai
2026-04-15 09:33:40,808 - vieclamtot_scraper - INFO - Playwright browser initialized
2026-04-15 09:33:47,253 - vieclamtot_scraper - INFO -   Total pages: 50, scraping: 2
2026-04-15 09:33:48,350 - vieclamtot_scraper - INFO - Playwright browser initialized
2026-04-15 09:33:56,829 - vieclamtot_scraper - INFO -   Category Tai xe - Van tai: 40 jobs
2026-04-15 09:33:56,829 - run_scraping - INFO -   tai_xe: 40 jobs
2026-04-15 09:33:58,954 - vieclamtot_scraper - INFO - Scraping category: Phuc vu
2026-04-15 09:33:59,674 - vieclamtot_scraper - INFO - Playwright browser initialized
2026-04-15 09:34:06,131 - vieclamtot_scraper - INFO -   Total pages: 50, scraping: 2
2026-04-15 09:34:07,039 - vieclamtot_scraper - INFO - Playwright browser initialized
2026-04-15 09:34:15,660 - vieclamtot_scraper - INFO -   Category Phuc vu: 40 jobs
2026-04-15 09:34:15,660 - run_scraping - INFO -   phuc_vu: 40 jobs
2026-04-15 09:34:17,777 - vieclamtot_scraper - INFO - Scraping category: Lao dong pho thong
2026-04-15 09:34:18,522 - vieclamtot_scraper - INFO - Playwright browser initialized
2026-04-15 09:34:25,014 - vieclamtot_scraper - INFO -   Total pages: 50, scraping: 2
2026-04-15 09:34:25,921 - vieclamtot_scraper - INFO - Playwright browser initialized
2026-04-15 09:34:34,454 - vieclamtot_scraper - INFO -   Category Lao dong pho thong: 40 jobs
2026-04-15 09:34:34,454 - run_scraping - INFO -   lao_dong: 40 jobs
2026-04-15 09:34:36,586 - vieclamtot_scraper - INFO - Scraping category: Bao ve - An ninh
2026-04-15 09:34:37,275 - vieclamtot_scraper - INFO - Playwright browser initialized
2026-04-15 09:34:43,789 - vieclamtot_scraper - INFO -   Total pages: 50, scraping: 2
2026-04-15 09:34:44,915 - vieclamtot_scraper - INFO - Playwright browser initialized
2026-04-15 09:34:53,613 - vieclamtot_scraper - INFO -   Category Bao ve - An ninh: 40 jobs
2026-04-15 09:34:53,614 - run_scraping - INFO -   bao_ve: 40 jobs
2026-04-15 09:34:55,751 - vieclamtot_scraper - INFO - Scraping category: Kinh doanh - Ban hang
2026-04-15 09:34:56,470 - vieclamtot_scraper - INFO - Playwright browser initialized
2026-04-15 09:35:02,908 - vieclamtot_scraper - INFO -   Total pages: 50, scraping: 2
2026-04-15 09:35:03,839 - vieclamtot_scraper - INFO - Playwright browser initialized
2026-04-15 09:35:12,539 - vieclamtot_scraper - INFO -   Category Kinh doanh - Ban hang: 40 jobs
2026-04-15 09:35:12,539 - run_scraping - INFO -   kinh_doanh: 40 jobs
2026-04-15 09:35:14,675 - vieclamtot_scraper - INFO - ==================================================
2026-04-15 09:35:14,675 - vieclamtot_scraper - INFO - Scraper Statistics: VieclamtotScraper
2026-04-15 09:35:14,675 - vieclamtot_scraper - INFO -   Requests made: 12
2026-04-15 09:35:14,675 - vieclamtot_scraper - INFO -   Requests failed: 0
2026-04-15 09:35:14,675 - vieclamtot_scraper - INFO -   Pages scraped: 0
2026-04-15 09:35:14,675 - vieclamtot_scraper - INFO -   Jobs found: 240
2026-04-15 09:35:14,676 - vieclamtot_scraper - INFO -   Bytes downloaded: 6,930,972
2026-04-15 09:35:14,676 - vieclamtot_scraper - INFO -   Rate limit hits: 0
2026-04-15 09:35:14,676 - vieclamtot_scraper - INFO -   Blocked attempts: 0
2026-04-15 09:35:14,676 - vieclamtot_scraper - INFO - ==================================================
2026-04-15 09:35:14,676 - run_scraping - INFO - 
Total raw jobs scraped: 240
2026-04-15 09:35:14,676 - run_scraping - INFO - 
--- SCRAPER SUMMARY ---
2026-04-15 09:35:14,676 - run_scraping - INFO -   vieclamtot: 240 jobs
2026-04-15 09:35:14,676 - run_scraping - INFO - 
==================================================
2026-04-15 09:35:14,676 - run_scraping - INFO - STEP 2: TRANSFORMING
2026-04-15 09:35:14,677 - run_scraping - INFO - ==================================================
2026-04-15 09:35:14,677 - run_scraping - INFO - Transforming 240 jobs from Vieclamtot...
2026-04-15 09:35:14,689 - run_scraping - INFO -   Transformed: 240 jobs
2026-04-15 09:35:14,689 - data_transformer - INFO - ==================================================
2026-04-15 09:35:14,689 - data_transformer - INFO - Data Transformer Statistics
2026-04-15 09:35:14,690 - data_transformer - INFO -   Total processed: 240
2026-04-15 09:35:14,690 - data_transformer - INFO -   Transformed: 240
2026-04-15 09:35:14,690 - data_transformer - INFO -   Skipped: 0
2026-04-15 09:35:14,690 - data_transformer - INFO -   Errors: 0
2026-04-15 09:35:14,690 - data_transformer - INFO -   Success rate: 100.0%
2026-04-15 09:35:14,690 - data_transformer - INFO - ==================================================
2026-04-15 09:35:14,690 - run_scraping - INFO - 
==================================================
2026-04-15 09:35:14,690 - run_scraping - INFO - STEP 3: DEDUPLICATING
2026-04-15 09:35:14,690 - run_scraping - INFO - ==================================================
2026-04-15 09:35:14,690 - deduplicator - INFO - Filtered 0 invalid jobs
2026-04-15 09:35:14,691 - deduplicator - INFO - Removed 0 exact duplicates
2026-04-15 09:35:14,774 - deduplicator - INFO - Removed 5 fuzzy duplicates
2026-04-15 09:35:14,774 - deduplicator - INFO - Filtered 0 outdated jobs
2026-04-15 09:35:14,775 - deduplicator - INFO - ==================================================
2026-04-15 09:35:14,775 - deduplicator - INFO - Deduplication Statistics
2026-04-15 09:35:14,775 - deduplicator - INFO -   Total input: 240
2026-04-15 09:35:14,775 - deduplicator - INFO -   Exact duplicates: 0
2026-04-15 09:35:14,775 - deduplicator - INFO -   Fuzzy duplicates: 5
2026-04-15 09:35:14,775 - deduplicator - INFO -   Outdated: 0
2026-04-15 09:35:14,775 - deduplicator - INFO -   Invalid: 0
2026-04-15 09:35:14,775 - deduplicator - INFO -   Total output: 235
2026-04-15 09:35:14,775 - deduplicator - INFO -   Keep rate: 97.9%
2026-04-15 09:35:14,775 - deduplicator - INFO - ==================================================
2026-04-15 09:35:14,776 - run_scraping - INFO - Quality score: 0.0/100
2026-04-15 09:35:14,776 - run_scraping - INFO - 
==================================================
2026-04-15 09:35:14,776 - run_scraping - INFO - STEP 4: MERGING WITH EXISTING DATA
2026-04-15 09:35:14,776 - run_scraping - INFO - ==================================================
2026-04-15 09:35:14,818 - run_scraping - INFO - Found 1229 existing jobs
2026-04-15 09:35:14,849 - deduplicator - INFO - Filtered 0 invalid jobs
2026-04-15 09:35:14,851 - deduplicator - INFO - Removed 18 exact duplicates
2026-04-15 09:35:16,084 - deduplicator - INFO - Removed 17 fuzzy duplicates
2026-04-15 09:35:16,084 - deduplicator - INFO - Filtered 0 outdated jobs
2026-04-15 09:35:16,085 - run_scraping - INFO - After merge and dedup: 1434 jobs
2026-04-15 09:35:16,085 - run_scraping - INFO - Dry run - skipping save
2026-04-15 09:35:16,085 - run_scraping - INFO - 
--------------------------------------------------
2026-04-15 09:35:16,085 - run_scraping - INFO - SAMPLE JOBS (first 5):
2026-04-15 09:35:16,085 - run_scraping - INFO - --------------------------------------------------
2026-04-15 09:35:16,085 - run_scraping - INFO - 
Job 1:
2026-04-15 09:35:16,085 - run_scraping - INFO -   Title: Kế Toán
2026-04-15 09:35:16,087 - run_scraping - INFO -   Company: nan
2026-04-15 09:35:16,087 - run_scraping - INFO -   Location: Hồ Chí Minh
2026-04-15 09:35:16,087 - run_scraping - INFO -   Salary: 25,000,000 - 25,000,000 VND
2026-04-15 09:35:16,087 - run_scraping - INFO -   Type: full-time
2026-04-15 09:35:16,087 - run_scraping - INFO -   Skills: (none)
2026-04-15 09:35:16,087 - run_scraping - INFO - 
Job 2:
2026-04-15 09:35:16,087 - run_scraping - INFO -   Title: Nhân Viên Kế Toán Tổng Hợp (Thu Nhập 14 -
2026-04-15 09:35:16,087 - run_scraping - INFO -   Company: nan
2026-04-15 09:35:16,087 - run_scraping - INFO -   Location: Hồ Chí Minh
2026-04-15 09:35:16,087 - run_scraping - INFO -   Salary: 15,000,000 - 15,000,000 VND
2026-04-15 09:35:16,087 - run_scraping - INFO -   Type: full-time
2026-04-15 09:35:16,087 - run_scraping - INFO -   Skills: (none)
2026-04-15 09:35:16,087 - run_scraping - INFO - 
Job 3:
2026-04-15 09:35:16,087 - run_scraping - INFO -   Title: Miền
2026-04-15 09:35:16,087 - run_scraping - INFO -   Company: nan
2026-04-15 09:35:16,087 - run_scraping - INFO -   Location: Hồ Chí Minh
2026-04-15 09:35:16,087 - run_scraping - INFO -   Salary: 0 - 0 VND
2026-04-15 09:35:16,087 - run_scraping - INFO -   Type: full-time
2026-04-15 09:35:16,087 - run_scraping - INFO -   Skills: (none)
2026-04-15 09:35:16,087 - run_scraping - INFO - 
Job 4:
2026-04-15 09:35:16,087 - run_scraping - INFO -   Title: Công Ty Tài Chính
2026-04-15 09:35:16,088 - run_scraping - INFO -   Company: nan
2026-04-15 09:35:16,088 - run_scraping - INFO -   Location: Hồ Chí Minh
2026-04-15 09:35:16,088 - run_scraping - INFO -   Salary: 0 - 0 VND
2026-04-15 09:35:16,088 - run_scraping - INFO -   Type: full-time
2026-04-15 09:35:16,088 - run_scraping - INFO -   Skills: (none)
2026-04-15 09:35:16,088 - run_scraping - INFO - 
Job 5:
2026-04-15 09:35:16,088 - run_scraping - INFO -   Title: Công Ty TNHH TM Xnk Phú Lộc
2026-04-15 09:35:16,088 - run_scraping - INFO -   Company: nan
2026-04-15 09:35:16,088 - run_scraping - INFO -   Location: Hồ Chí Minh
2026-04-15 09:35:16,088 - run_scraping - INFO -   Salary: 0 - 0 VND
2026-04-15 09:35:16,088 - run_scraping - INFO -   Type: full-time
2026-04-15 09:35:16,088 - run_scraping - INFO -   Skills: (none)
2026-04-15 09:35:16,088 - run_scraping - INFO - 
============================================================
2026-04-15 09:35:16,088 - run_scraping - INFO - SCRAPING PIPELINE COMPLETE
2026-04-15 09:35:16,088 - run_scraping - INFO - ============================================================
2026-04-15 09:35:16,088 - run_scraping - INFO - Duration: None
2026-04-15 09:35:16,088 - run_scraping - INFO - Scrapers run: 1
2026-04-15 09:35:16,088 - run_scraping - INFO - Raw jobs scraped: 240
2026-04-15 09:35:16,088 - run_scraping - INFO - Jobs transformed: 240
2026-04-15 09:35:16,088 - run_scraping - INFO - Unique jobs: 235
2026-04-15 09:35:16,088 - run_scraping - INFO - Final jobs (after merge): 1434
2026-04-15 09:35:16,088 - run_scraping - INFO - Deduplication rate: 2.1%
2026-04-15 09:35:16,088 - run_scraping - INFO - ============================================================
2026-04-15 09:35:59,262 - __main__ - INFO - Initialized ScrapingOrchestrator
2026-04-15 09:35:59,262 - __main__ - INFO -   Data dir: D:\LUAN_VAN\restart-35-platform\ai-service\data
2026-04-15 09:35:59,262 - __main__ - INFO -   Output dir: D:\LUAN_VAN\restart-35-platform\ai-service\data\scraped
2026-04-15 09:35:59,262 - __main__ - INFO -   Pages per scraper: 3
2026-04-15 09:35:59,262 - __main__ - INFO -   Sources: ['vieclamtot']
2026-04-15 09:35:59,262 - __main__ - INFO -   Dry run: False
2026-04-15 09:35:59,262 - __main__ - INFO - ============================================================
2026-04-15 09:35:59,262 - __main__ - INFO - STARTING WEB SCRAPING PIPELINE
2026-04-15 09:35:59,262 - __main__ - INFO - ============================================================
2026-04-15 09:35:59,262 - __main__ - INFO - 
==================================================
2026-04-15 09:35:59,262 - __main__ - INFO - STEP 1: SCRAPING
2026-04-15 09:35:59,262 - __main__ - INFO - ==================================================
2026-04-15 09:35:59,262 - __main__ - INFO - 
Running vieclamtot scraper...
2026-04-15 09:35:59,263 - vieclamtot_scraper - INFO - Scraping category: Cong nhan - Nha may
2026-04-15 09:36:01,259 - vieclamtot_scraper - INFO - Playwright browser initialized
2026-04-15 09:36:08,216 - vieclamtot_scraper - INFO -   Total pages: 50, scraping: 3
2026-04-15 09:36:09,826 - vieclamtot_scraper - INFO - Playwright browser initialized
2026-04-15 09:36:19,723 - vieclamtot_scraper - INFO - Playwright browser initialized
2026-04-15 09:36:28,489 - vieclamtot_scraper - INFO -   Category Cong nhan - Nha may: 60 jobs
2026-04-15 09:36:28,489 - __main__ - INFO -   cong_nhan: 60 jobs
2026-04-15 09:36:30,644 - vieclamtot_scraper - INFO - Scraping category: Tai xe - Van tai
2026-04-15 09:36:31,961 - vieclamtot_scraper - INFO - Playwright browser initialized
2026-04-15 09:36:38,664 - vieclamtot_scraper - INFO -   Total pages: 50, scraping: 3
2026-04-15 09:36:39,620 - vieclamtot_scraper - INFO - Playwright browser initialized
2026-04-15 09:36:49,197 - vieclamtot_scraper - INFO - Playwright browser initialized
2026-04-15 09:36:57,498 - vieclamtot_scraper - INFO -   Category Tai xe - Van tai: 60 jobs
2026-04-15 09:36:57,499 - __main__ - INFO -   tai_xe: 60 jobs
2026-04-15 09:36:59,611 - vieclamtot_scraper - INFO - Scraping category: Phuc vu
2026-04-15 09:37:00,366 - vieclamtot_scraper - INFO - Playwright browser initialized
2026-04-15 09:37:06,764 - vieclamtot_scraper - INFO -   Total pages: 50, scraping: 3
2026-04-15 09:37:07,631 - vieclamtot_scraper - INFO - Playwright browser initialized
2026-04-15 09:37:17,203 - vieclamtot_scraper - INFO - Playwright browser initialized
2026-04-15 09:37:25,564 - vieclamtot_scraper - INFO -   Category Phuc vu: 60 jobs
2026-04-15 09:37:25,564 - __main__ - INFO -   phuc_vu: 60 jobs
2026-04-15 09:37:27,674 - vieclamtot_scraper - INFO - Scraping category: Lao dong pho thong
2026-04-15 09:37:28,440 - vieclamtot_scraper - INFO - Playwright browser initialized
2026-04-15 09:37:34,870 - vieclamtot_scraper - INFO -   Total pages: 50, scraping: 3
2026-04-15 09:37:35,726 - vieclamtot_scraper - INFO - Playwright browser initialized
2026-04-15 09:37:45,172 - vieclamtot_scraper - INFO - Playwright browser initialized
2026-04-15 09:37:53,652 - vieclamtot_scraper - INFO -   Category Lao dong pho thong: 60 jobs
2026-04-15 09:37:53,652 - __main__ - INFO -   lao_dong: 60 jobs
2026-04-15 09:37:55,779 - vieclamtot_scraper - INFO - Scraping category: Bao ve - An ninh
2026-04-15 09:37:56,470 - vieclamtot_scraper - INFO - Playwright browser initialized
2026-04-15 09:38:02,853 - vieclamtot_scraper - INFO -   Total pages: 50, scraping: 3
2026-04-15 09:38:03,727 - vieclamtot_scraper - INFO - Playwright browser initialized
2026-04-15 09:38:13,060 - vieclamtot_scraper - INFO - Playwright browser initialized
2026-04-15 09:38:21,543 - vieclamtot_scraper - INFO -   Category Bao ve - An ninh: 60 jobs
2026-04-15 09:38:21,543 - __main__ - INFO -   bao_ve: 60 jobs
2026-04-15 09:38:23,667 - vieclamtot_scraper - INFO - Scraping category: Kinh doanh - Ban hang
2026-04-15 09:38:24,414 - vieclamtot_scraper - INFO - Playwright browser initialized
2026-04-15 09:38:30,919 - vieclamtot_scraper - INFO -   Total pages: 50, scraping: 3
2026-04-15 09:38:31,802 - vieclamtot_scraper - INFO - Playwright browser initialized
2026-04-15 09:38:41,237 - vieclamtot_scraper - INFO - Playwright browser initialized
2026-04-15 09:38:49,584 - vieclamtot_scraper - INFO -   Category Kinh doanh - Ban hang: 60 jobs
2026-04-15 09:38:49,584 - __main__ - INFO -   kinh_doanh: 60 jobs
2026-04-15 09:38:51,720 - vieclamtot_scraper - INFO - ==================================================
2026-04-15 09:38:51,721 - vieclamtot_scraper - INFO - Scraper Statistics: VieclamtotScraper
2026-04-15 09:38:51,721 - vieclamtot_scraper - INFO -   Requests made: 18
2026-04-15 09:38:51,721 - vieclamtot_scraper - INFO -   Requests failed: 0
2026-04-15 09:38:51,721 - vieclamtot_scraper - INFO -   Pages scraped: 0
2026-04-15 09:38:51,721 - vieclamtot_scraper - INFO -   Jobs found: 360
2026-04-15 09:38:51,721 - vieclamtot_scraper - INFO -   Bytes downloaded: 10,213,603
2026-04-15 09:38:51,721 - vieclamtot_scraper - INFO -   Rate limit hits: 0
2026-04-15 09:38:51,721 - vieclamtot_scraper - INFO -   Blocked attempts: 0
2026-04-15 09:38:51,721 - vieclamtot_scraper - INFO - ==================================================
2026-04-15 09:38:51,721 - __main__ - INFO - 
Total raw jobs scraped: 360
2026-04-15 09:38:51,721 - __main__ - INFO - 
--- SCRAPER SUMMARY ---
2026-04-15 09:38:51,721 - __main__ - INFO -   vieclamtot: 360 jobs
2026-04-15 09:38:51,721 - __main__ - INFO - 
==================================================
2026-04-15 09:38:51,722 - __main__ - INFO - STEP 2: TRANSFORMING
2026-04-15 09:38:51,722 - __main__ - INFO - ==================================================
2026-04-15 09:38:51,722 - __main__ - INFO - Transforming 360 jobs from Vieclamtot...
2026-04-15 09:38:51,737 - __main__ - INFO -   Transformed: 360 jobs
2026-04-15 09:38:51,738 - data_transformer - INFO - ==================================================
2026-04-15 09:38:51,738 - data_transformer - INFO - Data Transformer Statistics
2026-04-15 09:38:51,738 - data_transformer - INFO -   Total processed: 360
2026-04-15 09:38:51,738 - data_transformer - INFO -   Transformed: 360
2026-04-15 09:38:51,738 - data_transformer - INFO -   Skipped: 0
2026-04-15 09:38:51,738 - data_transformer - INFO -   Errors: 0
2026-04-15 09:38:51,738 - data_transformer - INFO -   Success rate: 100.0%
2026-04-15 09:38:51,738 - data_transformer - INFO - ==================================================
2026-04-15 09:38:51,738 - __main__ - INFO - 
==================================================
2026-04-15 09:38:51,738 - __main__ - INFO - STEP 3: DEDUPLICATING
2026-04-15 09:38:51,738 - __main__ - INFO - ==================================================
2026-04-15 09:38:51,738 - deduplicator - INFO - Filtered 0 invalid jobs
2026-04-15 09:38:51,739 - deduplicator - INFO - Removed 0 exact duplicates
2026-04-15 09:38:51,883 - deduplicator - INFO - Removed 9 fuzzy duplicates
2026-04-15 09:38:51,883 - deduplicator - INFO - Filtered 0 outdated jobs
2026-04-15 09:38:51,883 - deduplicator - INFO - ==================================================
2026-04-15 09:38:51,883 - deduplicator - INFO - Deduplication Statistics
2026-04-15 09:38:51,883 - deduplicator - INFO -   Total input: 360
2026-04-15 09:38:51,883 - deduplicator - INFO -   Exact duplicates: 0
2026-04-15 09:38:51,883 - deduplicator - INFO -   Fuzzy duplicates: 9
2026-04-15 09:38:51,884 - deduplicator - INFO -   Outdated: 0
2026-04-15 09:38:51,884 - deduplicator - INFO -   Invalid: 0
2026-04-15 09:38:51,884 - deduplicator - INFO -   Total output: 351
2026-04-15 09:38:51,884 - deduplicator - INFO -   Keep rate: 97.5%
2026-04-15 09:38:51,884 - deduplicator - INFO - ==================================================
2026-04-15 09:38:51,884 - __main__ - INFO - Quality score: 0.0/100
2026-04-15 09:38:51,884 - __main__ - INFO - 
==================================================
2026-04-15 09:38:51,884 - __main__ - INFO - STEP 4: MERGING WITH EXISTING DATA
2026-04-15 09:38:51,884 - __main__ - INFO - ==================================================
2026-04-15 09:38:51,902 - __main__ - INFO - Found 1229 existing jobs
2026-04-15 09:38:51,925 - deduplicator - INFO - Filtered 0 invalid jobs
2026-04-15 09:38:51,927 - deduplicator - INFO - Removed 26 exact duplicates
2026-04-15 09:38:53,273 - deduplicator - INFO - Removed 31 fuzzy duplicates
2026-04-15 09:38:53,274 - deduplicator - INFO - Filtered 0 outdated jobs
2026-04-15 09:38:53,274 - __main__ - INFO - After merge and dedup: 1532 jobs
2026-04-15 09:38:53,274 - __main__ - INFO - 
==================================================
2026-04-15 09:38:53,275 - __main__ - INFO - STEP 5: SAVING RESULTS
2026-04-15 09:38:53,275 - __main__ - INFO - ==================================================
2026-04-15 09:38:53,286 - __main__ - INFO - Backed up existing file to jobs_backup_20260415_093853.csv
2026-04-15 09:38:53,318 - __main__ - INFO - Saved 1532 jobs to D:\LUAN_VAN\restart-35-platform\ai-service\data\jobs.csv
2026-04-15 09:38:53,345 - __main__ - INFO - Saved raw data to scraped_20260415_093853.csv
2026-04-15 09:38:53,346 - __main__ - INFO - Saved metadata to metadata_20260415_093853.json
2026-04-15 09:38:53,346 - __main__ - INFO - Results saved successfully!
2026-04-15 09:38:53,347 - __main__ - INFO - 
============================================================
2026-04-15 09:38:53,347 - __main__ - INFO - SCRAPING PIPELINE COMPLETE
2026-04-15 09:38:53,347 - __main__ - INFO - ============================================================
2026-04-15 09:38:53,347 - __main__ - INFO - Duration: None
2026-04-15 09:38:53,347 - __main__ - INFO - Scrapers run: 1
2026-04-15 09:38:53,347 - __main__ - INFO - Raw jobs scraped: 360
2026-04-15 09:38:53,347 - __main__ - INFO - Jobs transformed: 360
2026-04-15 09:38:53,347 - __main__ - INFO - Unique jobs: 351
2026-04-15 09:38:53,347 - __main__ - INFO - Final jobs (after merge): 1532
2026-04-15 09:38:53,347 - __main__ - INFO - Deduplication rate: 2.5%
2026-04-15 09:38:53,347 - __main__ - INFO - ============================================================
