id,title,company,skills,location,salary_min,salary_max,type,age_preference,experience_required,education_required,description,category,source,job_url,scraped_at
scraped_vieclam24h_00000,Kế Toán,,,Hồ Chí Minh,25000000,25000000,full-time,any,0,high,Kế Toán Trưởng - Lương 20-25Tr - Đi Làm Ngay,accounting,Vieclam24h,https://vieclam24h.vn/ke-toan/ke-toan-truong-luong-20-25tr-di-lam-ngay-c17p73id200804197.html,2026-04-14T18:49:44.408533
scraped_vieclam24h_00001,Nhân Viên Kế Toán Tổng Hợp (Thu Nhập 14 -,,,Hồ Chí Minh,15000000,15000000,full-time,any,0,high,Nhân Viên Kế Toán Tổng Hợp (Thu Nhập 14 - 15 Triệu) _Nữ,accounting,Vieclam24h,https://vieclam24h.vn/ke-toan/nhan-vien-ke-toan-tong-hop-thu-nhap-14-15-trieu-nu-c17p122id200803885.html,2026-04-14T18:49:44.408609
scraped_vieclam24h_00002,Miền,,,Hồ Chí Minh,0,0,full-time,any,0,high,"Miền Trung - Quản Lý Kinh Doanh Khu Vực (Nhánh Ngành Hàng Mới: Gym, Nội Thất, Nha Khoa,....)",other,Vieclam24h,https://vieclam24h.vn/ban-hang-kinh-doanh/mien-trung-quan-ly-kinh-doanh-khu-vuc-nhanh-nganh-hang-moi-gym-noi-that-nha-khoa-c13p108id200800856.html,2026-04-14T18:49:44.408662
scraped_vieclam24h_00003,Công Ty Tài Chính,,,Hồ Chí Minh,0,0,full-time,any,0,high,Công Ty Tài Chính Trách Nhiệm Hữu Hạn Một Thành Viên Home Credit Việt Nam,accounting,Vieclam24h,https://vieclam24h.vn/ban-hang-kinh-doanh/mien-trung-quan-ly-kinh-doanh-khu-vuc-nhanh-nganh-hang-moi-gym-noi-that-nha-khoa-c13p108id200800856.html,2026-04-14T18:49:44.408713
scraped_vieclam24h_00004,Công Ty TNHH TM Xnk Phú Lộc,,,Hồ Chí Minh,0,0,full-time,any,0,high,Công Ty TNHH TM Xnk Phú Lộc Trường,other,Vieclam24h,https://vieclam24h.vn/ke-toan/ke-toan-tong-hop-quan-binh-tan-nhan-viec-ngay-c17p122id200795692.html,2026-04-14T18:49:44.408759
scraped_vieclam24h_00005,Công Ty TNHH Vietnam Concentrix Services,,,Hồ Chí Minh,0,0,full-time,any,0,high,Công Ty TNHH Vietnam Concentrix Services,service,Vieclam24h,https://vieclam24h.vn/tai-chinh-dau-tu-chung-khoan/nhan-vien-admin-van-phong-di-lam-ngay-quan-11-thu-duc-c18p122id200800931.html,2026-04-14T18:49:44.408808
scraped_vieclam24h_00006,Admin Văn Phòng Đi Làm Ngay Thu Nhập,,,Hồ Chí Minh,12000000,12000000,full-time,any,0,high,Admin Văn Phòng Đi Làm Ngay Thu Nhập Trên 12 Triệu,other,Vieclam24h,https://vieclam24h.vn/cham-soc-khach-hang/admin-van-phong-di-lam-ngay-thu-nhap-tren-12-trieu-c30p122id200803167.html,2026-04-14T18:49:44.408853
scraped_vieclam24h_00008,Kế Toán Tổng Hợp - Thu Nhập,,,Hồ Chí Minh,0,0,full-time,any,0,high,Kế Toán Tổng Hợp - Thu Nhập Trên 12M,accounting,Vieclam24h,https://vieclam24h.vn/ke-toan/ke-toan-tong-hop-thu-nhap-tren-12m-c17p122id200793516.html,2026-04-14T18:49:44.408988
scraped_vieclam24h_00009,Nhân Viên Kinh Doanh Chăm Sóc Khách Hàng - Bảo Hiểm Fwd (Có Hỗ,,,Hồ Chí Minh,0,0,full-time,any,0,high,Nhân Viên Kinh Doanh Chăm Sóc Khách Hàng - Bảo Hiểm Fwd (Có Hỗ Trợ Data),sales,Vieclam24h,https://vieclam24h.vn/ban-hang-kinh-doanh/nhan-vien-kinh-doanh-cham-soc-khach-hang-bao-hiem-fwd-co-ho-tro-data-c13p122id200801854.html,2026-04-14T18:49:44.409053
scraped_vieclam24h_00010,Nhân Viên Kinh Doanh Bất Động Sản Lương Cơ Bản Upto,,,Hồ Chí Minh,30000000,30000000,full-time,any,0,high,Nhân Viên Kinh Doanh Bất Động Sản Lương Cơ Bản Upto 30 Triệu - Hỗ Trợ 100% Data Marketing Net,sales,Vieclam24h,https://vieclam24h.vn/tai-chinh-dau-tu-chung-khoan/nhan-vien-kinh-doanh-bat-dong-san-luong-co-ban-upto-30-trieu-ho-tro-100-data-marketing-net-c18p104id200800719.html,2026-04-14T18:49:44.409111
scraped_vieclam24h_00011,Công Ty Cổ Phần Đầu Tư Và Phát,,,Hồ Chí Minh,0,0,full-time,any,0,high,Công Ty Cổ Phần Đầu Tư Và Phát Triển Sài Gòn Realty,other,Vieclam24h,https://vieclam24h.vn/tai-chinh-dau-tu-chung-khoan/nhan-vien-kinh-doanh-bat-dong-san-luong-co-ban-upto-30-trieu-ho-tro-100-data-marketing-net-c18p104id200800719.html,2026-04-14T18:49:44.409162
scraped_vieclam24h_00013,Nhân Viên Nhắc Phí (Thu Nhập 12 -,,,Hồ Chí Minh,30000000,30000000,full-time,any,0,high,Nhân Viên Nhắc Phí (Thu Nhập 12 - 30 Triệu),other,Vieclam24h,https://vieclam24h.vn/tai-chinh-dau-tu-chung-khoan/nhan-vien-nhac-phi-thu-nhap-12-30-trieu-c18p122id200796587.html,2026-04-14T18:49:44.409250
scraped_vieclam24h_00016,Toàn Quốc - Nhân Viên Hỗ,,,Hồ Chí Minh,30000000,30000000,full-time,any,0,high,Toàn Quốc - Nhân Viên Hỗ Trợ Thanh Toán Tại Thị Trường (Thu Nhập Từ 15-30Tr),other,Vieclam24h,https://vieclam24h.vn/tai-chinh-dau-tu-chung-khoan/toan-quoc-nhan-vien-ho-tro-thanh-toan-tai-thi-truong-thu-nhap-tu-15-30tr-c18p123id200793734.html,2026-04-14T18:49:44.409387
scraped_vieclam24h_00017,Nhân Viên Bán Hàng Quận 12 Lương,,,Hồ Chí Minh,10000000,10000000,full-time,any,0,high,Nhân Viên Bán Hàng Quận 12 Lương Trên 10 Triệu,sales,Vieclam24h,https://vieclam24h.vn/ban-hang-kinh-doanh/nhan-vien-ban-hang-quan-12-luong-tren-10-trieu-c13p122id200804904.html,2026-04-14T18:49:44.409434
scraped_vieclam24h_00019,Chuyên Viên Tuyển Dụng - Thu Nhập Từ 15 -,,,Hồ Chí Minh,20000000,20000000,full-time,any,0,high,Chuyên Viên Tuyển Dụng - Thu Nhập Từ 15 - 20 Triệu,other,Vieclam24h,https://vieclam24h.vn/nhan-su/chuyen-vien-tuyen-dung-thu-nhap-tu-15-20-trieu-c22p73id200790643.html,2026-04-14T18:49:44.409524
scraped_vieclam24h_00020,Nhân Viên Tư Vấn Tài Chính Ngân Hàng Lương,,,Hồ Chí Minh,12000000,12000000,full-time,any,0,high,Nhân Viên Tư Vấn Tài Chính Ngân Hàng Lương Trên 12 Triệu,accounting,Vieclam24h,https://vieclam24h.vn/hanh-chinh-thu-ky/nhan-vien-tu-van-tai-chinh-ngan-hang-luong-tren-12-trieu-c1p122id200804188.html,2026-04-14T18:49:44.409574
scraped_vieclam24h_00022,Phó Quản Lý Xưởng- Thủ Kho - Lương 12-,,,Hồ Chí Minh,15000000,15000000,full-time,any,0,high,Phó Quản Lý Xưởng- Thủ Kho - Lương 12- 15 Triệu Ca 12 Tiếng,other,Vieclam24h,https://vieclam24h.vn/hanh-chinh-thu-ky/pho-quan-ly-xuong-thu-kho-luong-12-15-trieu-ca-12-tieng-c1p122id200801407.html,2026-04-14T18:49:44.409658
scraped_vieclam24h_00026,Phiên Dịch Viên Tiếng,,,Hồ Chí Minh,0,0,full-time,any,0,high,Phiên Dịch Viên Tiếng Trung Làm Việc Hà Nội - Nhận Việc Ngay,other,Vieclam24h,https://vieclam24h.vn/bien-phien-dich/phien-dich-vien-tieng-trung-lam-viec-ha-noi-nhan-viec-ngay-c37p73id200795654.html,2026-04-14T18:49:44.409829
scraped_vieclam24h_00027,Công Ty TNHH,,,Hồ Chí Minh,0,0,full-time,any,0,high,Công Ty TNHH Transcosmos Việt Nam,other,Vieclam24h,https://vieclam24h.vn/ban-hang-kinh-doanh/nhan-vien-cham-soc-va-ban-hang-qua-dien-thoai-thuong-hieu-bia-c13p122id200799558.html,2026-04-14T18:49:44.409873
scraped_vieclam24h_00030,Phó,,,Hồ Chí Minh,27000000,27000000,full-time,any,0,high,Phó Trưởng Phòng Tổ Chức Hành Chính - Hành Chính - Thu Nhập Từ 22 - 27 Triệu - Yêu Cầu 3 Năm Kinh Nghiệm,other,Vieclam24h,https://vieclam24h.vn/hanh-chinh-thu-ky/pho-truong-phong-to-chuc-hanh-chinh-hanh-chinh-thu-nhap-tu-22-27-trieu-yeu-cau-3-nam-kinh-nghiem-c1p73id200802304.html,2026-04-14T18:49:44.410001
scraped_vieclam24h_00031,Công Ty,,,Hồ Chí Minh,0,0,full-time,any,0,high,Công Ty Trách Nhiệm Hữu Hạn Trang Trí Nội Thất Hoàng Dương,other,Vieclam24h,https://vieclam24h.vn/ke-toan/nhan-vien-ke-toan-noi-bo-quan-7-c17p122id200800007.html,2026-04-14T18:49:44.410040
scraped_vieclam24h_00032,"Chuyên Viên Tư Vấn Tuyển Sinh / Bán Hàng / Kinh Doanh / Sales / Consultant (Data Sẵn, Thử Việc Full Lương) - Thu Nhập Từ",,,Hồ Chí Minh,12000000,12000000,full-time,any,0,high,"Chuyên Viên Tư Vấn Tuyển Sinh / Bán Hàng / Kinh Doanh / Sales / Consultant (Data Sẵn, Thử Việc Full Lương) - Thu Nhập Từ 12 Triệu Đến Không Giới Hạn - Ila Quận 8, 10, Bình Tân",sales,Vieclam24h,https://vieclam24h.vn/ban-hang-kinh-doanh/chuyen-vien-tu-van-tuyen-sinh-ban-hang-kinh-doanh-sales-consultant-data-san-thu-viec-full-luong-thu-nhap-tu-12-trieu-den-khong-gioi-han-ila-quan-8-10-binh-tan-c13p122id200805200.html,2026-04-14T18:49:44.410102
scraped_vieclam24h_00034,Nhân Viên Kinh Doanh - Lương Upto,,,Hồ Chí Minh,40000000,40000000,full-time,any,0,high,Nhân Viên Kinh Doanh - Lương Upto 40 Triệu - Không Có Kinh Nghiệm Được Đào Tạo [Bình Dương],sales,Vieclam24h,https://vieclam24h.vn/ban-hang-kinh-doanh/nhan-vien-kinh-doanh-luong-upto-40-trieu-khong-co-kinh-nghiem-duoc-dao-tao-binh-duong-c13p119id200804355.html,2026-04-14T18:49:44.410199
scraped_vieclam24h_00038,Nhân Viên Kinh Doanh / Sales (Nữ - Dưới 32T) - Tại Tân Phú - Đảm Bảo Thu Nhập Từ 10 -,,,Hồ Chí Minh,20000000,20000000,full-time,any,0,high,Nhân Viên Kinh Doanh / Sales (Nữ - Dưới 32T) - Tại Tân Phú - Đảm Bảo Thu Nhập Từ 10 - 20 Triệu,sales,Vieclam24h,https://vieclam24h.vn/ban-hang-kinh-doanh/nhan-vien-kinh-doanh-sales-nu-duoi-32t-tai-tan-phu-dam-bao-thu-nhap-tu-10-20-trieu-c13p122id200804712.html,2026-04-14T18:49:44.410385
scraped_vieclam24h_00039,Nhân Viên Kinh Doanh Bất Động Sản - Thu Nhập,,,Hồ Chí Minh,50000000,50000000,full-time,any,0,high,Nhân Viên Kinh Doanh Bất Động Sản - Thu Nhập Trên 50 Triệu,sales,Vieclam24h,https://vieclam24h.vn/ban-hang-kinh-doanh/nhan-vien-kinh-doanh-bat-dong-san-thu-nhap-tren-50-trieu-c13p119id200769855.html,2026-04-14T18:49:44.410434
scraped_vieclam24h_00041,Chuyên Viên Kinh Doanh Dự Án Vinhomes – Thu Nhập 50-,,,Hồ Chí Minh,100000000,100000000,full-time,any,0,high,Chuyên Viên Kinh Doanh Dự Án Vinhomes – Thu Nhập 50-100Triệu / Tháng (Không Yêu Cầu Kinh Nghiệm + Data Có Sẵn),sales,Vieclam24h,https://vieclam24h.vn/ban-hang-kinh-doanh/chuyen-vien-kinh-doanh-du-an-vinhomes-thu-nhap-50-100trieu-thang-khong-yeu-cau-kinh-nghiem-data-co-san-c13p122id200804558.html,2026-04-14T18:49:44.410854
scraped_vieclam24h_00042,Chuyên Viên Kinh Doanh / Tư Vấn Bất Động Sản - Thu Nhập Từ,,,Hồ Chí Minh,20000000,20000000,full-time,any,0,high,Chuyên Viên Kinh Doanh / Tư Vấn Bất Động Sản - Thu Nhập Từ 20 Triệu,sales,Vieclam24h,https://vieclam24h.vn/ban-hang-kinh-doanh/chuyen-vien-kinh-doanh-tu-van-bat-dong-san-thu-nhap-tu-20-trieu-c13p122id200804237.html,2026-04-14T18:49:44.410948
scraped_vieclam24h_00043,Nhân Viên Telesales - CSKH (Thu Nhập 10-,,,Hồ Chí Minh,15000000,15000000,full-time,any,0,high,Nhân Viên Telesales - CSKH (Thu Nhập 10-15 Triệu / Tháng),sales,Vieclam24h,https://vieclam24h.vn/ban-hang-kinh-doanh/nhan-vien-telesales-cskh-thu-nhap-10-15-trieu-thang-c13p122id200804230.html,2026-04-14T18:49:44.411034
scraped_vieclam24h_00044,Nữ Nhân Viên Bán Hàng Lương,,,Hồ Chí Minh,10000000,10000000,full-time,any,0,high,Nữ Nhân Viên Bán Hàng Lương Trên 10 Triệu Đi Làm Ngay,sales,Vieclam24h,https://vieclam24h.vn/ban-hang-kinh-doanh/nu-nhan-vien-ban-hang-luong-tren-10-trieu-di-lam-ngay-c13p122id200804231.html,2026-04-14T18:49:44.411110
scraped_vieclam24h_00046,Công Ty TNHH Hương Phạm - Thời,,,Hồ Chí Minh,0,0,full-time,any,0,high,Công Ty TNHH Hương Phạm - Thời Trang Scentsun,other,Vieclam24h,https://vieclam24h.vn/ke-toan/ke-toan-ban-hang-khong-yeu-cau-kinh-nghiem-c17p73id200804205.html,2026-04-14T18:49:44.411199
scraped_vieclam24h_00048,Kế Toán Thuế - Mức Lương 15-,,,Hồ Chí Minh,18000000,18000000,full-time,any,0,high,Kế Toán Thuế - Mức Lương 15-18Tr - Đi Làm Ngay,accounting,Vieclam24h,https://vieclam24h.vn/ke-toan/ke-toan-thue-muc-luong-15-18tr-di-lam-ngay-c17p73id200804194.html,2026-04-14T18:49:44.411280
scraped_vieclam24h_00051,Nhân Viên Kế Toán Nội Bộ Thu Nhập Từ,,,Hồ Chí Minh,12000000,12000000,full-time,any,0,high,Nhân Viên Kế Toán Nội Bộ Thu Nhập Từ 12 Triệu,accounting,Vieclam24h,https://vieclam24h.vn/ke-toan/nhan-vien-ke-toan-noi-bo-thu-nhap-tu-12-trieu-c17p73id200793846.html,2026-04-14T18:49:44.411401
scraped_vieclam24h_00052,Nhân Viên Kế Toán - Lương Thử Việc,,,Hồ Chí Minh,14000000,14000000,full-time,any,0,high,Nhân Viên Kế Toán - Lương Thử Việc 14 Triệu - Đi Làm Ngay,accounting,Vieclam24h,https://vieclam24h.vn/ke-toan/nhan-vien-ke-toan-luong-thu-viec-14-trieu-di-lam-ngay-c17p122id200799543.html,2026-04-14T18:49:44.411444
scraped_vieclam24h_00054,Nhân Viên Thu Hồi Tín Dụng Thị,,,Hồ Chí Minh,0,0,full-time,any,0,high,Nhân Viên Thu Hồi Tín Dụng Thị Trường,other,Vieclam24h,https://vieclam24h.vn/van-tai-lai-xe-giao-nhan/nhan-vien-thu-hoi-tin-dung-thi-truong-c16p85id200800886.html,2026-04-14T18:49:44.411529
scraped_vieclam24h_00056,Nhân Viên Kế Toán Nội Bộ - Lương 10 -,,,Hồ Chí Minh,20000000,20000000,full-time,any,0,high,Nhân Viên Kế Toán Nội Bộ - Lương 10 - 20 Triệu (Bắc Từ Liêm),accounting,Vieclam24h,https://vieclam24h.vn/ke-toan/nhan-vien-ke-toan-noi-bo-luong-10-20-trieu-bac-tu-liem-c17p73id200803470.html,2026-04-14T18:49:44.411623
scraped_vieclam24h_00057,Nhân Viên Cứu Hộ Bể Bơi Tại Vingroup Lương 11-,,,Hồ Chí Minh,25000000,25000000,full-time,any,0,high,Nhân Viên Cứu Hộ Bể Bơi Tại Vingroup Lương 11-25 Triệu,other,Vieclam24h,https://vieclam24h.vn/an-ninh-bao-ve/nhan-vien-cuu-ho-be-boi-tai-vingroup-luong-11-25-trieu-c2p73id200789087.html,2026-04-14T18:49:44.411666
scraped_vieclam24h_00058,Nhân Viên,,,Hồ Chí Minh,0,0,full-time,any,0,high,Nhân Viên Trực Camera Nhà Máy HonDa - Vĩnh Phúc,other,Vieclam24h,https://vieclam24h.vn/an-ninh-bao-ve/nhan-vien-truc-camera-nha-may-honda-vinh-phuc-c2p89id200766358.html,2026-04-14T18:49:44.411715
scraped_vieclam24h_00059,Quản Lý /,,,Hồ Chí Minh,25000000,25000000,full-time,any,0,high,Quản Lý / Trợ Lý Dự Án Vận Hành Thu Nhập Từ 12-25 Triệu Ưu Tiên Biết Tiếng Anh - Nhận Việc Ngay,other,Vieclam24h,https://vieclam24h.vn/an-ninh-bao-ve/quan-ly-tro-ly-du-an-van-hanh-thu-nhap-tu-12-25-trieu-uu-tien-biet-tieng-anh-nhan-viec-ngay-c2p73id200797370.html,2026-04-14T18:49:44.411761
scraped_vieclam24h_00060,Nhân Viên Bảo Vệ,,,Hồ Chí Minh,0,0,full-time,any,0,high,Nhân Viên Bảo Vệ Trường Quốc Tế,security,Vieclam24h,https://vieclam24h.vn/an-ninh-bao-ve/nhan-vien-bao-ve-truong-quoc-te-c2p122id200803831.html,2026-04-14T18:49:44.411802
scraped_vieclam24h_00061,Chi Nhánh Bắc Ninh - Công Ty TNHH Dịch Vụ Bảo Vệ Quang,,,Hà Nội,0,0,full-time,any,0,high,Chi Nhánh Bắc Ninh - Công Ty TNHH Dịch Vụ Bảo Vệ Quang Trung Hà Nội,security,Vieclam24h,https://vieclam24h.vn/an-ninh-bao-ve/can-bo-phong-nghiep-vu-co-dong-c2p73id200804680.html,2026-04-14T18:49:44.411848
scraped_vieclam24h_00062,Đội,,,Hồ Chí Minh,0,0,full-time,any,0,high,Đội Trưởng Đội Bảo Vệ (Bình Thạnh) - Đi Làm Ngay,other,Vieclam24h,https://vieclam24h.vn/an-ninh-bao-ve/doi-truong-doi-bao-ve-binh-thanh-di-lam-ngay-c2p122id200791675.html,2026-04-14T18:49:44.411893
scraped_vieclam24h_00063,Nhân Viên Bảo Vệ - Thủ Đức - Hỗ,,,Hồ Chí Minh,0,0,full-time,any,0,high,Nhân Viên Bảo Vệ - Thủ Đức - Hỗ Trợ Chi Phí Ăn,security,Vieclam24h,https://vieclam24h.vn/an-ninh-bao-ve/nhan-vien-bao-ve-thu-duc-ho-tro-chi-phi-an-c2p122id200792427.html,2026-04-14T18:49:44.411936
scraped_vietnamworks_algolia_00000,Phó Tổng Giám Đốc Phụ Trách Kinh Doanh (Hà Nội),Công Ty Cổ Phần Chứng Khoán Up,,Hà Nội,4000,6000,full-time,any,0,high,"Tham mưu cho Tổng Giám đốc xây dựng chiến lược phát triển kinh doanh tổng thể của Công ty. Quản lý và điều hành các hoạt động kinh doanh chính gồm: Môi giới chứng khoán, Tư vấn đầu tư, Ngân hàng đầu tư (IB), Tự doanh . Xây dựng và triển khai kế hoạch doanh thu,... Yêu cầu: Tốt nghiệp Đại học trở lên chuyên ngành Tài chính, Ngân hàng, Chứng khoán, Kinh tế hoặc liên quan . Có tối thiểu 10 năm kinh nghiệm trong lĩnh vực chứng khoán/tài chính; trong đó 5 năm ở vị trí quản lý cấp cao . Có kinh nghiệm quản lý hoặc triển khai các mảng Môi...",sales,VietnamWorks_Algolia,https://www.vietnamworks.com/viec-lam/pho-tong-giam-doc-phu-trach-kinh-doanh-ha-noi-2022850,2026-04-14T19:30:40.026614
scraped_vietnamworks_algolia_00001,Senior Poultry Nutritionist,CÔNG TY TNHH AB AGRI VIỆT NAM,,Hồ Chí Minh,0,0,full-time,any,3,university,"The Role & Key Responsibilities Job Title: Senior Poultry Nutritionist Location: Ho Chi Minh City, Vietnam. Contract and shift pattern: Permanent contract and normal working time from Mon to Fri, 8:30 - 17:30. To support ABAV’s Technical & Commercial Teams in the technical field; to promote AB Agri as a trusted partner in terms of livestock feed... Yêu cầu: • University degree in Animal Science, Animal Nutrition or Veterinary Medicine • 7- 8 years’ experience in feed mill or within large scale poultry production with hands on nutrition / formulation responsibilities • 3 - 5 years’ experience as a technical consultant or nutritional advisor • Fluent in English to be able to speak English well;...",other,VietnamWorks_Algolia,https://www.vietnamworks.com/viec-lam/senior-poultry-nutritionist-2025948,2026-04-14T19:30:40.026776
scraped_vietnamworks_algolia_00002,Sales Admin Modern Trade Channel,Công Ty TNHH I.P. One (Việt Nam),,Hồ Chí Minh,0,0,full-time,any,1,high,"• Receive original or advance copies of customer PO. • Check PO date, pricing, and related information for accuracy. • Create, process, and monitor Sales Orders on sales tools system, ensure timely and accurate order processing. • Liaise between Sales and Logistic Dept., discuss and coordinate inventory availability and delivery schedules. • Follow up on order fulfillment and... Yêu cầu: • Minimum of 1 year of experience as a Sales Admin, experience in the FMCG industry is a plus. • Proficient in Microsoft Office (especially Excel). • Familiar with Sales tool and SAP system is a plus. • Strong analytical and reporting skills. • Strong organizational, detail-oriented, careful, responsible, and proactive. • Good communication by english and teamwork skills.",sales,VietnamWorks_Algolia,https://www.vietnamworks.com/viec-lam/sales-admin-modern-trade-channel-2027407,2026-04-14T19:30:40.026917
scraped_vietnamworks_algolia_00003,Senior Data Scientist,CÔNG TY CỔ PHẦN VINSMART FUTURE,,Hồ Chí Minh,0,0,full-time,any,3,university,"• Develop and maintain quantitative models to drive user growth efficiency, including segmentation, propensity, and recommendation models for key problems such as retention, activation, conversion, and monetization. • Design and analyze A/B tests, uplift experiments, and causal inference studies to measure the true impact of marketing campaigns or policy changes. • Build and train uplift and... Yêu cầu: • Bachelor’s degree or higher; Master’s degree or published research is preferred. • In-depth knowledge of Data Platforms/Data Science. • Proficient in Python and SQL/NoSQL. • At least 3 years of experience in Data Science projects. • Strong ability to research and apply English-language materials. Technical Competencies • Proficient in Data Platforms and Data Science. • Skilled in Python, SQL/NoSQL, Git,...",other,VietnamWorks_Algolia,https://www.vietnamworks.com/viec-lam/senior-data-scientist-2027481,2026-04-14T19:30:40.027041
scraped_vietnamworks_algolia_00004,Legal Manager,"CÔNG TY CỔ PHẦN NGHIÊN CỨU, PHÁT TRIỂN VÀ ỨNG DỤNG ROBOT HÌNH NGƯỜI VINDYNAMICS",,Hà Nội,0,0,full-time,any,5,university,"At VinDynamics, we build home assistive robots that will help billions of people and families across the world. We are seeking talented and self-driven employees to join our stellar team. Key Responsibilities: • Set up and manage the overall legal and compliance framework for the company, ensuring alignment with both local and international standards. • Advise and recommend practical... Yêu cầu: • Bachelor’s degree in Law; Vietnamese Lawyer License is required • 5+ years of experience in legal roles • Proven experience in setting up or managing legal structures for overseas companies (U.S. or other markets). • Strong knowledge of Vietnamese corporate, commercial, and labor laws; understanding of international legal frameworks. • Excellent English communication skills (both written and verbal). • Strong sense of ownership, responsibility,...",other,VietnamWorks_Algolia,https://www.vietnamworks.com/viec-lam/legal-manager-1997981,2026-04-14T19:30:40.027159
scraped_vietnamworks_algolia_00005,SAP Senior Consultant - SAP Integrated Business Planning (Ibp) (AMS Project),Deloitte Consulting SEA,,Hồ Chí Minh,0,0,full-time,any,0,high,"Are you ready to unleash your potential? At Deloitte, our purpose is to make an impact that matters for our clients, our people, and the communities we serve. We believe we have a responsibility to be a force for good, and WorldImpact is our portfolio of initiatives focused on making a tangible impact on society’s... Yêu cầu: At Deloitte, our purpose is to make an impact that matters for our clients, our people, and the communities we serve. We believe we have a responsibility to be a force for good, and WorldImpact is our portfolio of initiatives focused on making a tangible impact on society’s biggest challenges and creating a...",other,VietnamWorks_Algolia,https://www.vietnamworks.com/viec-lam/sap-senior-consultant-sap-integrated-business-planning-ibp-ams-project-2025242,2026-04-14T19:30:40.027276
scraped_vietnamworks_algolia_00006,Trưởng Phòng Chính Sách Đãi Ngộ & Quản Trị Hiệu Quả Làm Việc,Ngân Hàng TNHH MTV Kỷ Nguyên Thịnh Vượng - GPBank,,Hà Nội,0,75000000,full-time,any,5,university,"MỤC ĐÍCH CÔNG VIỆC Phát triển nền tảng, xây dựng chính sách và tổ chức triển khai thực hiện các chương trình nhân sự của Ngân hàng liên quan đến các mảng hoạt động: Quản lý Đãi ngộ & Ngân sách nhân sự; Quản trị Hiệu quả Làm việc; Quản lý cơ cấu tổ chức... Yêu cầu: 1. Trình độ Học vấn: Đại học/ Trên Đại học chuyên ngành Quản trị nhân sự/ Quản trị kinh doanh/ Tài chính/ Ngân hàng 2. Kinh nghiệm Liên quan: • Có ít nhất 5 năm kinh nghiệm giữ các chức vụ quản lý/lãnh đạo tại các tổ chức ngân hàng, tài chính, FMCG và các doanh...",other,VietnamWorks_Algolia,https://www.vietnamworks.com/viec-lam/truong-phong-chinh-sach-djai-ngo-and-quan-tri-hieu-qua-lam-viec-2028321,2026-04-14T19:30:40.027393
scraped_vietnamworks_algolia_00007,Giám Sát Vận Hành - Khu Vực Miền Nam và Miền Trung,GSM,,Hồ Chí Minh,1500,800000000,full-time,any,3,college,"Mục tiêu công việc Phụ trách tổng hợp dữ liệu, theo dõi hiệu suất, xây dựng báo cáo vận hành và xử lý các nghiệp vụ liên quan đến CSKH, gian lận, lịch sử xử lý vi phạm... nhằm đảm bảo hoạt động được vận hành trơn tru, chính xác và tuân thủ quy trình. Cao đẳng/Đại học các ngành liên quan: Ô tô, Vận tải, Quản trị nhân sự, Data hoặc tương đương. Sử dụng các công cụ phân tích dữ liệu, Power BI, Excel,... , biết đọc và xử lý Data Có kinh nghiệm tối thiểu 3 năm liên quan lĩnh vực điều phối vận tải Khả năng xử lý...",other,VietnamWorks_Algolia,https://www.vietnamworks.com/viec-lam/giam-sat-van-hanh-khu-vuc-mien-nam-va-mien-trung-2027872,2026-04-14T19:30:40.027513
scraped_vietnamworks_algolia_00008,Chuyên Gia Quản Trị Rủi Ro Tín Dụng (Lương Upto 70 Triệu),Ngân Hàng TNHH MTV Kỷ Nguyên Thịnh Vượng - GPBank,,Hà Nội,50000000,70000000,full-time,any,6,university,"MỤC ĐÍCH CÔNG VIỆC: • Nhằm xây dựng các chính sách, quy trình, các công cụ, hệ thống cảnh báo sớm quản trị danh mục tín dụng với từng phân khúc và tham gia xây dựng mô hình rủi ro, mô hình số hóa và tự động hóa nhằm quản lý rủi ro tín dụng của... Yêu cầu: 1. Trình độ Học vấn: • Tốt nghiệp Đại học trở lên chuyên ngành Ngân hàng, Kinh tế, Tài chính, Quản trị Kinh doanh, Luật. … • FRM là một lợi thế 2. Các Kinh nghiệm liên quan • Tối thiểu 6 năm trong lĩnh vực ngân hàng trong đó tối thiểu 4 năm liên quan tới lĩnh vực tín...",other,VietnamWorks_Algolia,https://www.vietnamworks.com/viec-lam/chuyen-gia-quan-tri-rui-ro-tin-dung-luong-upto-70-trieu-2028232,2026-04-14T19:30:40.027634
scraped_vietnamworks_algolia_00009,Quản Lý Tài Chính,Công Ty Cổ Phần Sản Xuất Và Kinh Doanh VinMetal,,Hà Nội,0,0,full-time,any,4,university,"Địa điểm làm việc: TechnoPark, Gia Lâm, Hà Nội Dự án: VinMetal – Tổ hợp sản xuất thép công nghiệp tại Vũng Áng, Hà Tĩnh Tham gia và quản lý các giao dịch huy động vốn cho dự án và công ty, bao gồm tài trợ trong nước và quốc tế , với cơ hội làm... Yêu cầu: • Background (Bank-friendly) o 5–10 năm kinh nghiệm tại Ngân hàng (Project Finance / Structured Finance / FI) hoặc Financial Advisory / Corporate Finance o Có deal experience thực tế (execution, không chỉ pitching) • ECA Requirement: Có exposure đến ECA financing , ví dụ: o Tham gia deal có ECA cover o Làm việc với ECAs / export lenders • Core Skills o Financial...",accounting,VietnamWorks_Algolia,https://www.vietnamworks.com/viec-lam/quan-ly-tai-chinh--2006467,2026-04-14T19:30:40.027753
scraped_vietnamworks_algolia_00012,Chuyên Viên Quản Trị Hệ Thống CNTT (Quản Trị Sysadmin) - Mã Số: Vhqt-04,Chi Nhánh Trung Tâm Công Nghệ Thông Tin Tập Đoàn Bảo Việt,,Hà Nội,0,0,full-time,any,3,high,"- Thực hiện quản trị chuyên sâu, cấu hình, tối ưu hiệu năng, giám sát, phân tích log và xử lý các sự cố phức tạp cho toàn bộ hệ thống hạ tầng CNTT tại DC/DR (máy chủ vật lý/ảo hóa, hệ điều hành, lưu trữ, backup, an ninh hệ thống…) nhằm bảo đảm... Yêu cầu: 1. Yêu cầu tối thiểu - Đào tạo: Tốt nghiệp đại học chuyên ngành Tin học, Điện tử tin học, Khoa học máy tính, Truyền thông và mạng máy tính, Kỹ thật phần mềm, Hệ thống thông tin, Công nghệ thông tin, An toàn thông tin, Công nghệ kỹ thuật máy tính, Công nghệ truyền...",other,VietnamWorks_Algolia,https://www.vietnamworks.com/viec-lam/chuyen-vien-quan-tri-he-thong-cntt-quan-tri-sysadmin-ma-so-vhqt-04-2030636,2026-04-14T19:30:40.028083
scraped_vietnamworks_algolia_00013,3D Character Modeler,Công Ty TNHH Nexon Creative Studio VINA,,Hồ Chí Minh,0,0,full-time,any,0,high,"Lưu ý: Vui lòng nộp CV kèm Portfolio khi ứng tuyển • Thực hiện modeling nhân vật, trang phục, trang bị dựa trên phong cách và concept của dự án • Tạo modeling và texture chất lượng cao cho nhân vật dạng sinh vật hoặc hình người • Đăng ký và quản lý modeling resource trong engine •... Yêu cầu: • Có kinh nghiệm thực tế hoặc tham gia dự án liên quan đến modeling nhân vật • Thành thạo tạo mô hình Low-poly hoặc phong cách Realistic • Hiểu biết về cấu trúc khuôn mặt, trang phục và cơ thể người • Sử dụng thành thạo nhiều công cụ trong số sau: 3Ds Max / Maya...",other,VietnamWorks_Algolia,https://www.vietnamworks.com/viec-lam/3d-character-modeler--2011926,2026-04-14T19:30:40.028201
scraped_vietnamworks_algolia_00014,Chuyên Viên Kinh Doanh Kênh Horeca,Công Ty TNHH Chăn Nuôi Việt Nhật - Công Ty Thành Viên Của Vinamilk,,Hồ Chí Minh,1000,600000000,full-time,any,1,high,"• Tìm kiếm, mở rộng điểm bán kênh nhà hàng, khách sạn, B2B • Đề xuất điều kiện hợp đồng, báo giá, chiết khấu, hoạt động marketing với đối tác • Thu thập dữ liệu về số lượng hàng bán, doanh thu từ ngành hàng • Làm việc với phòng marketing nội bộ cho kế hoạch marketing... Yêu cầu: • Tốt nghiệp Cao Đẳng trở lên • Đã có ít nhất 1 năm kinh nghiệm bán hàng kênh Horeca ưu tiên mảng sản phẩm từ thịt • Có mối quan hệ tốt với các siêu thị hoặc nhà hàng cao cấp, khách sạn 4-5 sao, nhà nhập khẩu và phân phối • Có thể giao tiếp...",sales,VietnamWorks_Algolia,https://www.vietnamworks.com/viec-lam/chuyen-vien-kinh-doanh-kenh-horeca-2016001,2026-04-14T19:30:40.028312
scraped_vietnamworks_algolia_00015,Environment Concept Artist,Công Ty TNHH Nexon Creative Studio VINA,,Hồ Chí Minh,0,0,full-time,any,0,high,1. Khái quát về vị trí Sản xuất background concept art phù hợp với tựa game Mabinogi Mobile 2. Công việc chủ yếu Sản xuất sheet dùng để thiết kế concept và modeling cho dungeon/thị trấn/field Yêu cầu: - Hiểu rõ về phong cách đồ họa của Mabinogi Mobile - Có khả năng vẽ tay cấu trúc không gian 3D - Hiểu biết về nghệ thuật đánh đèn (lighting) - Am hiểu về sự hài hòa màu sắc Ưu tiên - Có kinh nghiệm sử dụng SketchUp hoặc Unity ProBuilder để dựng cấu trúc nguyên...,other,VietnamWorks_Algolia,https://www.vietnamworks.com/viec-lam/environment-concept-artist--2014862,2026-04-14T19:30:40.028411
scraped_vietnamworks_algolia_00016,Technical Artist,Công Ty TNHH Nexon Creative Studio VINA,,Hồ Chí Minh,0,0,full-time,any,0,high,"1. Khái quát về vị trí (Position Summary) - Tên vị trí: Technical Artist - Engine đảm nhận: Unity - Vai trò chủ yếu: Đóng vai trò cầu nối kỹ thuật giữa team Art và team Engineering, đồng thời tối ưu hóa quy trình (pipeline) sản xuất content 2. Công việc chủ yếu (Responsibilities) - Xây dựng và... Yêu cầu: - Có kinh nghiệm thực tế hoặc từng tham gia thực hiện các dự án liên quan - Am hiểu về Unity engine và rendering pipeline - Có khả năng phát triển công cụ bằng ngôn ngữ C# - Am hiểu về việc tích hợp pipeline của các công cụ Art như Maya/Blender/Substance... - Có kỹ năng giải...",other,VietnamWorks_Algolia,https://www.vietnamworks.com/viec-lam/technical-artist--2014857,2026-04-14T19:30:40.028509
scraped_vietnamworks_algolia_00017,Chuyên Viên Kiến Trúc Giải Pháp (Solution Architect) - Mã Số: Ptud-04,Chi Nhánh Trung Tâm Công Nghệ Thông Tin Tập Đoàn Bảo Việt,,Hà Nội,0,0,full-time,any,2,high,"Phân tích yêu cầu & đánh giá giải pháp: - Làm việc với các bên liên quan (nghiệp vụ, kỹ thuật, Ban lãnh đạo) để nắm bắt mục tiêu, yêu cầu và ràng buộc của dự án - Đánh giá yêu cầu hệ thống, xác định rủi ro tiềm ẩn, cân đối giữa hiệu suất, chi... Yêu cầu: 1. Yêu cầu tối thiểu 1.1. Trình độ chuyên môn - Đào tạo: Tốt nghiệp Đại học chuyên ngành Công nghệ thông tin, Khoa học máy tính, Công nghệ phần mềm, Hệ thống thông tin hoặc các ngành liên quan. Ưu tiên ứng viên có bằng Thạc sĩ. - Tiếng Anh: Đọc hiểu tài liệu kỹ thuật...",other,VietnamWorks_Algolia,https://www.vietnamworks.com/viec-lam/chuyen-vien-kien-truc-giai-phap-solution-architect-ma-so-ptud-04-2030660,2026-04-14T19:30:40.028571
scraped_vietnamworks_algolia_00018,Ecommerce QA and Launch Lead,WOWSUITE SOFTWARE,,Hồ Chí Minh,0,0,full-time,any,3,high,"SHOPIFY, CTRWOW, CHECKOUT, CRM, PAYMENTS, EVERFLOW AD OPS PURPOSE Own campaign readiness and release quality across CTRwow funnels and Shopify stores. Test and validate full customer journeys, tracking, payments, and CRM flows, ensuring launches are correct, stable, and measurable. Own ad operations readiness in Everflow to ensure clean attribution and partner reporting. Develop into Launch Project Manager by owning... Yêu cầu: SKILLS AND QUALIFICATIONS • 3 plus years experience in ecommerce QA, manual testing, or funnel and checkout testing, or strong internal promotion track record • Strong understanding of ecommerce journeys, checkout logic, subscriptions, and refunds • Hands on experience with Shopify and funnel builders such as CTRwow • Working knowledge of CRMs and lifecycle messaging systems, including multi tool environments • Working knowledge of...",other,VietnamWorks_Algolia,https://www.vietnamworks.com/viec-lam/ecommerce-qa-and-launch-lead-2011832,2026-04-14T19:30:40.028641
scraped_vietnamworks_algolia_00019,Trưởng Phòng Kinh Doanh Ở HCM,Công Ty TNHH Draho Việt Nam,,Hồ Chí Minh,20000000,50000000,full-time,<35,2,college,"Mô tả công việc: • Quản lý đội ngũ nhân viên kinh doanh nhằm đạt mục tiêu tăng trưởng và doanh số. • Phát triển mảng dự án mới, tập trung vào các dự án công của nhà nước. • Hoạch định và triển khai chiến lược kinh doanh nhằm mở rộng tệp khách hàng và tăng... Yêu cầu: • Trình độ: Cao đẳng trở lên. • Độ tuổi: 29 – 35. • Kinh nghiệm: Tối thiểu 2 năm ở vị trí tương đương. • Kiến thức: - Có kinh nghiệm quản lý đội nhóm kinh doanh. - ...",sales,VietnamWorks_Algolia,https://www.vietnamworks.com/viec-lam/truong-phong-kinh-doanh-o-hcm-2032939,2026-04-14T19:30:40.028699
scraped_vietnamworks_algolia_00020,Trưởng Phòng Thiết Kế Cơ Điện (MEP Manager) – Dự Án Công Nghiệp & FDI | Thu Nhập Cạnh Tranh Cao,GIZA GROUP,,Hà Nội,0,0,full-time,<45,5,university,"Vai trò của bạn tại GIZA GROUP Bạn sẽ là người dẫn dắt toàn bộ hoạt động thiết kế MEP, đảm bảo chất lượng kỹ thuật, tối ưu chi phí và đáp ứng yêu cầu của các dự án công nghiệp quy mô lớn. Trách nhiệm chính • Xây dựng và triển khai chiến lược phát triển bộ... Yêu cầu: Chân dung ứng viên lý tưởng • Tốt nghiệp Đại học chuyên ngành: Điện, Điện – Điện tử, Tự động hóa, Cơ điện • Tối thiểu 5+ năm kinh nghiệm, trong đó có kinh nghiệm quản lý/leader • Ưu tiên ứng viên từng tham gia dự án FDI, ODA, nhà xưởng, khu công nghiệp • Am hiểu tiêu chuẩn,...",skilled,VietnamWorks_Algolia,https://www.vietnamworks.com/viec-lam/truong-phong-thiet-ke-co-dien-mep-manager-du-an-cong-nghiep-fdi-thu-nhap-canh-tranh-cao-2032804,2026-04-14T19:30:40.028767
scraped_vietnamworks_algolia_00021,Senior Java Backend Developer,Công ty Cổ phần Công nghệ và Dịch vụ phần mềm Lạc Long Quân,,Hà Nội,0,30000000,full-time,any,2,high,"- Phát triển và duy trì các hệ thống vệ tinh ngân hàng (LOS, CMS, Payment...) và lõi xử lý cho QA Platform. - Tối ưu hóa hiệu năng hệ thống với Redis Caching. - Thực hiện tìm kiếm nâng cao qua Elasticsearch. - Thiết kế và triển khai luồng dữ liệu quy mô lớn sử dụng... Yêu cầu: - Tốt nghiệp từ Cao đẳng trở lên - chuyên ngành CNTT hoặc lĩnh vực liên quan. - Tối thiểu 2 năm kinh nghiệm thực chiến với Java/Spring Boot. - Am hiểu về Message Broker (Kafka) và cơ chế Caching (Redis). - Có kinh nghiệm phát triển các hệ thống ngân hàng là một lợi thế. - Kỹ...",other,VietnamWorks_Algolia,https://www.vietnamworks.com/viec-lam/senior-java-backend-developer-2032846,2026-04-14T19:30:40.028829
scraped_vietnamworks_algolia_00022,Flutter Developer - Mobile & Web,Công ty Cổ phần Công nghệ và Dịch vụ phần mềm Lạc Long Quân,,Hà Nội,0,30000000,full-time,any,2,high,"- Phát triển ứng dụng đa nền tảng trên cả Mobile và Flutter Web. - Xây dựng Dashboard điều khiển cho QA Platform, hiển thị log và tín hiệu real-time qua MQTT. - Tối ưu hiệu năng render trên Web (Canvas Kit/HTML), đảm bảo mượt mà như App Native. - Tham gia vào quy trình phát triển... Yêu cầu: - Tốt nghiệp từ Cao đẳng trở lên - chuyên ngành CNTT hoặc lĩnh vực liên quan. - Tối thiểu 2 năm kinh nghiệm phát triển ứng dụng với Flutter. - Có kinh nghiệm làm việc với các công nghệ web như HTML, CSS, JavaScript. - Hiểu biết về MQTT và các giao thức truyền thông khác. -...",other,VietnamWorks_Algolia,https://www.vietnamworks.com/viec-lam/flutter-developer-mobile-and-web-2032854,2026-04-14T19:30:40.028890
scraped_vietnamworks_algolia_00023,General Accountant (Manufacturing),Vietnamworks' Client,,Hồ Chí Minh,0,0,full-time,any,7,university,"**Company Overview:** We are a leading company in the textile, garment, and apparel manufacturing industry, known for producing high-quality products for global markets. Our operations include integrated supply chain management, from raw material sourcing to finished apparel delivery. We pride ourselves on innovation, quality, and sustainable practices, serving major international brands and retailers.... Yêu cầu: **Qualifications:** - Vietnam Nationals Only - Bachelor’s degree in Accounting, Finance, or related field; CPA or equivalent certification is preferred. - At least 5 - 7 years of proven accounting experience and management within the textile, garment, or apparel industry. - Deep understanding of industry-specific accounting practices, supply chain, inventory management, and manufacturing costs....",other,VietnamWorks_Algolia,https://www.vietnamworks.com/viec-lam/general-accountant-manufacturing--2032855,2026-04-14T19:30:40.028952
scraped_vietnamworks_algolia_00024,Giám Đốc Nhà Máy (Factory Director),Công Ty Cổ Phần Sakos,,Tiền Giang,30000000,40000000,full-time,<40,3,university,"Công Ty CP SAKOS Việt Nam thuộc Tập đoàn Sakostyle Hoa Kỳ là công ty chuyên sản xuất, thương mại sản phẩm hành lý (vali, balo, cặp, túi xách, phụ kiện,…) đang TUYỂN GẤP GIÁM ĐỐC NHÀ MÁY tài năng để cùng chúng tôi mở rộng thương hiệu và mang lại những giá trị... Yêu cầu: ***Bắt buộc: - Tốt nghiệp Đại học chuyên ngành Kỹ Thuật - Có kinh nghiệm hơn 3 năm trở lên về quản lý sản xuất (trong đó cần có kinh nghiệm quản lý) - Kỹ năng quản lý đội ngũ và điều hành sản xuất - Tiếng Anh giao tiếp tốt trong công việc 04 kỹ năng...",production,VietnamWorks_Algolia,https://www.vietnamworks.com/viec-lam/giam-doc-nha-may-factory-director--2032915,2026-04-14T19:30:40.029021
scraped_vietnamworks_algolia_00025,Trưởng Phòng Telemarketing,Tổng Công Ty Cổ Phần Bảo Hiểm Sài Gòn - Hà Nội (Bsh),,Hà Nội,0,0,full-time,any,5,high,"- Xây dựng và kiểm chứng mô hình telesales (giai đoạn nền): + Thiết kế phễu telesales cơ bản: Lead → Contact → Interested → Sale; + Thử nghiệm và tối ưu: kịch bản gọi, thông điệp bán hàng, phân khúc khách hàng, thời điểm và tần xuất gọi; + Xác định baseline: tỷ lệ chuyển đổi, CAC... Yêu cầu: Yêu cầu công việc: - Trình độ học vấn: Tốt nghiệp Đại học trở lên các ngành: Kinh tế, Tài chính – Bảo hiểm, Quản trị kinh doanh hoặc các ngành có liên quan; - Kinh nghiệm: + Có trên 03 năm kinh nghiệm trong lĩnh vực Telesales/ Direct sales/ Call center; + Có kinh nghiệm bán hàng dựa...",other,VietnamWorks_Algolia,https://www.vietnamworks.com/viec-lam/truong-phong-telemarketing--2032963,2026-04-14T19:30:40.029087
scraped_vietnamworks_algolia_00026,Chuyên viên tuyển dụng,Công Ty Cổ Phần Nosco Shipyard,,Quảng Ninh,500000000,700000000,full-time,any,1,university,"Tiếp nhận và phân tích nhu cầu tuyển dụng từ các phòng ban Lập kế hoạch tuyển dụng theo tháng/quý/năm Đăng tin tuyển dụng trên các kênh (job sites, social media, nội bộ…) Tìm kiếm và sàng lọc hồ sơ ứng viên phù hợp Thực hiện phỏng vấn (phone interview, trực tiếp) Phối hợp với các quản lý để... Yêu cầu: Yêu cầu công việc Tốt nghiệp Đại học chuyên ngành Quản trị Nhân lực, Kinh tế hoặc liên quan Có từ 1–3 năm kinh nghiệm tuyển dụng Kỹ năng giao tiếp, phỏng vấn và đánh giá ứng viên tốt Có khả năng làm việc độc lập và chịu áp lực cao",other,VietnamWorks_Algolia,https://www.vietnamworks.com/viec-lam/chuyen-vien-tuyen-dung-2033104,2026-04-14T19:30:40.029156
scraped_vietnamworks_algolia_00027,Kỹ Sư QS Cơ Điện/Xây Dựng,Eurowindow Holding,,Hà Nội,0,0,full-time,any,3,high,"- Kiểm tra, lập tiên lượng mời thầu các gói thầu xây lắp. - Chấm thầu, lập giá gói thầu các gói thầu thi công xây lắp. - Kiểm tra, kiểm soát các hồ sơ thanh quyết toán về khối lượng, chất lượng và đơn giá các gói thầu thi công xây lắp. - Kiểm tra khối lượng, chất lượng và... Yêu cầu: - Tốt nghiệp Đại học chính quy trở lên chuyên ngành Kinh tế kỹ thuật, Kinh tế Xây dựng, Quản lý Dự án hoặc Chuyên ngành khác có liên quan. - Tối thiểu từ 3 năm kinh nghiệm làm việc trong lĩnh vực xây dựng. Có kinh nghiệm bóc khối lượng, làm dự toán. - Có kỹ năng về...",skilled,VietnamWorks_Algolia,https://www.vietnamworks.com/viec-lam/ky-su-qs-co-djienxay-dung-2033127,2026-04-14T19:30:40.029215
scraped_vietnamworks_algolia_00028,Giám Đốc Vận Hành,Cocolux - Chuỗi Bán Lẻ Mỹ Phẩm Chính Hãng.,,Hà Nội,0,2000,full-time,any,5,university,"Vai trò, chức năng: - Tham mưu BGĐ về thực thi kế hoạch hoạt động kinh doanh offline của Công ty - Triển khai chỉ đạo, sử dụng và quản lý chất lượng các nguồn lực (Tài chính – Hàng hoá – Khách hàng - Nhân lực nội bộ) để đảm bảo kế hoạch kinh doanh được... Yêu cầu: Trình độ học vấn tối thiểu - Tốt nghiệp Đại học về chuyên ngành QTKD hoặc các chuyên ngành khác có liên quan Kinh nghiệm tối thiểu - 5 năm kinh nghiệm trong ngành bán lẻ - Ít nhất 2 năm ở vị trí Quản lý vận hành chuỗi ≥5 điểm bán hoặc tương đương. - Ưu tiên ứng viên đã từng...",other,VietnamWorks_Algolia,https://www.vietnamworks.com/viec-lam/giam-doc-van-hanh--2032812,2026-04-14T19:30:40.029274
scraped_vietnamworks_algolia_00029,Nhân Viên Kinh Doanh Sàn TMĐT,Công Ty TNHH Syn Style,,Hồ Chí Minh,0,0,full-time,any,2,high,"• Tạo mới, listing sản phẩm và thực hiện vận hành đảm bảo hoạt động hàng ngày của shop mall, triển khai kế hoạch bán hàng và marketing trên các kênh thương mại điện tử • Đảm bảo thực hiện đúng các quy định, chính sách của sàn TMĐT và công ty • Điều phối và... Yêu cầu: • Tốt nghiệp Cao Đẳng trở lên • Có kinh nghiệm ít nhất 2 năm vận hành TMĐT • Phân tích số liệu, quản lý ngân sách. • Biết sử dụng cơ bản canva hoặc các công cụ tương tự phục vụ công việc • Khả năng quản lý thời gian, chủ động và khả năng hoàn thành...",sales,VietnamWorks_Algolia,https://www.vietnamworks.com/viec-lam/nhan-vien-kinh-doanh-san-tmdjt-2033029,2026-04-14T19:30:40.029361
scraped_vietnamworks_algolia_00030,"Customer Service (Female, Age: 21 - 28)",Công Ty TNHH SUPER DRY (Việt Nam),,Hồ Chí Minh,1200,950000000,full-time,<35,0,high,"About the role and responsibilities: • Manage all customer inquiries and complaints in a timely and professional manner. • Responsible for the full B2B order, including collecting customer data, preparing quotations, providing product recommendations, preparing all order-related documents, processing orders, coordinating customs clearance (if required), arranging delivery, ensuring effective after-sales support, etc. • Collaborate closely with... Yêu cầu: • Age: 21 – 28 • Gender: Female • Bachelor’s degree in a related field • Proficiency in English (required); knowledge of Chinese is highly preferred. • Experience in B2B customer service, sales support, or order management is an advantage (preferred but not required) • Strong communication and interpersonal skills, with a customer-oriented mindset. • Good problem-solving abilities and capacity...",service,VietnamWorks_Algolia,https://www.vietnamworks.com/viec-lam/customer-service-female-age-21-28--2032998,2026-04-14T19:30:40.029429
scraped_vietnamworks_algolia_00031,Consumer Loan Operation Staff,Cathay United Bank,,Hồ Chí Minh,0,0,full-time,any,2,university,"***Job Responsibilities: • Independently prepare and review regulatory required external reports (CIC, SBV…). • Compliance with internal and external regulations to process transactions, reports and documentary correctly. e.g. AML alert checking, freeze/unfreeze action, debt group reclassify change etc. • To learn and enrich professional knowledge and skills positively. . e.g. Independently conduct system optimization (BRD design, UAT... Yêu cầu: 1. Professional Requirement: • Background in Consumer banking industry and solid understanding of loan operations procedure, external regulations and regulatory required reports. • Good knowledge in MS Office applications, including Word, Excel and PowerPoint • Able to work independently and have strong sense of responsibility • Experience in digital loan process, independently lead and conduct system enhancement is...",other,VietnamWorks_Algolia,https://www.vietnamworks.com/viec-lam/consumer-loan-operation-staff-2033119,2026-04-14T19:30:40.029489
scraped_vietnamworks_algolia_00032,Senior Transfer Pricing Consultant,"Crowe Vietnam Co., Ltd",,Hà Nội,0,0,full-time,<35,3,university,"This position is part of the Advisory Department of Crowe Vietnam in Hanoi. You will support the Manager in overseeing the Transfer Pricing team, maintaining and developing client relationships, and will be responsible for the following key duties: - Demonstrate deep knowledge of transfer pricing concepts, relevant transfer pricing and tax regulations and effectively apply... Yêu cầu: A bachelor's degree, preferably with a degree in Economics, Business, Accounting, Finance, or an MBA. Minimum 3 years of experience related to Transfer Pricing. Excellent command of spoken and written English and Vietnamese; Excellent Transfer Pricing technical, managerial, organizational, project management, analytical, and verbal/written communication skills; Good knowledge of Vietnam Transfer Pricing Regulations Good knowledge of Global minimum tax...",other,VietnamWorks_Algolia,https://www.vietnamworks.com/viec-lam/senior-transfer-pricing-consultant-2033129,2026-04-14T19:30:40.029549
scraped_vietnamworks_algolia_00033,Head of Sourcing (Funiture),Yes4All Trading Services Company Limited,,Hồ Chí Minh,0,0,full-time,any,5,university,"JOB PURPOSE The Head of Sourcing at Yes4All is responsible for leading and overseeing the company’s end-to-end sourcing strategy across two key product verticals: Sporting Goods and Furniture. This role ensures the procurement of high-quality products at competitive costs while maintaining supply stability, optimal lead times, and scalable vendor capabilities to support Yes4All’s multi-channel trading model... Yêu cầu: Education ● Bachelor’s degree in business administration, Commerce, Supply Chain, or related fields ● Master’s degree or professional certifications are an advantage. Skills ● Strong negotiation, communication, and stakeholder management skills ● Strategic thinking with ability to analyze data and drive decisions ● Project management skills with ability to manage multiple source initiatives ● Leadership and team development capability ● Ability to work effectively in a fast-paced and dynamic...",other,VietnamWorks_Algolia,https://www.vietnamworks.com/viec-lam/head-of-sourcing-funiture-2033139,2026-04-14T19:30:40.029614
scraped_vietnamworks_algolia_00034,[Tuyển Gấp] Kỹ Sư Kết Cấu (Structural Engineer) – Dự Án Công Nghiệp & FDI | Thu Nhập 700 – 1000 USD,GIZA GROUP,,Hà Nội,1000,700000000,full-time,any,0,university,"Bạn sẽ làm gì tại GIZA GROUP? • Tham gia thiết kế kết cấu cho các công trình công nghiệp & dân dụng • Lập phương án kết cấu, bố trí mặt bằng và giải pháp kỹ thuật phù hợp • Thực hiện phân tích mô hình kết cấu theo tiêu chuẩn hiện hành • Triển khai bản vẽ... Yêu cầu: Chúng tôi tìm kiếm bạn nếu: • Tốt nghiệp Đại học chuyên ngành Xây dựng, Kết cấu, Xây dựng Dân dụng & Công nghiệp • Nắm vững QCVN, TCVN và các quy định pháp lý trong xây dựng • Thành thạo: ETABS, SAP2000, AutoCAD, Excel • Có tư duy phân tích tốt, cẩn thận và trách nhiệm • Có khả...",other,VietnamWorks_Algolia,https://www.vietnamworks.com/viec-lam/tuyen-gap-ky-su-ket-cau-structural-engineer-du-an-cong-nghiep-fdi-thu-nhap-700-1000-usd-2032789,2026-04-14T19:30:40.029676
scraped_vietnamworks_algolia_00035,Process Engineer (10 Postions - Working in Hai Phong),Vinfast Global,,Hải Phòng,0,0,full-time,any,3,high,"Responsible for ensuring Process and Controls reliability of the designated shop within VinFast (Body Shop, General Assembly Shop, Press Shop,...) whilst working closely with local Maintenance, Operations and other departments as required. Establish excellent relationships with all functional leaders and external (3rd party) leaders involved in the vehicle and production process development, launch and... Yêu cầu: • At least 3-5 years’ experience in a Mechanical/ndustrial/Process/Controls Engineering role, and a strong technical mindset, preferrable with R&D background. Leadership experience preferred but not essential. Sound Technical knowledge of a highly automated environment. • Experience in project management is a plus • Education: Bachelor’s Degree in mechatronics/mechanical/electronics/automation/robotics • Proficient in Microsoft Office suite (PowerPoint, Word, Excel) •...",other,VietnamWorks_Algolia,https://www.vietnamworks.com/viec-lam/process-engineer-10-postions-working-in-hai-phong--2032604,2026-04-14T19:30:40.029747
scraped_vietnamworks_algolia_00036,Kỹ Sư Presales (Điện Nhẹ / Trạm Sạc Ô Tô Điện),Công ty cổ phần thương mại và công nghệ kỹ thuật Ecome,,Hà Nội,12000000,18000000,full-time,any,1,high,"• Phối hợp kinh doanh khảo sát, thu thập yêu cầu khách hàng. • Tư vấn và đề xuất giải pháp kỹ thuật (điện nhẹ / trạm sạc ô tô điện). • Bóc tách khối lượng, lập BOQ, cấu hình thiết bị. • Làm báo giá kỹ thuật, tài liệu chào thầu. • Chuẩn bị hồ sơ kỹ thuật, catalogue, bản vẽ trình... Yêu cầu: • Tốt nghiệp chuyên ngành Điện, Điện tử, Tự động hóa hoặc liên quan. • Có kinh nghiệm ≥ 1 năm ở vị trí Presale/Thiết kế/Bóc tách khối lượng (ưu tiên điện nhẹ, M&E, năng lượng). • Đọc hiểu bản vẽ kỹ thuật tốt. • Thành thạo Excel, AutoCAD (biết thêm phần mềm khác là lợi thế). • Cẩn thận, tư duy giải...",skilled,VietnamWorks_Algolia,https://www.vietnamworks.com/viec-lam/ky-su-presales-dien-nhe-tram-sac-o-to-dien-2032997,2026-04-14T19:30:40.029813
scraped_vietnamworks_algolia_00037,Nhân Viên Kế Toán,Công Ty Cổ Phần Đầu Tư Xuất Nhập Khẩu Phúc Thịnh,,Hồ Chí Minh,0,35000000,full-time,any,3,university,"• Thực hiện các nghiệp vụ thanh toán tiền mặt, ngân hàng. • Kiểm tra tính hợp lệ, hợp pháp của hồ sơ thanh toán chứng từ đầu vào (hóa đơn, hợp đồng, đề nghị thanh toán…) • Nhập liệu chứng từ kế toán phát sinh hàng ngày vào phần mềm (mua hàng, bán hàng, thu – chi,... Yêu cầu: * Yêu Cầu Công Việc • Tốt nghiệp Cao đẳng/Đại học chuyên ngành: Kế toán, Kiểm toán, Tài chính • Nắm vững chế độ kế toán: Quy định về thuế GTGT, TNDN, TNCN cơ bản • Tối thiểu 1–2 năm kinh nghiệm vị trí tương đương • Ưu tiên: Đã làm doanh nghiệp sản xuất/xuất khẩu, có kinh nghiệm...",accounting,VietnamWorks_Algolia,https://www.vietnamworks.com/viec-lam/nhan-vien-ke-toan--2033037,2026-04-14T19:30:40.029876
scraped_vietnamworks_algolia_00038,"Nhân Viên Kinh Doanh (Lương Cứng 10Tr - 20Tr - Thu Nhập Lên Đến 100Tr/tháng) Tại Hà Nội, Đà Nẵng, Hồ Chí Minh",Công Ty Cổ Phần Thiết Bị Và Dịch Vụ Tce,,Hà Nội,1000,500000000,full-time,<45,2,high,"- Tìm kiếm khách hàng mục tiêu có nhu cầu sử dụng máy công trình như các công ty xây dựng, nhà thầu hoặc các dự án hạ tầng; - Giới thiệu các loại máy công trình, thiết bị xây dựng mà công ty cung cấp: máy xúc, máy ủi, máy nâng hạ, máy trộn... Yêu cầu: - Tốt nghiệp trung cấp trở lên chuyên ngành thương mại, kinh doanh, máy xây dựng, ô tô, kỹ thuật... - Ngoại ngữ: không yêu cầu, biết Tiếng Anh hoặc Tiếng Trung là một lợi thế - Sử dụng thành thạo tin học văn phòng, Internet, có thể sử dụng Power Point trong thuyết trình là...",sales,VietnamWorks_Algolia,https://www.vietnamworks.com/viec-lam/nhan-vien-kinh-doanh-luong-cung-10tr-20tr-thu-nhap-len-den-100tr-thang-tai-ha-noi-da-nang-ho-chi-minh--2032708,2026-04-14T19:30:40.029937
scraped_vietnamworks_algolia_00039,[Tuyển Gấp] Kiến Trúc Sư (Architect) – Thiết Kế Công Trình Công Nghiệp - Lương Upto 1000$,GIZA GROUP,,Hà Nội,1000,700000000,full-time,any,0,high,"Bạn sẽ làm gì tại GIZA GROUP? • Tham gia thiết kế kiến trúc cho các dự án công nghiệp & dân dụng (đặc biệt là dự án FDI quy mô lớn) • Đề xuất ý tưởng thiết kế sáng tạo, tối ưu công năng, chi phí và tính thẩm mỹ • Triển khai hồ sơ thiết kế... Yêu cầu: Chúng tôi tìm kiếm bạn nếu: • Có nền tảng về kiến trúc xây dựng, hiểu rõ tiêu chuẩn – quy chuẩn hiện hành • Thành thạo các phần mềm: AutoCAD, Revit, 3Ds Max, Lumion • Có tư duy thiết kế tốt, chủ động và trách nhiệm trong công việc • Kỹ năng làm việc nhóm và phối hợp...",other,VietnamWorks_Algolia,https://www.vietnamworks.com/viec-lam/tuyen-gap-kien-truc-su-architect-thiet-ke-cong-trinh-cong-nghiep-luong-upto-1000-2032793,2026-04-14T19:30:40.030003
scraped_vietnamworks_algolia_00047,Kỹ Sư Giải Pháp CNTT / Presale Kỹ Thuật,Công Ty Đầu Tư Và Công Nghệ DHA,,Hà Nội,0,1000,full-time,any,1,university,"• Tham gia khảo sát hệ thống CNTT của khách hàng, thu thập yêu cầu và đề xuất giải pháp kỹ thuật phù hợp. • Xây dựng các tài liệu kỹ thuật cho dự án: tài liệu giải pháp, tài liệu thiết kế kỹ thuật, tài liệu thuyết trình cho khách hàng. • Phối hợp với... Yêu cầu: Yêu cầu kiến thức và kinh nghiệm • Tốt nghiệp Đại học chuyên ngành Công nghệ thông tin, Điện tử viễn thông, An toàn thông tin hoặc các ngành liên quan. • Ưu tiên có trên 01 năm kinh nghiệm trong một hoặc nhiều lĩnh vực: triển khai hệ thống CNTT, triển khai giải pháp an...",skilled,VietnamWorks_Algolia,https://www.vietnamworks.com/viec-lam/ky-su-giai-phap-cntt-presale-ky-thuat-2032951,2026-04-14T19:30:40.030506
scraped_vietnamworks_algolia_00048,Senior Officer Technology Risk Management,Techcombank,,Hà Nội,2500,3500,full-time,any,3,high,"JOB PURPOSE 1. Develop and maintain technology risk management framework, policies, procedures, guidelines - Develop principles and methodologies for technology risk management, establishing technology risk limit, key risk indicators ... according to international practices, legal regulations, and internal governance requirements - Standardize risk management activities including identifying, assessing, responding and monitoring technology and information security risks following... Yêu cầu: Experience - At least 3 years of relevant work experience in IT field, IT risk management - Have experience in developing IT risk governance & management framework, risk management policies, procedures and guidelines. - Have experience in IT infrastructure operation/ IT Architecture/ Cybersecurity operation/ DevSecOps/ Cloud Computing - Have experience in IT Audit, IT compliance & assurance Expertise -...",other,VietnamWorks_Algolia,https://www.vietnamworks.com/viec-lam/senior-officer-technology-risk-management--2033123,2026-04-14T19:30:40.030564
scraped_vietnamworks_algolia_00049,Warehouse Manager,Công Ty TNHH Taisun Việt Nam,,Hồ Chí Minh,0,0,full-time,any,3,university,"- To check the warhouse overview (cleaning, goods arrangement, employees' working style). - Directly manager the group incharge Main raw material. - To deploy the important decision/ instruction from BOD/ HR to all WHS employees - To check the WHS Capacity to annouce related dept. to balance the goods. - Support the WHS accountant's job when anyone off -... Yêu cầu: Education and Experience: - Bachelor’s degree in Business or related field required; - Three years of experience as a manager, or similar relevant position required. Required Skills/Abilities: - Excellent verbal and written communication skills. - Excellent interpersonal and negotiation skills with a proven ability to create and maintain positive working relationships with vendors, suppliers, shippers, and customers. - Strong supervisory...",warehouse,VietnamWorks_Algolia,https://www.vietnamworks.com/viec-lam/warehouse-manager-2033138,2026-04-14T19:30:40.030626
scraped_vietnamworks_algolia_00002,Kỹ Sư Điện Tử Viễn Thông (Vô Tuyến) - Wireless Engineer - Không Yêu Cầu Kinh Nghiệm,Công ty TNHH Nhà Nước MTV Thương mại và XNK Viettel,,Hà Nội,0,0,full-time,any,0,university,"Phụ trách kỹ thuật trong các dự án cung cấp giải pháp, thiết bị hạ tầng mạng viễn thông (vô tuyến, mạng lõi, thiết bị mạng, phần mềm dịch vụ...) • Tìm kiếm sản phẩm, nhà cung cấp, tư vấn sản phẩm/giải pháp kỹ thuật cho khách hàng; • Phân tích đánh giá sản phẩm theo... Yêu cầu: • Tốt nghiệp: Đại học chính quy, ưu tiên ứng viên học Học viện bưu chính viễn thông, Đại học bách khoa, Học viện kỹ thuật quân sự, Đại học công nghệ - Đại học Quốc gia Hà Nội , chuyên ngành Điện tử viễn thông, Tự động hóa, Công nghệ Thông tin. • Tiếng...",skilled,VietnamWorks_Algolia,https://www.vietnamworks.com/viec-lam/ky-su-dien-tu-vien-thong-vo-tuyen-wireless-engineer-khong-yeu-cau-kinh-nghiem-2023267,2026-04-14T19:32:39.095055
scraped_vietnamworks_algolia_00003,Kỹ Sư Thiết Bị Di Động IOT - Mobile & IoT Device Solutions Engineer - Không Yêu Cầu Kinh Nghiệm,Công ty TNHH Nhà Nước MTV Thương mại và XNK Viettel,,Hà Nội,0,0,full-time,any,0,university,"Phụ trách kỹ thuật trong các dự án kinh doanh thiết bị điện thoại, thiết bị di động, iOT: • Nghiên cứu công nghệ, sản phẩm, giải pháp để tư vấn cho khách hàng. • Phân tích hồ sơ mời thầu, tìm kiếm nhà cung cấp, xây dựng hồ sơ đáp ứng kỹ thuật dự thầu. •... Yêu cầu: • Tốt nghiệp: Đại học chính quy, ưu tiên ứng viên học Học viện bưu chính viễn thông, Đại học bách khoa, Học viện kỹ thuật quân sự, Đại học công nghệ - Đại học Quốc gia Hà Nội , chuyên ngành Điện tử viễn thông, Tự động hóa, Công nghệ Thông tin. • Có...",other,VietnamWorks_Algolia,https://www.vietnamworks.com/viec-lam/ky-su-thiet-bi-di-dong-iot-mobile-iot-device-solutions-engineer-khong-yeu-cau-kinh-nghiem-2023269,2026-04-14T19:32:39.095192
scraped_vietnamworks_algolia_00016,"Associate, Social Insurance and Benefits Delivery",NAB Innovation Centre Vietnam,,Hồ Chí Minh,0,0,full-time,any,0,high,"ABOUT THE JOB The Associate, Social Insurance and Benefits delivery is responsible for ensuring accurate and timely execution of statutory insurance compliance (SHUI) and delivering employee benefits programs. This role plays a critical part in maintaining regulatory compliance, enhancing employee experience, and supporting sufficient HR Operations processes. YOUR JOB RESPONSIBILITIES A. Social Insurance-Health Insurance-Unemployment Insurance Compliance... Yêu cầu: YOUR SKILLS & EXPERIENCE • Bachelor&#039;s degree in HR, Business, Finance, or related field. • Minimum of 7 years of Social Insurance/Health Insurance/Unemployment Insurance processing experience and benefits delivery. • Strong understanding of Vietnamese labor law and SHUI regulations is preferred Skills & Competencies • Strong attention to detail and accuracy • Good analytical and problem-solving skills • Effective communication and stakeholder...",other,VietnamWorks_Algolia,https://www.vietnamworks.com/viec-lam/associate-social-insurance-and-benefits-delivery-2036147,2026-04-14T19:33:36.022840
scraped_vietnamworks_algolia_00017,Project Sales Engineer,Công Ty TNHH Stiebel Eltron Việt Nam,,Hồ Chí Minh,0,0,full-time,any,2,university,"1. JOB PURPOSE The Project Sales Engineer is responsible for developing and managing project sales for Heat Pump and Water Heater solutions, working closely with consultants, contractors, developers, and project-related partners to achieve sales targets and expand brand presence in the project market. 2. KEY RESPONSIBILITIES 2.1. Project Sales Development • Identify, approach, and develop project opportunities in residential... Yêu cầu: 3. JOB REQUIREMENTS 3.1. Education & Experience • Bachelor’s degree or Diploma in Mechanical, Electrical, HVAC, MEP, Thermal Engineering, or related fields. • At least 2–3 years of experience in project sales. • Experience in HVAC, sanitary ware, water heaters, heat pumps, or MEP systems is a strong advantage. • Existing relationships with contractors, consultants, developers, or project dealers are highly preferred. 3.2. Skills...",sales,VietnamWorks_Algolia,https://www.vietnamworks.com/viec-lam/project-sales-engineer-2032839,2026-04-14T19:33:36.022904
scraped_vietnamworks_algolia_00027,"Engineer, Product Industrialization, Footwear (Contract)",Amer Sports Vietnam Limited,,Hồ Chí Minh,0,0,full-time,any,3,high,"• Assists overseas HQ Project Managers by facilitating communications between the HQ Project Managers and Vendors by gathering and passing information to HQ Project Managers which the HQ Project Managers use in their role of developing and commercializing a range of products • Ensure cost targets set by overseas HQ Project Managers can be met within... Yêu cầu: • Mechanical back ground or College / university degree • At least 5&#43; years experience in Footwear industry • Priority to have more than 5&#43; years experience in facilitating with the development of outdoor/adventure running shoes • Good understanding of shoes material and Lab testing. • Good understanding of injection and compression EVA, mold making process in shoe industry • Good interpersonal skill and team...",other,VietnamWorks_Algolia,https://www.vietnamworks.com/viec-lam/engineer-product-industrialization-footwear-contract-2033786,2026-04-14T19:33:36.023517
scraped_vietnamworks_algolia_00028,Chuyên Viên Quản Lý Chất Lượng - Phòng Tiêu Chuẩn Thẩm Định,Công Ty CP Bệnh Viện Đa Khoa Quốc Tế Vinmec,,Hà Nội,0,0,full-time,any,3,university,"TIÊU CHUẨN THẨM ĐỊNH - Tham gia hỗ trợ triển khai chuẩn bị cho thẩm định và tái thẩm định JCI tại các bệnh viện đảm bảo đạt chứng chỉ. - Tham gia hỗ trợ các đầu mối xây dựng/cập nhật các quy định/ quy chế thuộc nhóm văn bản JCI, đảm bảo đáp ứng yêu... Yêu cầu: - Tốt nghiệp Đại học trở lên (ưu tiên chuyên ngành liên quan đến y tế) - Ưu tiên có chứng chỉ liên quan tới Quản lý chất lượng - Ưu tiên ứng viên có kinh nghiệm 3-5 năm làm việc trong lĩnh vực quản lý chất lượng, kế hoạch tổng hợp ngành Y tế/bệnh viện...",other,VietnamWorks_Algolia,https://www.vietnamworks.com/viec-lam/chuyen-vien-quan-ly-chat-luong-phong-tieu-chuan-tham-dinh-2021100,2026-04-14T19:33:36.023575
scraped_vietnamworks_algolia_00029,[HN/HCM] Chuyên Viên/ Chuyên Viên Cao Cấp Quan Hệ Khách Hàng Ưu Tiên (Lương 15Tr - 35Tr + Incentive),Công Ty Cổ Phần Tập Đoàn Đầu Tư Emir,,Hồ Chí Minh,15000000,35000000,full-time,any,2,university,"- Chủ động tiếp cận, tìm kiếm và xây dựng các mối quan hệ mới nhằm mở rộng network cá nhân cho việc tư vấn bán hàng. - Tiếp nhận, chăm sóc, phát triển tập khách hàng được phân công. - Trực tiếp chăm sóc khách hàng theo các chương trình của Công ty như ngày... Yêu cầu: 1. Học vấn : Tốt nghiệp Cao đẳng/Đại học trở lên chuyên ngành có liên quan: Quản trị Kinh doanh, Luật, Kinh tế, Ngoại giao, Tài chính ngân hàng... 2. Kiến thức/Kinh nghiệm : - Tối thiểu 03 năm kinh nghiệm tại các vị trí tương đương tại các tổ chức Tài chính, Ngân hàng. - Ưu tiên ứng...",other,VietnamWorks_Algolia,https://www.vietnamworks.com/viec-lam/hn-hcm-chuyen-vien-chuyen-vien-cao-cap-quan-he-khach-hang-uu-tien-luong-15tr-35tr-incentive-2036539,2026-04-14T19:33:36.023641
scraped_vietnamworks_algolia_00043,Kế Toán Trưởng,Uni-Global Logistics,,Hồ Chí Minh,0,0,full-time,any,5,high,"Job Summary Chịu trách nhiệm quản lý toàn bộ hoạt động kế toán – tài chính của công ty, đảm bảo tuân thủ pháp luật, tối ưu chi phí và hỗ trợ Ban Giám đốc trong việc ra quyết định tài chính. ________________________________________ Key Responsibilities • Quản lý và điều hành toàn bộ hoạt động của phòng kế toán... Yêu cầu: Must-have Requirements • Tốt nghiệp Đại học chuyên ngành Kế toán, Tài chính hoặc liên quan • Có chứng chỉ Kế toán trưởng • Tối thiểu 5 năm kinh nghiệm kế toán, trong đó có ít nhất 2 năm ở vị trí quản lý • Am hiểu luật thuế và chuẩn mực kế toán Việt Nam • Kỹ năng quản...",accounting,VietnamWorks_Algolia,https://www.vietnamworks.com/viec-lam/ke-toan-truong--2033030,2026-04-14T19:33:36.024489
scraped_vietnamworks_algolia_00044,Merchandiser - Nhân Viên Điều Phối Đơn Hàng,Công ty TNHH Yakjin Việt Nam,,Hà Nội,0,0,full-time,any,2,high,"1. Sample Development Stage / Giai đoạn phát triển mẫu • Receive Tech Pack and information from buyers, translate and provide comments → Nhận Tech Pack và thông tin từ khách hàng, dịch và đưa ra nhận xét • Work with related departments to develop samples → Phối hợp với... Yêu cầu: * At least 2 years of experience as a Merchandiser in garment industry (full-function experience is preferred) → Tối thiểu 2 năm kinh nghiệm Merchandiser ngành may (ưu tiên làm full function) * Experience in at least 2 out of 3 areas: sample / sourcing / costing ...",other,VietnamWorks_Algolia,https://www.vietnamworks.com/viec-lam/merchandiser-nhan-vien-dieu-phoi-don-hang--2033058,2026-04-14T19:33:36.024546
scraped_vietnamworks_algolia_00045,Kỹ Sư Công Trường Dự Án Nhà Công Nghiệp (Site Engineer for Building Project),Công Ty TNHH Shimizu Việt Nam,,Nghệ An,0,0,full-time,any,3,high,"Mô tả công việc: - Đảm bảo chất lượng trong quá trình thi công các hạng mục, thi công đúng theo thiết kế đã phê duyệt, bản vẽ thi công, biện pháp thi công, tiêu chuẩn kỹ thuật và các tài liệu liên quan. - Đảm bảo an toàn lao động trong quá trình thi công, phối hợp... Yêu cầu: Yêu cầu: - Độ tuổi dưới 35 tuổi - Tốt nghiệp đại học chuyên ngành xây dựng dân dụng và công nghiệp - Có ít nhất 3 năm kinh nghiệm tại vị trí Kỹ sư thi công ở hiện trường, hiểu bản vẽ kỹ thuật bằng tiếng Anh. - Có thể làm việc tại các dự án ở Bình Dương, Đồng Nai...",other,VietnamWorks_Algolia,https://www.vietnamworks.com/viec-lam/ky-su-cong-truong-du-an-nha-cong-nghiep-site-engineer-for-building-project-2033066,2026-04-14T19:33:36.024608
scraped_vietnamworks_algolia_00046,Giám Đốc Khối Cung Ứng (Supply Chain Director),Cocolux - Chuỗi Bán Lẻ Mỹ Phẩm Chính Hãng.,,Hà Nội,0,0,full-time,any,3,university,"VAI TRÒ - CHỨC NĂNG: 1. Quản lý trực tiếp: - Trưởng phòng Mua hàng (Buying / Purchasing) - Trưởng phòng Cung ứng (Supply Chain Planning) - Trưởng kho (Warehouse Manager) 2. Mục tiêu công việc: Chịu trách nhiệm xây dựng và vận hành toàn bộ hệ thống cung ứng của công ty, đảm bảo: - Hàng hóa đủ – đúng... Yêu cầu: Quyền hạn & Trách nhiệm: 1. Quyết định lựa chọn nhà cung cấp 2. Phê duyệt kế hoạch mua hàng 3. Quản lý ngân sách cung ứng 4. Điều phối hàng hóa toàn hệ thống. - Trình độ học vấn tối thiểu: Tốt nghiệp Đại học trở lên chuyên ngành: QTKD, Logistic,….và các ngành nghề khác liên quan - Kinh...",other,VietnamWorks_Algolia,https://www.vietnamworks.com/viec-lam/giam-doc-khoi-cung-ung-supply-chain-director-2032876,2026-04-14T19:33:36.024693
scraped_vietnamworks_algolia_00047,Nhân Viên Kỹ Thuật,Công ty cổ phần thương mại và công nghệ kỹ thuật Ecome,,Hà Nội,10000000,20000000,full-time,any,0,high,"• Lắp đặt, vận hành, bảo trì và sửa chữa các hệ thống, thiết bị kỹ thuật công nghệ do công ty triển khai hoặc cung cấp. • Tham gia khảo sát, thiết kế kỹ thuật và đề xuất giải pháp kỹ thuật phù hợp cho từng dự án. • Hỗ trợ kỹ... Yêu cầu: • Tốt nghiệp Cao đẳng hoặc Đại học chuyên ngành: Kỹ thuật Điện, Điện tử, Cơ điện tử, Tự động hóa, CNTT, Viễn thông, hoặc các ngành liên quan. • Có ít nhất 1 năm kinh nghiệm trong lĩnh vực kỹ thuật (chấp nhận sinh viên mới tốt nghiệp có kỹ năng tốt). • Kỹ năng...",skilled,VietnamWorks_Algolia,https://www.vietnamworks.com/viec-lam/nhan-vien-ky-thuat-2032999,2026-04-14T19:33:36.024760
scraped_vietnamworks_algolia_00048,Senior Accounting & Tax Consultant,"Crowe Vietnam Co., Ltd",,Hà Nội,0,0,full-time,any,3,university,"'1. Core Responsibilities -Assist managers in implementing accounting service packages for both domestic and international corporate clients. Prepare and finalize monthly, quarterly, and annual financial statements, tax reports, and other statutory reports for clients. -Assist managers in delivering tax review and tax advisory services to both local and international clients. Prepare and review client deliverables, including... Yêu cầu: Professional requirements: Bachelor's degree in Accounting, Finance, Law, Economics, or related fields; Minimum 3 years of relevant experience in tax, audit, or accounting (preferably in consulting firms); Skills & Qualifications: Good English skills (speaking & writing), able to work with specialized documents and international customers. Passionate and capable of effectively performing the tasks described above. Eager to establish a long-term...",accounting,VietnamWorks_Algolia,https://www.vietnamworks.com/viec-lam/senior-accounting-and-tax-consultant-2033125,2026-04-14T19:33:36.024825
scraped_vietnamworks_algolia_00049,Country Division Manager & Head Of Sales,Công Ty TNHH GEA Việt Nam,,Hồ Chí Minh,0,0,full-time,any,10,university,"The Country Division Manager & Head of Sales provides end-to-end leadership, strategic direction, and full P&L accountability for the Division within the Country while simultaneously leading the Sales function to accelerate commercial growth. This role acts as a strategic reset leader, ensuring clarity, accountability, governance discipline, and a strong customer-centric culture, while driving a... Yêu cầu: 1. Educational Background • Bachelor’s degree in Engineering, Business, Agriculture, or related technical field. • MBA or equivalent post-graduate qualification preferred. 2. Professional Knowledge & Experience • 10+ years in senior leadership roles within industrial, process engineering, nutrition/feed, or related sectors. ...",sales,VietnamWorks_Algolia,https://www.vietnamworks.com/viec-lam/country-division-manager-andamp-head-of-sales-2033023,2026-04-14T19:33:36.024888
scraped_vietnamworks_algolia_00056,HO - Partnerships Development Manager (Digital Banking),Ngân Hàng TMCP Á Châu (ACB),,Hồ Chí Minh,0,0,full-time,any,5,university,"Vị trí này đảm bảo chất lượng đầu ra trong hoạt động mở rộng mạng lưới đối tác và hợp tác đối tác nhằm thúc đẩy kinh doanh các sản phẩm, dịch vụ của Khối Ngân hàng số. Trách nhiệm chính - Phát triển và thực hiện chiến lược trao đổi quyền lợi, ưu đãi... Yêu cầu: 1. Trình độ học vấn 1.1 Trình độ tối thiểu: Đại học trở lên 1.2 Chuyên ngành: tài chính, ngân hàng, Marketing 2. Năng lực 2.1 Kiến thức/ Chuyên môn: - Kiến thức marketing đối tác, truyền thông thương hiệu, và quản lý hợp đồng. - Kiến thức về quy trình triển khai chương trình ưu đãi, truyền thông...",other,VietnamWorks_Algolia,https://www.vietnamworks.com/viec-lam/ho-partnerships-development-manager-digital-banking-2030417,2026-04-14T19:33:36.025344
scraped_vietnamworks_algolia_00057,[HCM] Nhân Viên Tư Vấn B2B (Data Khách Hàng Có Sẵn),Navigos Group,,Hồ Chí Minh,300000000,500000000,full-time,<35,1,high,"Với hơn 23 năm hình thành và phát triển, VietnamWorks tự hào là trang web tuyển dụng hàng đầu và lâu đời nhất tại Việt Nam. Là một phần của Tập đoàn Navigos Group, VietnamWorks tự hào mang đến một môi trường làm việc năng động, thử thách và thân thiện. Tại đây, mỗi... Yêu cầu: CHỈ CẦN BẠN CÓ: • Tốt nghiệp Cao đẳng, Đại học trở lên, độ tuổi từ khoảng 22 đến 26 • Có trải nghiệm với công việc Sales/Telesales • Yêu thích kinh doanh, không ngại bị từ chối • Khả năng thích ứng nhanh chóng và linh hoạt với sự thay đổi liên tục của thị trường • Giao tiếp trung...",other,VietnamWorks_Algolia,https://www.vietnamworks.com/viec-lam/hcm-nhan-vien-tu-van-b2b-data-khach-hang-co-san-2024465,2026-04-14T19:33:36.025403
scraped_vietnamworks_algolia_00058,Chuyên Viên Cao Cấp Kế Toán Tiếng Trung,Công Ty Cổ Phần Chứng Khoán Guotai Junan (Việt Nam),,Hà Nội,0,0,full-time,any,0,high,"1. Kiểm tra tính hợp lệ của hóa đơn, chứng từ và hồ sơ thanh toán và trình duyệt thanh toán các khoản chi phí phát sinh định kỳ hàng tháng/ 负责审核发票, 相关凭证及付款资料的合规性，并提交各项月度定期费用, 佣金的付款审批流程。 2. Hạch toán các hóa đơn, chi phí và chứng từ kế toán nội bộ/ 核算发票，费用和内部会计单据。 3. Thực hiện các hoạt động về nguồn... Yêu cầu: - Có trình độ Đại học trở lên chuyên ngành kế toán, kinh tế, tài chính; 具备大学本科及以上学历，会计、经济或金融相关专业； - Ưu tiên có bằng cấp chuyên môn và chứng chỉ nghề nghiệp về lĩnh vực chứng khoán; 优先考虑具备证券领域相关专业学历或职业资格证书者。 - Kinh nghiệm chuyên môn: Có 3-5 năm kinh nghiệm ở vị trí tương đương tại các lĩnh vực liên quan kế...",accounting,VietnamWorks_Algolia,https://www.vietnamworks.com/viec-lam/chuyen-vien-cao-cap-ke-toan-tieng-trung-2040329,2026-04-14T19:33:36.025466
scraped_vietnamworks_algolia_00059,Accounting & Tax Associate (Client Service),Dezan Shira & Cộng Sự Việt Nam,,Hồ Chí Minh,0,0,full-time,any,2,university,"• Handle daily accounting works and full accounting, and financial works for assigned clients; • Prepare monthly, quarterly and annual tax reports including: Corporate Income Tax, Value Added Tax, Foreign Contractor’s Tax, and others as per set deadlines; • Prepare advisory reports of tax issues, finance and accounting matters when... Yêu cầu: • Minimum 2-3 year of relevant professional experience preferably related industries. • A bachelor’s degree with an emphasis in accounting would be preferable. • Excellent interpersonal and communications skills including strong written and verbal skills. • Excellent command of written and spoken English. • Good command of accounting...",accounting,VietnamWorks_Algolia,https://www.vietnamworks.com/viec-lam/accounting-tax-associate-client-service-2027210,2026-04-14T19:33:36.025521
scraped_vietnamworks_algolia_00060,Business Project Manager,Techcombank,,Hà Nội,0,0,full-time,any,8,university,"Job Purpose • The job holder leads portfolio management by providing support in planning, coordination of financial objectives and deliverables for the portfolio of both traditional projects/initiatives implemented through Waterfall methodology and customer journey digitization initiatives implemented through Agile methodology. • The job holder collaborates with cross-functional teams within the Transformation Office and other divisions in... Yêu cầu: • At least 8 years of project or program management experience in Waterfall or Agile methodologies. • Project or program management experience in a bank or technology organization including banking product development, performance management, IT project implementation. • Demonstrated experience working in a transformation office to drive a large organization-wide transformation program. • Strong experience in performance tracking...",other,VietnamWorks_Algolia,https://www.vietnamworks.com/viec-lam/business-project-manager--2025767,2026-04-14T19:33:36.025591
scraped_vietnamworks_algolia_00061,Product Owner (Card/ Payment/ Wealth/ Unsecured Lending),Techcombank,,Hà Nội,0,0,full-time,any,6,university,"MỤC TIÊU • Người đảm nhiệm vị trí có trách nhiệm tối đa hóa giá trị của sản phẩm và hiệu quả công việc của nhóm phát triển sản phẩm bằng cách đóng vai trò là tiếng nói của khách hàng. • Người đảm nhiệm vị trí chịu trách nhiệm về quản lý sản phẩm (thiết kế... Yêu cầu: Chân dung Thành công - Bằng cấp, Kinh nghiệm • Tối thiểu bằng cử nhân trong các chuyên ngành Tài chính, Ngân hàng, Kinh tế, Máy tính, Công nghệ Thông tin, Quản trị Kinh doanh hoặc các ngành liên quan. • Có chứng chỉ về Agile Product Management và chứng nhận Product Owner là ưu thế....",other,VietnamWorks_Algolia,https://www.vietnamworks.com/viec-lam/product-owner-card-payment-wealth-unsecured-lending-2025768,2026-04-14T19:33:36.025645
scraped_vietnamworks_algolia_00062,Procurement Staff (6-Month contract),Công Ty TNHH Ô Tô Mitsubishi Việt Nam,,Hồ Chí Minh,0,0,full-time,any,0,university,"Job Summary: The role is responsible for managing the end to end purchasing process for assigned requests, including scope verification, order placement, delivery tracking, goods receipt, and issue resolution. It supports the full payment process by preparing and consolidating required documentation in compliance with accounting procedures. The position also oversees the selling and disposal activities... Yêu cầu: Qualifications: • Education : Bachelor’s Degree in Trading or Economics • Knowledge : Purchasing/Sourcing (is preferred)/Basic Accounting • Skills: MS Office, English, Communication & Negotiation Skills • Experience: At least 1 year of expeirence in Purchasing position Benefits • Competitive salary • Transportation & meal allowances • Premium health care package • Annual Leaves & additional public holiday days-off",other,VietnamWorks_Algolia,https://www.vietnamworks.com/viec-lam/procurement-staff-6-month-contract--2026475,2026-04-14T19:33:36.025705
scraped_vietnamworks_algolia_00063,Kỹ Sư Cơ Điện Lương Upto 30Tr + Thưởng Tiến Độ Dự Án,Công Ty CP Đầu Tư Xây Dựng Và Công Nghệ Việt Nhật,,Hà Nội,24000000,30000000,full-time,any,2,high,"Việt Nhật E&C đã khẳng định vị thế là chuyên gia uy tín hàng đầu tại Việt Nam trong lĩnh vực cơ điện và hạ tầng công nghiệp, được nhiều đối tác lớn trong và ngoài nước tin tưởng lựa chọn. Sức mạnh của chúng tôi nằm ở đội ngũ kỹ sư giàu kinh... Yêu cầu: • Tốt nghiệp Đại học/Cao đẳng chuyên ngành Cơ điện, Điện, Nhiệt – Lạnh, Cấp thoát nước hoặc liên quan. • Có từ 02-03 năm kinh nghiệm trong lĩnh vực thi công, lắp đặt hệ thống MEP. • Ưu tiên sử dụng thành thạo Revit - BIM, AutoCAD. • Đọc hiểu tốt bản vẽ kỹ thuật, biết...",skilled,VietnamWorks_Algolia,https://www.vietnamworks.com/viec-lam/ky-su-co-djien-luong-upto-30tr-thuong-tien-djo-du-an-2025185,2026-04-14T19:33:36.025763
scraped_vietnamworks_algolia_00064,Sales Representative (QC Service),"Helmsman Quality & Technology Services Co., Ltd.",,Hồ Chí Minh,1000,400000000,full-time,any,1,university,"- Actively and independently develop executive level relationships and grow a profitable portfolio of clients through personal lead origination, qualification, consultation, sales negotiation, and closure. - Participate in the planning, formulation, coordination and execution of sales and marketing activities - Achieve quarterly and yearly sales targets - Propose sales strategies to improve sales performance of the responsible... Yêu cầu: - Bachelor degree holder. Major in business administration, marketing, international trade or a relevant technical field is preferred - 1-3 years’ experience in B2B sales or Import/export, sourcing, trading or supply chain activities. - Experience in selling technical services within the Inspection, Testing, Certification (TIC) industry, or directly to global Supply Chain/Quality/Sourcing departments is preferred - Strong...",service,VietnamWorks_Algolia,https://www.vietnamworks.com/viec-lam/sales-representative-qc-service--2025183,2026-04-14T19:33:36.025823
scraped_vietnamworks_algolia_00065,20 Kỹ Sư Giám Sát Cơ Điện Lương 15Tr -20Tr + Thu Nhập Đến 25Tr + Thưởng Tiến Độ + Free Chỗ Ở,Công Ty CP Đầu Tư Xây Dựng Và Công Nghệ Việt Nhật,,Hà Nội,15000000,20000000,full-time,any,0,university,"Tại Việt Nhật E&C , chúng tôi không chỉ xây dựng những công trình; chúng tôi xây dựng niềm tin. Với hơn 15 năm kinh nghiệm xuất sắc trong lĩnh vực Tổng thầu Xây dựng và Cơ điện (M&E), uy tín của chúng tôi được khẳng định bởi đội ngũ kỹ sư dày dặn kinh... Yêu cầu: • Trình độ học vấn: Tốt nghiệp Đại học, Cao Đẳng các ngành: Điện, Cơ khí, HVAC, Cấp thoát nước, PCCC. • Kỹ năng chuyên môn: ◦ Am hiểu hệ thống điện, cấp thoát nước, HVAC, PCCC, ELV. ◦ Sử dụng office, khả năng đọc hiểu bản vẽ và triển khai thi công ...",skilled,VietnamWorks_Algolia,https://www.vietnamworks.com/viec-lam/20-ky-su-giam-sat-co-dien-luong-15tr-20tr-thu-nhap-den-25tr-thuong-tien-do-free-cho-o-2025188,2026-04-14T19:33:36.025880
scraped_vietnamworks_algolia_00066,Chuyên Viên Kinh Doanh - Tại Hà Nội (01 người) và Hải Phòng (01 người),Công Ty TNHH Standard Units Supply Việt Nam,,Hà Nội,12000000,15000000,full-time,<35,1,high,"- Phát triển khách hàng mới: Trực tiếp gặp gỡ, đàm phán, chốt hợp đồng với khách hàng. Develop new customers: Directly make apointment, discussion & contract confirmation with accounts - Phối hợp với Sales người Nhật và nhân viên trong nhóm để đạt mục tiêu kinh doanh của cá nhân và tập thể. Quản lý... Yêu cầu: YÊU CẦU CÔNG VIỆC - Tốt nghiệp Đại học (ưu tiên chuyên ngành Cơ khí, Tự động hóa, Kỹ thuật công nghiệp hoặc liên quan). - It nhất 1~2 năm kinh nghiệm (có thể chấp nhận mới ra trường) - Tiếng Anh: giao tiếp khá - Đàm phán, thuyết trình, lập kế hoạch công việc hàng tuần - Biết...",sales,VietnamWorks_Algolia,https://www.vietnamworks.com/viec-lam/chuyen-vien-kinh-doanh-tai-ha-noi-01-nguoi-va-hai-phong-01-nguoi-2028320,2026-04-14T19:33:36.025938
scraped_vietnamworks_algolia_00067,Nhân Sự Vận Hành Sàn Thương Mại Điện Tử,Công Ty Cổ Phần Thương Mại Tràng An- Việt Nam,,Hà Nội,0,0,full-time,<35,1,university,"• Lập kế hoạch và quản lý hoạt động kinh doanh, marketing online trên các sàn Thương mại điện tử Tik Tok, Shopee,... của Công ty. • Tham mưu, đề xuất với Ban giám đốc về phương án và định hướng phát triển TMĐT nhằm đáp ứng mục tiêu phát triển. • Khảo sát, đánh giá tình... Yêu cầu: YÊU CẦU CÔNG VIỆC • Am hiểu về marketing thương mại điện tử. • Có ít nhất 1 năm kinh nghiệm ở vị trí tương đương. • Ứng viên có kinh nghiệm và hiểu biết trong lĩnh vực kinh doanh ngành FMCG; ưu tiên ứng viên đến từ sàn TMĐT Lazada, Shopee, Tik Tok,... • Có kỹ năng...",skilled,VietnamWorks_Algolia,https://www.vietnamworks.com/viec-lam/nhan-su-van-hanh-san-thuong-mai-dien-tu-2028054,2026-04-14T19:33:36.025999
scraped_vietnamworks_algolia_00068,SAP Sales Executive,Citek Technology Joint-Stock Company,,Hồ Chí Minh,0,3000,full-time,any,3,university,"* Job Overview: At Citek, we are looking for dynamic and results-driven sales professionals to join our team as Sales Executives, specializing in promoting and selling SAP enterprise solutions. Sales Executive - Key Responsibilities: • Generate leads and develop new customer relationships • Conduct in-depth needs analysis, crafting solution proposals based on SAP S/4HANA’s capabilities. • Deliver engaging presentations,... Yêu cầu: • Bachelor’s degree in Business, Information Technology, or a related field • At least 3+ years of experience in sales in the fields of ERP solutions such as SAP S/4HANA, SAP Business One, SAP Public Cloud, Oracle NetSuite or Software solutions (HRM, CRM, SaaS,..) with deal sizes from $50,000+ • Successfully signed at least 03 SME customer...",sales,VietnamWorks_Algolia,https://www.vietnamworks.com/viec-lam/sap-sales-executive-2027246,2026-04-14T19:33:36.026054
scraped_vietnamworks_algolia_00069,Nhân Viên Sales Logistics Xuất Nhập Khẩu Nội Địa (KH Là Các Công Ty XNK Việt Nam) Hồ Chí Minh,Công Ty Cổ Phần Quốc Tế TICO,,Hồ Chí Minh,0,16000000,full-time,any,3,university,"• Tìm kiếm và phát triển khách hàng là các công ty XNK, các nhà máy tại Việt Nam. • Thực hiện các cuộc gọi điện, email và gặp gỡ khách hàng để tạo dựng mối quan hệ lâu dài. • Tư vấn giải pháp logistics tối ưu cho doanh... Yêu cầu: • Tốt nghiệp Đại học/ Cao đẳng chuyên ngành kinh tế, quản trị kinh doanh, xuất nhập khẩu, vận tải. • Tiếng Anh/Tiếng Trung giao tiếp • Năng động, nhanh nhẹn, yêu thích giao tiếp. • Có kỹ năng giao tiếp, làm việc nhóm tốt, tổ chức công việc, giải quyết vấn đề tốt. • Khả năng chịu...",warehouse,VietnamWorks_Algolia,https://www.vietnamworks.com/viec-lam/nhan-vien-sales-logistics-xuat-nhap-khau-noi-djia-kh-la-cac-cong-ty-xnk-viet-nam-ho-chi-minh-2027262,2026-04-14T19:33:36.026116
scraped_vietnamworks_algolia_00070,Trưởng Phòng Kinh Doanh,CÔNG TY TNHH PHÁT TRIỂN HƯƠNG VIỆT,,Hồ Chí Minh,18000000,30000000,full-time,any,3,high,"Bạn có đủ bản lĩnh để điều hành cỗ máy tăng trưởng cho một trong những nền tảng E-learning hàng đầu Việt Nam? Năm 2026, Hương Việt Group và hệ sinh thái CLS.VN không chỉ tìm kiếm một người quản lý, chúng tôi tìm kiếm một ""Đối tác chiến lược"" để hiện thực hóa... Yêu cầu: - Có ít nhất 3-5 năm kinh nghiệm thực chiến trong mảng B2B Sales (Ưu tiên IT, Phần mềm, SaaS hoặc Giải pháp kỹ thuật). - Có tư duy ""Solution Selling"" – Bán giải pháp thay vì bán tính năng. - Kỹ năng lãnh đạo truyền cảm hứng, có khả năng xây dựng đội ngũ từ ""Good"" đến ""Great"". - Sẵn...",sales,VietnamWorks_Algolia,https://www.vietnamworks.com/viec-lam/truong-phong-kinh-doanh-2010388,2026-04-14T19:33:36.026184
scraped_vietnamworks_algolia_00071,Quản Lý Kinh Doanh Kinh Nghiệm Từ 5 Năm,CÔNG TY TNHH PHÁT TRIỂN HƯƠNG VIỆT,,Hà Nội,25000000,40000000,full-time,any,5,high,"- Xây dựng, quản lý và phát triển đội ngũ kinh doanh. - Chịu trách nhiệm về chỉ tiêu doanh số của nhóm, lập kế hoạch hành động theo từng quý, tháng, tuần. - Hướng dẫn, đào tạo nhân sự mới về sản phẩm, kỹ năng tư vấn, quy trình bán hàng và kiến thức ngành. - Tìm kiếm, tiếp... Yêu cầu: • Ưu tiên có kinh nghiệm quan lý đội nhóm, tư vấn giải pháp, đàm phán và chốt sale trong mô hình B2B • Kỹ năng giao tiếp tốt, khả năng thuyết trình và tư vấn sản phẩm. • Chủ động, có khả năng phát triển thị trường và mở rộng mạng lưới đối tác. Năng lực & tố chất: - Tư...",sales,VietnamWorks_Algolia,https://www.vietnamworks.com/viec-lam/quan-ly-kinh-doanh-kinh-nghiem-tu-5-nam-2010389,2026-04-14T19:33:36.026251
scraped_vietnamworks_algolia_00072,Chuyên viên kế toán tổng hợp - Vin Nexus Center,Hệ thống Giáo dục Vinschool,,Hà Nội,0,0,full-time,<35,2,university,"Giới thiệu Trường Giáo dục chuyên biệt Vin Nexus Center là mô hình giáo dục phi lợi nhuận do Tập đoàn Vingroup đầu tư và phát triển, với sứ mệnh nâng cao chất lượng cuộc sống cho học sinh rối loạn phát triển - nhóm trẻ hiện vẫn đang thiếu hụt các dịch vụ giáo... Yêu cầu: • Tốt nghiệp đại học chuyên ngành tài chính, kế toán. • Có kinh nghiệm tối thiểu 2 năm trở lên ở vị trí kế toán tổng hợp, độ tuổi từ 26-36. • Am hiểu chuẩn mực, chế độ kế toán. • Thành thạo các phần mềm máy tính, đặc biệt là SAP, ERP. • Có tinh thần...",accounting,VietnamWorks_Algolia,https://www.vietnamworks.com/viec-lam/chuyen-vien-ke-toan-tong-hop-vin-nexus-center-2030890,2026-04-14T19:33:36.026315
scraped_vietnamworks_algolia_00073,[Junior] Giám Sát Thi Công Nội Thất | Interior Construction Supervisor (Up to $1000),"T.S.I Vietnam Co., Ltd",,Hà Nội,1000,500000000,full-time,any,0,university,"Tóm tắt công việc Giám sát Nội thất Cấp hỗ trợ các hoạt động thi công nội thất tại công trường. Vị trí này không dành cho ứng viên hoàn toàn chưa có kinh nghiệm thực tế, đồng thời yêu cầu cao về khả năng báo cáo chính xác và giao tiếp rõ ràng. Vai trò tập... Yêu cầu: • Tối thiểu 1 năm kinh nghiệm liên quan đến thi công nội thất hoặc xây dựng (chấp nhận sinh viên mới tốt nghiệp có định hướng rõ ràng) • Tốt nghiệp chuyên ngành Kiến trúc, Xây dựng hoặc liên quan (trung cấp trở lên) • Có hiểu biết cơ bản về bản vẽ kỹ thuật, mặt...",construction,VietnamWorks_Algolia,https://www.vietnamworks.com/viec-lam/junior-giam-sat-thi-cong-noi-that-interior-construction-supervisor-up-to-1000-2025150,2026-04-14T19:33:36.026378
scraped_vietnamworks_algolia_00074,Kế Toán Thuế (Giao Tiếp Tốt Tiếng Anh hoặc Tiếng Hoa) - Lương Upto 30 Million,Công Ty TNHH Horizon Construction Development OVERSEAS (Việt Nam),,Hồ Chí Minh,0,30000000,full-time,any,3,university,"Mô tả công việc: - Quản lý xuất hóa đơn cho các bộ phận - Kiểm tra tính hợp lý, hợp lệ, đầy đủ của chứng từ thanh toán - Phân tích số liệu kế toán, đánh giá các khoản phải thu, phải trả, và theo dõi tình hình tài chính doanh nghiệp. - Lập Báo cáo Thuế... Yêu cầu: 2. Yêu cầu: - Tốt nghiệp đại học chuyên ngành Kế toán, Tài chính hoặc các ngành liên quan. - Sử dụng thành thạo tiếng Trung hoặc tiếng Anh (nghe, nói, đọc, viết) - Ít nhất 3 năm kinh nghiệm quản lý thuế, có kinh nghiệm tại 4 công ty kế toán lớn và ưu tiên thuế...",accounting,VietnamWorks_Algolia,https://www.vietnamworks.com/viec-lam/ke-toan-thue-giao-tiep-tot-tieng-anh-hoac-tieng-hoa-luong-upto-30-million-2028598,2026-04-14T19:33:36.026445
scraped_vietnamworks_algolia_00075,Nhân Viên Kế Toán Có Kinh Nghiệm,Công Ty TNHH Sodick Việt Nam,,Hồ Chí Minh,0,0,full-time,any,5,university,"• Hạch toán, kiểm tra và tổng hợp chứng từ kế toán phát sinh. • Tra cứu & lưu trữ file hóa đơn điện tử, kiểm tra sắp xếp lưu trữ chứng từ & hồ sơ kế toán. • Lập báo cáo thuế GTGT, thuế nhà thầu hàng tháng, thuế... Yêu cầu: • Tối thiểu 5 năm kinh nghiệm ở vị trí kế toán tổng hợp • Có khả năng giao tiếp và đọc hiểu tài liệu tiếng Anh. • Tốt nghiệp cao đẳng, đại học chuyên ngành kế toán/ kiểm toán. • Chăm chỉ, trung thực, có tinh thần trách...",accounting,VietnamWorks_Algolia,https://www.vietnamworks.com/viec-lam/nhan-vien-ke-toan-co-kinh-nghiem-2028617,2026-04-14T19:33:36.026506
scraped_vietnamworks_algolia_00076,Product Management Trainee (Khối Kinh Doanh - Ngành Điện Tử),CÔNG TY TNHH THIẾT BỊ THÔNG MINH O-TECH VIỆT NAM,,Hồ Chí Minh,0,0,full-time,any,1,university,"• Support in product selection and GTM strategy for electronic devices, ensuring the product aligns with user needs and business objectives. • Research and analyze market trends, competitor activities, and user feedback to provide data for strategic product decisions. • Participate in building and managing the product roadmap, coordinating with engineering, design, and marketing teams to ensure product quality... Yêu cầu: Yêu cầu ứng viên • Preference for male candidates, with a university degree in relevant fields • Passionate about business and interested in electronic products • Preference for candidates with less than 1 year of relevant work experience • Strong logical thinking and data analysis skills • Good communication skills and a team-oriented mindset • Quick learner with a spirit of perseverance, commitment, and a high...",skilled,VietnamWorks_Algolia,https://www.vietnamworks.com/viec-lam/product-management-trainee-khoi-kinh-doanh-nganh-djien-tu-2028597,2026-04-14T19:33:36.026576
scraped_vietnamworks_algolia_00077,Polymer Sales PIC,Samsung C&T Corporation,,Hồ Chí Minh,0,0,full-time,<40,5,university,"The Polymer Sales PIC will be in charge of making deal done of mainly PE/PP and developing new customers in all over Vietnam. The sales manager will mainly deal with Korean , Indian and Chinese origin cargo. But also preferred to have ability to develop new origin. Basically, He or she should have at... Yêu cầu: Expected joining date: ASAP • Experience: at least 5 years of polymer trading experience in polymer trading companies. • Language: Fluent in English (Speaking and Listening) • Completion of a bachelor's degree at an accredited college or university • Having experience in developing Middle East cargo to Vietnamese market is preferred. Personality/ Ability • Detail-oriented, careful, hard-working, highly responsible, teamwork. Working...",sales,VietnamWorks_Algolia,https://www.vietnamworks.com/viec-lam/polymer-sales-pic-2010216,2026-04-14T19:33:36.026657
scraped_vietnamworks_algolia_00078,Quản Lý Chất Lượng ( Tiếng Nhật),Công Ty TNHH MTV Forval Việt Nam,,Hưng Yên,450000000,700000000,full-time,any,2,high,"1) Dịch thuật tiêu chuẩn chất lượng, hướng dẫn công việc Việt-> Nhật, Nhật-> Việt 2) Điều tra tổng hợp lỗi thao tác, dị thường sản phẩm phát sinh trong công đoạn, thông tin liên lạc cho công ty mẹ, nhận chỉ thị từ công ty mẹ chỉ thị cho xưởng sản xuất. 3) Tổng hợp... Yêu cầu: - Nam, nữ đều được - Ngoại ngữ: Tiếng Nhật N3 trở lên - Kinh nghiệm QC công ty sản xuất",other,VietnamWorks_Algolia,https://www.vietnamworks.com/viec-lam/quan-ly-chat-luong-tieng-nhat-2028651,2026-04-14T19:33:36.026722
scraped_vietnamworks_algolia_00080,Thư Ký,CÔNG TY TNHH SẢN XUẤT VÀ THƯƠNG MẠI,,Hồ Chí Minh,0,0,full-time,any,1,high,"• Lưu trữ, bảo quản, và cập nhật hồ sơ, tài liệu liên quan đến dự án theo quy định của công ty; • Soạn thảo các loại văn bản như công văn, biên bản cuộc họp, biên bản bàn giao, và các tài liệu liên quan khác. • Lên lịch, chuẩn bị tài liệu, ghi biên bản,... Yêu cầu: • Có kinh nghiệm làm thư ký là một lợi thế được ưu tiên; • Hiểu biết về quy trình về quản lý, lưu trữ hồ sơ; • Biết sử dụng phần mềm vi tính, thành thạo tin học văn phòng; • Có khả năng giao tiếp tốt; • Có trách nhiệm và có thể làm việc dưới áp lực cao, tăng ca,...",other,VietnamWorks_Algolia,https://www.vietnamworks.com/viec-lam/thu-ky-2028663,2026-04-14T19:33:36.026856
scraped_vietnamworks_algolia_00081,3 Nhân Viên Kỹ Thuật Tiếng Nhật N3,Công Ty TNHH Kyocera Việt Nam,,Hưng Yên,0,0,full-time,any,1,high,"1. Nhân viên Kỹ thuật sản phẩm - Quản lý và cải tiến thiết kế sản phẩm trong suốt vòng đời sản phẩm - Phân tích lỗi sản phẩm, đề xuất giải pháp khắc phục và phòng ngừa - Phối hợp với bộ phận R&D, sản xuất và chất lượng để tối ưu sản phẩm - Xây dựng tiêu chuẩn kỹ thuật,... Yêu cầu: - Tốt nghiệp Cao đẳng, Đại học chuyên ngành kỹ thuật liên quan - Kinh nghiệm: Có ít nhất 01 năm kinh nghiệm ở công ty sản xuất; - Có kinh nghiệm về phát triển hoặc quản lý sản phẩm là lợi thế, - Kỹ năng phân tích, giải quyết vấn đề tốt - Tiếng Nhật: Yêu...",skilled,VietnamWorks_Algolia,https://www.vietnamworks.com/viec-lam/3-nhan-vien-ky-thuat-tieng-nhat-n3-2028681,2026-04-14T19:33:36.026926
scraped_vietnamworks_algolia_00082,Kĩ Sư Cơ Khí Thiết Kế Máy Tự Động,"LTK Vietnam Co.,Ltd.",,Hưng Yên,0,0,full-time,any,2,university,"• Khảo sát, tư vấn phương án cải tiến máy móc cho khách hàng. • Thiết kế máy móc, thiết bị tự động hóa theo yêu cầu. • Lập bản vẽ chi tiết, bản vẽ lắp ráp bằng phần mềm CAD (SolidWorks, Inventor hoặc tương đương) • Phối... Yêu cầu: • Tốt nghiệp đại học chuyên ngành cơ khí chế tạo. • Có 2 - 3 năm kinh nghiệm làm việc trong lĩnh vực chế tạo máy tự động ( người chưa có kinh nghiệm sẽ được đào tạo ) • Ưu tiên ứng viên từng tham gia thiết kế các hệ thống tự động...",skilled,VietnamWorks_Algolia,https://www.vietnamworks.com/viec-lam/ki-su-co-khi-thiet-ke-may-tu-djong-2028594,2026-04-14T19:33:36.026986
scraped_vietnamworks_algolia_00083,Precision Machining Department (PMD) Process Engineer,VDL ETG VIETNAM COMPANY LIMITED,,Quảng Ninh,0,0,full-time,any,6,university,"The Precision Machining Department (PMD) Process Engineer is responsible for • Managing the manufacturing process, including introducing processes, modifying processes, issuing processes, and optimizing processes. • Ability to CNC programming and CNC turning for machining systems • Conducts root cause analyses of (complex) machining issues in production. • Machining parameter optimization for best machine performance and minimum production cost – Continuous... Yêu cầu: • Bachelor’s degree in an Engineering or operations related technical degree (e.g. Mechanical Engineering, Industrial Technology). • Must have a focus on Machining Technology. • Experience with low volume / high mixed machine and 5-axis machining technology. • Experience with machining (cast) iron and (cast) aluminum with precision tolerances. • Experience in fixture and tool design. • Experience with CAD/CAM software (preference for NX)....",other,VietnamWorks_Algolia,https://www.vietnamworks.com/viec-lam/precision-machining-department-pmd-process-engineer-2028610,2026-04-14T19:33:36.027089
scraped_vietnamworks_algolia_00084,Supply Chain Admin - Temporary 9 Months,Công Ty TNHH Fonterra Brands Việt Nam,,Hồ Chí Minh,0,0,full-time,any,3,university,"Role purpose Business Unit description: Fonterra Brand Vietnam - To be the most trusted source of dairy in the world Team fit: Supply Chain & Regulatory The Supply Chain Admin plays a supporting role in Supply Chain team, contributing to the efficient and compliant execution of supply chain operations. The position focuses on providing administrative... Yêu cầu: Section A: Qualification and experience Requirement - Education: Supply Chain, Logistics, International Trade, * Preferred: Experience in the dairy and nutritional food, science and chemical industry. - Experience • Basic understanding of Vietnam import customs procedures and the ability to interpret local laws and regulations. • Familiarity with administrative tasks in supply chain or regulatory environments. * Preferred: • Relationship management and organizational...",other,VietnamWorks_Algolia,https://www.vietnamworks.com/viec-lam/supply-chain-admin-temporary-9-months-2028620,2026-04-14T19:33:36.027175
scraped_vietnamworks_algolia_00090,Business Development Staff (Nhân Viên Phòng Phát Triển Kinh Doanh),"Hayakawa Electronics Vietnam Co., Ltd.",,Bắc Ninh,0,0,full-time,any,1,high,"Job Summary In-charge in business development ,find new customer, get new RFQ, complete quotation and follow process project. Be responsibility from making sample, sending sample, get sample appoval untill have mass information then transfer to sales in charge. 1. Responsibility for finding new customers - Send email or calling to new customer, direct meeting to introduce about company and... Yêu cầu: • Education: Requires a college degree in business, accountancy, engineering and other related field. • Work Experience: Requires at least one year work related experience in a manufacturing environment. • Skills: - Requires strong oral and written communication in English or Japanese. - Negotiation and planning capacity - Good communication skills are essential, both inside and outside the company. • Internal/External Contacts: - Interacts...",sales,VietnamWorks_Algolia,https://www.vietnamworks.com/viec-lam/business-development-staff-nhan-vien-phong-phat-trien-kinh-doanh-2030731,2026-04-14T19:33:36.027524
scraped_vietnamworks_algolia_00091,Autonomous Vessel Software Engineer (Ha Noi & Hai Phong),"Praxis Automation VIETNAM CO., LTD",,Hà Nội,0,0,full-time,any,4,university,"Working location: A new office to open in Hanoi / Hai Phong What will you do? Join our autonomy and navigation team and contribute to the development of autonomous and semi-autonomous vessel systems. You will work on software that enables vessels to safely navigate, maintain position, and execute missions using integrated navigation, sensor, and control systems.... Yêu cầu: • Bachelor’s degree in computer science, Software Engineering, Computer Engineering, Electrical Engineering, Robotics, Mathematics, Mechanics and Informatics, or equivalent • 4–6 years of professional experience in C++ software development, preferably for real-time or safety-critical systems. • Experience developing software for Linux embedded • Strong understanding of multithreading, timing constraints, and deterministic system behavior • Experience interfacing with hardware or lower-level systems via defined...",other,VietnamWorks_Algolia,https://www.vietnamworks.com/viec-lam/autonomous-vessel-software-engineer-ha-noi-and-hai-phong-2028679,2026-04-14T19:33:36.027587
scraped_vietnamworks_algolia_00098,Thực Tập Sinh Quan Hệ Khách Hàng Doanh Nghiệp,"Chailease International Leasing Co., Ltd. (Head Office)",,Bình Dương,0,140000000,freelance,any,0,high,"- Tìm kiếm khách hàng, liên hệ & giới thiệu dịch vụ cho thuê tài chính đến khách hàng doanh nghiệp. - Kiểm tra sơ bộ hồ sơ tín dụng. - Mở rộng & duy trì quan hệ với khách hàng hiện tại và khách hàng tiềm năng. - Đề xuất giải pháp thuê tài chính phù... Yêu cầu: - Sinh viên năm cuối hoặc đã tốt nghiệp Đại học/Cao đẳng (chuyên ngành Tài chính - Ngân hàng, Kinh tế, Kế toán, Quản trị kinh doanh, Ngoại thương là lợi thế). - Có khả năng giao tiếp tiếng Anh hoặc tiếng Trung. - Có thể thực tập ít nhất 4 ngày/tuần. - Giao tiếp tốt, thái...",other,VietnamWorks_Algolia,https://www.vietnamworks.com/viec-lam/thuc-tap-sinh-quan-he-khach-hang-doanh-nghiep--2030942,2026-04-14T19:33:36.028022
scraped_vietnamworks_algolia_00099,IT Auditor (Banking/ Financial Services),"Chailease International Leasing Co., Ltd. (Head Office)",,Hồ Chí Minh,0,0,full-time,<35,1,university,"- Build up IT standards, regulatory requirements, and internal policies. - Plan and execute independent internal IT audits and risk assessments for a variety of engagements. - Determine audit methods and scope to meet the general purpose of each internal audit item. - Review the effectiveness of IT general controls, IT applications, and other security audits supporting... Yêu cầu: - Bachelor degree or above, majored in Information Technology, Information Security, Computer Science or related majors. - Fluent in English (4 skills) . - Candidates with at least 1 year of experience in computer system auditing experience or audit experience in IT industry is highly preferred. - Have knowledge of regulations, products in the banking and finance industry,...",service,VietnamWorks_Algolia,https://www.vietnamworks.com/viec-lam/it-auditor-banking-financial-services--2030944,2026-04-14T19:33:36.028084
scraped_topcv_00000,Data Engineer/Data Analytics (DE/DA),CÔNG TY TNHH RU9,,Hồ Chí Minh,0,0,full-time,any,3,high,,other,TopCV,https://www.topcv.vn/viec-lam/data-engineer-data-analytics-de-da/2101649.html?ta_source=JobSearchList_LinkDetail&u_sr_id=eX1LKgY7JECnWDE2Y0gwvSbfr8yVCtaOXJTuSmK6_1776172461,2026-04-14T20:14:24.100952
scraped_topcv_00001,Nhân Viên Thiết Kế Đồ Hoạ/ Designer,Công Ty TNHH Bao Bì Minh Ngọc,,Hồ Chí Minh,10000000,25000000,full-time,any,1,high,,other,TopCV,https://www.topcv.vn/viec-lam/nhan-vien-thiet-ke-do-hoa-designer/2102165.html?ta_source=JobSearchList_LinkDetail&u_sr_id=eX1LKgY7JECnWDE2Y0gwvSbfr8yVCtaOXJTuSmK6_1776172461,2026-04-14T20:14:24.101052
scraped_topcv_00002,Kỹ Sư Trí Tuệ Nhân Tạo,TỔNG CÔNG TY MẠNG LƯỚI VIETTEL-CHI NHÁNH TẬP ĐOÀN CÔNG NGHIỆP-VIỄN THÔNG QUÂN ĐỘI,,Hà Nội,20000000,30000000,full-time,any,1,high,,other,TopCV,https://www.topcv.vn/viec-lam/ky-su-tri-tue-nhan-tao/2041920.html?ta_source=JobSearchList_LinkDetail&u_sr_id=eX1LKgY7JECnWDE2Y0gwvSbfr8yVCtaOXJTuSmK6_1776172461,2026-04-14T20:14:24.101150
scraped_topcv_00003,Senior Backend Engineer (Rust/Go/C++) - Lương Từ 1.500$ - 2.000$ + Thưởng Hiệu Quả Công Việc,CÔNG TY TNHH CỐ VẤN TÂM LÝ GIAO DỊCH S.T.E.P,,Hồ Chí Minh,0,0,full-time,any,2,high,,other,TopCV,https://www.topcv.vn/viec-lam/senior-backend-engineer-rust-go-c-luong-tu-1-500-2-000-thuong-hieu-qua-cong-viec/2104876.html?ta_source=JobSearchList_LinkDetail&u_sr_id=eX1LKgY7JECnWDE2Y0gwvSbfr8yVCtaOXJTuSmK6_1776172461,2026-04-14T20:14:24.101252
scraped_topcv_00004,Chuyên Viên Thiết Kế,CÔNG TY CỔ PHẦN VINSCHOOL,,Hà Nội,0,0,full-time,any,3,high,,other,TopCV,https://www.topcv.vn/viec-lam/chuyen-vien-thiet-ke/2104662.html?ta_source=JobSearchList_LinkDetail&u_sr_id=eX1LKgY7JECnWDE2Y0gwvSbfr8yVCtaOXJTuSmK6_1776172461,2026-04-14T20:14:24.101310
scraped_topcv_00005,ERP Implementation Analyst,"HEM-APPAREL CO., LTD",,Hồ Chí Minh,0,0,full-time,any,0,high,,other,TopCV,https://www.topcv.vn/viec-lam/erp-implementation-analyst/2105091.html?ta_source=JobSearchList_LinkDetail&u_sr_id=eX1LKgY7JECnWDE2Y0gwvSbfr8yVCtaOXJTuSmK6_1776172461,2026-04-14T20:14:24.101388
scraped_topcv_00006,Chuyên Viên Kỹ Thuật IoT Từ 4 Năm Kinh Nghiệm (TP.Hồ Chí Minh),CÔNG TY TNHH HIFARM,,Thanh Hóa,0,0,full-time,any,4,high,,skilled,TopCV,https://www.topcv.vn/viec-lam/chuyen-vien-ky-thuat-iot-tu-4-nam-kinh-nghiem-tp-ho-chi-minh/2102071.html?ta_source=JobSearchList_LinkDetail&u_sr_id=eX1LKgY7JECnWDE2Y0gwvSbfr8yVCtaOXJTuSmK6_1776172461,2026-04-14T20:14:24.101455
scraped_topcv_00007,Nhân Viên Quản Trị Dữ Liệu (Data Admin),CÔNG TY CỔ PHẦN BÁNH KẸO Á CHÂU,,Hồ Chí Minh,8000000,9000000,full-time,any,1,high,,other,TopCV,https://www.topcv.vn/viec-lam/nhan-vien-quan-tri-du-lieu-data-admin/1220636.html?ta_source=JobSearchList_LinkDetail&u_sr_id=eX1LKgY7JECnWDE2Y0gwvSbfr8yVCtaOXJTuSmK6_1776172461,2026-04-14T20:14:24.101532
scraped_topcv_00008,BrSE - Kỹ Sư Cầu Nối JLPT Từ N3,Công ty TNHH City Ascom Việt Nam,,Hà Nội,0,0,full-time,any,1,high,,other,TopCV,https://www.topcv.vn/viec-lam/brse-ky-su-cau-noi-jlpt-tu-n3/1577614.html?ta_source=JobSearchList_LinkDetail&u_sr_id=eX1LKgY7JECnWDE2Y0gwvSbfr8yVCtaOXJTuSmK6_1776172461,2026-04-14T20:14:24.101915
scraped_topcv_00009,"Nhân Viên Bình Bài & Thiết Kế (Bao Bì, Tem Nhãn, In Ấn)",CÔNG TY TNHH IN NHANH 66,,Hồ Chí Minh,0,0,full-time,any,1,high,,other,TopCV,https://www.topcv.vn/viec-lam/nhan-vien-binh-bai-thiet-ke-bao-bi-tem-nhan-in-an/2102109.html?ta_source=JobSearchList_LinkDetail&u_sr_id=eX1LKgY7JECnWDE2Y0gwvSbfr8yVCtaOXJTuSmK6_1776172461,2026-04-14T20:14:24.102044
scraped_topcv_00010,Fullstack Engineer (Kỹ Sư Fullstack) - Lương Từ 1.500$ - 2.000$ + Thưởng Hiệu Quả Công Việc,CÔNG TY TNHH CỐ VẤN TÂM LÝ GIAO DỊCH S.T.E.P,,Hồ Chí Minh,0,0,full-time,any,2,high,,other,TopCV,https://www.topcv.vn/viec-lam/fullstack-engineer-ky-su-fullstack-luong-tu-1-500-2-000-thuong-hieu-qua-cong-viec/2104890.html?ta_source=JobSearchList_LinkDetail&u_sr_id=eX1LKgY7JECnWDE2Y0gwvSbfr8yVCtaOXJTuSmK6_1776172461,2026-04-14T20:14:24.102132
scraped_topcv_00011,Fullstack Developer,CÔNG TY CỔ PHẦN CÔNG NGHỆ THANH TOÁN THÀNH PHỐ THÔNG MINH,,Hồ Chí Minh,0,0,full-time,any,3,high,,other,TopCV,https://www.topcv.vn/viec-lam/fullstack-developer/2107052.html?ta_source=JobSearchList_LinkDetail&u_sr_id=eX1LKgY7JECnWDE2Y0gwvSbfr8yVCtaOXJTuSmK6_1776172461,2026-04-14T20:14:24.102217
scraped_topcv_00012,IT Staff/ IT Helpdesk/IT Support,Công ty TNHH HS Hyosung Global Logistics Vina,,Hồ Chí Minh,0,0,full-time,any,1,high,,other,TopCV,https://www.topcv.vn/viec-lam/it-staff-it-helpdesk-it-support/1671582.html?ta_source=JobSearchList_LinkDetail&u_sr_id=eX1LKgY7JECnWDE2Y0gwvSbfr8yVCtaOXJTuSmK6_1776172461,2026-04-14T20:14:24.102344
scraped_topcv_00013,QC Mid-Senior,Công ty Cổ phần Công nghệ Tài chính Goline,,Hà Nội,14000000,20000000,full-time,any,2,high,,other,TopCV,https://www.topcv.vn/viec-lam/qc-mid-senior/2102599.html?ta_source=JobSearchList_LinkDetail&u_sr_id=eX1LKgY7JECnWDE2Y0gwvSbfr8yVCtaOXJTuSmK6_1776172461,2026-04-14T20:14:24.102444
scraped_topcv_00014,Nhân Viên Marketing Tổng Hợp Full- Stack,CÔNG TY TNHH DỊCH VỤ TƯ VẤN GIÁO DỤC QUỐC TẾ HƯNG THỊNH PHÁT,,Hồ Chí Minh,8000000,11000000,full-time,any,1,high,,other,TopCV,https://www.topcv.vn/viec-lam/nhan-vien-marketing-tong-hop-full-stack/2102440.html?ta_source=JobSearchList_LinkDetail&u_sr_id=eX1LKgY7JECnWDE2Y0gwvSbfr8yVCtaOXJTuSmK6_1776172461,2026-04-14T20:14:24.102571
scraped_topcv_00015,Senior Data Engineer (Quận 1 - HCM),CÔNG TY TNHH HCL VIETNAM,,Hồ Chí Minh,0,0,full-time,any,5,high,,other,TopCV,https://www.topcv.vn/viec-lam/senior-data-engineer-quan-1-hcm/2108723.html?ta_source=JobSearchList_LinkDetail&u_sr_id=eX1LKgY7JECnWDE2Y0gwvSbfr8yVCtaOXJTuSmK6_1776172461,2026-04-14T20:14:24.102645
scraped_topcv_00016,Tech Lead/Trưởng Phòng Phát Triển Phần Mềm .NET - Thu Nhập Upto 70 Triệu Đồng - Hỗ Trợ Thiết Bị - Hà Nội,Công ty cổ phần Onenet,,Thanh Hóa,70000000,70000000,full-time,any,5,high,,other,TopCV,https://www.topcv.vn/viec-lam/tech-lead-truong-phong-phat-trien-phan-mem-net-thu-nhap-upto-70-trieu-dong-ho-tro-thiet-bi-ha-noi/2105608.html?ta_source=JobSearchList_LinkDetail&u_sr_id=eX1LKgY7JECnWDE2Y0gwvSbfr8yVCtaOXJTuSmK6_1776172461,2026-04-14T20:14:24.102725
scraped_topcv_00017,"Integration Specialist (Night Shift, E-Com/ERP/Data)",CÔNG TY TNHH DICENTRAL VIỆT NAM,,Hồ Chí Minh,0,0,full-time,any,0,high,,other,TopCV,https://www.topcv.vn/viec-lam/integration-specialist-night-shift-e-com-erp-data/2105797.html?ta_source=JobSearchList_LinkDetail&u_sr_id=eX1LKgY7JECnWDE2Y0gwvSbfr8yVCtaOXJTuSmK6_1776172461,2026-04-14T20:14:24.102816
scraped_topcv_00018,Thực Tập Sinh Tài Năng (Tech/Data/Risk/Business),ProCông ty Tài chính tín dụng tiêu dùng TNHH MB SHINSEI (Mcredit),,Hà Nội,0,0,full-time,any,1,high,,other,TopCV,https://www.topcv.vn/viec-lam/thuc-tap-sinh-tai-nang-tech-data-risk-business/2103006.html?ta_source=JobSearchList_LinkDetail&u_sr_id=eX1LKgY7JECnWDE2Y0gwvSbfr8yVCtaOXJTuSmK6_1776172461,2026-04-14T20:14:24.102873
scraped_topcv_00019,Thực Tập Sinh Phân Tích & Triển Khai Nghiệp Vụ,Công ty cổ phần công nghệ Isofh,,Hà Nội,4000000,5000000,full-time,any,0,high,,other,TopCV,https://www.topcv.vn/viec-lam/thuc-tap-sinh-phan-tich-trien-khai-nghiep-vu/1683712.html?ta_source=JobSearchList_LinkDetail&u_sr_id=eX1LKgY7JECnWDE2Y0gwvSbfr8yVCtaOXJTuSmK6_1776172461,2026-04-14T20:14:24.102937
scraped_topcv_00020,Chuyên Viên Vận Hành Và Giải Pháp CNTT,Công ty Cổ phần Công nghệ Công nghiệp VConnex,,Hà Nội,0,0,full-time,any,2,high,,other,TopCV,https://www.topcv.vn/viec-lam/chuyen-vien-van-hanh-va-giai-phap-cntt/2100963.html?ta_source=JobSearchList_LinkDetail&u_sr_id=eX1LKgY7JECnWDE2Y0gwvSbfr8yVCtaOXJTuSmK6_1776172461,2026-04-14T20:14:24.103002
scraped_topcv_00021,Giáo Viên Dạy Lập Trình (Stem) / Giáo Viên Stem Coding Teacher- 28 Tiếng/Tuần - Quận 9,Wall Street English,,Hồ Chí Minh,7000000,75000000,full-time,any,1,high,,other,TopCV,https://www.topcv.vn/viec-lam/giao-vien-day-lap-trinh-stem-giao-vien-stem-coding-teacher-28-tieng-tuan-quan-9/2102695.html?ta_source=JobSearchList_LinkDetail&u_sr_id=eX1LKgY7JECnWDE2Y0gwvSbfr8yVCtaOXJTuSmK6_1776172461,2026-04-14T20:14:24.103072
scraped_topcv_00022,3. Kỹ Sư Phân Tích Hệ Thống & Quy Trình (Business Analyst) - Dự Án Chuyển Đổi Số - 3 Năm Kinh Nghiệm,Trung tâm Kỹ thuật,,Hà Nội,20000000,25000000,full-time,any,3,high,,other,TopCV,https://www.topcv.vn/viec-lam/3-ky-su-phan-tich-he-thong-quy-trinh-business-analyst-du-an-chuyen-doi-so-3-nam-kinh-nghiem/2102668.html?ta_source=JobSearchList_LinkDetail&u_sr_id=eX1LKgY7JECnWDE2Y0gwvSbfr8yVCtaOXJTuSmK6_1776172461,2026-04-14T20:14:24.103135
scraped_topcv_00023,4. Lập Trình Viên Fullstack (Java/React) - Kinh Nghiệm 3 Năm ( Lương Từ 20tr Trở Lên),Trung tâm Kỹ thuật,,Hà Nội,20000000,25000000,full-time,any,3,high,,other,TopCV,https://www.topcv.vn/viec-lam/4-lap-trinh-vien-fullstack-java-react-kinh-nghiem-3-nam-luong-tu-20tr-tro-len/2102732.html?ta_source=JobSearchList_LinkDetail&u_sr_id=eX1LKgY7JECnWDE2Y0gwvSbfr8yVCtaOXJTuSmK6_1776172461,2026-04-14T20:14:24.103195
scraped_topcv_00024,"Lập Trình Viên Java - 4 Năm Kinh Nghiệm - Làm Việc Tại Thanh Xuân, HN - Phúc Lợi Tốt, Thu Nhập Cao So Với Thị Trường",CÔNG TY CỔ PHẦN GIẢI PHÁP CÔNG NGHỆ NVINA,,Hà Nội,20000000,30000000,full-time,any,4,high,,other,TopCV,https://www.topcv.vn/viec-lam/lap-trinh-vien-java-4-nam-kinh-nghiem-lam-viec-tai-thanh-xuan-hn-phuc-loi-tot-thu-nhap-cao-so-voi-thi-truong/2078121.html?ta_source=JobSearchList_LinkDetail&u_sr_id=eX1LKgY7JECnWDE2Y0gwvSbfr8yVCtaOXJTuSmK6_1776172461,2026-04-14T20:14:24.103262
scraped_topcv_00025,"Chuyên Viên Đào Tạo Ứng Dụng AI (Thu Nhập 15-20 Triệu Tại Cầu Giấy, Hà Nội)",Công Ty TNHH Đầu Tư và Phát Triển Giáo Dục Big Ben,,Thanh Hóa,15000000,20000000,full-time,any,2,high,,other,TopCV,https://www.topcv.vn/viec-lam/chuyen-vien-dao-tao-ung-dung-ai-thu-nhap-15-20-trieu-tai-cau-giay-ha-noi/2103787.html?ta_source=JobSearchList_LinkDetail&u_sr_id=eX1LKgY7JECnWDE2Y0gwvSbfr8yVCtaOXJTuSmK6_1776172461,2026-04-14T20:14:24.103328
scraped_topcv_00026,Print Production Artist (English),ROWBOAT SOFTWARE,,Hồ Chí Minh,8000000,13000000,full-time,any,1,high,,production,TopCV,https://www.topcv.vn/viec-lam/print-production-artist-english/2105498.html?ta_source=JobSearchList_LinkDetail&u_sr_id=eX1LKgY7JECnWDE2Y0gwvSbfr8yVCtaOXJTuSmK6_1776172461,2026-04-14T20:14:24.103392
scraped_topcv_00027,UI/UX Designer,CÔNG TY TNHH MTV SEN VÀNG VIỆT NAM,,Hồ Chí Minh,0,0,full-time,any,2,high,,other,TopCV,https://www.topcv.vn/brand/goldenlotusjewelry/tuyen-dung/ui-ux-designer-j2104399.html?ta_source=JobSearchList_LinkDetail&u_sr_id=eX1LKgY7JECnWDE2Y0gwvSbfr8yVCtaOXJTuSmK6_1776172461,2026-04-14T20:14:24.103445
scraped_topcv_00028,Tester - Thu Nhập Hấp Dẫn - Tại Hà Nội,CÔNG TY TNHH EKYO VIỆT NAM,,Thanh Hóa,0,0,full-time,any,1,high,,other,TopCV,https://www.topcv.vn/viec-lam/tester-thu-nhap-hap-dan-tai-ha-noi/2110759.html?ta_source=JobSearchList_LinkDetail&u_sr_id=eX1LKgY7JECnWDE2Y0gwvSbfr8yVCtaOXJTuSmK6_1776172461,2026-04-14T20:14:24.103490
scraped_topcv_00029,Middle Full-Stack Developer,Công ty cổ phần PT HUB,,Hà Nội,0,40000000,full-time,any,3,high,,other,TopCV,https://www.topcv.vn/viec-lam/middle-full-stack-developer/2103394.html?ta_source=JobSearchList_LinkDetail&u_sr_id=eX1LKgY7JECnWDE2Y0gwvSbfr8yVCtaOXJTuSmK6_1776172461,2026-04-14T20:14:24.103541
scraped_topcv_00030,Technical Lead (SaaS Product),FIREAPPS TECHNOLOGY JOINT STOCK COMPANY,,Hồ Chí Minh,0,0,full-time,any,5,high,,other,TopCV,https://www.topcv.vn/viec-lam/technical-lead-saas-product/2107441.html?ta_source=JobSearchList_LinkDetail&u_sr_id=eX1LKgY7JECnWDE2Y0gwvSbfr8yVCtaOXJTuSmK6_1776172461,2026-04-14T20:14:24.103590
scraped_topcv_00031,Graphic Designer - Chuyên Viên Thiết Kế Đồ Họa (Quận 5 HCM Cũ),CÔNG TY TNHH DU HỌC TẬN TÂM,,Hồ Chí Minh,0,0,full-time,any,1,high,,other,TopCV,https://www.topcv.vn/viec-lam/graphic-designer-chuyen-vien-thiet-ke-do-hoa-quan-5-hcm-cu/2115371.html?ta_source=JobSearchList_LinkDetail&u_sr_id=eX1LKgY7JECnWDE2Y0gwvSbfr8yVCtaOXJTuSmK6_1776172461,2026-04-14T20:14:24.103641
scraped_topcv_00032,Senior AI Engineer,CÔNG TY TNHH DIGI-TEXX,,Hồ Chí Minh,0,0,full-time,any,5,high,,other,TopCV,https://www.topcv.vn/viec-lam/senior-ai-engineer/2070561.html?ta_source=JobSearchList_LinkDetail&u_sr_id=eX1LKgY7JECnWDE2Y0gwvSbfr8yVCtaOXJTuSmK6_1776172461,2026-04-14T20:14:24.103697
scraped_topcv_00033,"Thiết Kế Đồ Hoạ Ngành In Vải (AI, Photoshop) – Thu Nhập 20 Triệu/Tháng",CÔNG TY TNHH TM DV AN VIỆT PHÁT,,Hồ Chí Minh,20000000,20000000,full-time,any,2,high,,other,TopCV,https://www.topcv.vn/viec-lam/thiet-ke-do-hoa-nganh-in-vai-ai-photoshop-thu-nhap-20-trieu-thang/1720942.html?ta_source=JobSearchList_LinkDetail&u_sr_id=eX1LKgY7JECnWDE2Y0gwvSbfr8yVCtaOXJTuSmK6_1776172461,2026-04-14T20:14:24.103748
scraped_topcv_00034,QA Tester,CÔNG TY TRÁCH NHIỆM HỮU HẠN THK HOLDINGS VIỆT NAM,,Hồ Chí Minh,0,0,full-time,any,2,high,,other,TopCV,https://www.topcv.vn/viec-lam/qa-tester/2109203.html?ta_source=JobSearchList_LinkDetail&u_sr_id=eX1LKgY7JECnWDE2Y0gwvSbfr8yVCtaOXJTuSmK6_1776172461,2026-04-14T20:14:24.103847
scraped_topcv_00035,Business Analyst,CÔNG TY CỔ PHẦN TẬP ĐOÀN THIÊN KHÔI,,Hà Nội,15000000,25000000,full-time,any,3,high,,other,TopCV,https://www.topcv.vn/viec-lam/business-analyst/2105647.html?ta_source=JobSearchList_LinkDetail&u_sr_id=eX1LKgY7JECnWDE2Y0gwvSbfr8yVCtaOXJTuSmK6_1776172461,2026-04-14T20:14:24.103902
scraped_topcv_00036,Thiết Kế Đồ Họa (Graphic Designer - Performance Marketing),TAT ECOM JSC (CATTASAURUS LLC),,Hồ Chí Minh,10000000,20000000,full-time,any,1,high,,other,TopCV,https://www.topcv.vn/viec-lam/thiet-ke-do-hoa-graphic-designer-performance-marketing/2108912.html?ta_source=JobSearchList_LinkDetail&u_sr_id=eX1LKgY7JECnWDE2Y0gwvSbfr8yVCtaOXJTuSmK6_1776172461,2026-04-14T20:14:24.103949
scraped_topcv_00037,Digital Team Supervisor - IT Solution Department,ProCông ty TNHH Yamaha Motor Việt Nam,,Hà Nội,20000000,35000000,full-time,any,3,high,,other,TopCV,https://www.topcv.vn/viec-lam/digital-team-supervisor-it-solution-department/2047853.html?ta_source=JobSearchList_LinkDetail&u_sr_id=eX1LKgY7JECnWDE2Y0gwvSbfr8yVCtaOXJTuSmK6_1776172461,2026-04-14T20:14:24.104004
scraped_topcv_00038,Chuyên Viên Phân Tích Nghiệp Vụ Và Hỗ Trợ Người Dùng,Công ty Cổ phần Đầu Tư K&G Việt Nam,,Hà Nội,15000000,25000000,full-time,any,2,high,,other,TopCV,https://www.topcv.vn/viec-lam/chuyen-vien-phan-tich-nghiep-vu-va-ho-tro-nguoi-dung/2105292.html?ta_source=JobSearchList_LinkDetail&u_sr_id=eX1LKgY7JECnWDE2Y0gwvSbfr8yVCtaOXJTuSmK6_1776172461,2026-04-14T20:14:24.104058
scraped_topcv_00039,"Fullstack Team Lead (NodeJS / ReactJS) - 5 Năm Kinh Nghiệm - Làm Việc Tại Lê Đức Thọ, HN - Phúc Lợi Tốt, Thu Nhập 30 Triệu +++",CÔNG TY CỔ PHẦN YANSOFT,,Hà Nội,5000000,30000000,full-time,any,5,high,,other,TopCV,https://www.topcv.vn/viec-lam/fullstack-team-lead-nodejs-reactjs-5-nam-kinh-nghiem-lam-viec-tai-le-duc-tho-hn-phuc-loi-tot-thu-nhap-30-trieu/2116548.html?ta_source=JobSearchList_LinkDetail&u_sr_id=eX1LKgY7JECnWDE2Y0gwvSbfr8yVCtaOXJTuSmK6_1776172461,2026-04-14T20:14:24.104142
scraped_topcv_00040,"Technical Support Engineer (Fixed Night Shift, IT, Up To 30M Total Package)",Công ty TNHH ITECHWX,,Hồ Chí Minh,0,0,full-time,any,0,high,,other,TopCV,https://www.topcv.vn/viec-lam/technical-support-engineer-fixed-night-shift-it-up-to-30m-total-package/2114902.html?ta_source=JobSearchList_LinkDetail&u_sr_id=eX1LKgY7JECnWDE2Y0gwvSbfr8yVCtaOXJTuSmK6_1776172461,2026-04-14T20:14:24.104217
scraped_topcv_00041,UA Marketing (Android App) - Lương 10-20tr + Commission Hấp Dẫn,Công ty TNHH Thương mại quốc tế TNG,,Hà Nội,10000000,20000000,full-time,any,0,high,,other,TopCV,https://www.topcv.vn/viec-lam/ua-marketing-android-app-luong-10-20tr-commission-hap-dan/2106515.html?ta_source=JobSearchList_LinkDetail&u_sr_id=eX1LKgY7JECnWDE2Y0gwvSbfr8yVCtaOXJTuSmK6_1776172461,2026-04-14T20:14:24.104278
scraped_topcv_00042,Kiểm Duyệt Nội Dung (Photoshop Cơ Bản),CÔNG TY TNHH DIGI-TEXX,,Hồ Chí Minh,65000000,75000000,full-time,any,1,high,,other,TopCV,https://www.topcv.vn/viec-lam/kiem-duyet-noi-dung-photoshop-co-ban/1238890.html?ta_source=JobSearchList_LinkDetail&u_sr_id=eX1LKgY7JECnWDE2Y0gwvSbfr8yVCtaOXJTuSmK6_1776172461,2026-04-14T20:14:24.104337
scraped_topcv_00043,Nhân Viên Phần Mềm,CÔNG TY CỔ PHẦN NHẬT MINH TT,,Hồ Chí Minh,0,0,full-time,any,2,high,,other,TopCV,https://www.topcv.vn/viec-lam/nhan-vien-phan-mem/2098204.html?ta_source=JobSearchList_LinkDetail&u_sr_id=eX1LKgY7JECnWDE2Y0gwvSbfr8yVCtaOXJTuSmK6_1776172461,2026-04-14T20:14:24.104386
scraped_topcv_00044,"Lập Trình Viên Phát Triển Ứng Dụng Web (Integration, Data & Microservices) - Kinh Nghiệm Từ 3 Năm",CÔNG TY CỔ PHẦN GIẢI PHÁP GIÁO DỤC - Y TẾ NAM VIỆT,,Hà Nội,15000000,30000000,full-time,any,3,high,,service,TopCV,https://www.topcv.vn/viec-lam/lap-trinh-vien-phat-trien-ung-dung-web-integration-data-microservices-kinh-nghiem-tu-3-nam/2104775.html?ta_source=JobSearchList_LinkDetail&u_sr_id=eX1LKgY7JECnWDE2Y0gwvSbfr8yVCtaOXJTuSmK6_1776172461,2026-04-14T20:14:24.104445
scraped_topcv_00045,Business Analyst (TMS/Control Tower) - Chuyên Viên Phân Tích Và Vận Hành Hệ Thống Vận Tải & Control Tower,CÔNG TY LOGISTICS - TỔNG CÔNG TY BƯU ĐIỆN VIỆT NAM,,Hà Nội,0,0,full-time,any,3,high,,other,TopCV,https://www.topcv.vn/viec-lam/business-analyst-tms-control-tower-chuyen-vien-phan-tich-va-van-hanh-he-thong-van-tai-control-tower/2103577.html?ta_source=JobSearchList_LinkDetail&u_sr_id=eX1LKgY7JECnWDE2Y0gwvSbfr8yVCtaOXJTuSmK6_1776172461,2026-04-14T20:14:24.104499
scraped_topcv_00046,Kỹ Thuật Viên Triển Khai Dự Án Công Nghệ Thông Tin- Thu Nhập Đến 20 Triệu/Tháng,Công ty TNHH Phát triển thương mại và Kỹ thuật Toàn Cầu,,Hà Nội,20000000,20000000,full-time,any,3,high,,skilled,TopCV,https://www.topcv.vn/viec-lam/ky-thuat-vien-trien-khai-du-an-cong-nghe-thong-tin-thu-nhap-den-20-trieu-thang/2103164.html?ta_source=JobSearchList_LinkDetail&u_sr_id=eX1LKgY7JECnWDE2Y0gwvSbfr8yVCtaOXJTuSmK6_1776172461,2026-04-14T20:14:24.104569
scraped_topcv_00047,Nhân Viên Designer Social 2D_02 Năm Kinh Nghiệm_Thu Nhập Upto 15M++_Đi Làm Ngay Tại Cầu Giấy-Hà Nội,CÔNG TY TNHH MỸ PHẨM L & J,,Thanh Hóa,10000000,15000000,full-time,any,2,high,,other,TopCV,https://www.topcv.vn/viec-lam/nhan-vien-designer-social-2d-02-nam-kinh-nghiem-thu-nhap-upto-15m-di-lam-ngay-tai-cau-giay-ha-noi/2106151.html?ta_source=JobSearchList_LinkDetail&u_sr_id=eX1LKgY7JECnWDE2Y0gwvSbfr8yVCtaOXJTuSmK6_1776172461,2026-04-14T20:14:24.104619
scraped_topcv_00048,Kỹ Sư Tư Vấn Giải Pháp Công Nghệ(PRESALE),Công Ty TNHH PNK,,Hà Nội,30000000,40000000,full-time,any,2,high,,other,TopCV,https://www.topcv.vn/viec-lam/ky-su-tu-van-giai-phap-cong-nghepresale/2104578.html?ta_source=JobSearchList_LinkDetail&u_sr_id=eX1LKgY7JECnWDE2Y0gwvSbfr8yVCtaOXJTuSmK6_1776172461,2026-04-14T20:14:24.104671
scraped_topcv_00049,Kỹ Sư Quản Trị Hệ Thống,CÔNG TY CÔNG NGHỆ THÔNG TIN ĐIỆN LỰC MIỀN BẮC - CHI NHÁNH TỔNG CÔNG TY ĐIỆN LỰC MIỀN BẮC,,Hà Nội,0,0,full-time,any,0,high,,other,TopCV,https://www.topcv.vn/viec-lam/ky-su-quan-tri-he-thong/2114967.html?ta_source=JobSearchList_LinkDetail&u_sr_id=eX1LKgY7JECnWDE2Y0gwvSbfr8yVCtaOXJTuSmK6_1776172461,2026-04-14T20:14:24.104721
scraped_topcv_00000,Fullstack Developer Middle (Web App) – English/ Japanese (Up To 27M) Remote 5 Days/Month,CÔNG TY CỔ PHẦN DS SOLUTION VIỆT NAM,,Hà Nội,0,27000000,full-time,any,3,high,,other,TopCV,https://www.topcv.vn/viec-lam/fullstack-developer-middle-web-app-english-japanese-up-to-27m-remote-5-days-month/2124517.html?ta_source=JobSearchList_LinkDetail&u_sr_id=PefKQLm6aeQTCT4vpWg37HJMsJ1mqVPD2kj94fKx_1776173237,2026-04-14T20:27:20.185962
scraped_topcv_00042,Chương Trình Tài Năng Trẻ TopCV Mùa 2 - TopCV Next Gen 2026,Công ty Cổ phần TOPCV Việt Nam,,Hà Nội,0,0,full-time,any,1,high,,other,TopCV,https://www.topcv.vn/brand/topcv/tuyen-dung/chuong-trinh-tai-nang-tre-topcv-mua-2-topcv-next-gen-2026-j2104855.html?ta_source=JobSearchList_LinkDetail&u_sr_id=PefKQLm6aeQTCT4vpWg37HJMsJ1mqVPD2kj94fKx_1776173237,2026-04-14T20:27:20.190080
scraped_vietnamworks_algolia_00000,Chuyên Viên Kinh Doanh Express - Xanh Delivery,GSM,,Hồ Chí Minh,1000,800000000,full-time,any,2,high,"- Tìm hiểu nhu cầu, tư vấn và thuyết phục khách hàng sử dụng các dịch vụ của Xanh Express, đảm bảo đạt chỉ tiêu khách hàng mới và doanh thu được giao. - Chịu trách nhiệm mở mới tệp khách hàng, mở rộng độ phủ thị trường và gia tăng số lượng khách hàng... Yêu cầu: - Tốt nghiệp Cao đẳng/Đại học. - Có kinh nghiệm tìm kiếm khách hàng mới, Sale Hunter, phát triển thị trường là lợi thế. - Có kinh nghiệm trong lĩnh vực vận tải Express (GHN, GHTK, Ahamove,...) - Kỹ năng giao tiếp, thuyết phục và đàm phán tốt; chủ động và chịu được áp lực KPI. - Sử...",sales,VietnamWorks_Algolia,https://www.vietnamworks.com/viec-lam/chuyen-vien-kinh-doanh-express-xanh-delivery-2034503,2026-04-14T20:32:35.943850
scraped_vietnamworks_algolia_00001,Trưởng Nhóm/ Chuyên Viên Kiểm Soát Ô Nhiễm Môi Trường (Làm Việc Tại Hải Phòng),Công Ty Cổ Phần Sản Xuất Và Kinh Doanh VinFast - Thành Viên Của Vingroup,,Hải Phòng,0,0,full-time,any,0,high,"Nhà máy VinFast Hải Phòng cần tuyển 2 vị trí 1. Trưởng nhóm kiểm soát ô nhiễm môi trường ● Thiết lập, kiểm soát và cải tiến toàn bộ hoạt động phòng ngừa – kiểm soát ô nhiễm trong nhà máy, đảm bảo tuân thủ pháp luật môi trường và phát triển bền vững ● Quản lý tổng... Yêu cầu: ● Trình độ Đại học trở lên chuyên ngành Môi trường và liên quan ● 3-5 năm trong quản lý môi trường/kiểm soát ô nhiễm nhà máy. Kinh nghiệm quản lý các hệ thống xử lý môi trường ● Ưu tiên đã từng Quản lý nhà máy quy mô lớn với vị trí Trưởng nhóm ● Linh hoạt và thích nghi,...",other,VietnamWorks_Algolia,https://www.vietnamworks.com/viec-lam/truong-nhom-chuyen-vien-kiem-soat-o-nhiem-moi-truong-lam-viec-tai-hai-phong-2026411,2026-04-14T20:32:35.944052
scraped_vietnamworks_algolia_00002,"Giám Đốc Cao Cấp Quan Hệ Khách Hàng (Khối KHDN Lớn & Đầu Tư) - HN, HCM - Id366",VPBank - Https://tuyendung.vpbank.com.vn/,,Hồ Chí Minh,0,0,full-time,any,4,university,"Phát triển khách hàng và Quản trị rủi ro - Quản lý danh mục khách hàng hiện hữu và khách hàng tiềm năng - Thiết lập và xây dựng quan hệ chặt chẽ với khách hàng nhằm bán các sản phẩm KHDN LỚN, tư vấn các phương án tài trợ phù hợp o Tăng cường khai thác... Yêu cầu: - Tốt nghiệp đại học trở lên thuộc các chuyên ngành kinh tế / tài chính ngân hàng / quản trị kinh doanh - Có tối thiểu 04 năm kinh nghiệm làm việc tại Đơn vị kinh doanh trực tiếp/phân tích/ thẩm định mảng Khách hàng doanh nghiệp (KHDN doanh thu từ 1000 tỷ trở...",other,VietnamWorks_Algolia,https://www.vietnamworks.com/viec-lam/giam-doc-cao-cap-quan-he-khach-hang-khoi-khdn-lon-dau-tu-hn-hcm-id366-2007101,2026-04-14T20:32:35.944220
scraped_vietnamworks_algolia_00003,Sales Admin,Công Ty TNHH Lock&Lock HCM,,Hồ Chí Minh,0,0,full-time,any,1,high,"• Phụ trách, tiếp nhận và xử lý đơn hàng qua hệ thống Online • Báo bộ phận kho sắp xếp soạn và giao hàng đúng tiến độ. • Xác nhận tiến độ giao hàng hằng ngày cho đối tác hoặc khách hàng • Xuất Hoá đơn cho Khách lẻ • Báo cáo tồn kho hàng kí gửi hàng tháng • Báo cáo doanh thu... Yêu cầu: • Tốt nghiệp Cao đẳng/ Đại học chuyên ngành kinh tế, QTKD,... • Có kinh nghiệm làm việc trên 1 năm vị trí sales admin • Sử dụng thành thạo tin học văn phòng (excel, word, powerpoint…) • Khả năng giao tiếp tốt, tập trung vào công việc cao, tinh thần trách nhiệm đồng đội cao • Biết sử dụng hệ thống SAP/ERP. • Có...",sales,VietnamWorks_Algolia,https://www.vietnamworks.com/viec-lam/sales-admin-2028373,2026-04-14T20:32:35.944391
scraped_vietnamworks_algolia_00004,[HCM] Nhân Viên Kinh Doanh - Telesales (Open for Fresher),Navigos Group,,Hồ Chí Minh,0,250000000,full-time,<35,1,high,"Với hơn 23 năm hình thành và phát triển, VietnamWorks tự hào là trang web tuyển dụng hàng đầu và lâu đời nhất tại Việt Nam. Là một phần của Tập đoàn Navigos Group, VietnamWorks tự hào mang đến một môi trường làm việc năng động, thử thách và thân thiện. Tại đây, mỗi... Yêu cầu: • Tốt nghiệp Cao đẳng/Đại học trở lên • Độ tuổi từ khoảng 22 đến 26. • Có trải nghiệm với công việc Sales/Telesales • Yêu thích kinh doanh, không ngại bị từ chối. • Khả năng thích ứng nhanh chóng và linh hoạt với sự thay đổi liên tục của thị trường. • Giao tiếp trung thực và rõ ràng. • Tinh thần chủ...",sales,VietnamWorks_Algolia,https://www.vietnamworks.com/viec-lam/hcm-nhan-vien-kinh-doanh-telesales-open-for-fresher--2026278,2026-04-14T20:32:35.944540
scraped_vietnamworks_algolia_00005,Kỹ Sư Tự Động Hóa (PLC),Công Ty Cổ Phần Thiết Bị Và Giải Pháp Cơ Khí AUTOMECH,,Hà Nội,15000000,25000000,full-time,<35,1,high,"• Tiếp nhận giải pháp và lên danh sách điện cho các dự án chào thầu. • Cài đặt, lập trình PLC trong quá trình triển khai dự án. • Phối hợp làm việc với các phòng ban để đảm bảo dự án đạt đúng tiến độ bàn giao. • Nghiên cứu các giải pháp về tự... Yêu cầu: • Tốt nghiệp Cao Đẳng, Đại học các ngành Tự động hóa, cơ điện tử hoặc các ngành liên quan. • Có kinh nghiệm tối thiểu 1 năm liên quan vẽ bản vẽ điện, lập trình PLC • Ưu tiên ứng viên có hiểu biết về các thiết bị tự...",other,VietnamWorks_Algolia,https://www.vietnamworks.com/viec-lam/ky-su-tu-djong-hoa-plc-2028540,2026-04-14T20:32:35.944680
scraped_vietnamworks_algolia_00006,Field Service Technician,Công Ty TNHH Diebold Nixdorf Việt Nam,,Hồ Chí Minh,10000000,16000000,full-time,any,0,none,"**Please submit your CV in English** Installs, debugs and provides technical maintenance for product and component hardware and software, mainly on customer premises. Provides scheduled inspection, cleaning and other services and performs minor product repairs within an assigned territory. Inspects products for correct operation and resolves noted issues and / or escalates according to established... Yêu cầu: • Open to fresh graduates. • Education or equivalent work experience required. • Minimum of 1-2 years of relevant experience or equivalent combination of education and experience in Field Services. • Good written and verbal communication skills.",skilled,VietnamWorks_Algolia,https://www.vietnamworks.com/viec-lam/field-service-technician-2028601,2026-04-14T20:32:35.944819
scraped_vietnamworks_algolia_00007,Spare Parts Warehouse Officer,"SEI Electronic Components (Vietnam), Ltd.",,Hà Nội,0,0,full-time,any,0,university,"- Quản lý và giám sát toàn bộ hoạt động của kho linh kiện, kho máy móc chưa sử dụng và CIP, đảm bảo việc lưu trữ linh kiện theo đúng quy định. - Kiểm soát tồn kho, mức tồn tối thiểu – tối đa và lập kế hoạch mua linh kiện phù hợp. - Kiểm soát... Yêu cầu: - Tốt nghiệp đại học chuyên ngành kinh tế hoặc các ngành liên quan. - Có kỹ năng tổng hợp và phân tích dữ liệu. Có kiến thức về ISO. - Có kỹ năng lãnh đạo nhóm. Có kỹ năng giải quyết vấn đề. CHẾ ĐỘ PHÚC LỢI: Chế độ lương thưởng - Mức lương cạnh tranh, tương xứng với năng...",warehouse,VietnamWorks_Algolia,https://www.vietnamworks.com/viec-lam/spare-parts-warehouse-officer--2029177,2026-04-14T20:32:35.944958
scraped_vietnamworks_algolia_00008,Chuyên Viên Quản Trị Cơ Sở Dữ Liệu và Ứng Dụng CNTT (Database Administrator - DBA) - Mã Số: Vhqt-01,Chi Nhánh Trung Tâm Công Nghệ Thông Tin Tập Đoàn Bảo Việt,,Hà Nội,0,0,full-time,any,3,high,"- Thực hiện quản trị, vận hành và giám sát ứng dụng CNTT, cơ sở dữ liệu và phần mềm lớp giữa triển khai tại Trung tâm dữ liệu (DC) và Trung tâm dự phòng (DR), đảm bảo hệ thống hoạt động ổn định, an toàn, hiệu quả và tuân thủ SLA. - Nghiên cứu,... Yêu cầu: 1. Yêu cầu tối thiểu 1.1 Trình độ chuyên môn: - Đào tạo: Tối thiểu tốt nghiệp đại học chuyên ngành Tin học, Điện tử tin học, Khoa học máy tính, Truyền thông và mạng máy tính, Kỹ thuật phần mềm, Hệ thống thông tin, Công nghệ thông tin, An toàn thông tin, Công nghệ...",other,VietnamWorks_Algolia,https://www.vietnamworks.com/viec-lam/chuyen-vien-quan-tri-co-so-du-lieu-va-ung-dung-cntt-database-administrator-dba-ma-so-vhqt-01-2030615,2026-04-14T20:32:35.945084
scraped_vietnamworks_algolia_00009,District Sale Manager (New Segment),Home Credit Vietnam - Explore Your Dream Team,,Bắc Ninh,20000000,25000000,full-time,<45,1,none,"- Tìm kiếm và mở rộng đối tác hợp tác cùng Home Credit (các đối tác kinh doanh dịch vụ Spa, Thẩm Mỹ, Giáo Dục, Nông Lâm Ngư Nghiệp, Gym, Fitness....) - Trao đổi và hướng dẫn đối tác hợp tác cùng Home Credit để tăng doanh số của đối tác thông qua các khoản... Yêu cầu: - Tốt nghiệp từ Cao đẳng /Đại học các ngành nghề - Có kinh nghiệm trong lĩnh vực tài chính, kinh doanh ngành hàng tiêu dùng, quản lý đối tác - Có kinh nghiệm quản lý đội nhóm từ 1 năm trở lên là một lợi thế - Khả năng di chuyển thị trường tốt để gặp...",other,VietnamWorks_Algolia,https://www.vietnamworks.com/viec-lam/district-sale-manager-new-segment-2025640,2026-04-14T20:32:35.945223
scraped_vietnamworks_algolia_00010,Chuyên Viên Giải Phóng Mặt Bằng (Phỏng Vấn Đi Làm Ngay),Công Ty Cổ Phần Vinhomes,,Hà Nội,0,0,full-time,any,2,high,"- Khảo sát, tìm kiếm, đánh giá địa điểm để triển khai dự án; - Chịu trách nhiệm làm việc với các cơ quan chức năng và các bên liên quan để thực hiện thủ tục pháp lý của dự án; - Giải quyết các vấn đề phát sinh trong quá trình làm việc với chính... Yêu cầu: - Tốt nghiệp Đại học trở lên các ngành Kiến trúc, Xây dựng, Luật hoặc các ngành tương đương; - Nam/Nữ. Độ tuổi từ 25 - 40 tuổi; - Nhanh nhẹn, nhiệt huyết, chịu khó, sẵng sàng đi thực địa; - Có kinh nghiệm về công tác Giải phóng mặt bằng, hồ sơ Thủ tục Pháp lý,...",other,VietnamWorks_Algolia,https://www.vietnamworks.com/viec-lam/chuyen-vien-giai-phong-mat-bang-phong-van-di-lam-ngay-2004461,2026-04-14T20:32:35.945351
scraped_vietnamworks_algolia_00011,Nhân Viên Thiết Kế Kỹ Thuật,Eurowindow Holding,,Hà Nội,0,0,full-time,any,0,high,"• Thực hiện thiết kế chi tiết bóc tách nguyên vật liệu lên phần mềm • Kiểm tra hồ sơ thiết kế chi tiết trên phần mềm • Bóc tách, thiết kế chính xác đúng tiến độ theo yêu cầu của các đơn hàng • Phản ánh kịp thời thiếu sót... Yêu cầu: • Nam, Nữ tốt nghiệp Cao Đẳng, Đại học Chuyên ngành Xây dựng dân dụng & công nghiệp, Kiến trúc, cơ khí chế tạo máy,... hoặc các chuyên ngành khác có liên quan. • Có kinh nghiệm về nhôm kính là 1 lợi thế. • Sử dụng thành thạo Autocad 2D, 3D, các phần mềm thiết...",skilled,VietnamWorks_Algolia,https://www.vietnamworks.com/viec-lam/nhan-vien-thiet-ke-ky-thuat-2024650,2026-04-14T20:32:35.945475
scraped_vietnamworks_algolia_00012,[Hanoi] Sales Admin/ Nhân Viên Cao Cấp - Thủ Tục Kinh Doanh,Gamuda Land Vietnam LLC,,Hà Nội,0,0,full-time,any,4,university,"1. Sales Control & Monitoring • Maintain and update the master sales control. • Monitor unit sales status and overall sales performance. 2. Sales Documentation & Communication • Prepare & Verify Reservation Forms and Sales Purchase Contracts (SPC). • Prepare and issue Memo, Letter, Reminder to Buyers, Agents, and other related sales documentations. 3. Payment & Commission Management • Record and verify buyer payment collections. • Prepare commission... Yêu cầu: - Qualification: Bachelor's degree. - 4+ years of experience in Admin, Payment Documentation. Proven track record in Sales Admin, and work in Property market, Real estate company are advantages. - Proficient in English. - Strong organizational skills with a problem-solving attitude, customer service skills, multi-tasking skills, detail-oriented and careful, hardworking and willing to help others. Benefit: - Best Companies...",sales,VietnamWorks_Algolia,https://www.vietnamworks.com/viec-lam/hanoi-sales-admin-nhan-vien-cao-cap-thu-tuc-kinh-doanh-2030680,2026-04-14T20:32:35.945611
scraped_vietnamworks_algolia_00013,Sales Admin Kênh GT Miền Bắc (GT Channel) - Hợp Đồng 7 Tháng,Zott Vietnam Company Limited,,Hà Nội,0,0,full-time,any,1,university,"Chi tiết công việc: Địa điểm làm việc: Tầng 2, Tháp Tây – Hancorp Plaza, 72 Trần Đăng Ninh, Nghĩa Đô, Hà Nội 1. Tiếp nhận và xử lý đơn hàng - Theo dõi tình trạng hàng hóa. Cập nhật tồn kho công ty để làm việc với Sup/NPP về date hàng và số lượng... Yêu cầu: YÊU CẦU: - Tốt nghiệp Cao Đẳng, Đại học, chuyên ngành Kế toán, Quản trị kinh doanh - Có ít nhất 2 năm kinh nghiệm làm việc tại vị trí sales admin tại các công ty trong ngành FMCG - Là người chủ động, ứng xử linh hoạt, nhạy bén trong các tình huống...",sales,VietnamWorks_Algolia,https://www.vietnamworks.com/viec-lam/sales-admin-kenh-gt-mien-bac-gt-channel-hop-djong-7-thang-2029855,2026-04-14T20:32:35.945742
scraped_vietnamworks_algolia_00014,Legal Associate (3+ Years Experience),GHConsults,,Hà Nội,0,0,full-time,any,3,university,"Position Title: Associate Position Description: Full-time Main place of work: Hanoi, Vietnam OVERVIEW OF THE VACANCY GH Consults LLC (“GHC”) is a corporate advisory firm specializing in Vietnamese economic policies and laws. With a strong track record spanning several years, GHC has solidified its distinctive position in providing expert assistance to multinational clients across various project works.... Yêu cầu: KEY QUALIFICATIONS AND PROFESSIONAL CERTIFICATION > Having a legal background in commercial or economic or international trade laws. Holding a Lawyer Practicing Certificate is an advantage. > Having a background or a degree in economics is a plus. WORK EXPERIENCE > Minimum 3 years of professional experience in legal practices and/or policy development > Experience with state-management or...",other,VietnamWorks_Algolia,https://www.vietnamworks.com/viec-lam/legal-associate-3-years-experience--2016110,2026-04-14T20:32:35.945861
scraped_vietnamworks_algolia_00015,"Kiến Trúc Sư Triển Khai (Revit, Archicad)",The Away Group Viet Nam LTD,,Hồ Chí Minh,0,0,full-time,any,1,high,"• Tham gia triển khai các dự án nhà ở, trung tâm thương mại và chung cư cao tầng tại thị trường Úc . • Dựng mô hình 3D và triển khai hồ sơ bản vẽ kiến trúc bằng Revit và/hoặc Archicad . • Thực hiện các bản vẽ kỹ thuật: mặt bằng, mặt đứng, mặt cắt, chi tiết,... Yêu cầu: • Tốt nghiệp Đại học/Cao đẳng chuyên ngành Kiến trúc, Xây dựng hoặc các ngành liên quan. • Có từ 1–3 năm kinh nghiệm triển khai bản vẽ kiến trúc bằng AutoCAD/REVIT • Sử dụng Revit và/hoặc Archicad ở mức cơ bản – khá (chấp nhận ứng viên mới ra trường). • Cẩn thận, có tinh thần...",other,VietnamWorks_Algolia,https://www.vietnamworks.com/viec-lam/kien-truc-su-trien-khai-revit-archicad--2032947,2026-04-14T20:32:35.945937
scraped_vietnamworks_algolia_00016,Senior Underwriter Engineering - Construction & Renewable Energy,QBE Insurance (Vietnam) Ltd,,Hồ Chí Minh,0,0,full-time,any,7,university,"Role: • Together with the team to deliver the Bussiness Plan for Engineering - Construction & Renewable Energy . portfolios, both top line and bottom line. • Underwrite within assigned authority or complete internal procedures to underwrite Construction & Renewable Energy. • Build and maintain strong relationships with key stakeholders including customers, business partners, brokers and colleagues to support constructive,... Yêu cầu: Requirements: Qualification • Graduate level BA or higher in insurance, engineering, economics, finance or international business disciplines. • Certification of insurance issued by a professional insurance training institution is preferred. Experience : • Substantial work experience - At least 7 years’ experience as working Construction & Renewable Energy Underwriter. • Experience in negotiating Property Insurance business with broker/ corporate agents. Knowledge: • Knowledge of the insurance industry. • Knowledge of...",construction,VietnamWorks_Algolia,https://www.vietnamworks.com/viec-lam/senior-underwriter-engineering-construction-and-renewable-energy-2033080,2026-04-14T20:32:35.946018
scraped_vietnamworks_algolia_00018,Phó Phòng Dịch Vụ Kế Toán,CÔNG TY TNHH JC & ASSOCIATES VIETNAM,,Hồ Chí Minh,22000000,25000000,full-time,any,4,university,"• Ưu tiên: có thể nhận việc ngay • Thực hiện các công việc kế toán hằng ngày, bao gồm nhập liệu, ghi sổ kế toán và đối chiếu số liệu. • Đảm bảo xử lý chính xác và kịp thời các giao dịch tài chính, duy trì hồ sơ kế toán được tổ chức khoa... Yêu cầu: Trình độ học vấn: • Tốt nghiệp đại học chuyên ngành Kế toán - Kiểm toán, Tài chính hoặc các lĩnh vực liên quan. • Có chứng chỉ nghề nghiệp như ACCA, CPA, APC hoặc tương đương. • Kinh nghiệm: Ít nhất 4 năm kinh nghiệm làm việc trong lĩnh vực kế toán - kiểm toán hoặc...",accounting,VietnamWorks_Algolia,https://www.vietnamworks.com/viec-lam/pho-phong-dich-vu-ke-toan-2033176,2026-04-14T20:32:35.946175
scraped_vietnamworks_algolia_00019,"Technical Sales Support/ Proposal Engineer (Điện - Đo Lưởng Điều Khiển, Tự Động Hóa)",Hai Phong Industrial Technology JSC (Hapco),,Hà Nội,2000,700000000,full-time,any,2,high,"• Work with customers to understand their requirements and develop the best technical solutions to offer. Làm việc với khách hàng để nắm bắt các yêu cầu của khách hàng để đưa ra giải pháp kỹ thuật cho khách hàng. • Work with sales team and Business partner to... Yêu cầu: • A Bachelor’s Degree in an engineering-related discipline (e.g. Automation Engineering, Electronic -Electrical Engineering, Controls/Instrument Engineering, etc.). Tốt nghiệp đại học các ngành Điện – Điện tử, Tự động hóa, Đo lường - Điều khiển, Cơ điện tử…hoặc liên quan. • Technical aptitude is required – candidates must be proficient...",skilled,VietnamWorks_Algolia,https://www.vietnamworks.com/viec-lam/technical-sales-support-proposal-engineer-dien-do-luong-dieu-khien-tu-dong-hoa-2033177,2026-04-14T20:32:35.946252
scraped_vietnamworks_algolia_00020,Business Development Executive,InterGreat Education Group,,Hà Nội,40000000,60000000,full-time,any,1,university,"Tập đoàn InterGreat Education Group được thành lập năm 2008 tại London, hoạt động trong lĩnh vực giáo dục với sứ mệnh giúp học sinh, sinh viên tiếp cận với nền giáo dục quốc tế chất lượng cao. Kể từ đó, InterGreat đã và đang không ngừng áp dụng công nghệ để phát triển... Yêu cầu: - Tốt nghiệp Đại học trở lên, có từ 2 năm kinh nghiệm sales, ưu tiên trong lĩnh vực giáo dục. - Kỹ năng giao tiếp, thuyết phục và xử lý tình huống linh hoạt. - Có khả năng lập kế hoạch, tổng hợp thông tin và làm việc độc lập với tinh thần trách nhiệm...",other,VietnamWorks_Algolia,https://www.vietnamworks.com/viec-lam/business-development-executive-2036533,2026-04-14T20:32:35.946324
scraped_vietnamworks_algolia_00021,Chuyên Viên Kiến Trúc,Công Ty Cổ Phần Vinhomes,,Hà Nội,0,0,full-time,<50,1,university,"1. Mô tả công việc: • Tham gia vào quá trình thiết kế, thi công và giám sát các dự án kiến trúc. • Lên ý tưởng thiết kế, bản vẽ chi tiết và tiến hành triển khai bản vẽ từ cơ sở đến thi công • Kiểm tra các bản vẽ shopdrawing & xử lý các... Yêu cầu: • Từ 25 tuổi trở lên; Tốt nghiệp Đại học trở lên, chuyên ngành Kiến trúc hoặc các ngành liên quan • Tối thiểu 3 năm kinh nghiệm tại vị trí tương đương • Sử dụng thành thạo các phần mềm thiết kế (Ưu tiên sử dụng Revit) • Nắm vững nguyên lý thiết kế & cấu...",other,VietnamWorks_Algolia,https://www.vietnamworks.com/viec-lam/chuyen-vien-kien-truc-2034107,2026-04-14T20:32:35.946386
scraped_vietnamworks_algolia_00022,Chuyên Viên Quan Hệ Khách Hàng Doanh Nghiệp Lớn - Thu Nhập 30-50 Triệu / Tuyển Gấp,MISA Jointstock Company,,Hà Nội,30000000,50000000,full-time,<35,1,university,"Với vai trò Chuyên viên Quan hệ Khách hàng Doanh nghiệp lớn tại MISA - Thu nhập không giới hạn, bình quân tháng từ 30,000,000 - 50,000,000 VNĐ, đánh giá tăng lương 2 lần/năm - Coaching 1-1 với mentor có nhiều năm triển khai phần mềm cho Big Corp, thuộc top 5000 lớn nhất Việt Nam -... Yêu cầu: - Tốt nghiệp Cao đẳng/ Đại học trở lên khối ngành về kinh tế: Quản trị kinh doanh, Tài chính doanh nghiệp, Kế toán, Kiểm toán, Thương mại, ... - Chăm chỉ, máu lửa, đam mê kinh doanh - Năng động, tự tin, giao tiếp tốt - Có tối thiểu 1 năm kinh nghiệm kinh doanh tại...",other,VietnamWorks_Algolia,https://www.vietnamworks.com/viec-lam/chuyen-vien-quan-he-khach-hang-doanh-nghiep-lon-thu-nhap-30-50-trieu-tuyen-gap-2017020,2026-04-14T20:32:35.946452
scraped_vietnamworks_algolia_00023,"Performance Marketing Specialist (Ad Network, Google) (Up-To $5,000)",Crossian Việt Nam,,Hà Nội,0,5000,full-time,any,2,university,"ABOUT THE ROLE Crossian is a rapidly growing, technology-driven e-commerce company. Our success is powered by our people. Since starting in 2020, we've created a fast-paced, dynamic environment that has allowed our team to achieve a cumulative average growth rate of over 1000% in less than three years. Our current goal is to develop direct-to-consumer... Yêu cầu: WHAT WE ARE LOOKING FOR • A bachelor's degree in Marketing, Accounting, Auditing, Finance, Data Analysis, Computer Science, IT, Mathematics, Economics, or a related field. • 2+ years of experience in Performance Marketing/UA, with hands-on experience running campaigns in apps/games • Strong analytical thinking and ability to extract growth insights from performance data. • Familiarity with tracking & attribution tools (e.g., Google...",other,VietnamWorks_Algolia,https://www.vietnamworks.com/viec-lam/performance-marketing-specialist-ad-network-google-up-to-dollar5000-2039339,2026-04-14T20:32:35.946535
scraped_vietnamworks_algolia_00025,Chuyên Viên Nhân Sự Tổng Hợp,CÔNG TY CỔ PHẦN OPEN HEALTHCARE VIỆT NAM,,Hà Nội,0,0,full-time,any,3,university,"Overall Job Responsibilities/Nhiêm vụ Tổng quát của Công việc: Briefly describe the major function of this position and the reason it exits/Mô tả ngắn gọn về trách nhiệm công việc và lý do thiết lập nên Công việc này. Perform HR and general administration activities, including recruitment, employee services, office management, and compliance with company policies.... Yêu cầu: • Skills / Kỹ năng: Recruitment, payroll, HR administration, office management, communication / Tuyển dụng, tính lương, quản trị nhân sự, quản lý hành chính, giao tiếp. • Experience / Kinh nghiệm: 3–5 years in HR and admin roles, with hands-on execution experience / 3–5 năm trong lĩnh vực nhân sự – hành chính, có...",other,VietnamWorks_Algolia,https://www.vietnamworks.com/viec-lam/chuyen-vien-nhan-su-tong-hop--2032446,2026-04-14T20:32:35.946685
scraped_vietnamworks_algolia_00026,Senior IT Comtor/accelerator,Công Ty TNHH Money Forward Việt Nam,,Hồ Chí Minh,0,0,full-time,any,3,high,"JOB DESCRIPTION This is a very challenging and exciting position for anyone who would like to learn and work in various fields such as: • Requirement Analysis • Product backlog management • Linguistic • Support Testing Joining as an Accelerator in MFV, you will have the chance to play multiple roles: • Scrum Product Owner • IT Communicator In addition, you will have... Yêu cầu: Must Have • Experience with Scrum development methodologies. • Language proficiency: Japanese (JLPT N2 or higher); English (TOEIC score of 850 or higher, or IELTS score of 6.5 or higher). • At least 2 years of experience as an IT communicator. • High level of proficiency in time management, stakeholder management, and critical thinking. Nice to Have • Possession of...",other,VietnamWorks_Algolia,https://www.vietnamworks.com/viec-lam/senior-it-comtoraccelerator-2032696,2026-04-14T20:32:35.946757
scraped_vietnamworks_algolia_00029,Kỹ Sư Thiết Kế Máy - Thu Nhập Lên Tới 20 Triệu,TNHH Dịch Vụ Kỹ Thuật Thương Mại Nhất Tinh,,Hồ Chí Minh,450000000,850000000,full-time,any,2,high,"1. Thiết kế máy • Khảo sát, thu thập yêu cầu của khách hàng • Lên ý tưởng thiết kế, xây dựng sơ đồ nguyên lý máy • Triển khai tính toán, thiết kế máy trên các phần mềm chuyên dụng • Thực hiện các dự án nghiên cứu, phát triển sản phẩm, xây dựng giải pháp công nghệ, tự động hóa công... Yêu cầu: • Tốt nghiệp Đại học các ngành kỹ thuật Cơ Khí, Cơ điện tử, Thiết kế máy • Có kiến thức tổng quan về máy móc/thiết bị/hệ thống tự động trong công nghiệp • Có kinh nghiệm trong việc sử dụng thiết bị công nghiệp • Nắm vững về kiến thức nền tảng cơ khí • Có kiến thức về gia công,...",other,VietnamWorks_Algolia,https://www.vietnamworks.com/viec-lam/ky-su-thiet-ke-may-thu-nhap-len-toi-20-trieu-1-1-1--2033181,2026-04-14T20:32:35.946972
scraped_vietnamworks_algolia_00030,Debug Supervisor,Công Ty TNHH Ajax Systems Việt Nam,,Hưng Yên,0,0,full-time,any,0,high,"1. Job Summary The Debug Supervisor is responsible for leading and managing the debug/repair function within the production line, ensuring timely identification, analysis, and resolution of product defects in mass production. This role plays a critical part in improving product quality, reducing failure rates, and supporting continuous production flow, especially in a fast-scaling manufacturing environment. 2.... Yêu cầu: 3. Qualification Requirements Education Bachelor’s degree in Electronics, Electrical Engineering, Mechatronics, or related field. Experience Minimum 3–5 years of experience in electronics manufacturing (SMT, PCBA, or assembly). At least 1–2 years in a supervisory or team leader role (debug/repair preferred). Experience in high-volume production environments is a strong advantage. Technical Skills Strong knowledge of: Electronics troubleshooting and circuit analysis PCBA debugging and repair Test...",other,VietnamWorks_Algolia,https://www.vietnamworks.com/viec-lam/debug-supervisor--2032834,2026-04-14T20:32:35.947051
scraped_vietnamworks_algolia_00031,JP Business Development Manager ( Japanese Speaking),Ceva Logistics Vietnam,,Hồ Chí Minh,0,0,full-time,any,2,university,"Job Purpose To identify, analyze and develop business opportunities in order to bring about new business, maintain existing business and penetrate more business with an existing customer. Key Accountabilities Main areas of focus and accountability of the role – detail in order of importance the main areas of accountability of the role: 1. To seek... Yêu cầu: Essential • College or University Certificate major in Foreign Trade, Marketing or Business Administration is preferable • Experiences in import and export, freight forwarding or shipping lines • Fluent in Japanese and good at English • Strong organizational skills, self-starter and self-motivated Specialist Knowledge • Good in communication and negotiation • Able to work independently or in group under high pressure",other,VietnamWorks_Algolia,https://www.vietnamworks.com/viec-lam/jp-business-development-manager-japanese-speaking-2016132,2026-04-14T20:32:35.947131
scraped_vietnamworks_algolia_00036,Nhân Viên Bảo Trì - Không Yêu Cầu Kinh Nghiệm (Có Xe Đưa Đón Hà Nội - Hưng Yên),Công Ty CP Hyundai Aluminum Vina,,Hưng Yên,0,0,full-time,any,0,high,"- Thực hiện bảo trì, sửa chữa hệ thống điện và tự động hóa theo kế hoạch định kỳ. - Kiểm tra, giám sát tình trạng hoạt động của thiết bị điện, điều khiển tự động và khắc phục sự cố kịp thời. - Đảm bảo hoạt động liên tục của hệ thống điện và máy... Yêu cầu: - Không yêu cầu kinh nghiệm - Ưu tiên có kinh nghiệm ở vị trí tương đương với 1 trong các yêu cầu sau: &#43; Hiểu biết sâu về vật liệu cơ khí, sử dụng thành thạo các dụng cụ đo lường. &#43; Có khả năng đọc và hiểu bản vẽ thủy lực khí nén, bản...",other,VietnamWorks_Algolia,https://www.vietnamworks.com/viec-lam/nhan-vien-bao-tri-khong-yeu-cau-kinh-nghiem-co-xe-dua-don-ha-noi-hung-yen--2038738,2026-04-14T20:32:35.947495
scraped_vietnamworks_algolia_00037,AI Operations Specialist (English-Speaking),BAYLINK SHIPPING INC.,,Hồ Chí Minh,0,0,full-time,any,1,university,"We are a U.S.-based international logistics and freight forwarding company seeking a highly capable AI Operations Specialist to join our Vietnam office. This role focuses on leveraging cutting-edge AI tools to optimize business workflows, automate operations, and enhance productivity across logistics processes. ________________________________________ Key Responsibilities • Utilize advanced AI tools such as Claude, ChatGPT, and other AI platforms to... Yêu cầu: • Strong hands-on experience with modern AI tools (LLMs, automation platforms, AI copilots) • Familiarity with AI ecosystems such as Claude, ChatGPT, plugins, and API integrations • Experience with local AI deployment (GPU servers, on-premise models, etc.) is a strong plus • Fluent in English • Fast learner with the ability to quickly adapt to new technologies • Problem-solving mindset with...",other,VietnamWorks_Algolia,https://www.vietnamworks.com/viec-lam/ai-operations-specialist-english-speaking-2036527,2026-04-14T20:32:35.947584
scraped_vietnamworks_algolia_00038,Garment Merchandiser/ Nhân Viên Quản Lý Đơn Hàng May Mặc,"Hansae HCM Co., Ltd",,Hồ Chí Minh,0,0,full-time,any,0,high,"- Manage the order and lab dip status. - Handle sample, trim,... - Issue documents (Debit note, Invoice,…etc.) - Work with factories to ensure quality, quantity, timing, and pricing. (The applicants will be assigned work that matches his/her experience: trim/ sample...) Yêu cầu: • College/ bachelor’s degree • Have 0-6 years of experience as a merchandiser at garment companies (Factory/Office) • English Communication (Skilled – daily communication and email) • Proficient in Word, Excel, PowerPoint, Outlook • High responsibility, willing to learn, and able to work under pressure • Be able to start working as soon as possible",production,VietnamWorks_Algolia,https://www.vietnamworks.com/viec-lam/garment-merchandiser-nhan-vien-quan-ly-don-hang-may-mac--2032705,2026-04-14T20:32:35.947647
scraped_vietnamworks_algolia_00039,Kế Toán Hợp Nhất,Eurowindow Holding,,Hà Nội,0,0,full-time,any,2,university,"- Lập, luân chuyển, kiểm soát, lưu trữ chứng từ kế toán theo quy định; - Kiểm tra, đối chiếu, tổng hợp số liệu từ các phần hành kế toán; - Thực hiện các bút toán kết chuyển cuối kỳ, lập báo cáo tài chính; - Lập Báo cáo tài chính, Báo cáo thuế, Báo cáo quản... Yêu cầu: - Tốt nghiệp ĐH chuyên ngành kế toán, kiểm toán... - Tối thiểu 03 năm kinh nghiệm làm kế toán và 01 năm làm kế toán tổng hợp cho các công ty chủ đầu tư xây dựng, bất động sản - Trung thực, nhiệt tình, trách nhiệm với công việc",accounting,VietnamWorks_Algolia,https://www.vietnamworks.com/viec-lam/ke-toan-hop-nhat--2022912,2026-04-14T20:32:35.947712
scraped_vietnamworks_algolia_00040,Trưởng Bộ Phận Phát Triển Ứng Dụng,Bắc Á Bank - Https://tuyendung.baca-Bank.vn/,,Hà Nội,0,0,full-time,any,5,university,"Mục đích công việc: Quản lý đội ngũ phát triển ứng dụng (web, mobile, backend) cho hệ thống dịch vụ ngân hàng điện tử nhằm đảm bảo hệ thống ngân hàng số có tính ổn định, hiệu năng và khả năng mở rộng; chịu trách nhiệm kỹ thuật xuyên suốt từ thiết kế... Yêu cầu: Trình độ đào tạo: Tốt nghiệp chuyên ngành Công nghệ thông tin tại các trường đại học trong/ngoài nước. Yêu cầu về kinh nghiệm: • Tối thiểu 5 năm kinh nghiệm phát triển phần mềm (Full-stack), trong đó tối thiểu 2 năm ở vị trí Tech Lead hoặc Trưởng bộ phận; • Có kinh...",other,VietnamWorks_Algolia,https://www.vietnamworks.com/viec-lam/truong-bo-phan-phat-trien-ung-dung-2037214,2026-04-14T20:32:35.947786
scraped_vietnamworks_algolia_00041,Freight Forwarding Specialist,Ahlers Belgium,,Hồ Chí Minh,1000,1200,full-time,any,3,high,"• Process incoming transport & freight forwarding requests; especially for air freight and cross border orders; warehousing and domestic transportation • Coordinate pre-carriage, on-carriage, port handling & local transport • Request and negotiate freight rates with suppliers • Issue transport orders and ensure accurate shipping documentation • Monitor and follow up on shipments with clients, carriers & internal teams • Resolve operational issues proactively • Work... Yêu cầu: • Native Vietnamese + strong English (written & spoken) • 3-5 years’ experience in logistics, freight forwarding, or transport operations • Strong organizational and communication skills • Comfortable with TMS systems, digital logistics platforms & data handling • Able to work independently and within a small team • Resilient...",other,VietnamWorks_Algolia,https://www.vietnamworks.com/viec-lam/freight-forwarding-specialist-2040347,2026-04-14T20:32:35.947856
scraped_vietnamworks_algolia_00071,Nhân Viên Chứng Từ Hàng Nhập Khẩu,Công Ty TNHH Extendmax Việt Nam,,Hà Nội,10000000,15000000,full-time,any,2,university,"• Liên hệ trao đổi với khách hàng về nội dung liên quan đến lô hàng nhập khẩu • Xử lý và kiểm tra chứng từ xuất nhập khẩu (khoảng 30-50 lô hàng /tháng) • Rà soát các chứng từ nhập khẩu như: AWB, Hợp đồng, Hóa đơn thương mại và Phiếu đóng gói (PL). • Đảm bảo tính hợp lệ,... Yêu cầu: • Tốt nghiệp Đại học chuyên ngành liên quan. • Sử dụng tốt tiếng Anh: đặc biệt kỹ năng đọc, viết. • Có kiến thức tốt về thương mại quốc tế, thủ tục hải quan • Trung thực, có trách nhiệm, cầu tiến, cẩn thận và chủ động trong công việc • Kinh nghiệm tối thiểu 2 năm trong lĩnh vực chứng từ...",other,VietnamWorks_Algolia,https://www.vietnamworks.com/viec-lam/nhan-vien-chung-tu-hang-nhap-khau-2033124,2026-04-14T20:32:35.950046
scraped_vieclam24h_00001,Nhân Viên Kế Toán Tổng Hợp (Lương Từ,,,Hồ Chí Minh,15000000,15000000,full-time,any,0,high,"- Thực hiện nghiệp vụ kế toán tổng hợp: thu – chi, xuất nhập, tính lương CBCNV trên phần mềm - Ra phiếu xuất nhập nguyên liệu, vật tư và kiểm soát các định, hạn mức đã đăng ký khi tạo phiếu. - Quản lý, lưu trữ sổ sách, chứng từ kế toán mua bán. - Xuất hóa đơn VAT, theo dõi hóa đơn đầu vào – đầu ra. - Hạch toán phát sinh, phối hợp kế toán thuế đảm bảo đúng quy định. - Theo dõi, tổng hợp và đôn đốc công nợ khách hàng. - Lập báo cáo kết quả kinh doanh, báo cáo nội bộ định kỳ. - Theo dõi thanh toán hợp đồng, hỗ trợ nghiệp vụ nhân sự cơ bản & công việc khác theo phân công .",accounting,Vieclam24h,https://vieclam24h.vn/ke-toan/nhan-vien-ke-toan-tong-hop-luong-tu-15-trieu-25-trieu-c17p122id200800486.html,2026-04-14T20:48:36.148194
scraped_vieclam24h_00006,Kế Toán Tổng Hợp - Lương Từ 15-,,,Hồ Chí Minh,17000000,17000000,full-time,any,0,high,"- Hạch toán các nghiệp vụ kế toán phát sinh hàng ngày. - Kiểm tra và đối chiếu các chứng từ kế toán, sổ sách kế toán. - Lập báo cáo tài chính định kỳ (quý/năm). - Lập tờ khai thuế GTGT, TNCN, TNDN, báo cáo sử dụng hóa đơn... - Làm việc với cơ quan thuế và các cơ quan chức năng khi cần. - Phối hợp với các phòng ban để đảm bảo quy trình tài chính – kế toán diễn ra suôn sẻ",accounting,Vieclam24h,https://vieclam24h.vn/ke-toan/ke-toan-tong-hop-luong-tu-15-17tr-di-lam-ngay-c17p122id200793156.html,2026-04-14T20:48:36.148489
scraped_vieclam24h_00007,Chuyên Viên Khách Hàng Cá Nhân - Lương Cơ Bản Từ 15 -,,,Hồ Chí Minh,20000000,20000000,full-time,any,0,high,"Tìm kiếm, phát triển và quản lý danh mục khách hàng cá nhân. Tư vấn, giới thiệu các sản phẩm/dịch vụ tài chính ngân hàng (tiền gửi, tín dụng, thẻ, bảo hiểm, v.v.). Chăm sóc khách hàng hiện hữu, duy trì và phát triển mối quan hệ lâu dài. Thực hiện các chỉ tiêu kinh doanh được giao. Phân tích nhu cầu khách hàng, đề xuất giải pháp tài chính phù hợp. Thực hiện các thủ tục hồ sơ, quy trình tín dụng theo quy định của ngân hàng. Phối hợp với các bộ phận liên quan để đảm bảo chất lượng dịch vụ.",other,Vieclam24h,https://vieclam24h.vn/ngan-hang/chuyen-vien-khach-hang-ca-nhan-luong-co-ban-tu-15-20-trieu-c19p119id200794830.html,2026-04-14T20:48:36.148541
scraped_vieclam24h_00013,Kế Toán Dịch Vụ - Thu Nhập Lên Đến,,,Hồ Chí Minh,30000000,30000000,full-time,any,0,high,"Xử lý chứng từ mua hàng, bán hàng, ngân hàng, tiền lương Biết chốt công nợ, giá thành, TSCĐ, CCDC…. Biết đánh giá rủi ro của Tồn kho, Công nợ Phải thu, Phải trả, … In đóng chứng từ hàng tháng, in đóng sổ sách hàng quý, năm Lập thư tư vấn rủi ro cho khách hàng tháng, quý Các công việc khác theo yêu cầu của lãnh đạo",accounting,Vieclam24h,https://vieclam24h.vn/ke-toan/ke-toan-dich-vu-thu-nhap-len-den-30-trieu-tai-nha-trang-c17p109id200789238.html,2026-04-14T20:48:36.148940
scraped_vieclam24h_00014,Kế Toán Thuế - Thu Nhập Lên Đến,,,Hồ Chí Minh,18000000,18000000,full-time,any,0,high,"- Được đào tạo và thực hiện các nghiệp vụ kế toán thuế thực tế. - Nhập dữ liệu vào phần mềm kế toán và lập hồ sơ khai thuế. - Kiểm tra tính hợp pháp, hợp lý của chứng từ kế toán, lập sổ sách kế toán, báo cáo tài chính và quyết toán thuế. - Các công việc phát sinh khác được giao.",accounting,Vieclam24h,https://vieclam24h.vn/ke-toan/ke-toan-thue-thu-nhap-len-den-18-trieu-c17p73id200797722.html,2026-04-14T20:48:36.148981
scraped_vieclam24h_00016,Nhân Viên Tư Vấn Tại Văn Phòng Thu Nhập,,,Hồ Chí Minh,10000000,10000000,full-time,any,0,high,"Tư vấn và bán hàng sản phẩm cho khách hàng tiềm năng có sẵn 100%. Khách đã có nhu cầu, chỉ tập trung bán hàng, không tìm khách mới để bán hàng Làm việc tại văn phòng bán hàng , không đi thị trường. Làm việc theo giờ hành chính từ thứ 2 - thứ 7. Đi làm ngay. Địa chỉ làm việc: Tòa nhà QTSC9, Công viên Phần mềm Quang Trung, Quận 12",other,Vieclam24h,https://vieclam24h.vn/cham-soc-khach-hang/nhan-vien-tu-van-tai-van-phong-thu-nhap-tren-10-trieu-c30p122id200803176.html,2026-04-14T20:48:36.149067
scraped_vieclam24h_00019,Kế Toán Tổng Hợp Lương Upto,,,Hồ Chí Minh,20000000,20000000,full-time,any,0,high,"• Quản lý toàn bộ số liệu kế toán của công ty (mua – bán – kho – công nợ) • Kiểm soát chặt công nợ khách hàng & nhà cung cấp (rất quan trọng) • Theo dõi tồn kho thực tế (phối hợp kho + kinh doanh) • Lập và chịu trách nhiệm báo cáo thuế, báo cáo tài chính • Làm việc trực tiếp với cơ quan thuế, ngân hàng • Phát hiện sai lệch số liệu, cảnh báo rủi ro cho sếp",accounting,Vieclam24h,https://vieclam24h.vn/hanh-chinh-thu-ky/ke-toan-tong-hop-luong-upto-20tr-di-lam-ngay-c1p73id200797305.html,2026-04-14T20:48:36.149200
scraped_vieclam24h_00020,"Nam_Nhân Viên Thủ Kho, Làm Ca Xoay 12 Tiếng (Bình Chánh) Lương 12-",,,Hồ Chí Minh,15000000,15000000,full-time,any,0,high,"- Thực hiện thủ tục xuất nhập hàng. - Theo dõi hàng tồn kho. - Sắp xếp hàng hóa trong kho gọn gàng, sạch sẽ.... - Kiểm soát, quản lý hàng hóa trong kho - Một số công việc khác theo sự sắp xếp của cấp trên. - Làm việc xoay ca, mỗi ca 12 tiếng - Làm việc tại: 2A58 Trần Văn Giàu, Xã Phạm Văn Hai, Huyện Bình Chánh, Thành phố Hồ Chí Minh",other,Vieclam24h,https://vieclam24h.vn/thu-mua-kho-van-chuoi-cung-ung/nam-nhan-vien-thu-kho-lam-ca-xoay-12-tieng-binh-chanh-luong-12-15-trieu-c14p122id200801400.html,2026-04-14T20:48:36.149245
scraped_vieclam24h_00021,Giám Sát Kinh Doanh (Lương Cứng,,,Hồ Chí Minh,15000000,15000000,full-time,any,0,high,"Hệ Sinh Thái Homex: Phan Khang Home, Lavie Decor, Phan Khang Land A. Thực chiến thị trường & Phát triển Đại lý (Sales Execution) • Quản trị mục tiêu: Chịu trách nhiệm về chỉ tiêu doanh số (KPI) của khu vực được giao (ví dụ: mục tiêu 30 tỷ cho Phan khang Home, 20 tỷ cho Lavie Decor năm 2026). • Phát triển mạng lưới: Trực tiếp tìm kiếm, thẩm định và mở mới các đại lý/điểm bán tại khu vực trọng điểm. • Hỗ trợ Sell-out: Không chỉ bán hàng vào đại lý (Sell-in), mà phải lên phương án hỗ trợ đại lý đẩy hàng ra người tiêu dùng cuối (Sell-out) thông qua trưng bày, tư vấn kỹ thuật. B. Tích hợp Giá trị Hệ sinh thái (Ecosystem Value-add) • Cross-selling: Giới thiệu và tư vấn các gói giải pháp từ Lavie Decor (Thiết kế - Thi công) và Phan Khang Land cho các đối tác chiến lược. • Số hóa đại lý: Hướng dẫn và thúc đẩy đại lý sử dụng hệ thống Juliesoft (JS) để đặt hàng, quản lý công nợ và tự xuất hóa đơn (E-Invoicing). C. Quản trị Đội ngũ & Cải tiến (Management & Kaizen) • Dẫn dắt S-Team: Giám sát, đào ",sales,Vieclam24h,https://vieclam24h.vn/hanh-chinh-thu-ky/giam-sat-kinh-doanh-luong-cung-15-trieu-thuong-quan-7-c1p122id200799081.html,2026-04-14T20:48:36.149372
scraped_vieclam24h_00024,Công Ty Cổ Phần Phát,,,Hồ Chí Minh,0,0,full-time,any,0,high,"- Quản lý và điều hành toàn bộ hoạt động của phòng Hành chính Nhân sự (HCNS) tại trụ sở chính. - Xây dựng và triển khai hệ thống tuyển dụng, đào tạo, đánh giá hiệu quả công việc, chính sách lương thưởng và phúc lợi. - Đảm bảo nguồn lực nhân sự đáp ứng mục tiêu phát triển của công ty. - Hoàn thiện và cải tiến các quy trình, quy chế, chính sách nhân sự hiện có. - Quản lý công tác hành chính theo mô hình dịch vụ nội bộ, đảm bảo sự phối hợp hiệu quả giữa các bộ phận. - Báo cáo và tham mưu cho Ban Giám đốc về các vấn đề liên quan đến HCNS. - Thực hiện các nhiệm vụ khác theo sự phân công của cấp trên.",other,Vieclam24h,https://vieclam24h.vn/hanh-chinh-thu-ky/truong-phong-hanh-chinh-nhan-su-hung-yen-c1p94id200792981.html,2026-04-14T20:48:36.149866
scraped_vieclam24h_00027,Nhân Viên Tư Vấn Hoạch Định Tài Chính Làm Việc Tại Văn Phòng (Thu Nhập Từ,,,Hồ Chí Minh,16000000,16000000,full-time,any,0,high,"- Tư vấn các kế hoạch tài chính bảo hiểm tối ưu cho khách hàng - Hoạch định nguồn khách hàng tiềm năng - Xây dựng và duy trì mối quan hệ vững chắc với khách hàng và nhân viên nội bộ nhằm cung cấp dịch vụ tốt nhất đến khách hàng - Chăm sóc khách hàng cá nhân - Chú trọng xây dựng thương hiệu công ty, đem đến những trải nghiệm dịch vụ cao cấp cho khách hàng.",accounting,Vieclam24h,https://vieclam24h.vn/cham-soc-khach-hang/nhan-vien-tu-van-hoach-dinh-tai-chinh-lam-viec-tai-van-phong-thu-nhap-tu-16-trieu-tro-len-quan-1-di-lam-ngay-c30p122id200803295.html,2026-04-14T20:48:36.150042
scraped_vieclam24h_00028,Phó Phòng Nhân Sự ( Lương Tới,,,Hồ Chí Minh,20000000,20000000,full-time,any,0,high,"1. Tổ chức và điều hành bộ máy quản lý hành chính – nhân sự đủ năng lực đảm bảo các yêu cầu công việc liên quan nghiệp vụ tại công ty. 2. Hoạch định nguồn lực con người về ngắn hạn, dài hạn đảm bảo đáp ứng được nhu cầu nhân lực của công ty về cả số lượng và chất lượng bao gồm yếu tố kế thừa và phát triển nguồn nhân lực cho công ty. 3. Xây dựng giải pháp thu hút nhân lực, lập kế hoạch và triển khai tuyển dụng, đào tạo nhân lực theo yêu cầu thực tế của công ty theo từng thời điểm cụ thể. 4. Xây dựng sơ đồ tổ chức, chức năng nhiệm vụ của công ty và các phòng ban, bộ phận và cá nhân trong công ty. 5. Tổ chức, xây dựng và hoàn thiện hệ thống quản lý tại công ty liên quan nghiệp vụ hành chính - nhân sự tại công ty. 6. Tham mưu cho BTGĐ về các chính sách lao động, tiền lương phù hợp với thực tiễn công ty và luật định hiện hành. 7. Tổ chức xây dựng các quy chế hoạt động, hình thành văn hoá công ty “Đoàn kết – chia sẻ, đồng nghiệp như người thân, công ty như gia đình”. 8. Đối ứng cơ quan chức n",other,Vieclam24h,https://vieclam24h.vn/hanh-chinh-thu-ky/pho-phong-nhan-su-luong-toi-20-trieu-c1p107id200791681.html,2026-04-14T20:48:36.150155
scraped_vieclam24h_00031,Nhân Viên Văn Phòng Biết Tiếng,,,Hồ Chí Minh,18000000,18000000,full-time,any,0,high,"- Hỗ trợ phiên dịch (Trung – Việt) cho bộ phận kỹ thuật trong quá trình làm việc, họp hành, trao đổi với đối tác. - Biên dịch tài liệu kỹ thuật, email, báo cáo liên quan. - Phối hợp với bộ phận kỹ thuật để đảm bảo thông tin được truyền đạt chính xác, kịp thời. - Thực hiện các công việc hành chính văn phòng khác theo yêu cầu của cấp trên.",other,Vieclam24h,https://vieclam24h.vn/hanh-chinh-thu-ky/nhan-vien-van-phong-biet-tieng-trung-thu-nhap-den-18-trieu-c1p123id200801590.html,2026-04-14T20:48:36.150373
scraped_vieclam24h_00046,Kế Toán Nội Bộ (Thanh,,,Hà Nội,0,0,full-time,any,0,high,"- Giao dịch ngân hàng ủy nhiệm chi, thanh toán lương, tạm ứng ... - Hướng dẫn xử lý và hạch toán các nghiệp vụ kế toán - Tham gia phối hợp công tác kiểm tra, kiểm kê tại các đơn vị cơ sở - Cung cấp số liệu cho ban giám đốc hoặc các đơn vị chức năng khi có yêu cầu - Các công việc khác theo sự phân công của cấp trên Thời gian làm việc: T2-T7, từ 7h30-17h30 Địa điểm Lô CN7 Cụm CN Ngọc Hồi, Thanh Trì, HN",other,Vieclam24h,https://vieclam24h.vn/ke-toan/ke-toan-noi-bo-thanh-tri-ha-noi-c17p73id200803889.html,2026-04-14T20:48:36.152034
scraped_topcv_00000,"Bridge System Engineer (BrSE - Kỹ Sư Cầu Nối) - Lương Upto 50 Triệu ( Nghỉ Thứ 7, Chủ Nhật)",Công ty TNHH Thương Mại và Dịch Vụ Tri Thức Mới,Xem Chi Tiết Yêu Cầu|Xem Chi Tiết Quyền Lợi|Hà Nội|Việc Làm Kỹ Sư Cầu Nối Tại Hà Nội|Phường Từ Liêm - Hà Nội|1 Năm Kinh Nghiệm|Cao Đẳng Trở Lên|Tiếng Nhật Jlpt N2|Nghỉ Thứ 7|Kỹ Sư Cầu Nối Brse|Công Nghệ Thông Tin|It Project Management|Việc Làm It,Hà Nội,7000000,50000000,full-time,any,1,high,"Phản hồi của bạn rất quan trọng, TopCV mong nhận được nhiều góp ý từ bạn để cải thiện sản phẩm tốt hơn.",other,TopCV,https://www.topcv.vn/viec-lam/bridge-system-engineer-brse-ky-su-cau-noi-luong-upto-50-trieu-nghi-thu-7-chu-nhat/2082627.html?ta_source=JobSearchList_LinkDetail&u_sr_id=5f5gapH7owLoKR86TG75oDvIPOaYdCcTsPlQQcVz_1776174292,2026-04-14T20:48:36.153763
scraped_topcv_00001,Founder Startup (Chương Trình Tuyển Dụng Founder In Residence),Apero Technologies Group,Xem Chi Tiết Yêu Cầu|Xem Chi Tiết Quyền Lợi|Hà Nội|Việc Làm Tuyển Dụng Tại Hà Nội|Phường Đại Mỗ - Hà Nội|Việc Làm Tuyển Dụng Tại Phường Đại Mỗ - Hà Nội|Trên 5 Năm Kinh Nghiệm|Đại Học Trở Lên|Nghỉ Thứ 7|Product Owner/Product Manager|Công Nghệ Thông Tin|Product Management|Việc Làm It,Hà Nội,0,0,full-time,any,5,high,"Phản hồi của bạn rất quan trọng, TopCV mong nhận được nhiều góp ý từ bạn để cải thiện sản phẩm tốt hơn.",other,TopCV,https://www.topcv.vn/viec-lam/founder-startup-chuong-trinh-tuyen-dung-founder-in-residence/2114368.html?ta_source=JobSearchList_LinkDetail&u_sr_id=5f5gapH7owLoKR86TG75oDvIPOaYdCcTsPlQQcVz_1776174292,2026-04-14T20:48:36.153866
scraped_topcv_00002,"3D Artist(Game/VR) - Animation/Game Design - Salary 20–25M, District 7, Ho Chi Minh City",CÔNG TY TNHH SERVICE ONE GLOBAL,Xem Chi Tiết Yêu Cầu|Hồ Chí Minh|Việc Làm 3D Artist(Game Tại Hồ Chí Minh|Bình Dương|Việc Làm 3D Artist(Game Tại Bình Dương|Bà Rịa-Vũng Tàu|Việc Làm 3D Artist(Game Tại Bà Rịa-Vũng Tàu|Phường Tân Mỹ - Hồ Chí Minh|3 Năm Kinh Nghiệm|Cao Đẳng Trở Lên|Game Design|Game|Công Nghệ Thông Tin|Thiết Kế|Game Development|Nghệ Thuật/Hoạt Hình/Game|Việc Làm It,Hồ Chí Minh,20000000,25000000,full-time,any,3,high,"Phản hồi của bạn rất quan trọng, TopCV mong nhận được nhiều góp ý từ bạn để cải thiện sản phẩm tốt hơn.",other,TopCV,https://www.topcv.vn/viec-lam/3d-artistgame-vr-animation-game-design-salary-2025m-district-7-ho-chi-minh-city/2061926.html?ta_source=JobSearchList_LinkDetail&u_sr_id=5f5gapH7owLoKR86TG75oDvIPOaYdCcTsPlQQcVz_1776174292,2026-04-14T20:48:36.153978
scraped_topcv_00003,Nhân Viên Kỹ Thuật Hỗ Trợ Kinh Doanh - Đi Làm Ngay,Công ty cổ phần Comeric,Xem Chi Tiết Yêu Cầu|Xem Chi Tiết Quyền Lợi|Hà Nội|Việc Làm Nhân Viên Kỹ Thuật Tại Hà Nội|Phường Thanh Xuân - Hà Nội|3 Năm Kinh Nghiệm|Cao Đẳng Trở Lên|Có Hỗ Trợ Data|Bán Hàng Kỹ Thuật It|B2B|B2C|Direct Sales|Kinh Doanh/Bán Hàng|Công Nghệ Thông Tin|Sales Kỹ Thuật (Sales Engineer)|Công Nghệ Thông Tin Khác|Việc Làm It,Hà Nội,10000000,15000000,full-time,any,3,high,"Phản hồi của bạn rất quan trọng, TopCV mong nhận được nhiều góp ý từ bạn để cải thiện sản phẩm tốt hơn.",skilled,TopCV,https://www.topcv.vn/viec-lam/nhan-vien-ky-thuat-ho-tro-kinh-doanh-di-lam-ngay/2106653.html?ta_source=JobSearchList_LinkDetail&u_sr_id=5f5gapH7owLoKR86TG75oDvIPOaYdCcTsPlQQcVz_1776174292,2026-04-14T20:48:36.154080
scraped_topcv_00004,Kế Toán/Kiểm Toán Làm Chuyên Viên Phân Tích Nghiệp Vụ (Sản Phẩm Kế Toán),Công ty Cổ phần MISA,Xem Chi Tiết Yêu Cầu|Xem Chi Tiết Quyền Lợi|Hà Nội|Phường Xuân Đỉnh - Hà Nội|2 Năm Kinh Nghiệm|Đại Học Trở Lên|Nghỉ Thứ 7|Bảo Hiểm Xã Hội|Team Building|Business Analyst (Phân Tích Nghiệp Vụ)|Tài Chính|Kế Toán|Kiểm Toán|Công Nghệ Thông Tin|Product Management|Việc Làm It,Hà Nội,0,0,full-time,any,2,high,"Phản hồi của bạn rất quan trọng, TopCV mong nhận được nhiều góp ý từ bạn để cải thiện sản phẩm tốt hơn.",accounting,TopCV,https://www.topcv.vn/viec-lam/ke-toan-kiem-toan-lam-chuyen-vien-phan-tich-nghiep-vu-san-pham-ke-toan/2112013.html?ta_source=JobSearchList_LinkDetail&u_sr_id=5f5gapH7owLoKR86TG75oDvIPOaYdCcTsPlQQcVz_1776174292,2026-04-14T20:48:36.154166
scraped_topcv_00046,"Chuyên Viên Cao Cấp Phát Triển Ứng Dụng Kênh Ngân Hàng Số (Java, .Net)",ProNgân Hàng Thương Mại Cổ Phần Thịnh Vượng Và Phát Triển – PGBank,Xem Chi Tiết Yêu Cầu|Java|Restful Api|Microservices|Database (Sql Or Nosql)|Java 8|Phát Triển Java|Java (Backend)|Hà Nội|Việc Làm Phát Triển Ứng Dụng Tại Hà Nội|Phường Cầu Giấy - Hà Nội|3 Năm Kinh Nghiệm|Đại Học Trở Lên|Fullstack Developer|It - Phần Mềm|Ngân Hàng|Tài Chính|Công Nghệ Thông Tin|Software Engineering|Việc Làm It,Hà Nội,0,0,full-time,any,3,high,"Phản hồi của bạn rất quan trọng, TopCV mong nhận được nhiều góp ý từ bạn để cải thiện sản phẩm tốt hơn.",other,TopCV,https://www.topcv.vn/viec-lam/chuyen-vien-cao-cap-phat-trien-ung-dung-kenh-ngan-hang-so-java-net/1897077.html?ta_source=JobSearchList_LinkDetail&u_sr_id=5f5gapH7owLoKR86TG75oDvIPOaYdCcTsPlQQcVz_1776174292,2026-04-14T20:48:36.160019
scraped_topcv_00047,Kỹ Sư Lập Trình Và Phát Triển Phần Mềm,CÔNG TY CÔNG NGHỆ THÔNG TIN ĐIỆN LỰC MIỀN BẮC - CHI NHÁNH TỔNG CÔNG TY ĐIỆN LỰC MIỀN BẮC,,Hà Nội,0,0,full-time,any,0,high,,other,TopCV,https://www.topcv.vn/viec-lam/ky-su-lap-trinh-va-phat-trien-phan-mem/2114957.html?ta_source=JobSearchList_LinkDetail&u_sr_id=5f5gapH7owLoKR86TG75oDvIPOaYdCcTsPlQQcVz_1776174292,2026-04-14T20:48:36.160066
scraped_topcv_00048,"Nhân Viên Thiết Kế Nhãn, Bao Bì Sản Phẩm - Từ 2 Năm Kinh Nghiệm, Thu Nhập Đến 15 Triệu, Đi Làm Ngay",CÔNG TY TNHH GOOD HEART,,Hồ Chí Minh,0,2000000,full-time,any,2,high,,other,TopCV,https://www.topcv.vn/viec-lam/nhan-vien-thiet-ke-nhan-bao-bi-san-pham-tu-2-nam-kinh-nghiem-thu-nhap-den-15-trieu-di-lam-ngay/2110426.html?ta_source=JobSearchList_LinkDetail&u_sr_id=5f5gapH7owLoKR86TG75oDvIPOaYdCcTsPlQQcVz_1776174292,2026-04-14T20:48:36.160102
scraped_topcv_00049,Nhân Viên Kinh Doanh Phần Mềm - Thu Nhập Lên Tới 30 Triệu,CÔNG TY CỔ PHẦN ĐẦU TƯ CÔNG NGHỆ VÀ THƯƠNG MẠI SOFTDREAMS,Xem Chi Tiết Yêu Cầu|Xem Chi Tiết Quyền Lợi|Telesales|Đàm Phán|Giao Tiếp|Chăm Sóc Khách Hàng|Bán Hàng|Hồ Chí Minh|Bình Dương|Đà Nẵng|Bà Rịa-Vũng Tàu|Quảng Nam|Hà Nội|Việc Làm Nhân Viên Kinh Doanh Phần Mềm Tại Hà Nội|Phường Hà Đông - Hà Nội|Phường Đông Hưng Thuận - Hồ Chí Minh|Nghệ An|Phường Thành Vinh - Nghệ An|Phường Hải Châu - Đà Nẵng|Dưới 1 Năm Kinh Nghiệm|Cao Đẳng Trở Lên|Phát Âm Chuẩn|Diễn Đạt Trôi Chảy|Có Hỗ Trợ Data|Chuyên Môn Kinh Doanh Phần Mềm|Kế Toán|B2B|Online Sales|Kinh Doanh/Bán Hàng|Công Nghệ Thông Tin|Sales It Phần Mềm|Kinh Doanh Phần Mềm|Việc Làm It,Khánh Hòa,0,30000000,full-time,any,1,high,"Phản hồi của bạn rất quan trọng, TopCV mong nhận được nhiều góp ý từ bạn để cải thiện sản phẩm tốt hơn.",sales,TopCV,https://www.topcv.vn/brand/softdreams/tuyen-dung/nhan-vien-kinh-doanh-phan-mem-thu-nhap-len-toi-30-trieu-j2010161.html?ta_source=JobSearchList_LinkDetail&u_sr_id=5f5gapH7owLoKR86TG75oDvIPOaYdCcTsPlQQcVz_1776174292,2026-04-14T20:48:36.160239
scraped_topcv_00000,3D Environment Artist – Game/3D Modeling/Rendering | Salary 20–25M VND | HCMC,CÔNG TY TNHH SERVICE ONE GLOBAL,Xem Chi Tiết Yêu Cầu|3D Animation|Game Asset Creation|Environment|Hồ Chí Minh|Việc Làm Artist Tại Hồ Chí Minh|Bình Dương|Việc Làm Artist Tại Bình Dương|Bà Rịa-Vũng Tàu|Việc Làm Artist Tại Bà Rịa-Vũng Tàu|Phường Tân Mỹ - Hồ Chí Minh|Việc Làm Artist Tại Phường Tân Mỹ - Hồ Chí Minh|3 Năm Kinh Nghiệm|Đại Học Trở Lên|Tiếng Anh Giao Tiếp Thành Thạo|Concept Artist|Game|Công Nghệ Thông Tin|Thiết Kế|Game Development|Nghệ Thuật/Hoạt Hình/Game|Việc Làm It,Hồ Chí Minh,20000000,25000000,full-time,any,3,high,"Phản hồi của bạn rất quan trọng, TopCV mong nhận được nhiều góp ý từ bạn để cải thiện sản phẩm tốt hơn.",other,TopCV,https://www.topcv.vn/viec-lam/3d-environment-artist-game-3d-modeling-rendering-salary-2025m-vnd-hcmc/2063880.html?ta_source=JobSearchList_LinkDetail&u_sr_id=lIOxBLA87DfaQc3JEaIiQ4H2nXuiZkrrHs8YTtyr_1776175512,2026-04-14T21:09:24.733204
scraped_topcv_00001,Chuyên Viên Kinh Doanh Phần Mềm - Thu Nhập Từ 15- 25 Triệu/Tháng,CÔNG TY TNHH CÔNG NGHỆ KẾT NỐI ĐẦU TƯ TÀI CHÍNH LINKFIIN,Xem Chi Tiết Yêu Cầu|Xem Chi Tiết Quyền Lợi|Thuyết Trình|Tìm Kiếm Khách Hàng|Xây Dựng Mối Quan Hệ|Đàm Phán|Giao Tiếp|Bán Hàng|Phân Tích Thị Trường|Tư Duy Phản Biện|Nghiên Cứu Đối Thủ Cạnh Tranh|Hồ Chí Minh|Việc Làm Chuyên Viên Kinh Doanh Tại Hồ Chí Minh|Bình Dương|Việc Làm Chuyên Viên Kinh Doanh Tại Bình Dương|Bà Rịa-Vũng Tàu|Hà Nội|Việc Làm Chuyên Viên Kinh Doanh Tại Hà Nội|Phường Ô Chợ Dừa - Hà Nội|Phường An Khánh - Hồ Chí Minh|2 Năm Kinh Nghiệm|Cao Đẳng Trở Lên|Tuổi 26 - 36|Nữ|Có Phương Tiện Di Chuyển|Có Hỗ Trợ Data|Kinh Doanh Phần Mềm|It - Phần Mềm|B2B|Direct Sales|Online Sales|Kinh Doanh/Bán Hàng|Công Nghệ Thông Tin|Sales It Phần Mềm|Việc Làm It,Hà Nội,0,15000000,full-time,any,2,high,"Phản hồi của bạn rất quan trọng, TopCV mong nhận được nhiều góp ý từ bạn để cải thiện sản phẩm tốt hơn.",sales,TopCV,https://www.topcv.vn/viec-lam/chuyen-vien-kinh-doanh-phan-mem-thu-nhap-tu-15-25-trieu-thang/2103615.html?ta_source=JobSearchList_LinkDetail&u_sr_id=lIOxBLA87DfaQc3JEaIiQ4H2nXuiZkrrHs8YTtyr_1776175512,2026-04-14T21:09:24.735621
scraped_topcv_00002,"Nhân Viên Kinh Doanh Phần Mềm / Tư Vấn/ Telesales (Chỉ Tuyển Nam, Không Đi Thị Trường)",Công ty cổ phần giải pháp MKT,Xem Chi Tiết Yêu Cầu|Xem Chi Tiết Quyền Lợi|Đam Mê Kinh Doanh|Kỹ Năng Làm Việc Nhóm|Kỹ Năng Làm Việc Độc Lập|Yêu Thích Công Nghệ|Chủ Động Trong Công Việc|Khát Vọng|Hà Nội|Việc Làm Nhân Viên Kinh Doanh Phần Mềm Tại Hà Nội|Phường Thanh Xuân - Hà Nội|Dưới 1 Năm Kinh Nghiệm|Trung Cấp Trở Lên|Tuổi 20 - 27|Nam|Có Hỗ Trợ Data|Bảo Hiểm Xã Hội|Bảo Hiểm Sức Khỏe|Kinh Doanh Phần Mềm|Marketing / Quảng Cáo|Tài Chính|Bất Động Sản|B2B|B2C|Telesales|Online Sales|Kinh Doanh/Bán Hàng|Công Nghệ Thông Tin|Sales It Phần Mềm|Việc Làm It,Hà Nội,15000000,30000000,full-time,any,1,high,"Phản hồi của bạn rất quan trọng, TopCV mong nhận được nhiều góp ý từ bạn để cải thiện sản phẩm tốt hơn.",sales,TopCV,https://www.topcv.vn/viec-lam/nhan-vien-kinh-doanh-phan-mem-tu-van-telesales-chi-tuyen-nam-khong-di-thi-truong/2049318.html?ta_source=JobSearchList_LinkDetail&u_sr_id=lIOxBLA87DfaQc3JEaIiQ4H2nXuiZkrrHs8YTtyr_1776175512,2026-04-14T21:09:24.736033
scraped_topcv_00004,"Business Development Executive - Sapo Enterprise (B2B SaaS) [Hà Nội] - Tư Vấn Giải Pháp Cho Doanh Nghiệp Vừa & Lớn, Lương Cứng Upto 21 Triệu + Hoa Hồng Hấp Dẫn",Công ty cổ phần Công nghệ Sapo,Xem Chi Tiết Yêu Cầu|Xem Chi Tiết Quyền Lợi|Thuyết Trình|Tìm Kiếm Khách Hàng|Xây Dựng Mối Quan Hệ|Đàm Phán|Giao Tiếp|Chăm Sóc Khách Hàng|Phát Triển Kinh Doanh|Xem Thêm|Thu Gọn|Hà Nội|Phường Ngọc Hà - Hà Nội|Dưới 1 Năm Kinh Nghiệm|Đại Học Trở Lên|Nghỉ Thứ 7|Chuyên Môn Kinh Doanh Phần Mềm|Thương Mại Điện Tử|Bán Lẻ - Hàng Tiêu Dùng - Fmcg|Nhà Hàng / Khách Sạn|B2B|B2C|Telesales|Online Sales|Direct Sales|Kinh Doanh/Bán Hàng|Công Nghệ Thông Tin|Sales It Phần Mềm|Kinh Doanh Phần Mềm|Việc Làm It,Phú Thọ,2000000,21000000,full-time,any,1,high,"Phản hồi của bạn rất quan trọng, TopCV mong nhận được nhiều góp ý từ bạn để cải thiện sản phẩm tốt hơn.",other,TopCV,https://www.topcv.vn/brand/sapovn/tuyen-dung/business-development-executive-sapo-enterprise-b2b-saas-ha-noi-tu-van-giai-phap-cho-doanh-nghiep-vua-lon-luong-cung-upto-21-trieu-hoa-hong-hap-dan-j2103112.html?ta_source=JobSearchList_LinkDetail&u_sr_id=lIOxBLA87DfaQc3JEaIiQ4H2nXuiZkrrHs8YTtyr_1776175512,2026-04-14T21:09:24.736821
scraped_topcv_00005,"Chuyên Viên Phát Triển Đối Tác/Sale B2B (Data Có Sẵn, Nghỉ T7,CN) - Thu Nhập Trung Bình 10 - 30 Triệu",CÔNG TY CỔ PHẦN GIẢI PHÁP CÔNG NGHỆ ZENIFY,Xem Chi Tiết Yêu Cầu|Xem Chi Tiết Quyền Lợi|Hồ Chí Minh|Bình Dương|Bà Rịa-Vũng Tàu|Hà Nội|Phường Nghĩa Đô - Hà Nội|Phường Thạnh Mỹ Tây - Hồ Chí Minh|Không Yêu Cầu Kinh Nghiệm|Đại Học Trở Lên|Tuổi 22 - 25|Có Hỗ Trợ Data|Nghỉ Thứ 7|Bảo Hiểm Xã Hội|Kinh Doanh Phần Mềm|It - Phần Mềm|Viễn Thông|B2B|Direct Sales|Telesales|Kinh Doanh/Bán Hàng|Công Nghệ Thông Tin|Sales It Phần Mềm|Việc Làm It,Hà Nội,2000000,7000000,full-time,any,0,high,"Phản hồi của bạn rất quan trọng, TopCV mong nhận được nhiều góp ý từ bạn để cải thiện sản phẩm tốt hơn.",other,TopCV,https://www.topcv.vn/viec-lam/chuyen-vien-phat-trien-doi-tac-sale-b2b-data-co-san-nghi-t7-cn-thu-nhap-trung-binh-10-30-trieu/2097251.html?ta_source=JobSearchList_LinkDetail&u_sr_id=lIOxBLA87DfaQc3JEaIiQ4H2nXuiZkrrHs8YTtyr_1776175512,2026-04-14T21:09:24.737190
scraped_topcv_00006,Kỹ Sư Triển Khai Hệ Thống ( System Engineer ) Tại Hà Nội,Công ty Cổ phần Tập đoàn Trí Nam,Xem Chi Tiết Yêu Cầu|Xem Chi Tiết Quyền Lợi|Hà Nội|Việc Làm System Engineer Tại Hà Nội|Phường Phú Diễn - Hà Nội|2 Năm Kinh Nghiệm|Cao Đẳng Trở Lên|Nghỉ Thứ 7|System Engineer|It - Phần Mềm|Giáo Dục / Đào Tạo|Công Nghệ Thông Tin|It Infrastructure And Operations|Việc Làm It,Thanh Hóa,0,0,full-time,any,2,high,"Phản hồi của bạn rất quan trọng, TopCV mong nhận được nhiều góp ý từ bạn để cải thiện sản phẩm tốt hơn.",other,TopCV,https://www.topcv.vn/viec-lam/ky-su-trien-khai-he-thong-system-engineer-tai-ha-noi/2112692.html?ta_source=JobSearchList_LinkDetail&u_sr_id=lIOxBLA87DfaQc3JEaIiQ4H2nXuiZkrrHs8YTtyr_1776175512,2026-04-14T21:09:24.737425
scraped_topcv_00007,"Chuyên Viên Kinh Doanh/Sales B2B Giải Pháp Phần Mềm CAD/CAM - Thu Nhập 20–30M (Lương + Thưởng)Tại Hồ Chí Minh, Hà Nội",CÔNG TY TNHH SOLID & SOFT,Xem Chi Tiết Yêu Cầu|Xem Chi Tiết Quyền Lợi|Tìm Kiếm Khách Hàng|Xây Dựng Mối Quan Hệ|Đàm Phán|Bán Hàng B2B|Tiếng Anh Thương Mại|Hồ Chí Minh|Việc Làm Chuyên Viên Kinh Doanh Tại Hồ Chí Minh|Bình Dương|Việc Làm Chuyên Viên Kinh Doanh Tại Bình Dương|Bà Rịa-Vũng Tàu|Phường Tân Mỹ - Hồ Chí Minh|Hà Nội|Việc Làm Chuyên Viên Kinh Doanh Tại Hà Nội|Phường Cầu Giấy - Hà Nội|2 Năm Kinh Nghiệm|Đại Học Trở Lên|Tiếng Anh Giao Tiếp Thành Thạo|Diễn Đạt Trôi Chảy|Phát Âm Chuẩn|Nghỉ Thứ 7|Bảo Hiểm Xã Hội|Bảo Hiểm Sức Khỏe|Kinh Doanh Phần Mềm|Sản Xuất|Công Nghệ Kỹ Thuật|Cơ Khí / Tự Động Hóa|B2B|Direct Sales|Telesales|Online Sales|Kinh Doanh/Bán Hàng|Công Nghệ Thông Tin|Sales It Phần Mềm|Việc Làm It,Thanh Hóa,20000000,30000000,full-time,any,2,high,"Phản hồi của bạn rất quan trọng, TopCV mong nhận được nhiều góp ý từ bạn để cải thiện sản phẩm tốt hơn.",sales,TopCV,https://www.topcv.vn/viec-lam/chuyen-vien-kinh-doanh-sales-b2b-giai-phap-phan-mem-cad-cam-thu-nhap-2030m-luong-thuongtai-ho-chi-minh-ha-noi/2090745.html?ta_source=JobSearchList_LinkDetail&u_sr_id=lIOxBLA87DfaQc3JEaIiQ4H2nXuiZkrrHs8YTtyr_1776175512,2026-04-14T21:09:24.737873
scraped_topcv_00008,"Nhân Viên Kinh Doanh Phần Mềm / Sale /Tư Vấn/Bán Hàng Phần Mềm - Thu Nhập Hấp Dẫn, Upto 40 Triệu - Có Kinh Nghiệm - Hà Nội",Công ty cổ phần Onenet,Xem Chi Tiết Yêu Cầu|Xem Chi Tiết Quyền Lợi|Crm|Giao Tiếp|Ms Office|Google Workspace|Sales Giải Pháp Cntt|Y Tế|Hà Nội|Việc Làm Nhân Viên Kinh Doanh Phần Mềm Tại Hà Nội|Phường Từ Liêm - Hà Nội|1 Năm Kinh Nghiệm|Đại Học Trở Lên|Có Hỗ Trợ Data|Nghỉ Thứ 7|Bảo Hiểm Xã Hội|Kinh Doanh Phần Mềm|It - Phần Mềm|B2B|Direct Sales|Kinh Doanh/Bán Hàng|Công Nghệ Thông Tin|Sales It Phần Mềm|Việc Làm It,Thanh Hóa,40000000,40000000,full-time,any,1,high,"Phản hồi của bạn rất quan trọng, TopCV mong nhận được nhiều góp ý từ bạn để cải thiện sản phẩm tốt hơn.",sales,TopCV,https://www.topcv.vn/viec-lam/nhan-vien-kinh-doanh-phan-mem-sale-tu-van-ban-hang-phan-mem-thu-nhap-hap-dan-upto-40-trieu-co-kinh-nghiem-ha-noi/2116181.html?ta_source=JobSearchList_LinkDetail&u_sr_id=lIOxBLA87DfaQc3JEaIiQ4H2nXuiZkrrHs8YTtyr_1776175512,2026-04-14T21:09:24.738384
scraped_topcv_00000,Nhân Viên Kinh Doanh Giải Pháp Dành Cho Hộ Kinh Doanh - Không Giới Hạn Chuyên Ngành,Công ty Cổ phần MISA,Xem Chi Tiết Yêu Cầu|Xem Chi Tiết Quyền Lợi|Không Yêu Cầu Kinh Nghiệm|Cao Đẳng Trở Lên|Bảo Hiểm Xã Hội|Khám Sức Khỏe Định Kỳ|Team Building|Chuyên Môn Kinh Doanh Phần Mềm|Du Lịch|Bán Lẻ - Hàng Tiêu Dùng - Fmcg|Chứng Khoán|B2B|B2C|Direct Sales|Telesales|Hồ Chí Minh|Việc Làm Nhân Viên Kinh Doanh Tại Hồ Chí Minh|Bình Dương|Việc Làm Nhân Viên Kinh Doanh Tại Bình Dương|Bà Rịa-Vũng Tàu|Việc Làm Nhân Viên Kinh Doanh Tại Bà Rịa-Vũng Tàu|Hà Nội|Việc Làm Nhân Viên Kinh Doanh Tại Hà Nội|Phường Cầu Giấy - Hà Nội|Phường Trung Mỹ Tây - Hồ Chí Minh,Hà Nội,0,20000000,full-time,any,0,high,"Phản hồi của bạn rất quan trọng, TopCV mong nhận được nhiều góp ý từ bạn để cải thiện sản phẩm tốt hơn.",sales,TopCV,https://www.topcv.vn/brand/misa/tuyen-dung/nhan-vien-kinh-doanh-giai-phap-danh-cho-ho-kinh-doanh-khong-gioi-han-chuyen-nganh-j2107017.html?ta_source=JobSearchList_LinkDetail&u_sr_id=vdkAHu9tzxnk9eg5ntJJMyrdDEQjYOXSJ85AZidf_1776176112,2026-04-14T21:19:18.448563
scraped_topcv_00001,Kỹ Thuật Dự Án & Presale (3 Năm Kinh Nghiệm) - Mức Lương 12 - 15 Triệu,CÔNG TY CỔ PHẦN ĐẦU TƯ HCOM,Xem Chi Tiết Yêu Cầu|Xem Chi Tiết Quyền Lợi|Tư Vấn Kỹ Thuật|Kỹ Năng Văn Phòng|Triển Khai Dự Án|Cấu Hình Thiết Bị Mạng|Chứng Chỉ Mạng Ccna Hoặc Tương Đương|Hà Nội|Việc Làm Dự Án Tại Hà Nội|Phường Cầu Giấy - Hà Nội|Việc Làm Dự Án Tại Phường Cầu Giấy - Hà Nội|3 Năm Kinh Nghiệm|Cao Đẳng Trở Lên|Bảo Hiểm Xã Hội|Bảo Hiểm Sức Khỏe|Team Building|System Engineer|It - Phần Cứng Và Máy Tính|Xây Dựng|Viễn Thông|Công Nghệ Thông Tin|It Infrastructure And Operations|Việc Làm It,Hà Nội,3000000,12000000,full-time,any,3,high,"Phản hồi của bạn rất quan trọng, TopCV mong nhận được nhiều góp ý từ bạn để cải thiện sản phẩm tốt hơn.",skilled,TopCV,https://www.topcv.vn/viec-lam/ky-thuat-du-an-presale-3-nam-kinh-nghiem-muc-luong-12-15-trieu/2098302.html?ta_source=JobSearchList_LinkDetail&u_sr_id=vdkAHu9tzxnk9eg5ntJJMyrdDEQjYOXSJ85AZidf_1776176112,2026-04-14T21:19:18.449068
scraped_topcv_00003,Junior User Acquisition Executive (Mobile App) - Performance Marketing - Thu Nhập Up To 25 Triệu (Trên 6 Tháng KN) - Đi Làm Ngay,CÔNG TY CỔ PHẦN CÔNG NGHỆ V1,Xem Chi Tiết Yêu Cầu|Xem Chi Tiết Quyền Lợi|Performance Marketing|Data Analysis|Firebase|Tiktok Ads|Appsflyer|Meta Ads|A/B Testing|Adjust|Mmp|Apple Search Ads|App Install Campaigns|Google Uac|Hà Nội|Việc Làm Performance Marketing Tại Hà Nội|Phường Từ Liêm - Hà Nội|Dưới 1 Năm Kinh Nghiệm|Cao Đẳng Trở Lên|Nghỉ Thứ 7|Bảo Hiểm Xã Hội|Team Building|Digital Marketing|Marketing / Quảng Cáo|Marketing/Pr/Quảng Cáo|Marketing,Hà Nội,0,25000000,full-time,any,1,high,"Phản hồi của bạn rất quan trọng, TopCV mong nhận được nhiều góp ý từ bạn để cải thiện sản phẩm tốt hơn.",other,TopCV,https://www.topcv.vn/viec-lam/junior-user-acquisition-executive-mobile-app-performance-marketing-thu-nhap-up-to-25-trieu-tren-6-thang-kn-di-lam-ngay/2114733.html?ta_source=JobSearchList_LinkDetail&u_sr_id=vdkAHu9tzxnk9eg5ntJJMyrdDEQjYOXSJ85AZidf_1776176112,2026-04-14T21:19:18.451312
scraped_topcv_00006,AI-Native Software Engineering Lead | HCMC (Hybrid),ProTopCV Search,Xem Chi Tiết Yêu Cầu|Xem Chi Tiết Quyền Lợi|Kỹ Năng Giao Tiếp|Phát Triển Phần Mềm|Lãnh Đạo Nhóm|Trí Tuệ Nhân Tạo (Ai)|Kinh Nghiệm Làm Việc Với Dữ Liệu Lớn|Kinh Nghiệm Triển Khai Mô Hình Ai|Hồ Chí Minh|Bình Dương|Bà Rịa-Vũng Tàu|Phường An Hội Tây - Hồ Chí Minh|Phường An Hội Đông - Hồ Chí Minh|Phường An Lạc - Hồ Chí Minh|Phường An Nhơn - Hồ Chí Minh|Phường Bảy Hiền - Hồ Chí Minh|Phường Bình Hưng Hòa - Hồ Chí Minh|Phường Bình Trị Đông - Hồ Chí Minh|Phường Bình Tân - Hồ Chí Minh|Phường Gò Vấp - Hồ Chí Minh|Phường Hạnh Thông - Hồ Chí Minh|Phường Khánh Hội - Hồ Chí Minh|Phường Thông Tây Hội - Hồ Chí Minh|Phường Tân Bình - Hồ Chí Minh|Phường Tân Hòa - Hồ Chí Minh|Phường Tân Sơn - Hồ Chí Minh|Phường Tân Sơn Hòa - Hồ Chí Minh|Phường Tân Sơn Nhất - Hồ Chí Minh|Phường Tân Tạo - Hồ Chí Minh|Phường Vĩnh Hội - Hồ Chí Minh|Phường Xóm Chiếu - Hồ Chí Minh|Phường An Khánh - Hồ Chí Minh|Phường An Phú - Hồ Chí Minh|Phường An Phú Đông - Hồ Chí Minh|Phường An Đông - Hồ Chí Minh|Phường Bà Rịa - Hồ Chí Minh|Phường Bàn Cờ - Hồ Chí Minh|Phường Bình Cơ - Hồ Chí Minh|Phường Bình Dương - Hồ Chí Minh|Phường Bình Hòa - Hồ Chí Minh|Phường Bình Lợi Trung - Hồ Chí Minh|Phường Bình Phú - Hồ Chí Minh|Phường Bình Quới - Hồ Chí Minh|Phường Bình Thạnh - Hồ Chí Minh|Phường Bình Thới - Hồ Chí Minh|Phường Bình Tiên - Hồ Chí Minh|Phường Bình Trưng - Hồ Chí Minh|Phường Bình Tây - Hồ Chí Minh|Phường Bình Đông - Hồ Chí Minh|Phường Bến Cát - Hồ Chí Minh|Phường Bến Thành - Hồ Chí Minh|Phường Chánh Hiệp - Hồ Chí Minh|Phường Chánh Hưng - Hồ Chí Minh|Phường Chánh Phú Hòa - Hồ Chí Minh|Phường Chợ Lớn - Hồ Chí Minh|Phường Chợ Quán - Hồ Chí Minh|Phường Cát Lái - Hồ Chí Minh|Phường Cầu Kiệu - Hồ Chí Minh|Phường Cầu Ông Lãnh - Hồ Chí Minh|Phường Diên Hồng - Hồ Chí Minh|Phường Dĩ An - Hồ Chí Minh|Phường Gia Định - Hồ Chí Minh|Phường Hiệp Bình - Hồ Chí Minh|Phường Hòa Bình - Hồ Chí Minh|Phường Hòa Hưng - Hồ Chí Minh|Phường Hòa Lợi - Hồ Chí Minh|Phường Linh Xuân - Hồ Chí Minh|Phường Long Bình - Hồ Chí Minh|Phường Long Hương - Hồ Chí Minh|Phường Long Nguyên - Hồ Chí Minh|Phường Long Phước - Hồ Chí Minh|Phường Long Trường - Hồ Chí Minh|Phường Lái Thiêu - Hồ Chí Minh|Phường Minh Phụng - Hồ Chí Minh|Phường Nhiêu Lộc - Hồ Chí Minh|Phường Phú An - Hồ Chí Minh|Phường Phú Lâm - Hồ Chí Minh|Phường Phú Lợi - Hồ Chí Minh|Phường Phú Mỹ - Hồ Chí Minh|Phường Phú Nhuận - Hồ Chí Minh|Phường Phú Thuận - Hồ Chí Minh|Phường Phú Thạnh - Hồ Chí Minh|Phường Phú Thọ - Hồ Chí Minh|Phường Phú Thọ Hòa - Hồ Chí Minh|Phường Phú Định - Hồ Chí Minh|Phường Phước Long - Hồ Chí Minh|Phường Phước Thắng - Hồ Chí Minh|Phường Rạch Dừa - Hồ Chí Minh|Phường Sài Gòn - Hồ Chí Minh|Phường Tam Bình - Hồ Chí Minh|Phường Tam Long - Hồ Chí Minh|Phường Tam Thắng - Hồ Chí Minh|Phường Thuận An - Hồ Chí Minh|Phường Thuận Giao - Hồ Chí Minh|Phường Thạnh Mỹ Tây - Hồ Chí Minh|Phường Thới An - Hồ Chí Minh|Phường Thới Hòa - Hồ Chí Minh|Phường Thủ Dầu Một - Hồ Chí Minh|Phường Thủ Đức - Hồ Chí Minh|Phường Trung Mỹ Tây - Hồ Chí Minh|Phường Tân Hiệp - Hồ Chí Minh|Phường Tân Hưng - Hồ Chí Minh|Phường Tân Hải - Hồ Chí Minh|Phường Tân Khánh - Hồ Chí Minh|Phường Tân Mỹ - Hồ Chí Minh|Phường Tân Phú - Hồ Chí Minh|Phường Tân Phước - Hồ Chí Minh|Phường Tân Sơn Nhì - Hồ Chí Minh|Phường Tân Thuận - Hồ Chí Minh|Phường Tân Thành - Hồ Chí Minh|Phường Tân Thới Hiệp - Hồ Chí Minh|Phường Tân Uyên - Hồ Chí Minh|Phường Tân Đông Hiệp - Hồ Chí Minh|Phường Tân Định - Hồ Chí Minh|Phường Tây Nam - Hồ Chí Minh|Phường Tây Thạnh - Hồ Chí Minh|Phường Tăng Nhơn Phú - Hồ Chí Minh|Phường Vĩnh Tân - Hồ Chí Minh|Phường Vũng Tàu - Hồ Chí Minh|Phường Vườn Lài - Hồ Chí Minh|Phường Xuân Hòa - Hồ Chí Minh|Phường Đông Hòa - Hồ Chí Minh|Phường Đông Hưng Thuận - Hồ Chí Minh|Phường Đức Nhuận - Hồ Chí Minh|Xã An Long - Hồ Chí Minh|Xã An Nhơn Tây - Hồ Chí Minh|Xã An Thới Đông - Hồ Chí Minh|Xã Bà Điểm - Hồ Chí Minh|Xã Bàu Bàng - Hồ Chí Minh|Xã Bàu Lâm - Hồ Chí Minh|Xã Bình Chánh - Hồ Chí Minh|Xã Bình Châu - Hồ Chí Minh|Xã Bình Giã - Hồ Chí Minh|Xã Bình Hưng - Hồ Chí Minh|Xã Bình Khánh - Hồ Chí Minh|Xã Bình Lợi - Hồ Chí Minh|Xã Bình Mỹ - Hồ Chí Minh|Xã Bắc Tân Uyên - Hồ Chí Minh|Xã Châu Pha - Hồ Chí Minh|Xã Châu Đức - Hồ Chí Minh|Xã Cần Giờ - Hồ Chí Minh|Xã Củ Chi - Hồ Chí Minh|Xã Dầu Tiếng - Hồ Chí Minh|Xã Hiệp Phước - Hồ Chí Minh|Xã Hòa Hiệp - Hồ Chí Minh|Xã Hòa Hội - Hồ Chí Minh|Xã Hóc Môn - Hồ Chí Minh|Xã Hưng Long - Hồ Chí Minh|Xã Hồ Tràm - Hồ Chí Minh|Xã Kim Long - Hồ Chí Minh|Xã Long Hòa - Hồ Chí Minh|Xã Long Hải - Hồ Chí Minh|Xã Long Sơn - Hồ Chí Minh|Xã Long Điền - Hồ Chí Minh|Xã Minh Thạnh - Hồ Chí Minh|Xã Nghĩa Thành - Hồ Chí Minh|Xã Ngãi Giao - Hồ Chí Minh|Xã Nhuận Đức - Hồ Chí Minh|Xã Nhà Bè - Hồ Chí Minh|Xã Phú Giáo - Hồ Chí Minh|Xã Phú Hòa Đông - Hồ Chí Minh|Xã Phước Hòa - Hồ Chí Minh|Xã Phước Hải - Hồ Chí Minh|Xã Phước Thành - Hồ Chí Minh|Xã Thanh An - Hồ Chí Minh|Xã Thái Mỹ - Hồ Chí Minh|Xã Thường Tân - Hồ Chí Minh|Xã Thạnh An - Hồ Chí Minh|Xã Trừ Văn Thố - Hồ Chí Minh|Xã Tân An Hội - Hồ Chí Minh|Xã Tân Nhựt - Hồ Chí Minh|Xã Tân Vĩnh Lộc - Hồ Chí Minh|Xã Vĩnh Lộc - Hồ Chí Minh|Xã Xuyên Mộc - Hồ Chí Minh|Xã Xuân Sơn - Hồ Chí Minh|Xã Xuân Thới Sơn - Hồ Chí Minh|Xã Đông Thạnh - Hồ Chí Minh|Xã Đất Đỏ - Hồ Chí Minh|Đặc Khu Côn Đảo - Hồ Chí Minh|Trên 5 Năm Kinh Nghiệm|Đại Học Trở Lên|Nghỉ Thứ 7|Ai Engineer|It - Phần Mềm|Công Nghệ Thông Tin|Artificial Intelligence (Ai)|Việc Làm It,Hồ Chí Minh,70000000,110000000,full-time,any,5,high,"Phản hồi của bạn rất quan trọng, TopCV mong nhận được nhiều góp ý từ bạn để cải thiện sản phẩm tốt hơn.",other,TopCV,https://www.topcv.vn/viec-lam/ai-native-software-engineering-lead-hcmc-hybrid/2104119.html?ta_source=JobSearchList_LinkDetail&u_sr_id=vdkAHu9tzxnk9eg5ntJJMyrdDEQjYOXSJ85AZidf_1776176112,2026-04-14T21:19:18.454957
scraped_topcv_00000,"Chuyên Viên Kinh Doanh - Thu Nhập Đến 30tr - Làm Việc Tại Phường Hạnh Thông, TP.HCM",CÔNG TY TNHH GIẢI PHÁP CÔNG NGHỆ SỐ VN,Xem Chi Tiết Yêu Cầu|Xem Chi Tiết Quyền Lợi|Kỹ Năng Giao Tiếp|Kỹ Năng Đàm Phán|Kỹ Năng Thuyết Phục|Kỹ Năng Quản Lý Thời Gian|Kỹ Năng Lập Kế Hoạch Và Tổ Chức|Kỹ Năng Xây Dựng Mối Quan Hệ|- Kỹ Năng Đàm Phán|Thương Lượng|Hồ Chí Minh|Việc Làm Chuyên Viên Kinh Doanh Tại Hồ Chí Minh|Bình Dương|Việc Làm Chuyên Viên Kinh Doanh Tại Bình Dương|Bà Rịa-Vũng Tàu|Phường Hạnh Thông - Hồ Chí Minh|Dưới 1 Năm Kinh Nghiệm|Cao Đẳng Trở Lên|Phát Âm Chuẩn|Diễn Đạt Trôi Chảy|Có Hỗ Trợ Data|Bảo Hiểm Xã Hội|Du Lịch Hàng Năm|Kinh Doanh Phần Mềm|Thương Mại Điện Tử|Marketing / Quảng Cáo|Quan Hệ Công Chúng|B2B|B2C|Direct Sales|Telesales|Online Sales|Kinh Doanh/Bán Hàng|Công Nghệ Thông Tin|Sales It Phần Mềm|Việc Làm It,Hồ Chí Minh,10000000,30000000,full-time,any,1,high,"Phản hồi của bạn rất quan trọng, TopCV mong nhận được nhiều góp ý từ bạn để cải thiện sản phẩm tốt hơn.",sales,TopCV,https://www.topcv.vn/viec-lam/chuyen-vien-kinh-doanh-thu-nhap-den-30tr-lam-viec-tai-phuong-hanh-thong-tp-hcm/2112402.html?ta_source=JobSearchList_LinkDetail&u_sr_id=sSlMFaMEbk7VDggGDJUmH89mx23fTdX5CocV7pEa_1776176748,2026-04-14T21:29:53.443865
scraped_topcv_00001,Data Architect (Customer Profile),Công ty Cổ phần MISA,Xem Chi Tiết Yêu Cầu|Xem Chi Tiết Quyền Lợi|Hà Nội|Phường Xuân Đỉnh - Hà Nội|4 Năm Kinh Nghiệm|Cao Học Trở Lên|Nghỉ Thứ 7|Data Engineer|It - Phần Mềm|Công Nghệ Thông Tin|Data Science|Việc Làm It,Hà Nội,0,0,full-time,any,4,high,"Phản hồi của bạn rất quan trọng, TopCV mong nhận được nhiều góp ý từ bạn để cải thiện sản phẩm tốt hơn.",other,TopCV,https://www.topcv.vn/viec-lam/data-architect-customer-profile/2111978.html?ta_source=JobSearchList_LinkDetail&u_sr_id=sSlMFaMEbk7VDggGDJUmH89mx23fTdX5CocV7pEa_1776176748,2026-04-14T21:29:53.444152
scraped_topcv_00003,Nhân Viên Quay Dựng/ Video Editor Tại Hà Nội (Lương Từ 12 - 18 Triệu),Công ty TNHH Thương mại Tokuyo,Xem Chi Tiết Yêu Cầu|Xem Chi Tiết Quyền Lợi|Làm Việc Nhóm|Dựng Phim|Quay Phim|Sáng Tạo|Kỹ Năng Biên Tập Video|Am Hiểu Về Ánh Sáng|Âm Thanh|Kỹ Năng Quay Phim Bằng Các Thiết Bị Chuyên Dụng|Kỹ Năng Tạo Hiệu Ứng Đặc Biệt (After Effects)|Hà Nội|Việc Làm Nhân Viên Quay Dựng Tại Hà Nội|Phường Tương Mai - Hà Nội|2 Năm Kinh Nghiệm|Đại Học Trở Lên|Tuổi 24 - 30|Nghỉ Thứ 7|Thiết Kế Đồ Họa (Graphic Design)|Marketing/Pr/Quảng Cáo|Công Nghệ Thông Tin|Thiết Kế|Quảng Cáo/Sáng Tạo|Software Design|Thiết Kế Đồ Hoạ/Giao Diện/Trải Nghiệm|Việc Làm It,Hà Nội,0,12000000,full-time,any,2,high,"Phản hồi của bạn rất quan trọng, TopCV mong nhận được nhiều góp ý từ bạn để cải thiện sản phẩm tốt hơn.",other,TopCV,https://www.topcv.vn/viec-lam/nhan-vien-quay-dung-video-editor-tai-ha-noi-luong-tu-12-18-trieu/2105973.html?ta_source=JobSearchList_LinkDetail&u_sr_id=sSlMFaMEbk7VDggGDJUmH89mx23fTdX5CocV7pEa_1776176748,2026-04-14T21:29:53.444870
scraped_topcv_00005,Chuyên Viên Phân Tích Nghiệp Vụ (Senior Business Analyst) - Sản Phẩm Quản Lý Cửa Hàng/Nhà Hàng/Tài Chính - AI Cho Cá Nhân,Công ty Cổ phần MISA,Xem Chi Tiết Yêu Cầu|Xem Chi Tiết Quyền Lợi|Hà Nội|Phường Xuân Đỉnh - Hà Nội|Phường Cầu Giấy - Hà Nội|3 Năm Kinh Nghiệm|Đại Học Trở Lên|Nghỉ Thứ 7|Bảo Hiểm Xã Hội|Team Building|Business Analyst (Phân Tích Nghiệp Vụ)|Tài Chính|Kế Toán|It - Phần Mềm|Công Nghệ Thông Tin|Product Management|Việc Làm It,Hà Nội,0,0,full-time,any,3,high,"Phản hồi của bạn rất quan trọng, TopCV mong nhận được nhiều góp ý từ bạn để cải thiện sản phẩm tốt hơn.",accounting,TopCV,https://www.topcv.vn/viec-lam/chuyen-vien-phan-tich-nghiep-vu-senior-business-analyst-san-pham-quan-ly-cua-hang-nha-hang-tai-chinh-ai-cho-ca-nhan/2109108.html?ta_source=JobSearchList_LinkDetail&u_sr_id=sSlMFaMEbk7VDggGDJUmH89mx23fTdX5CocV7pEa_1776176748,2026-04-14T21:29:53.445459
scraped_topcv_00006,"Chuyên Viên Kinh Doanh Cao Cấp - Đi Làm Ngay (Data Có Sẵn) - Hoa Hồng Upto 50% - Lương Upto 50M - Tại Cầu Giấy, Hà Nội",CÔNG TY CỔ PHẦN TRUYỀN THÔNG LUẬT VIỆT NAM,Xem Chi Tiết Yêu Cầu|Xem Chi Tiết Quyền Lợi|Kỹ Năng Giao Tiếp|Kỹ Năng Bán Hàng|Hà Nội|Việc Làm Chuyên Viên Kinh Doanh Tại Hà Nội|Phường Cầu Giấy - Hà Nội|1 Năm Kinh Nghiệm|Cao Đẳng Trở Lên|Tuổi 21 - 45|Có Hỗ Trợ Data|Nghỉ Thứ 7|Bảo Hiểm Xã Hội|Sales It Phần Mềm Khác|Luật / Pháp Chế|Bán Lẻ - Hàng Tiêu Dùng - Fmcg|Marketing / Quảng Cáo|B2B|B2C|Direct Sales|Online Sales|Telesales|Kinh Doanh/Bán Hàng|Công Nghệ Thông Tin|Sales It Phần Mềm|Việc Làm It,Phú Thọ,15000000,50000000,full-time,any,1,high,"Phản hồi của bạn rất quan trọng, TopCV mong nhận được nhiều góp ý từ bạn để cải thiện sản phẩm tốt hơn.",sales,TopCV,https://www.topcv.vn/viec-lam/chuyen-vien-kinh-doanh-cao-cap-di-lam-ngay-data-co-san-hoa-hong-upto-50-luong-upto-50m-tai-cau-giay-ha-noi/2118510.html?ta_source=JobSearchList_LinkDetail&u_sr_id=sSlMFaMEbk7VDggGDJUmH89mx23fTdX5CocV7pEa_1776176748,2026-04-14T21:29:53.445861
scraped_topcv_00007,Kỹ Sư Phát Triển Game H5 Cao Cấp (AI-Driven) Upto 50M/Game Developer,CÔNG TY TNHH SONIC FUSION,Xem Chi Tiết Yêu Cầu|Hồ Chí Minh|Việc Làm Game Developer Tại Hồ Chí Minh|Bình Dương|Việc Làm Game Developer Tại Bình Dương|Bà Rịa-Vũng Tàu|Việc Làm Game Developer Tại Bà Rịa-Vũng Tàu|Phường Tân Hưng - Hồ Chí Minh|Không Yêu Cầu Kinh Nghiệm|Cao Đẳng Trở Lên|Game Developer|Công Nghệ Thông Tin|Game Development|Việc Làm It,Hồ Chí Minh,0,50000000,full-time,any,0,high,"Phản hồi của bạn rất quan trọng, TopCV mong nhận được nhiều góp ý từ bạn để cải thiện sản phẩm tốt hơn.",other,TopCV,https://www.topcv.vn/viec-lam/ky-su-phat-trien-game-h5-cao-cap-ai-driven-upto-50m-game-developer/2094900.html?ta_source=JobSearchList_LinkDetail&u_sr_id=sSlMFaMEbk7VDggGDJUmH89mx23fTdX5CocV7pEa_1776176748,2026-04-14T21:29:53.446138
scraped_topcv_00009,UA Marketing (Mobile App),Công ty Cổ phần TCC & Partners,Xem Chi Tiết Yêu Cầu|Xem Chi Tiết Quyền Lợi|App Store Optimization (Aso)|User Acquisition (Ua)|Paid Advertising (Facebook Ads|Google Ads|Etc.)|Market Research|Project Management|Hà Nội|Việc Làm Ua Marketing Tại Hà Nội|Phường Đống Đa - Hà Nội|Việc Làm Ua Marketing Tại Phường Đống Đa - Hà Nội|1 Năm Kinh Nghiệm|Đại Học Trở Lên|Nghỉ Thứ 7|Digital Marketing|Marketing / Quảng Cáo|Marketing/Pr/Quảng Cáo|Marketing,Hà Nội,15000000,20000000,full-time,any,1,high,"Phản hồi của bạn rất quan trọng, TopCV mong nhận được nhiều góp ý từ bạn để cải thiện sản phẩm tốt hơn.",other,TopCV,https://www.topcv.vn/viec-lam/ua-marketing-mobile-app/2101779.html?ta_source=JobSearchList_LinkDetail&u_sr_id=sSlMFaMEbk7VDggGDJUmH89mx23fTdX5CocV7pEa_1776176748,2026-04-14T21:29:53.446718
scraped_topcv_00002,"Nhân Viên Kinh Doanh Tư Vấn Phần Mềm CRM ERP (Sales B2B Tại Hà Nội) Thu Nhập Từ 15-30 Triệu, Data Có Sẵn",CÔNG TY CỔ PHẦN CÔNG NGHỆ SANDBOXVN,Xem Chi Tiết Yêu Cầu|Xem Chi Tiết Quyền Lợi|Hà Nội|Việc Làm Nhân Viên Kinh Doanh Tại Hà Nội|Phường Cầu Giấy - Hà Nội|Dưới 1 Năm Kinh Nghiệm|Đại Học Trở Lên|Diễn Đạt Trôi Chảy|Có Phương Tiện Di Chuyển|Có Hỗ Trợ Data|Kinh Doanh Phần Mềm|B2B|Direct Sales|Online Sales|Telesales|Kinh Doanh/Bán Hàng|Công Nghệ Thông Tin|Sales It Phần Mềm|Việc Làm It,Thanh Hóa,0,2000000,full-time,any,1,high,"Mô tả công việc Tiếp nhận data khách hàng quan tâm từ Bộ phận Marketing và các nguồn khác (hỗ trợ 80-90% data sẵn). Phân tích nhu cầu sử dụng phần mềm SandboxVN và ký hợp đồng tái tục. Tìm kiếm và khai thác khách hàng tiềm năng có nhu cầu sử dụng phần mềm quản trị doanh nghiệp. Thực hiện báo giá, tư vấn phần mềm, demo sản phẩm, đàm phán và ký kết hợp đồng. Đào tạo khách hàng sử dụng hệ thống; chăm sóc và duy trì mối quan hệ với khách hàng hiện có để gia tăng sự hài lòng, khai thác cơ hội từ nguồn khách hàng giới thiệu Phối hợp với các bộ phận liên quan (Marketing, CSKH, Kỹ thuật...) để hỗ trợ, đề xuất phát triển các tính năng phù hợp với yêu cầu khách hàng Báo cáo hiệu quả công việc định kỳ theo yêu cầu của quản lý. Yêu cầu ứng viên Tốt nghiệp đại học các khối ngành Kinh Tế, Quản trị KD hoặc ngành có liên quan Thành thạo kỹ năng văn phòng, giao tiếp tốt & tư duy phân tích Có kinh nghiệm làm việc với khách hàng tại các vị trí: Sales, Consultant, Business Development, Account Manager, Pa",sales,TopCV,https://www.topcv.vn/viec-lam/nhan-vien-kinh-doanh-tu-van-phan-mem-crm-erp-sales-b2b-tai-ha-noi-thu-nhap-tu-15-30-trieu-data-co-san/2115127.html?ta_source=JobSearchList_LinkDetail&u_sr_id=5425m0Pw5MMNKY5z75TSytOtI3flMcdfV60i8jR4_1776177555,2026-04-14T21:43:15.761699
scraped_topcv_00002,"Chuyên Viên Kinh Doanh Giải Pháp An Toàn Thông Tin (Nghỉ T7,CN, Lương Cứng Từ 15 - 25 Triệu + Thưởng)",CÔNG TY CỔ PHẦN TMGS VIỆT NAM,Xem Chi Tiết Yêu Cầu|Xem Chi Tiết Quyền Lợi|Giao Tiếp|Giải Quyết Vấn Đề|Đọc Hiểu Tài Liệu Kỹ Thuật Tiếng Anh|Am Hiểu Về An Toàn Thông Tin|Kỹ Năng Đàm Phán|Tiếng Anh Chuyên Ngành|Hà Nội|Việc Làm Chuyên Viên Kinh Doanh Tại Hà Nội|Phường Yên Hòa - Hà Nội|2 Năm Kinh Nghiệm|Đại Học Trở Lên|Tuổi 25 - 30|Tiếng Anh Đọc Hiểu|Nghỉ Thứ 7|Bảo Hiểm Xã Hội|Du Lịch Hàng Năm|Kinh Doanh Phần Mềm|An Ninh Mạng|It - Phần Mềm|Viễn Thông|Tài Chính|B2B|B2G|Direct Sales|Kinh Doanh/Bán Hàng|Công Nghệ Thông Tin|Sales It Phần Mềm|Việc Làm It,Hà Nội,0,7000000,full-time,any,2,high,"Mô tả công việc Khai thác khách hàng mới: Chủ động tìm kiếm, thiết lập mối quan hệ với các khách hàng doanh nghiệp (B2B), đặc biệt là khối Tài chính - Ngân hàng, Thương mại điện tử, Logistics và các đơn vị hành chính công. Tư vấn giải pháp: Phối hợp cùng đội ngũ kỹ thuật để phân tích nhu cầu, lỗ hổng bảo mật của khách hàng và đề xuất các gói dịch vụ phù hợp (Đánh giá an ninh mạng, Giám sát an toàn thông tin...). Đàm phán & Chốt hợp đồng: Trực tiếp thương thảo về giá, phạm vi triển khai và thực hiện ký kết hợp đồng. Trực tiếp thực hiện, đốc thúc thực hiện hợp đồng, bao gồm các thủ tục liên quan, xuất hóa đơn, cùng khách hàng kiểm tra chất lượng sản phẩm trong thời gian thực hiện dự án, theo dõi công nợ khách hàng. Quản lý tài khoản (Account Management): Duy trì mối quan hệ bền vững với khách hàng cũ để gia hạn dịch vụ và bán chéo (Upsell) các giải pháp mới. Nắm được quy trình tiếp xúc khách hàng, quy trình xử lý khiếu nại thông tin, quy trình nhận và giải quyết thông tin khách hàng, ghi nhận đầy đủ theo các biểu mẫu của quy trình này. Đảm bảo KPI: Chịu trách nhiệm về chỉ tiêu doanh số hàng tháng/quý theo kế hoạch của công ty. Chăm sóc khách hàng và gia tăng mở rộng các khách hàng mới. Yêu cầu ứng viên Bằng cấp tối thiểu: Tốt nghiệp Đại học, Cao đẳng chuyên ngành Quản trị kinh doanh, Kinh tế thương mại, Marketing. Kiến thức chuyên môn cần thiết: Có kiến thức cơ bản về các sản phẩm, dịch vụ, giải pháp về an toàn thông tin; Có hiểu biết cơ bản hoặc đam mê về lĩnh vực Cybersecurity (Sẽ được đào tạo chuyên sâu về sản phẩm của TMGS). Kỹ năng cần thiết: Kỹ năng giao tiếp và thuyết trình tự tin (đặc biệt là khả năng thuyết phục cấp quản lý C-level); Khả năng đọc hiểu tài liệu kỹ thuật tiếng Anh là một lợi thế lớn; Kỹ năng làm việc nhóm, làm việc độc lập, chịu được áp lực cao. Kinh nghiệm: Có kinh nghiệm làm sale sản phẩm, giải pháp, dịch vụ về công nghệ thông tin, Phần mềm, Viễn thông hoặc thiết bị số cho khối doanh nghiệp, tài chính, ngân hàng trên 02 năm làm việc. Yêu cầu khác: Trung thực và đạo đức nghề nghiệp. Thu nhập Thu nhập: Từ 20 triệu VND trở lên Lương cứng: 15 - 25 triệu VND Lương cứng phụ thuộc vào doanh số Quyền lợi 1. Thu nhập: - Lương cứng: 15,000,000 VNĐ đến 25,000,000 VNĐ hàng tháng - Thu nhập thực tế = Lương cứng + Thưởng doanh số quý nếu đạt KPI (có chính sách rõ ràng) - Thưởng cuối năm: Căn cứ vào kết quả kinh doanh và quy định của công ty. - Thưởng nóng: Dành cho các hợp đồng giá trị lớn hoặc thành tích xuất sắc. - Điều chỉnh lương & cấp bậc: Trung bình 02 lần/năm, dựa trên kết quả đánh giá hiệu suất và năng lực. 2. Phúc lợi theo quy định - Thời gian làm việc từ 8h00-17h00 từ T2-T6, nghỉ T7, chủ nhật . - Tham gia BHXH – BHYT – BHTN đầy đủ theo Luật Lao động. - Thưởng lễ – tết theo quy định. - Chế độ phúc lợi nội bộ: hiếu – hỷ, thai sản, ốm đau, hỗ trợ đặc biệt trong các trường hợp theo chính sách công ty. - Nghỉ phép năm, nghỉ lễ tết đầy đủ theo luật. - Tham gia Du lịch, team building 3. Trợ cấp & Phụ cấp - Công tác phí theo quy định.",sales,TopCV,https://www.topcv.vn/viec-lam/chuyen-vien-kinh-doanh-giai-phap-an-toan-thong-tin-nghi-t7-cn-luong-cung-tu-15-25-trieu-thuong/2105497.html?ta_source=JobSearchList_LinkDetail&u_sr_id=Lpk2rmhPrDnYi8ls5oc2QZEok5KkehQdT7fWFN1h_1776178885,2026-04-14T22:06:18.402602
scraped_topcv_00003,"Nhân Viên IT Tại KCN Thụy Vân, Việt Trì, Phú Thọ (Thu Nhập Hấp Dẫn)",Công ty TNHH Công nghệ Cosmos1,Xem Chi Tiết Yêu Cầu|Xem Chi Tiết Quyền Lợi|Hòa Bình|Việc Làm Nhân Viên It Tại Hòa Bình|Phú Thọ|Việc Làm Nhân Viên It Tại Phú Thọ|Vĩnh Phúc|Việc Làm Nhân Viên It Tại Vĩnh Phúc|Phường Nông Trang - Phú Thọ|1 Năm Kinh Nghiệm|Cao Đẳng Trở Lên|Nam|Bảo Hiểm Xã Hội|Du Lịch Hàng Năm|Bảo Hiểm Sức Khỏe|It Helpdesk/It Support|It - Phần Cứng Và Máy Tính|Công Nghệ Thông Tin|It Infrastructure And Operations|Việc Làm It,Hồ Chí Minh,0,0,full-time,any,1,high,"Mô tả công việc - Thực hiện mục tiêu và kế hoạch hành động; - Quản lý Hệ thống kết nối internet; - Quản lý Hệ thống máy tính; - Quản lý Hệ thống Camera giám sát; - Quản lý Tổng đài nội bộ, thiết bị ngoại vi. Yêu cầu ứng viên - Nam; - Tốt nghiệp CĐ trở lên chuyên ngành CNTT,...; - Có kinh nghiệm làm ở môi trường công nghiệp; - Am hiểu các hệ thống cam, lan,... - Có hiểu biết về srv, firewall,.. Quyền lợi - Tham gia BHXH, BHYT, BHTN theo đúng quy định của Pháp luật; - Tăng lương 02 lần/năm: Tăng lương theo quy định của Nhà nước + Tăng lương định kỳ theo kết quả làm việc; - Thưởng các dịp lễ tết (Tết dương lịch, lễ 30/04 & 01/05; Quốc khánh 02/09; Tết âm lịch), quà sinh nhật; - Thưởng tri ân khi đủ thâm niên làm việc; - Tham gia du lịch 01 lần/năm theo quy định của Công ty; - Hỗ trợ ăn trưa tại Công ty; - Được cung cấp trang thiết bị phục vụ công việc; - Được đào tạo trước khi thực hiện công việc và đào tạo phát triển nâng cao năng lực; - Được tham gia ứng tuyển nội bộ để phát triển lên các vị trí công việc cao hơn; - Tham gia các hoạt động tập thể - văn hóa, văn nghệ thể dục thể thao. Phụ cấp Ăn trưa, Xăng xe Thiết bị làm việc Được cấp Máy tính Quyền lợi Bảo hiểm xã hội, Du lịch hàng năm, Bảo hiểm sức khỏe, Khám sức khỏe định kỳ, Phụ cấp thâm niên, Thưởng tháng 13, Team building, Thưởng hiệu quả làm việc Địa điểm làm việc (đã được cập nhật theo Danh mục Hành chính mới - thêm quận/huyện cũ tương ứng để dễ dàng tra cứu) - Phú Thọ: Lô 9, KCN Thụy Vân, Phường Nông Trang (Thành phố Việt Trì cũ) Thời gian làm việc Thứ 2 - Thứ 7 (từ 07:30 đến 16:00) Cách thức ứng tuyển Ứng viên nộp hồ sơ trực tuyến bằng cách bấm Ứng tuyển ngay dưới đây.",other,TopCV,https://www.topcv.vn/viec-lam/nhan-vien-it-tai-kcn-thuy-van-viet-tri-phu-tho-thu-nhap-hap-dan/2104348.html?ta_source=JobSearchList_LinkDetail&u_sr_id=Lpk2rmhPrDnYi8ls5oc2QZEok5KkehQdT7fWFN1h_1776178885,2026-04-14T22:06:18.403584
scraped_topcv_00005,Thực Tập Sinh Công Nghệ Thông Tin (Có Lương),CÔNG TY TNHH CÔNG NGHỆ PHẦN MỀM NASANI,Xem Chi Tiết Yêu Cầu|Xem Chi Tiết Quyền Lợi|Làm Việc Nhóm|Tìm Hiểu Và Học Hỏi Nhanh|Kỹ Năng Giao Tiếp Tốt|Chủ Động Trong Công Việc|Khả Năng Làm Việc Độc Lập|Có Tinh Thần Trách Nhiệm Cao|Hồ Chí Minh|Việc Làm Công Nghệ Thông Tin Tại Hồ Chí Minh|Bình Dương|Việc Làm Công Nghệ Thông Tin Tại Bình Dương|Bà Rịa-Vũng Tàu|Việc Làm Công Nghệ Thông Tin Tại Bà Rịa-Vũng Tàu|Phường Trung Mỹ Tây - Hồ Chí Minh|Không Yêu Cầu Kinh Nghiệm|Trung Cấp Trở Lên|Tuổi 20 - 35|Có Hỗ Trợ Data|Du Lịch Hàng Năm|Team Building|Kinh Doanh Phần Mềm|It - Phần Mềm|It - Phần Cứng Và Máy Tính|An Ninh Mạng|B2B|B2C|Direct Sales|Telesales|Online Sales|Kinh Doanh/Bán Hàng|Công Nghệ Thông Tin|Sales It Phần Mềm|Việc Làm It,Hồ Chí Minh,4000000,10000000,full-time,any,0,high,"Mô tả công việc Tiếp nhận và liên hệ khách hàng lên kế hoạch đưa ra giải pháp phần mềm công nghệ phù hợp cho từng doanh nghiệp, định hướng về phần mềm website. Tư vấn trực tiếp phần mềm Website cho khách hàng: hỗ trợ phân tích về bố cục, màu sắc, chức năng của Website và lấy yêu cầu khách hàng. ( có quản lý hỗ trợ). Lên ý tưởng, demo trang Website Đặc tả trang Website cho phòng Kỹ Thuật Tương tác hỗ trợ phòng Kỹ Thuật Test web để bàn giao và hướng dẫn khách hàng sử dụng Các công việc khác theo sắp xếp của công ty Yêu cầu ứng viên Nhiệt tình, vui vẻ Có tinh thần học hỏi, năng động Không yêu cầu kinh nghiệm Kỹ năng giải quyết vấn đề và làm việc theo nhóm. Có khả năng làm việc độc lập, chủ động, trách nhiệm, nhiệt tình trong công việc,trung thực, chăm chỉ. Thu nhập Thu nhập khi đạt 100% KPI: 4 - 10 triệu VND Thu nhập tính theo tỷ lệ đạt KPI Lương cứng không phụ thuộc doanh số Quyền lợi Lương theo năng lực: 4M - 10M + phụ cấp + thưởng dự án. Được đào tạo khi vào làm việc Làm việc tốt sẽ được giữ lại làm chính thức Được hỗ trợ xác nhận thực tập sau 2 -3 tháng làm việc Môi trường thăng tiến, thân thiện. Làm việc giờ hành chính (8h-17h), từ thứ 2 đến sáng thứ 7 Quyền lợi Du lịch hàng năm, Team building, Thưởng hiệu quả làm việc Địa điểm làm việc (đã được cập nhật theo Danh mục Hành chính mới - thêm quận/huyện cũ tương ứng để dễ dàng tra cứu) - Hồ Chí Minh: Tòa nhà Saigon ICT, Công viên phần mềm Quang Trung, Phường Tân Chánh Hiệp, Phường Trung Mỹ Tây (Quận 12 cũ) Thời gian làm việc Thứ 2 - Thứ 6 (từ 08:00 đến 17:00) Thứ 7 (từ 08:00 đến 12:00) Nghỉ trưa: 1 tiếng Cách thức ứng tuyển Ứng viên nộp hồ sơ trực tuyến bằng cách bấm Ứng tuyển ngay dưới đây.",other,TopCV,https://www.topcv.vn/viec-lam/thuc-tap-sinh-cong-nghe-thong-tin-co-luong/2110586.html?ta_source=JobSearchList_LinkDetail&u_sr_id=Lpk2rmhPrDnYi8ls5oc2QZEok5KkehQdT7fWFN1h_1776178885,2026-04-14T22:06:18.406874
scraped_topcv_00006,Sales Development Representative (B2B/ B2C) - Competitive Salary - District 7 (HCMC),CÔNG TY TNHH CÔNG NGHỆ BIZMOT,Xem Chi Tiết Yêu Cầu|Xem Chi Tiết Quyền Lợi|Tìm Kiếm Khách Hàng Tiềm Năng|Kỹ Năng Lắng Nghe|Kỹ Năng Quản Lý Thời Gian|Hiểu Biết Về Sản Phẩm Dịch Vụ|Kỹ Năng Ngoại Ngữ|Kỹ Năng Gọi Điện Thoại|Kỹ Năng Viết Email|Hồ Chí Minh|Việc Làm Sales Tại Hồ Chí Minh|Bình Dương|Việc Làm Sales Tại Bình Dương|Bà Rịa-Vũng Tàu|Việc Làm Sales Tại Bà Rịa-Vũng Tàu|Phường Phú Thuận - Hồ Chí Minh|Việc Làm Sales Tại Phường Phú Thuận - Hồ Chí Minh|Không Yêu Cầu Kinh Nghiệm|Đại Học Trở Lên|Từ 22 Tuổi Trở Lên|Tiếng Anh Giao Tiếp Thành Thạo|Diễn Đạt Trôi Chảy|Bảo Hiểm Xã Hội|Khám Sức Khỏe Định Kỳ|Thưởng Hiệu Quả Làm Việc|Kinh Doanh Phần Mềm|It - Phần Mềm|Bất Động Sản|Bảo Hiểm|B2B|Telesales|Kinh Doanh/Bán Hàng|Công Nghệ Thông Tin|Sales It Phần Mềm|Việc Làm It,Hồ Chí Minh,10000000,20000000,full-time,any,0,high,"Mô tả công việc We’re looking for a driven, curious, and resilient Sales Development Representative to join our team. This role is not just about calling. It’s about learning how real sales works: listening, asking the right questions, handling objections, and building trust. If you’re a fresher who is hungry to learn, not afraid of rejection, and willing to work hard, this role is for you. What you will do: Make outbound calls to potential customers (B2B & B2C, depending on campaign) Introduce products/services clearly and confidently in English Ask smart questions to understand customer needs (not just read a script) Follow up with leads via phone, email, WhatsApp, or LinkedIn Update call notes and lead status in CRM Work closely with the founder/sales lead to improve scripts and approach Learn how to handle objections, hesitation, and “not interested” Continuously improve based on feedback and real call results Yêu cầu ứng viên Good English communication (spoken English is a must; accent is not a problem) Junior / Fresher welcome, experience is not required Strong work ethic: you don’t disappear when things get hard Comfortable talking to strangers on the phone Curious mindset: you want to understand why customers say yes or no Creative thinking: able to adapt conversations instead of reading scripts word-for-word Basic computer skills (Google Docs, Sheets, CRM is a plus) Nice to have (not required) Previous telesales, customer service, or call center, real estate, insurance company relationships/experience will be an advantage Interest in sales, business, and startups. Experience talking to customers Thu nhập Thu nhập: 10 - 20 triệu VND Lương cứng: 7 - 10 triệu VND Lương cứng không phụ thuộc doanh số Quyền lợi Salary: from 7-10 M + Bonus Hands-on sales training from real projects (not theory) Direct coaching and feedback on calls Clear understanding of B2B/B2C sales process Opportunity to grow into a Sales Executive / Business Development role Salary + performance-based bonus (discussed in interview) Thiết bị làm việc Được cấp Máy tính Quyền lợi Bảo hiểm xã hội, Khám sức khỏe định kỳ, Thưởng hiệu quả làm việc Địa điểm làm việc (đã được cập nhật theo Danh mục Hành chính mới - thêm quận/huyện cũ tương ứng để dễ dàng tra cứu) - Hồ Chí Minh: La Casa, Phường Phú Thuận (Quận 7 cũ) Thời gian làm việc Thứ 2 - Thứ 6 (từ 09:00 đến 18:00) Nghỉ cố định Thứ 7 & CN Cách thức ứng tuyển Ứng viên nộp hồ sơ trực tuyến bằng cách bấm Ứng tuyển ngay dưới đây.",sales,TopCV,https://www.topcv.vn/viec-lam/sales-development-representative-b2b-b2c-competitive-salary-district-7-hcmc/2080728.html?ta_source=JobSearchList_LinkDetail&u_sr_id=Lpk2rmhPrDnYi8ls5oc2QZEok5KkehQdT7fWFN1h_1776178885,2026-04-14T22:06:18.407913
scraped_topcv_00007,Senior Data Engineer – Finance Division - ID437,,Python|Sql|Problem-Solving|Data Governance|Spark|Data Warehousing|Cloud Computing (Aws|Azure|Gcp)|Data Modeling|Data Pipeline Development|Xem Thêm|Thu Gọn|Xem Chi Tiết Yêu Cầu|3 Năm Kinh Nghiệm|Đại Học Trở Lên|Chuyên Môn Data Engineer|Hà Nội|Việc Làm Senior Data Engineer Tại Hà Nội|Phường Đống Đa - Hà Nội,Hà Nội,0,0,full-time,any,3,high,,accounting,TopCV,https://www.topcv.vn/brand/vpbank/tuyen-dung/senior-data-engineer-finance-division-id437-j2119463.html?ta_source=JobSearchList_LinkDetail&u_sr_id=Lpk2rmhPrDnYi8ls5oc2QZEok5KkehQdT7fWFN1h_1776178885,2026-04-14T22:06:18.408113
scraped_topcv_00008,Kỹ Thuật Viên Triển Khai - Đà Nẵng (Đi Làm Ngay),CÔNG TY CỔ PHẦN GIẢI PHÁP TPS,Xem Chi Tiết Yêu Cầu|Mcsa|Ccna|Viễn Thông|Tiếng Anh Giao Tiếp Cơ Bản|Kiến Thức Về Mạng Máy Tính|Đà Nẵng|Việc Làm Kỹ Thuật Viên Tại Đà Nẵng|Quảng Nam|Việc Làm Kỹ Thuật Viên Tại Quảng Nam|Phường Hòa Cường - Đà Nẵng|1 Năm Kinh Nghiệm|Trung Cấp Trở Lên|Nam|Chuyên Môn Công Nghệ Thông Tin Khác|It - Phần Cứng Và Máy Tính|It - Phần Mềm|Công Nghệ Thông Tin|Công Nghệ Thông Tin Khác|Việc Làm It,Thanh Hóa,0,0,full-time,any,1,high,"Mô tả công việc - Triển khai lắp đặt & bảo trì hệ thống thiết bị CNTT tại khách hàng. - Hỗ trợ khách hàng xử lý các lỗi trên hệ thống thiết bị CNTT. - Hỗ trợ khảo sát, thiết kế hệ thống viễn thông, CNTT. - Xây dựng phương án thi công và thực hiện quản lý, giám sát đối tác thực hiện xây dựng hệ thống viễn thông, CNTT. - Phối hợp thực hiện các chương trình chăm sóc khách hàng. Yêu cầu ứng viên - Nam, có kỹ năng giao tiếp, trung thực, có tinh thần học hỏi, làm việc nhóm. - Có kiến thức thực tế tốt về lĩnh vực quản trị mạng máy tính, CNTT, viễn thông Internet. - Có trách nhiệm với công việc, chịu được áp lực cao, có tính kỷ luật trong công việc. Trình độ học vấn: - Tốt nghiệp từ trung cấp, cao đẳng chuyên ngành ĐT-VT, CNTT hoặc tương đương. - Ưu tiên ứng viên đã qua đào tạo, có chứng chỉ chuyên ngành CCNA, MCSA, vv... - Ưu tiên những người có kinh nghiệm làm việc tại các Cty/doanh nghiệp lắp ráp cài đặt máy tính, sửa chữa, lắp đặt hạ tầng viễn thông-CNTT, ... Quyền lợi - Thu nhập thỏa thuận theo năng lực, cạnh tranh với các đơn vị cùng ngành. - Được làm việc trong môi trường trẻ trung, năng động sáng tạo. - Có khả năng học hỏi & phát triển bản thân. - Được hưởng các chế độ theo Luật lao động Việt Nam. - Được hưởng các chế độ phúc lợi khác. Địa điểm làm việc (đã được cập nhật theo Danh mục Hành chính mới - thêm quận/huyện cũ tương ứng để dễ dàng tra cứu) - Đà Nẵng: 49 Lê Quý Đôn, Phường Hòa Cường (quận Hải Châu cũ) Cách thức ứng tuyển Ứng viên nộp hồ sơ trực tuyến bằng cách bấm Ứng tuyển ngay dưới đây.",skilled,TopCV,https://www.topcv.vn/viec-lam/ky-thuat-vien-trien-khai-da-nang-di-lam-ngay/2123746.html?ta_source=JobSearchList_LinkDetail&u_sr_id=Lpk2rmhPrDnYi8ls5oc2QZEok5KkehQdT7fWFN1h_1776178885,2026-04-14T22:06:18.408989
scraped_topcv_00009,Nhân Viên Thiết Kế Đồ Họa/Uxui (Hà Đông - Hà Nội),Công ty CP Kids Plaza,Xem Chi Tiết Yêu Cầu|Xem Chi Tiết Quyền Lợi|Khả Năng Làm Việc Độc Lập Và Nhóm|Khả Năng Sáng Tạo Và Tư Duy Hình Ảnh Tốt|Khả Năng Giao Tiếp Và Trình Bày Ý Tưởng|Hà Nội|Việc Làm Nhân Viên Thiết Kế Đồ Họa Tại Hà Nội|Phường Hà Đông - Hà Nội|2 Năm Kinh Nghiệm|Cao Đẳng Trở Lên|Bảo Hiểm Xã Hội|Du Lịch Hàng Năm|Team Building|Thiết Kế Đồ Họa (Graphic Design)|Marketing / Quảng Cáo|Marketing/Pr/Quảng Cáo|Công Nghệ Thông Tin|Thiết Kế|Quảng Cáo/Sáng Tạo|Software Design|Thiết Kế Đồ Hoạ/Giao Diện/Trải Nghiệm|Việc Làm It,Thanh Hóa,12000000,20000000,full-time,any,2,high,"Mô tả công việc – Thiết kế ấn phẩm marketing online và offline – Làm việc cùng team Branding & Sourcing, thiết kế các nội dung hình ảnh (Facebook, website) – Thiết kế đồ hoạ: Ấn phẩm, vật phẩm, hình ảnh phục vụ cho công tác truyền thông – Marketing (backdrop, standee, bandroll, letter...), đảm bảo tính nhất quán của hình ảnh thương hiệu trong tất cả các thiết kế – Thực hiện các công việc khác liên quan theo yêu cầu của Quản lý. – Báo cáo theo tháng, quý, năm và báo cáo theo yêu cầu. Yêu cầu ứng viên – Tốt nghiệp chuyên ngành thiết kế, mỹ thuật ứng dụng, media... hoặc từng có kinh nghiệm ở vị trí tương đương – Kinh nghiệm: 2-3 năm trở lên – Có khả năng xây dựng ý tưởng tốt trong thiết kế – Có kiến thức nền tảng tốt về đồ họa như màu sắc, bố cục, typography... – Hiểu biết và luôn cập nhật xu hướng thiết kế mới nhất – Có kỹ năng ux/ui là lợi thế Quyền lợi Mức lương cạnh tranh, phù hợp với năng lực và kinh nghiệm. Thưởng theo hiệu quả công việc, thưởng các ngày lễ, tết. Được đóng bảo hiểm xã hội, bảo hiểm y tế, bảo hiểm thất nghiệp theo quy định của pháp luật. Môi trường làm việc năng động, thân thiện, chuyên nghiệp. Cơ hội thăng tiến và phát triển nghề nghiệp. Được tham gia các hoạt động team building, du lịch hàng năm. Được đào tạo các kỹ năng cần thiết cho công việc. Phụ cấp Ăn trưa Thiết bị làm việc Được cấp Máy tính Quyền lợi Bảo hiểm xã hội, Du lịch hàng năm, Team building, Thưởng tháng 13, Thưởng hiệu quả làm việc Địa điểm làm việc (đã được cập nhật theo Danh mục Hành chính mới - thêm quận/huyện cũ tương ứng để dễ dàng tra cứu) - Hà Nội: C,TT9-6 KĐT Him Lam, Vạn Phúc, Phường Hà Đông (quận Hà Đông cũ) Thời gian làm việc Thứ 2 - Thứ 6 (từ 08:00 đến 17:30) Thứ 7 (từ 08:00 đến 12:00) Cách thức ứng tuyển Ứng viên nộp hồ sơ trực tuyến bằng cách bấm Ứng tuyển ngay dưới đây.",other,TopCV,https://www.topcv.vn/viec-lam/nhan-vien-thiet-ke-do-hoa-uxui-ha-dong-ha-noi/2039858.html?ta_source=JobSearchList_LinkDetail&u_sr_id=Lpk2rmhPrDnYi8ls5oc2QZEok5KkehQdT7fWFN1h_1776178885,2026-04-14T22:06:18.410145
scraped_topcv_00010,Nhân Viên Kinh Doanh / Nhân Viên Tư Vấn / Telesales - Thu Nhập Không Giới Hạn (Không Yêu Cầu Kinh Nghiệm),CÔNG TY CỔ PHẦN PRENY.AI,Xem Chi Tiết Yêu Cầu|Xem Chi Tiết Quyền Lợi|Xử Lý Tình Huống|Tư Vấn|Đàm Phán|Giao Tiếp|Bán Hàng|Giải Quyết Vấn Đề|Thuyết Phục|Quản Lý Thời Gian|Tin Học Văn Phòng|Phân Tích Thị Trường|Báo Cáo|Sử Dụng Crm|Hồ Chí Minh|Việc Làm Nhân Viên Kinh Doanh Tại Hồ Chí Minh|Bình Dương|Việc Làm Nhân Viên Kinh Doanh Tại Bình Dương|Bà Rịa-Vũng Tàu|Việc Làm Nhân Viên Kinh Doanh Tại Bà Rịa-Vũng Tàu|Phường Khánh Hội - Hồ Chí Minh|Không Yêu Cầu Kinh Nghiệm|Cao Đẳng Trở Lên|Diễn Đạt Trôi Chảy|Phát Âm Chuẩn|Thưởng Tháng 13|Thưởng Hiệu Quả Làm Việc|Team Building|Sales It Phần Mềm Khác|Marketing / Quảng Cáo|It - Phần Mềm|Thương Mại Điện Tử|B2B|B2C|B2G|Telesales|Online Sales|Kinh Doanh/Bán Hàng|Công Nghệ Thông Tin|Sales It Phần Mềm|Việc Làm It,Hồ Chí Minh,13000000,40000000,full-time,any,0,high,"Mô tả công việc A - Triển khai hoạt động bán hàng Thực hiện các cuộc gọi tư vấn, giới thiệu và chốt đơn với khách hàng trong danh sách data được giao. Tư vấn đúng nhu cầu, trình bày rõ tính năng, lợi ích của AI Chatbot Preny và các gói dịch vụ liên quan. Đảm bảo số lượng cuộc gọi, cuộc hẹn và demo theo KPI được giao hàng tháng. Ghi nhận đầy đủ thông tin khách hàng trên hệ thống CRM và cập nhật tiến trình chốt sale. B - Quản lý và theo dõi quy trình chốt sale Theo dõi tiến trình khách hàng qua các giai đoạn: liên hệ – demo – dùng thử – ký hợp đồng. Phối hợp cùng team Marketing để đánh giá chất lượng data, góp ý điều chỉnh đối tượng quảng cáo. Đảm bảo các chỉ số hiệu quả: chỉ số demo, chỉ số chốt. Báo cáo kết quả kinh doanh, nguyên nhân chưa đạt KPI và kế hoạch cải thiện hàng ngày. Làm hợp đồng cho khách hàng. C - Chăm sóc khách hàng bước đầu Gọi điện / nhắn tin chăm sóc khách hàng dùng thử, hỗ trợ xử lý thắc mắc kỹ thuật hoặc hướng dẫn tính năng cơ bản. Thu thập phản hồi, đề xuất cải tiến sản phẩm hoặc quy trình bán hàng để nâng cao trải nghiệm khách hàng. D - Kỹ năng & kỹ thuật Tinh thần chủ động, trách nhiệm & tập trung vào kết quả. Khả năng kết nối, đàm phán & xử lý tình huống khéo léo trong vấn đề giao tiếp với khách hàng. Sử dụng thành thạo và hiệu quả máy vi tính và các phần mềm liên quan đến công việc được giao đảm trách, các thiết bị văn phòng. Khả năng chẩn đoán vấn đề nhanh chóng và dự toán trước các vấn đề tiềm ẩn. Yêu cầu ứng viên Tốt nghiệp Cao đẳng, Đại học. Không yêu cầu kinh nghiệm, sẽ được đào tạo. Thành thạo tin học văn phòng, kỹ năng tìm kiếm thông tin và chủ động trong công việc. Có laptop cá nhân. Nhiệt huyết, giọng nói dễ nghe, yêu thích giao tiếp và không ngại thử thách. Thu nhập Thu nhập khi đạt 100% KPI: 13 - 40 triệu VND Thu nhập tính theo tỷ lệ đạt KPI Lương cứng: 8.5 - 8.7 triệu VND Lương cứng không phụ thuộc doanh số Quyền lợi Thu nhập hấp dẫn từ 13 triệu+++ : - Lương cứng: 8.615.000 VNĐ/tháng (Gross) (bao gồm phụ cấp cơm 40.000đ/ngày) + Hoa hồng (không giới hạn) Được đào tạo bài bản về kỹ năng sales, tư duy kinh doanh và kiến thức sản phẩm công nghệ AI. Chế độ phúc lợi đầy đủ: lương tháng 13, tham gia BHXH, BHYT, BHTN, 12 ngày phép năm. Hỗ trợ phí gửi xe, phụ cấp cơm, thưởng sinh nhật, company trip hàng năm và nhiều hoạt động gắn kết nội bộ. Môi trường trẻ trung, năng động, đồng đội thân thiện. Phụ cấp Ăn trưa Thiết bị làm việc Được cấp Điện thoại Quyền lợi Thưởng tháng 13, Thưởng hiệu quả làm việc, Team building, Bảo hiểm xã hội Địa điểm làm việc (đã được cập nhật theo Danh mục Hành chính mới - thêm quận/huyện cũ tương ứng để dễ dàng tra cứu) - Hồ Chí Minh: 183/38 Bến Vân Đồn, Phường Khánh Hội (Quận 4 cũ) Thời gian làm việc Thứ 2 - Thứ 6 (từ 09:00 đến 18:00) Thứ 7 làm online tại nhà Cách thức ứng tuyển Ứng viên nộp hồ sơ trực tuyến bằng cách bấm Ứng tuyển ngay dưới đây.",sales,TopCV,https://www.topcv.vn/viec-lam/nhan-vien-kinh-doanh-nhan-vien-tu-van-telesales-thu-nhap-khong-gioi-han-khong-yeu-cau-kinh-nghiem/2115485.html?ta_source=JobSearchList_LinkDetail&u_sr_id=Lpk2rmhPrDnYi8ls5oc2QZEok5KkehQdT7fWFN1h_1776178885,2026-04-14T22:06:18.411258
scraped_topcv_00011,Chuyên Viên Phân Tích Nghiệp Vụ – Business Analyst,Công ty Cổ phần Giải pháp Phần mềm Biplus Việt Nam,Xem Chi Tiết Yêu Cầu|Xem Chi Tiết Quyền Lợi|Agile|Sql|Database|Microsoft Excel|Microsoft Word|Quản Lý Tài Liệu|Phân Tích Yêu Cầu|Microsoft Powerpoint|Thiết Kế Prototype|Wireframe/Mockup|Banking|Fintech|Hà Nội|Phường Cầu Giấy - Hà Nội|2 Năm Kinh Nghiệm|Đại Học Trở Lên|Tiếng Anh Đọc Hiểu|Nghỉ Thứ 7|Bảo Hiểm Xã Hội|Khám Sức Khỏe Định Kỳ|Business Analyst (Phân Tích Nghiệp Vụ)|It - Phần Mềm|Thương Mại Điện Tử|Tài Chính|Công Nghệ Thông Tin|Product Management|Việc Làm It,Hà Nội,0,0,full-time,any,2,high,"Mô tả công việc Thu thập, phân tích yêu cầu, đề xuất với khách hàng các giải pháp phù hợp. Xây dựng tài liệu đặc tả yêu cầu, thiết kế prototype, chủ động trao đổi thống nhất với các bên liên quan để hoàn thiện đặc tả (SRS). Tổ chức họp với các bên liên quan để thống nhất yêu cầu, sắp xếp độ ưu tiên, và phân bổ yêu cầu vào sprint. Giải đáp các thắc mắc về mặt nghiệp vụ của đội dự án. Nghiệm thu sản phẩm do bộ phận Phát triển phần mềm bàn giao đảm bảo đúng yêu cầu nghiệp vụ. Viết tài liệu hướng dẫn sử dụng cho người dùng cuối và thực hiện việc đào tạo chuyển giao ứng dụng. Quản lý và lưu trữ các yêu cầu thay đổi, cập nhật tài liệu liên quan trong dự án. Yêu cầu ứng viên Có từ 2 năm kinh nghiệm trở lên ở vị trí BA. Có kinh nghiệm làm việc với các dự án fintech, banking là lợi thế. Tiếng Anh giao tiếp tốt, tự tin trao đổi với khách hàng. Được đào tạo về nghiệp vụ BA. Có kiến thức cơ bản về Database, SQL. Sử dụng thành thạo ít nhất 1 tool thiết kế wireframe/Mockup: Balsamiq, Axure, Figma, Visio.... Sử dụng thành thạo Microsoft word, Exel, Powerpoint. Có kiến thức cơ bản về quy trình phát triển phần mềm. Có kiến thức cơ bản về mô hình phát triển dự án Agile. Quyền lợi Mức lương thỏa thuận theo năng lực Thưởng quý, thưởng cuối năm (1-3 tháng lương). Đánh giá năng suất và xét tăng lương hàng năm. Ngày phép hàng năm, ngày phép thâm niên, ngày phép tháng sinh nhật. Tài trợ 100% phí thi các chứng chỉ quốc tế; phụ cấp chứng chỉ chuyên môn. Khám sức khỏe định kỳ; thẻ chăm sóc sức khỏe cao cấp. BHXH, nghỉ lễ theo quy định. Tham gia vào các dự án hiệu năng cao, số lượng dữ liệu lớn và tập khách hàng lớn. Được làm việc trên các hệ thống lớn với các bài toán công nghệ phức tạp. Tham gia vào nhóm phát triển Scrum tự chủ, linh hoạt và năng suất cao theo mô hình Agile/Scrum. Môi trường làm việc trẻ, năng động, vui vẻ, hạnh phúc với các hoạt động văn hóa sôi động như retreat, picnic, team building, happy event, BiPlus radio, ... Được làm nhiều, được thử nhiều và được sai, học thực chiến trong công việc. Liên tục phát triển năng lực thông qua các hoạt động học tập (company learning hour, team learning hour, club), đào tạo, mentoring, coaching,... Được phản hồi thường xuyên liên tục và huấn luyện để phát triển năng lực và đạt hiệu suất công việc ngày càng cao (CFRs- Conversation – Feedback – Recognition tháng và 6 tháng). Quyền lợi Bảo hiểm xã hội, Khám sức khỏe định kỳ, Team building, Du lịch hàng năm, Phụ cấp thâm niên, Thưởng tháng 13 Địa điểm làm việc (đã được cập nhật theo Danh mục Hành chính mới - thêm quận/huyện cũ tương ứng để dễ dàng tra cứu) - Hà Nội: Tầng 3/ Tầng 6, số 85 Trần Thái Tông, Phường Cầu Giấy (quận Cầu Giấy cũ) Thời gian làm việc Thứ 2 - Thứ 6 (từ 08:00 đến 17:30) Nghỉ thứ 7 ,chủ nhật Cách thức ứng tuyển Ứng viên nộp hồ sơ trực tuyến bằng cách bấm Ứng tuyển ngay dưới đây.",other,TopCV,https://www.topcv.vn/viec-lam/chuyen-vien-phan-tich-nghiep-vu-business-analyst/2119176.html?ta_source=JobSearchList_LinkDetail&u_sr_id=Lpk2rmhPrDnYi8ls5oc2QZEok5KkehQdT7fWFN1h_1776178885,2026-04-14T22:06:18.411948
scraped_topcv_00012,Backend Developer (Golang),AS SOLUTIONS,Xem Chi Tiết Yêu Cầu|Xem Chi Tiết Quyền Lợi|Elasticsearch|Postgresql|Go (Golang)|Mạng Máy Tính (Networking)|Api Design And Development (Rest|Grpc)|Message Queues (Kafka|Rabbitmq)|Nosql (Mongodb|Cassandra|Redis)|Version Control (Git)|Xử Lý Dữ Liệu Lớn (Big Data)|Containerization (Docker|Kubernetes)|Phân Tích Mã Độc (Malware Analysis)|Kiến Thức Về Các Cảm Biến (Camera|Lidar|Radar)|Penetration Testing (Pentest)|Internet Of Things (Iot)|Kỹ Năng Reverse Engineering (Ida Pro|Ghidra)|Kiến Thức Về Rf (Radio Frequency)|Hồ Chí Minh|Việc Làm Backend Developer Tại Hồ Chí Minh|Bình Dương|Việc Làm Backend Developer Tại Bình Dương|Bà Rịa-Vũng Tàu|Việc Làm Backend Developer Tại Bà Rịa-Vũng Tàu|Phường Phú Nhuận - Hồ Chí Minh|Dưới 1 Năm Kinh Nghiệm|Đại Học Trở Lên|Nghỉ Thứ 7|Bảo Hiểm Xã Hội|Bảo Hiểm Sức Khỏe Ngưởi Thân|Backend Developer|It - Phần Mềm|An Ninh Mạng|Cơ Khí / Tự Động Hóa|Công Nghệ Thông Tin|Software Engineering|Việc Làm It,Hồ Chí Minh,10000000,28000000,full-time,any,1,high,"Mô tả công việc Thiết kế & phát triển backend Golang cho các hệ thống về an ninh mạng và công nghệ cao (microservices, API Gateway, real-time processing). Xây dựng pipeline xử lý dữ liệu từ hệ thống sensor, crawler với độ trễ thấp. Tích hợp message broker (Kafka/NATS), gRPC, WebSocket cho real-time communication. Thiết kế, thao tác cơ sở dữ liệu và giao tiếp mạng (SOCKS, VPN, …). Làm việc chặt chẽ với team AI/ML. Yêu cầu ứng viên BẮT BUỘC: Tốt nghiệp bằng Cử nhân hoặc tương đương trong các lĩnh vực Kỹ thuật phần mềm, Khoa học máy tính, Hệ thống thông tin, An toàn thông tin, Điện tử viễn thông, Tự động hoá. Có hơn 6 tháng viết mã backend bằng ngôn ngữ Golang; thành thạo Go concurrency (goroutine, channel), context, error handling. Có kinh nghiệm lập trình mạng (TCP, UDP, gPRC, Websocket, …). Có kinh nghiệm làm việc với ít nhất một trong các cơ sở dữ liệu PostgreSQL, MongoDb, Cassandra, Elasticsearch; và ít nhất một trong các message queue Kafka, NATS, RabbitMQ. Hiểu biết về Docker, CI/CD. NÊN CÓ (một trong các kỹ năng sau): An ninh mạng: Rà quét, đánh giá lỗ hổng bảo mật của tài nguyên internet. Phân tích mã độc. Công nghệ cao: Hiểu biết về một trong các mảng RF (radio frequency), radar, UAV. Quyền lợi Chế độ thưởng tháng thứ 13; thưởng lễ tết và thưởng dự án theo quy định Công ty. Được xét tăng lương 02 lần/ 01 năm. Được hỗ trợ tiền ăn. Được hưởng chế độ chăm sóc sức khỏe cao cấp cho bản thân và người thân. Thời gian làm việc linh động, được nghỉ Thứ Bảy và Chủ Nhật. Được đóng bảo hiểm y tế, bảo hiểm xã hội và các chế độ phúc lợi khác. Được vận hành, sử dụng các trang thiết bị hiện đại. Được thực hiện những dự án ý nghĩa với những đồng nghiệp thân thiện, nhiều kinh nghiệm trong lĩnh vực an toàn thông tin. Môi trường làm việc trẻ trung, năng động, luôn tạo điều kiện tốt nhất để mỗi cá nhân được thể hiện năng lực. Lộ trình thăng tiến rõ ràng. Chế độ nghỉ mát hàng năm. Các hoạt động gắn kết khác: thể thao, Funny time, Team building, sinh nhật Công ty, ... Phụ cấp Ăn trưa Thiết bị làm việc Được cấp Máy tính Quyền lợi Bảo hiểm xã hội, Bảo hiểm sức khỏe ngưởi thân, Bảo hiểm sức khỏe, Du lịch hàng năm, Thưởng tháng 13, Thưởng hiệu quả làm việc Địa điểm làm việc (đã được cập nhật theo Danh mục Hành chính mới - thêm quận/huyện cũ tương ứng để dễ dàng tra cứu) - Hồ Chí Minh: Phường Phú Nhuận (quận Phú Nhuận cũ) Thời gian làm việc Thứ 2 - Thứ 6 (từ 09:00 đến 18:00) Cách thức ứng tuyển Ứng viên nộp hồ sơ trực tuyến bằng cách bấm Ứng tuyển ngay dưới đây.",other,TopCV,https://www.topcv.vn/viec-lam/backend-developer-golang/1664006.html?ta_source=JobSearchList_LinkDetail&u_sr_id=Lpk2rmhPrDnYi8ls5oc2QZEok5KkehQdT7fWFN1h_1776178885,2026-04-14T22:06:18.412719
scraped_topcv_00013,User Experience Assurance-User Oriented Testers,Công ty TNHH Otani U.P.,Xem Chi Tiết Yêu Cầu|Xem Chi Tiết Quyền Lợi|Tester|User Research|Ux|Good Communication|Hà Nội|Phường Hai Bà Trưng - Hà Nội|2 Năm Kinh Nghiệm|Đại Học Trở Lên|Nghỉ Thứ 7|Software Tester (Automation & Manual)|Công Nghệ Thông Tin|Software Testing|Việc Làm It,Hà Nội,115000000,185000000,full-time,any,2,high,"Mô tả công việc Đội ngũ UXA chịu trách nhiệm kiểm thử thông qua các cuộc thảo luận hợp tác với đội ngũ Dev nhằm theo đuổi trải nghiệm người dùng (UX) tốt hơn cho các hệ thống của chúng tôi. Giúp xác định UX mong đợi của các tính năng thông qua thảo luận hợp tác với đội ngũ Dev. Thiết kế các trường hợp kiểm thử để đảm bảo chất lượng code và trải nghiệm người dùng mong đợi. Tiến hành kiểm thử từ góc nhìn của người dùng. Đề xuất các cải tiến theo những hiểu biết của bạn để có UX tốt hơn. Yêu cầu ứng viên Kỹ năng giao tiếp thấu đáo và chuyên nghiệp Thành thạo và kiên nhẫn trong việc đọc và viết tài liệu Kiên nhẫn trong việc sử dụng máy tính và điện thoại thông minh để thực hiện các hoạt động kiểm thử Có khả năng phân tích hành vi người dùng để cải thiện thiết kế giao diện và tương tác (UI/UX) là một lợi thế Có kiến thức về các công cụ tạo mẫu và thiết kế (ví dụ: Figma) là một lợi thế Hiểu biết và quan tâm đến kiểm thử tự động, cùng với khả năng sử dụng Cypress là một lợi thế Quyền lợi Tham gia vào tất cả các giai đoạn phát triển phần mềm Mức lương up to 18.500.000 VNĐ, tùy theo năng lực của ứng viên Trợ cấp 1.200.000 VNĐ cho ứng viên có bằng thạc sĩ Trợ cấp 1.800.000 VNĐ cho ứng viên có chứng chỉ N1; 1.200.000 VNĐ cho N2, và 500.000 VNĐ cho N3 Cơ hội học hỏi, trao đổi và phát triển bản thân với nhân sự của OTANI tại nhiều chi nhánh, như Dubai, Nhật Bản, Đài Loan, Đức và Singapore Có chương trình khuyến khích học tập Các phúc lợi như bảo hiểm, ngày nghỉ theo quy định của nhà nước Địa điểm làm việc (đã được cập nhật theo Danh mục Hành chính mới - thêm quận/huyện cũ tương ứng để dễ dàng tra cứu) - Hà Nội: Phường Hai Bà Trưng (quận Hai Bà Trưng cũ) Thời gian làm việc Thứ 2 - Thứ 6 (từ 08:00 đến 17:00) Thứ 2 - Thứ 6 (từ 09:00 đến 18:00) Cách thức ứng tuyển Ứng viên nộp hồ sơ trực tuyến bằng cách bấm Ứng tuyển ngay dưới đây.",other,TopCV,https://www.topcv.vn/viec-lam/user-experience-assurance-user-oriented-testers/1372456.html?ta_source=JobSearchList_LinkDetail&u_sr_id=Lpk2rmhPrDnYi8ls5oc2QZEok5KkehQdT7fWFN1h_1776178885,2026-04-14T22:06:18.413203
scraped_topcv_00014,Product Owner,CÔNG TY TNHH COOLDEV,Xem Chi Tiết Yêu Cầu|Xem Chi Tiết Quyền Lợi|Quản Lý Sản Phẩm|Phân Tích Yêu Cầu|Viết User Story|Xây Dựng Roadmap Sản Phẩm|Phân Tích Thị Trường|Phân Tích Kinh Doanh|Thiết Kế Trải Nghiệm Người Dùng|Hồ Chí Minh|Việc Làm Product Owner Tại Hồ Chí Minh|Bình Dương|Việc Làm Product Owner Tại Bình Dương|Bà Rịa-Vũng Tàu|Việc Làm Product Owner Tại Bà Rịa-Vũng Tàu|Phường Bình Trưng - Hồ Chí Minh|1 Năm Kinh Nghiệm|Đại Học Trở Lên|Nghỉ Thứ 7|Product Owner/Product Manager|It - Phần Mềm|Công Nghệ Thông Tin|Product Management|Việc Làm It,Hồ Chí Minh,0,0,full-time,any,1,high,"Mô tả công việc We are looking for an experienced Product Owner with a passion for mobile app development to join our team. In this role, you will be responsible for overseeing the entire product lifecycle, from concept and design to development, launch, and live operations. You will play a pivotal role in crafting exceptional mobile experiences, ensuring that our apps are not only visually appealing but also highly functional and user-friendly. As Product Owner with responsibility as below: Develop product development plans and manage the mobile app product portfolio. Define product vision and create development roadmaps aligned with company strategy, market research. Collaborate with business leaders, engineers, and stakeholders to define product strategy and maintain a prioritized backlog to deliver the best customer experience. Leverage market insights, competitive intelligence, and user behavior data to uncover opportunities and guide product direction. Work closely with development, marketing, UI/UX, and operations teams to ensure an effective go-to-market plan. Monitor and analyze product KPIs (retention, monetization, user acquisition) to propose improvements. Yêu cầu ứng viên Requirements: 1–2 years of experience in product management. Solid experience using related platforms: Google Play, AppStoreConnect, Firebase, Monetization, Task management Platform (Jira/ Trello...) Show excellence in project & task management. Comfortable operating in fast-moving, ambiguous environments with minimal direction. Hands-on experience with AI-driven products or platforms is highly desirable. Preference for candidates with experience in psychology-based products, gamification, or behavior-driven applications. Key Additional Skills: Deep understanding of user needs and behavior. Experience in data analysis, goal setting, and performance measurement. Strong critical thinking and problem-solving skills. Proactive mindset, outcome-focused, with the ability to execute quickly Curious and eager to learn. Strong teamwork and communication skills Quyền lợi 13th-month salary and attractive annual bonuses rewarding both individual and company achievements. Comprehensive benefits package, including social, health, and unemployment insurance, with contributions calculated based on actual income. Efficient work setup with a provided macOS device. Healthy work-life balance with no overtime or unnecessary obstacles. Exciting annual company trips and team-building events. Dynamic, friendly, and collaborative work environment that encourages growth and innovation. Địa điểm làm việc (đã được cập nhật theo Danh mục Hành chính mới - thêm quận/huyện cũ tương ứng để dễ dàng tra cứu) - Hồ Chí Minh: S1 Office, The Sun Avenue, 28 Mai Chi Tho, Phường Bình Trưng (Thành phố Thủ Đức cũ) Thời gian làm việc Thứ 2 - Thứ 6 (từ 09:00 đến 18:00) Cách thức ứng tuyển Ứng viên nộp hồ sơ trực tuyến bằng cách bấm Ứng tuyển ngay dưới đây.",other,TopCV,https://www.topcv.vn/viec-lam/product-owner/2123907.html?ta_source=JobSearchList_LinkDetail&u_sr_id=Lpk2rmhPrDnYi8ls5oc2QZEok5KkehQdT7fWFN1h_1776178885,2026-04-14T22:06:18.413785
scraped_topcv_00015,Middle Web System Engineer (Python/VueJS),Công ty TNHH Otani U.P.,Xem Chi Tiết Yêu Cầu|Xem Chi Tiết Quyền Lợi|Python|Vuejs|Leadership|Problem-Solving|Chủ Động Trong Công Việc|Hà Nội|Việc Làm System Engineer Tại Hà Nội|Phường Hai Bà Trưng - Hà Nội|2 Năm Kinh Nghiệm|Đại Học Trở Lên|Nghỉ Thứ 7|Software Engineer|Công Nghệ Thông Tin|Software Engineering|Việc Làm It,Hà Nội,0,0,full-time,any,2,high,"Mô tả công việc Web system engineer đóng vai trò quan trọng trong việc thiết kế, triển khai và duy trì các hệ thống phức tạp, tích hợp nhiều thành phần và công nghệ khác nhau. Đồng thời vị trí này sẽ cần hợp tác và tham gia vào các cuộc thảo luận mang tính xây dựng với các phòng ban khác để phát triển và đảm bảo trải nghiệm người dùng. Bên cạnh đó, chúng tôi mong muốn những nhân sự có kinh nghiệm có thể ‘chỉ dạy’ - nhằm giúp thành viên phát triển, hơn là 'giúp đỡ' - chỉ giải quyết được vấn đề ngay lúc đó, vì chúng tôi muốn mang lại sự an tâm cho các thành viên thông qua sự trưởng thành thực sự, chứ không chỉ là việc thích ứng với các nhiệm vụ được giao. Tham gia làm việc thiết kế, phát triển, vận hành tại các dự án đang triển khai của công ty Bảo trì các hệ thống đã triển khai Hoàn thành dự án đúng tiến độ, tích cực học hỏi, nghiên cứu và tìm kiếm các công nghệ mới hoặc kiến thức mới Hỗ trợ, thảo luận mang tính xây dựng và phối hợp với các phòng ban khác trong quá trình làm việc Yêu cầu ứng viên Ứng viên có từ 2 năm kinh nghiệm làm việc trong dự án thực tế Ứng viên có khả năng với từ MỘT công nghệ mà chúng tôi đang sử dụng dưới đây: – Backend: PHP (FuelPHP), Python (FastAPI), JavaScript/TypeScript – Frontend: HTML, CSS, JavaScript/TypeScript (VueJS) – Database: Postgresql, Elasticsearch, Redis – Server: AWS, Linux – Development: Git, Bitbucket Pipelines, Docker Có trách nhiệm trong công việc, có khả năng giải quyết vấn đề và đưa ra quyết định nhanh chóng Chủ động trong công việc cũng như hỗ trợ đồng nghiệp English: Có khả năng đọc hiểu tài liệu tiếng anh hay giao tiếp tiếng anh là một điểm cộng lớn Japanese: Có tiếng Nhật từ N3 trở lên là một điểm cộng Có khả năng sublead là 1 điểm cộng Có khả năng chỉ dạy là 1 điểm cộng Quyền lợi Tham gia vào tất cả các giai đoạn phát triển phần mềm Trợ cấp 1.200.000 VNĐ cho ứng viên có bằng thạc sĩ Trợ cấp 1.800.000 VNĐ cho ứng viên có chứng chỉ N1; 1.200.000 VNĐ cho N2, và 500.000 VNĐ cho N3 Cơ hội học hỏi, trao đổi và phát triển bản thân với nhân sự của OTANI tại nhiều chi nhánh, như Dubai, Nhật Bản, Đài Loan, Đức và Singapore Có chương trình khuyến khích học tập Các phúc lợi như bảo hiểm, ngày nghỉ theo quy định của nhà nước Thời gian làm việc: 8:00 - 17:00 hoặc 9:00 - 18:00 (thứ 2 - thứ 6) Địa điểm làm việc (đã được cập nhật theo Danh mục Hành chính mới - thêm quận/huyện cũ tương ứng để dễ dàng tra cứu) - Hà Nội: Phường Hai Bà Trưng (quận Hai Bà Trưng cũ) Thời gian làm việc Thứ 2 - Thứ 6 (từ 08:00 đến 17:00) Thứ 2 - Thứ 6 (từ 09:00 đến 18:00) Cách thức ứng tuyển Ứng viên nộp hồ sơ trực tuyến bằng cách bấm Ứng tuyển ngay dưới đây.",other,TopCV,https://www.topcv.vn/viec-lam/middle-web-system-engineer-python-vuejs/1497668.html?ta_source=JobSearchList_LinkDetail&u_sr_id=Lpk2rmhPrDnYi8ls5oc2QZEok5KkehQdT7fWFN1h_1776178885,2026-04-14T22:06:18.414323
scraped_topcv_00016,Trưởng Nhóm Quản Trị Cơ Sở Hạ Tầng Trung Tâm Dữ Liệu,CÔNG TY CỔ PHẦN TẬP ĐOÀN APEC GROUP,Xem Chi Tiết Yêu Cầu|Xem Chi Tiết Quyền Lợi|Bảo Trì Hệ Thống|Giám Sát Hệ Thống|Khắc Phục Sự Cố|Quản Lý Cơ Sở Hạ Tầng|Quản Lý An Ninh|Lập Kế Hoạch Và Triển Khai|Quản Lý Năng Lượng|Quản Lý Trung Tâm Dữ Liệu|Kỹ Năng Giải Quyết Vấn Đề|Kỹ Năng Quản Lý Dự Án|Kỹ Năng Phân Tích Dữ Liệu|Hiểu Biết Về Hệ Thống Máy Chủ|Hiểu Biết Về Mạng|Hiểu Biết Về Lưu Trữ|Hiểu Biết Về Ảo Hóa|Hà Nội|Việc Làm Trưởng Nhóm Tại Hà Nội|Phường Yên Hòa - Hà Nội|Việc Làm Trưởng Nhóm Tại Phường Yên Hòa - Hà Nội|5 Năm Kinh Nghiệm|Đại Học Trở Lên|Nghỉ Thứ 7|System Engineer|It - Phần Cứng Và Máy Tính|An Ninh Mạng|It - Phần Mềm|Công Nghệ Thông Tin|It Infrastructure And Operations|Việc Làm It,Hà Nội,30000000,40000000,full-time,any,5,high,"Mô tả công việc Trong bối cảnh hệ thống ngày càng mở rộng và yêu cầu bảo mật ngày càng khắt khe, APEC GROUP tìm kiếm một Data Center Infrastructure Manager có tư duy hệ thống vững vàng, am hiểu sâu về hạ tầng và bảo mật , để dẫn dắt việc vận hành và nâng cấp toàn bộ nền tảng công nghệ của tập đoàn. Với hệ sinh thái đa lĩnh vực trải dài từ tài chính, bất động sản đến chuỗi khách sạn cao cấp, vai trò này không chỉ dừng ở việc đảm bảo hệ thống vận hành ổn định, mà còn tập trung vào việc xây dựng kiến trúc hạ tầng an toàn, sẵn sàng mở rộng và kiểm soát rủi ro một cách chủ động. Chúng tôi tìm kiếm một người có thể vừa “giữ hệ thống luôn chạy”, vừa nhìn xa để thiết kế nền tảng hạ tầng & security bền vững trong dài hạn. Ở vị trí này, nhiệm vụ chính của bạn bao gồm: 1. Quản lý hạ tầng & DataCenter (DC) Quản lý vận hành trung tâm dữ liệu (DC/DR site), hệ thống server, storage, virtualization (VM), UPS, network, security appliances. Giám sát tài nguyên (CPU, RAM, băng thông, nhiệt độ, năng lượng). Thiết lập quy trình giám sát – cảnh báo – khắc phục sự cố (Monitoring & Incident Management) thông qua công cụ DCIM / NMS / Zabbix / PRTG / Solarwinds hoặc tương tự. Quản lý Asset inventory cho toàn hệ thống thiết bị CNTT và mạng. 2. Quản trị hệ thống mạng & bảo mật Thiết kế, triển khai và tối ưu LAN/WAN, VPN, Wi-Fi, Firewall, Load Balancer, SD-WAN. Đảm bảo độ sẵn sàng kết nối >99.5%, có kế hoạch failover & redundancy. Giám sát & kiểm soát truy cập thiết bị mạng, phân quyền tài khoản quản trị, cập nhật firmware, bản vá bảo mật. 3. Quản lý đội nhóm & quy trình Quản lý 3–8 kỹ sư hạ tầng & mạng bao gồm HO và các IT chuỗi KS Mandala, bao gồm phân công, kiểm soát SLA, đánh giá năng lực, đào tạo, lộ trình. Chuẩn hóa quy trình vận hành theo ITIL (Incident, Problem, Change, Asset). Đề xuất, lập kế hoạch mở rộng / nâng cấp hạ tầng theo roadmap công ty. Báo cáo định kỳ tình trạng hệ thống lên CIO/Head of IT Ops. 4. Tích hợp & tối ưu hệ thống DCIM Xây dựng, vận hành nền tảng quản lý DCIM thiết bị CNTT (Data Center Infrastructure Management Platform). Quản lý dữ liệu sensor trên thiết bị (UPS, Điều hòa..), cảnh báo & dashboard cho quản trị tập trung. Tích hợp DCIM với hệ thống ticketing/alert (ServiceNow, Jira, Slack Alert, Zabbix...). Nghiên cứu, đề xuất áp dụng AI Ops hoặc Automation for DC nếu phù hợp. Yêu cầu ứng viên Tốt nghiệp Đại học trở lên ≥ 5 năm trong lĩnh vực vận hành hạ tầng CNTT, trong đó ≥ 2 năm ở vị trí trưởng nhóm / trưởng ca Ưu tiên ứng viên đã làm việc tại các tập đoàn, công ty có DataCenter, có hệ thống mạng, server độc lập, đã từng tham gia xây dựng DataCenter, Di chuyển DataCenter. Có khả năng học hỏi nhanh, luôn cập nhật các giải pháp Monitor, tối ưu hệ thống. Có chứng chỉ CCNA, MCSA Thành thạo 1–2 công cụ như Zabbix, Solarwinds, PRTG, hoặc tương đương Lập kế hoạch, kiểm soát tiến độ, báo cáo rủi ro kỹ thuật Làm việc chặt chẽ với team DevOps, Security, Application, Facility & Vendor Liên tục tìm và xác định rủi ro tiềm ẩn hệ thống. Có khả năng làm việc",other,TopCV,https://www.topcv.vn/viec-lam/truong-nhom-quan-tri-co-so-ha-tang-trung-tam-du-lieu/2112396.html?ta_source=JobSearchList_LinkDetail&u_sr_id=Lpk2rmhPrDnYi8ls5oc2QZEok5KkehQdT7fWFN1h_1776178885,2026-04-14T22:06:18.417021
scraped_topcv_00017,Nhân Viên Kinh Doanh Giải Pháp Phần Mềm CRM (Nghỉ T7 - CN),CÔNG TY CỔ PHẦN CÔNG NGHỆ GETFLY VIỆT NAM,Xem Chi Tiết Yêu Cầu|Xem Chi Tiết Quyền Lợi|Tư Duy Logic|Trung Thực|Chăm Chỉ|Giao Tiếp Tốt|Có Trách Nhiệm|Lập Kế Hoạch Làm Việc|Kĩ Năng Thuyết Trình|Khả Năng Teamwork|Marketing|Kế Toán|Quản Trị Kinh Doanh|Kinh Tế|Cntt|Quản Trị Doanh Nghiệp|Phần Mềm|Sales Sản Phẩm Công Nghệ|Hồ Chí Minh|Việc Làm Nhân Viên Kinh Doanh Tại Hồ Chí Minh|Bình Dương|Việc Làm Nhân Viên Kinh Doanh Tại Bình Dương|Bà Rịa-Vũng Tàu|Việc Làm Nhân Viên Kinh Doanh Tại Bà Rịa-Vũng Tàu|Hà Nội|Việc Làm Nhân Viên Kinh Doanh Tại Hà Nội|Phường Đống Đa - Hà Nội|Phường Phú Nhuận - Hồ Chí Minh|Dưới 1 Năm Kinh Nghiệm|Cao Đẳng Trở Lên|Tuổi 20 - 30|Phát Âm Chuẩn|Diễn Đạt Trôi Chảy|Có Phương Tiện Di Chuyển|Có Hỗ Trợ Data|Nghỉ Thứ 7|Bảo Hiểm Xã Hội|Kinh Doanh Phần Mềm|It - Phần Mềm|Bán Lẻ - Hàng Tiêu Dùng - Fmcg|Marketing / Quảng Cáo|B2B|Direct Sales|Telesales|Kinh Doanh/Bán Hàng|Công Nghệ Thông Tin|Sales It Phần Mềm|Việc Làm It,Hà Nội,7000000,20000000,full-time,any,1,high,"Mô tả công việc Chi tiết công việc: - Tiếp nhận nguồn DATA từ bộ phận Marketing, thực hiện gọi ra (telesale) để tư vấn giải pháp quản lý dữ liệu khách hàng bằng kịch bản có trước. - Tự phát triển thêm nguồn data cá nhân để nâng cao doanh số. - Đối tượng khách hàng: các CEO, chủ doanh nghiệp và cấp quản lý của các công ty. - Tư vấn, hướng dẫn, chốt/triển khai hợp đồng với khách hàng qua điện thoại, email hoặc gặp trực tiếp khách hàng (trong trường hợp KH yêu cầu). - Chăm sóc khách hàng trước & sau bán, chủ động thăm hỏi lại các khách hàng cũ. - Thực hiện một số công việc khác theo yêu cầu của Trưởng nhóm Kinh doanh. - Báo cáo công việc trực tiếp cho Trưởng nhóm Kinh doanh. Bài toán cần giải quyết: - Doanh thu đạt trung bình: 80tr/tháng - Khách hàng mở mới trung bình: 6 khách hàng/tháng Chi tiết nhiệm vụ: - Tư vấn, demo giải pháp, tính ứng dụng của CRM vào quy trình doanh nghiệp - Chăm sóc, phát triển đối tác, xây dựng mối quan hệ thân thiết khách hàng cũ để mở rộng mạng lưới khách hàng giới thiệu - Chủ động tìm kiếm khách hàng để đảm bảo doanh thu - Đối tượng khách hàng: doanh nghiệp SMEs ngành dịch vụ - Thực hiện một số công việc khác theo yêu cầu của Trưởng phòng Kinh doanh. - Báo cáo công việc trực tiếp cho Trưởng phòng Kinh doanh. Thách thức của công việc: - Tiếp nhận thông tin, nhu cầu của khách hàng không cố định - Mong muốn & khao khát mãnh liệt với kinh doanh - Chịu áp lực cao, chấp nhận phản hồi thẳng thắn để cải thiện, nâng cấp bản thân. Yêu cầu ứng viên Về Nghiệp vụ : Có kiến thức về các loại hình doanh nghiệp trên thị trường. Về Kỹ năng: - Thuyết trình, đàm phán, giao tiếp - Kỹ năng: Lập kế hoạch và báo cáo - Kỹ năng lắng nghe và xử lý tình huống - Kỹ năng chăm sóc và xây dựng, phát triển mối quan hệ với khách hàng, đối tác, đồng nghiệp Về Văn hóa: - Tích cực học hỏi, phát triển bản thân - Cam kết cao và trách nhiệm đến cùng với công việc và mục tiêu chung - Coi bản thân là gốc rễ vấn đề, tìm giải pháp thay vì lý do Các yêu cầu khác: - Nam/Nữ, tuổi từ 21 - 28. Đã tốt nghiệp, bằng cấp từ Cao đẳng/Đại học trở lên. - Giọng nói: không ngọng, không giọng địa phương, giao tiếp lưu loát. Ưu tiên ứng viên có khả năng thuyết trình tự tin với đối tượng khách hàng doanh nghiệp. - Có kinh nghiệm làm sale, telesale, chăm sóc Khách hàng, BD (Business Development) hoặc BA (Business Analyst) từ 6 tháng. - Ứng viên có thiết bị làm việc (laptop) và phương tiện cá nhân. - Ưu tiên ứng viên tốt nghiệp các chuyên ngành Kinh tế, QTKD, MKT, CNTT,… hoặc có hiểu biết về lĩnh vực CNTT, phần mềm. - Ứng viên đã có kinh nghiệm làm sales sản phẩm công nghệ, quản trị doanh nghiệp, phần mềm, CNTT là một lợi thế. Thu nhập Thu nhập khi đạt 100% KPI: 7 - 20 triệu VND Thu nhập tính theo tỷ lệ đạt KPI Lương cứng: 7 - 10 triệu VND Lương cứng không phụ thuộc doanh số Quyền lợi Lương cơ bản theo cấp bậc: từ 7 triệu - 10 triệu + phụ cấp + Thưởng P3 (KPI) + thưởng doanh số (được hưởng ngay trong thời gian thử việc). Thời gian thử việc tối đa 2 tháng. Thưởng Tháng, Quý, Năm dựa ",sales,TopCV,https://www.topcv.vn/viec-lam/nhan-vien-kinh-doanh-giai-phap-phan-mem-crm-nghi-t7-cn/2110817.html?ta_source=JobSearchList_LinkDetail&u_sr_id=Lpk2rmhPrDnYi8ls5oc2QZEok5KkehQdT7fWFN1h_1776178885,2026-04-14T22:06:18.419921
scraped_topcv_00018,Chuyên Viên SAP,ProCông ty Cổ phần Tập đoàn Austdoor,Xem Chi Tiết Yêu Cầu|Xem Chi Tiết Quyền Lợi|Hà Nội|Phường Thanh Xuân - Hà Nội|2 Năm Kinh Nghiệm|Đại Học Trở Lên|Nghỉ Thứ 7|Software Engineer|It - Phần Cứng Và Máy Tính|It - Phần Mềm|Công Nghệ Thông Tin|Software Engineering|Việc Làm It,Hà Nội,0,0,full-time,any,2,high,"Mô tả công việc Quản trị và hỗ trợ các hệ thống công nghệ thông tin của công ty như ERP; Phụ trách phân hệ FICO/SD,MM/PP; Tiếp nhận yêu cầu nghiệp vụ từ các phòng ban, phối hợp với các phòng nghiệp vụ, chuyển đổi từ ngôn ngữ nghiệp vụ về ngôn ngữ kỹ thuật, đưa vào tham số hóa hệ thống để phối hợp với bên đối tác triển khai; Tiếp nhận và phân tích yêu cầu người dùng hỗ trợ Customize hệ thống; Tiếp nhận các kết quả phát triển từ nhà cung cấp phần mềm, tiến hành kiểm thử, nghiệm thu và đưa vào vận hành trên hệ thống; Đào tạo các nhân viên mới về sử dụng các phân hệ SAP; Xử lý các lỗi phát sinh về các phân hệ SAP; Cập nhật và hoàn thiện tài liệu hướng dẫn sử dụng trong quá trình vận hành hệ thống hỗ trợ người dùng nhập liệu và kiểm tra dữ liệu. Yêu cầu ứng viên Trình độ văn hóa/Chuyên môn: Đại học; Số năm kinh nghiệm làm việc: 2 - 5 năm Ngoại ngữ : Có khả năng đọc hiểu tốt tài liệu chuyên ngành tiếng Anh; Vi tính : Thành thạo phần mềm SAP ERP; Kỹ năng và yêu cầu khác : Tốt nghiệp Đại Học chuyên ngành CNTT, Tài chính kế toán, Kinh tế, ... và các ngành liên quan khác; Yêu cầu có kinh nghiệm triển khai ứng dụng hệ thống ERP – SAP; Ưu tiên ứng viên có kinh nghiệm triển khai phân hệ PP đặc biệt có kinh nghiệm triển khai ERP cho ngành Mill Products; Năng động, sáng tạo và chịu được áp lực cao trong công việc. Quyền lợi Hưởng đầy đủ các chính sách (BHXH, BHYT, BHTN, BH 24h, nghỉ phép hàng năm, lương thưởng...) và chế độ đãi ngộ của Tập đoàn Mức thu nhập: Lương cạnh tranh + Thưởng năm + Thưởng các ngày lễ tết... Được tham gia các khóa đào tạo kỹ năng & nghiệp vụ của công ty Thưởng lễ tết; thưởng theo quý; du lịch nghỉ mát hàng năm. Được làm việc trong môi trường văn hóa doanh nghiệp trẻ, năng động, thân thiện và chuyên nghiệp. Chế độ phúc lợi, công đoàn theo quy định của Tập đoàn Địa điểm làm việc (đã được cập nhật theo Danh mục Hành chính mới - thêm quận/huyện cũ tương ứng để dễ dàng tra cứu) - Hà Nội: Phường Thanh Xuân (quận Thanh Xuân cũ) Thời gian làm việc Thứ 2 - Thứ 6 (từ 08:00 đến 18:00) Cách thức ứng tuyển Ứng viên nộp hồ sơ trực tuyến bằng cách bấm Ứng tuyển ngay dưới đây.",other,TopCV,https://www.topcv.vn/viec-lam/chuyen-vien-sap/2026444.html?ta_source=JobSearchList_LinkDetail&u_sr_id=Lpk2rmhPrDnYi8ls5oc2QZEok5KkehQdT7fWFN1h_1776178885,2026-04-14T22:06:18.421397
scraped_topcv_00019,Thiết Kế Đồ Hoạ / Thiết Kế Branding/ 2D Designer / Graphic Designer _01 Năm Kinh Nghiệm _Thu Nhập Up To 18M++ _ Đi Làm Ngay Tại Nguyễn Trãi - HN,CÔNG TY TNHH PHÁT TRIỂN THƯƠNG HIỆU HACO GROUP,Xem Chi Tiết Yêu Cầu|Hà Nội|Việc Làm Thiết Kế Đồ Hoạ Tại Hà Nội|Phường Hà Đông - Hà Nội|1 Năm Kinh Nghiệm|Đại Học Trở Lên|Thiết Kế Đồ Họa (Graphic Design)|Marketing/Pr/Quảng Cáo|Công Nghệ Thông Tin|Thiết Kế|Quảng Cáo/Sáng Tạo|Software Design|Thiết Kế Đồ Hoạ/Giao Diện/Trải Nghiệm|Việc Làm It,Hà Nội,12000000,18000000,full-time,any,1,high,"Mô tả công việc Thực hiện thiết kế theo quy trình của bộ phận thiết kế Lên ý tưởng, thiết kế theo yêu cầu của khách hàng, sản phẩm: logo, bộ nhận diện thương hiệu doanh nghiệp, Profile, catalog sản phẩm, bao bì sản phẩm..vv Phối hợp cùng team, đảm bảo chất lượng & deadline các sản phẩm đúng yêu cầu; Nghiên cứu, tìm hiểu, cập nhật xu hướng thiết kế mới nhằm nâng cao chất lượng và hiệu quả các sản phẩm thiết kế. Yêu cầu ứng viên Độ tuổi từ 20-30 tuổi Tốt nghiệp chuyên ngành đồ họa, mỹ thuật ứng dụng, mỹ thuật công nghiệp Có kinh nghiệm tối thiểu 01 năm làm thiết kế đồ họa, designer Có kinh nghiệm về mảng logo, bộ nhận diện thương hiệu doanh nghiệp, Profile, catalog sản phẩm, bao bì sản phẩm...vv Chăm chỉ, nhiệt huyết trong công việc Có khả năng sáng tạo trong công việc Trung thực, chủ động, nhiệt tình, kiên trì, biết lắng nghe, tôn trọng. Ham học hỏi, cầu tiến trong công việc, muốn đồng hành cùng phát triển lâu dài. CV đính kèm link sản phẩm và link behance những dự án đã từng làm. Quyền lợi Thu Nhập 12 - 18 triệu chưa bao gồm thưởng (có năng lực mức lương sẽ không giới hạn) Không yêu cầu Laptop, Máy tính 2 Màn hình, cấu hình tốc độ cao, văn phòng đầy đủ trang thiết bị làm việc tiện nghi, chuyên nghiệp. Vị trí trung tâm khu đô thị. Hỗ trợ ăn trưa, coffee, máy chiếu phim, karaoke giải trí ... Môi trường làm việc chuyên nghiệp, lành mạnh, thoải mái, năng động, đồng nghiệp hiền hoà, tốt bụng, sếp nhiệt tình. Được đào tạo phát triển , nâng cao mức thu nhập và có cơ hội thăng tiến. Được nhiệt tình chia sẻ đào tạo thường xuyên, trao đổi công việc nâng cao năng lực, giúp đỡ tận tình từ các đồng nghiệp để đạt hiệu quả tốt nhất cho công việc và phát triển bản thân. Tham gia du lịch cùng công ty 1 năm/1-2 lần (Phú Quốc, Đà Nẵng...vv) Thưởng nóng dự án, lễ tết, tổ chức sinh nhật đầy đủ. Liên hoan công ty hàng tháng Đóng BHXH đầy đủ Các ngày lễ tết theo quy định nhà nước Địa điểm làm việc (đã được cập nhật theo Danh mục Hành chính mới - thêm quận/huyện cũ tương ứng để dễ dàng tra cứu) - Hà Nội: Số 11, ngõ 8 Lê Lợi, Nguyễn Trãi, Phường Hà Đông (quận Hà Đông cũ) Thời gian làm việc Làm việc từ T2 – T7 (mỗi tháng nghỉ 2 ngày T7 + 4 ngày CN). Cách thức ứng tuyển Ứng viên nộp hồ sơ trực tuyến bằng cách bấm Ứng tuyển ngay dưới đây.",other,TopCV,https://www.topcv.vn/viec-lam/thiet-ke-do-hoa-thiet-ke-branding-2d-designer-graphic-designer-01-nam-kinh-nghiem-thu-nhap-up-to-18m-di-lam-ngay-tai-nguyen-trai-hn/2113622.html?ta_source=JobSearchList_LinkDetail&u_sr_id=Lpk2rmhPrDnYi8ls5oc2QZEok5KkehQdT7fWFN1h_1776178885,2026-04-14T22:06:18.422540
scraped_topcv_00020,"Opera PMS Implementation Consultant / Chuyên Viên Triển Khai PM Quản Lý Khách Sạn Oracle – Opera PMS/Opera Cloud, Nhận Việc Ngay",CÔNG TY TNHH CÔNG NGHỆ THÔNG TIN PHÚC AN,Xem Chi Tiết Yêu Cầu|Xem Chi Tiết Quyền Lợi|Windows Server|Oracle Database|Networking|Xml And Interface Knowledge|Reservations|Opera Pms|Opera Cloud|Front Office|Night Audit|Revenue/Channel Manager|Hotel It|Hồ Chí Minh|Việc Làm Quản Lý Khách Sạn Tại Hồ Chí Minh|Bình Dương|Việc Làm Quản Lý Khách Sạn Tại Bình Dương|Bà Rịa-Vũng Tàu|Việc Làm Quản Lý Khách Sạn Tại Bà Rịa-Vũng Tàu|Phường An Hội Tây - Hồ Chí Minh|Phường An Hội Đông - Hồ Chí Minh|Phường An Lạc - Hồ Chí Minh|Phường An Nhơn - Hồ Chí Minh|Phường Bảy Hiền - Hồ Chí Minh|Phường Bình Hưng Hòa - Hồ Chí Minh|Phường Bình Trị Đông - Hồ Chí Minh|Phường Bình Tân - Hồ Chí Minh|Phường Gò Vấp - Hồ Chí Minh|Phường Hạnh Thông - Hồ Chí Minh|Phường Khánh Hội - Hồ Chí Minh|Phường Thông Tây Hội - Hồ Chí Minh|Phường Tân Bình - Hồ Chí Minh|Phường Tân Hòa - Hồ Chí Minh|Phường Tân Sơn - Hồ Chí Minh|Phường Tân Sơn Hòa - Hồ Chí Minh|Phường Tân Sơn Nhất - Hồ Chí Minh|Phường Tân Tạo - Hồ Chí Minh|Phường Vĩnh Hội - Hồ Chí Minh|Phường Xóm Chiếu - Hồ Chí Minh|Phường An Khánh - Hồ Chí Minh|Phường An Phú - Hồ Chí Minh|Phường An Phú Đông - Hồ Chí Minh|Phường An Đông - Hồ Chí Minh|Phường Bà Rịa - Hồ Chí Minh|Phường Bàn Cờ - Hồ Chí Minh|Phường Bình Cơ - Hồ Chí Minh|Phường Bình Dương - Hồ Chí Minh|Phường Bình Hòa - Hồ Chí Minh|Phường Bình Lợi Trung - Hồ Chí Minh|Phường Bình Phú - Hồ Chí Minh|Phường Bình Quới - Hồ Chí Minh|Phường Bình Thạnh - Hồ Chí Minh|Phường Bình Thới - Hồ Chí Minh|Phường Bình Tiên - Hồ Chí Minh|Phường Bình Trưng - Hồ Chí Minh|Phường Bình Tây - Hồ Chí Minh|Phường Bình Đông - Hồ Chí Minh|Phường Bến Cát - Hồ Chí Minh|Phường Bến Thành - Hồ Chí Minh|Phường Chánh Hiệp - Hồ Chí Minh|Phường Chánh Hưng - Hồ Chí Minh|Phường Chánh Phú Hòa - Hồ Chí Minh|Phường Chợ Lớn - Hồ Chí Minh|Phường Chợ Quán - Hồ Chí Minh|Phường Cát Lái - Hồ Chí Minh|Phường Cầu Kiệu - Hồ Chí Minh|Phường Cầu Ông Lãnh - Hồ Chí Minh|Phường Diên Hồng - Hồ Chí Minh|Phường Dĩ An - Hồ Chí Minh|Phường Gia Định - Hồ Chí Minh|Phường Hiệp Bình - Hồ Chí Minh|Phường Hòa Bình - Hồ Chí Minh|Phường Hòa Hưng - Hồ Chí Minh|Phường Hòa Lợi - Hồ Chí Minh|Phường Linh Xuân - Hồ Chí Minh|Phường Long Bình - Hồ Chí Minh|Phường Long Hương - Hồ Chí Minh|Phường Long Nguyên - Hồ Chí Minh|Phường Long Phước - Hồ Chí Minh|Phường Long Trường - Hồ Chí Minh|Phường Lái Thiêu - Hồ Chí Minh|Phường Minh Phụng - Hồ Chí Minh|Phường Nhiêu Lộc - Hồ Chí Minh|Phường Phú An - Hồ Chí Minh|Phường Phú Lâm - Hồ Chí Minh|Phường Phú Lợi - Hồ Chí Minh|Phường Phú Mỹ - Hồ Chí Minh|Phường Phú Nhuận - Hồ Chí Minh|Phường Phú Thuận - Hồ Chí Minh|Phường Phú Thạnh - Hồ Chí Minh|Phường Phú Thọ - Hồ Chí Minh|Phường Phú Thọ Hòa - Hồ Chí Minh|Phường Phú Định - Hồ Chí Minh|Phường Phước Long - Hồ Chí Minh|Phường Phước Thắng - Hồ Chí Minh|Phường Rạch Dừa - Hồ Chí Minh|Phường Sài Gòn - Hồ Chí Minh|Phường Tam Bình - Hồ Chí Minh|Phường Tam Long - Hồ Chí Minh|Phường Tam Thắng - Hồ Chí Minh|Phường Thuận An - Hồ Chí Minh|Phường Thuận Giao - Hồ Chí Minh|Phường Thạnh Mỹ Tây - Hồ Chí Minh|Phường Thới An - Hồ Chí Minh|Phường Thới Hòa - Hồ Chí Minh|Phường Thủ Dầu Một - Hồ Chí Minh|Phường Thủ Đức - Hồ Chí Minh|Phường Trung Mỹ Tây - Hồ Chí Minh|Phường Tân Hiệp - Hồ Chí Minh|Phường Tân Hưng - Hồ Chí Minh|Phường Tân Hải - Hồ Chí Minh|Phường Tân Khánh - Hồ Chí Minh|Phường Tân Mỹ - Hồ Chí Minh|Phường Tân Phú - Hồ Chí Minh|Phường Tân Phước - Hồ Chí Minh|Phường Tân Sơn Nhì - Hồ Chí Minh|Phường Tân Thuận - Hồ Chí Minh|Phường Tân Thành - Hồ Chí Minh|Phường Tân Thới Hiệp - Hồ Chí Minh|Phường Tân Uyên - Hồ Chí Minh|Phường Tân Đông Hiệp - Hồ Chí Minh|Phường Tân Định - Hồ Chí Minh|Phường Tây Nam - Hồ Chí Minh|Phường Tây Thạnh - Hồ Chí Minh|Phường Tăng Nhơn Phú - Hồ Chí Minh|Phường Vĩnh Tân - Hồ Chí Minh|Phường Vũng Tàu - Hồ Chí Minh|Phường Vườn Lài - Hồ Chí Minh|Phường Xuân Hòa - Hồ Chí Minh|Phường Đông Hòa - Hồ Chí Minh|Phường Đông Hưng Thuận - Hồ Chí Minh|Phường Đức Nhuận - Hồ Chí Minh|Xã An Long - Hồ Chí Minh|Xã An Nhơn Tây - Hồ Chí Minh|Xã An Thới Đông - Hồ Chí Minh|Xã Bà Điểm - Hồ Chí Minh|Xã Bàu Bàng - Hồ Chí Minh|Xã Bàu Lâm - Hồ Chí Minh|Xã Bình Chánh - Hồ Chí Minh|Xã Bình Châu - Hồ Chí Minh|Xã Bình Giã - Hồ Chí Minh|Xã Bình Hưng - Hồ Chí Minh|Xã Bình Khánh - Hồ Chí Minh|Xã Bình Lợi - Hồ Chí Minh|Xã Bình Mỹ - Hồ Chí Minh|Xã Bắc Tân Uyên - Hồ Chí Minh|Xã Châu Pha - Hồ Chí Minh|Xã Châu Đức - Hồ Chí Minh|Xã Cần Giờ - Hồ Chí Minh|Xã Củ Chi - Hồ Chí Minh|Xã Dầu Tiếng - Hồ Chí Minh|Xã Hiệp Phước - Hồ Chí Minh|Xã Hòa Hiệp - Hồ Chí Minh|Xã Hòa Hội - Hồ Chí Minh|Xã Hóc Môn - Hồ Chí Minh|Xã Hưng Long - Hồ Chí Minh|Xã Hồ Tràm - Hồ Chí Minh|Xã Kim Long - Hồ Chí Minh|Xã Long Hòa - Hồ Chí Minh|Xã Long Hải - Hồ Chí Minh|Xã Long Sơn - Hồ Chí Minh|Xã Long Điền - Hồ Chí Minh|Xã Minh Thạnh - Hồ Chí Minh|Xã Nghĩa Thành - Hồ Chí Minh|Xã Ngãi Giao - Hồ Chí Minh|Xã Nhuận Đức - Hồ Chí Minh|Xã Nhà Bè - Hồ Chí Minh|Xã Phú Giáo - Hồ Chí Minh|Xã Phú Hòa Đông - Hồ Chí Minh|Xã Phước Hòa - Hồ Chí Minh|Xã Phước Hải - Hồ Chí Minh|Xã Phước Thành - Hồ Chí Minh|Xã Thanh An - Hồ Chí Minh|Xã Thái Mỹ - Hồ Chí Minh|Xã Thường Tân - Hồ Chí Minh|Xã Thạnh An - Hồ Chí Minh|Xã Trừ Văn Thố - Hồ Chí Minh|Xã Tân An Hội - Hồ Chí Minh|Xã Tân Nhựt - Hồ Chí Minh|Xã Tân Vĩnh Lộc - Hồ Chí Minh|Xã Vĩnh Lộc - Hồ Chí Minh|Xã Xuyên Mộc - Hồ Chí Minh|Xã Xuân Sơn - Hồ Chí Minh|Xã Xuân Thới Sơn - Hồ Chí Minh|Xã Đông Thạnh - Hồ Chí Minh|Xã Đất Đỏ - Hồ Chí Minh|Đặc Khu Côn Đảo - Hồ Chí Minh|2 Năm Kinh Nghiệm|Đại Học Trở Lên|Tiếng Anh Giao Tiếp Thành Thạo|Có Hỗ Trợ Data|Sales It Phần Mềm Khác|Nhà Hàng / Khách Sạn|B2B|B2C|B2G|Kinh Doanh/Bán Hàng|Công Nghệ Thông Tin|Sales It Phần Mềm|Việc Làm It,Hồ Chí Minh,0,0,full-time,any,2,high,"Mô tả công việc KEY RESPONSIBILITIES System Implementation Implement Oracle Opera PMS for hotel clients Install, configure, and customize Opera PMS system Perform system testing and validation Prepare system configuration based on hotel operational requirements Client Support and Training Provide system training to hotel users including: Front Office Sale/Reservations Finance Revenue Management HK IT.. Support hotel during system go-live Provide post go-live support and troubleshooting Project Coordination Work with internal project team and hotel stakeholders Ensure project timeline and deliverables are completed Support system integration when required Yêu cầu ứng viên REQUIREMENTS Education Bachelor’s Degree in Hospitality Management, IT Certs or related field Experience Minimum 2 years experience in PMS implementation Or Strong preference for candidates with Opera PMS or Opera Cloud experience in Hotel roles (Such as Supervisor or AFOM, Duty Manager...) TECHNICAL SKILLS Windows OS / Networking / Computer/ Application knowledge Office Word, Excel, PPT, SQL Database query XML and Interface knowledge is an advantage HOSPITALITY KNOWLEDGE (ADVANTAGE) Experience in hotel operations such as: Front Office Night Audit Reservations Revenue/Channel Manager Hotel IT Finance (AR) SOFT SKILLS Good English communication skills Strong analytical and problem-solving skills Customer-focused mindset Ability to work independently Ability to travel for project deployment Thu nhập Thu nhập: Thoả thuận Lương cứng không phụ thuộc doanh số Quyền lợi BENEFITS Competitive salary Performance bonus Annual salary review Laptop provided Healthcare insurance Professional Products E-learning Training and Oracle Certificate Opportunity to work with international hotel brands Career growth opportunities Annual leave and public holidays Địa điểm làm việc (đã được cập nhật theo Danh mục Hành chính mới - thêm quận/huyện cũ tương ứng để dễ dàng tra cứu) - Hồ Chí Minh: (Tất cả phường) Cách thức ứng tuyển Ứng viên nộp hồ sơ trực tuyến bằng cách bấm Ứng tuyển ngay dưới đây.",other,TopCV,https://www.topcv.vn/viec-lam/opera-pms-implementation-consultant-chuyen-vien-trien-khai-pm-quan-ly-khach-san-oracle-opera-pms-opera-cloud-nhan-viec-ngay/2114007.html?ta_source=JobSearchList_LinkDetail&u_sr_id=Lpk2rmhPrDnYi8ls5oc2QZEok5KkehQdT7fWFN1h_1776178885,2026-04-14T22:06:18.427310
scraped_topcv_00021,Senior Data Management Specialist – Business Analyst (Finance Division) - ID4328,,Làm Việc Nhóm|Giao Tiếp|Quản Lý Dự Án|Phân Tích Tài Chính|Phân Tích Yêu Cầu|Giải Quyết Vấn Đề|Quản Lý Dữ Liệu (Data Management)|Phân Tích Nghiệp Vụ (Business Analysis)|Xem Thêm|Thu Gọn|Xem Chi Tiết Yêu Cầu|Trên 5 Năm Kinh Nghiệm|Đại Học Trở Lên|Chuyên Môn Kỹ Sư Truyền Thông Dữ Liệu|Hà Nội|Việc Làm Business Analyst Tại Hà Nội|Phường Đống Đa - Hà Nội,Hà Nội,0,0,full-time,any,5,high,,accounting,TopCV,https://www.topcv.vn/brand/vpbank/tuyen-dung/senior-data-management-specialist-business-analyst-finance-division-id4328-j2119462.html?ta_source=JobSearchList_LinkDetail&u_sr_id=Lpk2rmhPrDnYi8ls5oc2QZEok5KkehQdT7fWFN1h_1776178885,2026-04-14T22:06:18.427840
scraped_topcv_00023,Kỹ Sư Điện - Tự Động Hóa/ Kỹ Sư Lập Trình PLC - Thu Nhập Từ 15 Triệu,CÔNG TY TNHH KỸ THUẬT CÔNG NGHIỆP VAITECH,Xem Chi Tiết Yêu Cầu|Truyền Thông Công Nghiệp|Lập Trình Plc Mitsubishi|Lập Trình Plc Omron|Điều Khiển Thiết Bị Công Nghiệp|Sử Dụng Biến Tần|Sử Dụng Servo|Bằng Lái Xe B2|Hà Nội|Việc Làm Kỹ Sư Lập Trình Tại Hà Nội|Xã Hoài Đức - Hà Nội|Việc Làm Kỹ Sư Lập Trình Tại Xã Hoài Đức - Hà Nội|1 Năm Kinh Nghiệm|Đại Học Trở Lên|Nam|Tiếng Anh Đọc Hiểu|Kỹ Sư Tự Động Hóa|Công Nghệ Kỹ Thuật|Sản Xuất|Điện/Điện Tử/Viễn Thông|Thiết Kế/Chế Tạo Máy|Điện/Tự Động Hoá,Hà Nội,0,15000000,full-time,any,1,high,"Mô tả công việc - Lập trình PLC, HMI, Lập trình Robot 2-4-6 trục (ABB, KUKA robot ...) và các thiết bị tự động hóa để điều khiển máy móc trong công nghiệp. - Lập trình điều khiển step motor, servo motor, Inverter và các thiết bị chuyển đổi Analog-Digital, các loại cảm biến và khí nén thủy lực... - Lập trình truyền thông công nghiệp RS485, RS232, Ethernet TCP/IP, Modbus,.... - Giải quyết sự cố bất ngờ, giải quyết các công việc trong thời gian cam kết. - Theo dõi, phát hiện các vấn đề và nguy cơ xảy ra lỗi của các hệ thống chia chọn. - Đưa ra kế hoạch xử lý lỗi hoặc bảo trì của hệ thống. Yêu cầu ứng viên - Học vấn : Tốt nghiệp Đại học trở lên các trường kỹ thuật (Bách khoa, công nghiệp, học viện kỹ thuật quân sự, Giao thông vận tải và các trường kỹ thuật khác) - Có từ 1 năm kinh nghiệm tại vị trí tương đương - Biết lập trình các dòng PLC Mitsubishi, Omron. Điều khiển các thiết bị công nghiệp. - Biết sử dụng Biến tần, Servo và các thiết bị điều khiển động cơ khác. - Hiểu biết về các loại truyền thông công nghiệp... - Có khả năng làm việc độc lập và làm việc theo nhóm tốt - Chịu được áp lực công việc, ham học hỏi, đam mê kỹ thuật - Biết lắng nghe, kiên trì học hỏi, cẩn thận và tỉ mỉ và có khả năng làm việc với cường độ cao; - Sẵn sàng làm việc over-time khi có yêu cầu - Có khả năng làm việc độc lập và làm việc theo nhóm. - Ưu tiên: Có bằng lái xe B2 Quyền lợi - Lương cứng 8 - 10 triệu + Hoa hồng. Thu nhập từ 15 triệu - Lương tháng 13 + thưởng KPI, xét tăng lương định kỳ - Tham gia BHXH, BHYT theo quy định Nhà nước - Hưởng đầy đủ chế độ làm thêm giờ, nghỉ lễ Tết - Thưởng lễ Tết, sinh nhật; chế độ cưới hỏi, hiếu hỷ - Du lịch 1 năm/ lần - Ăn trưa tại công ty - Môi trường làm việc chuyên nghiệp, tạo điều kiện phát triển kỹ năng và kinh nghiệm thực tế Địa điểm làm việc (đã được cập nhật theo Danh mục Hành chính mới - thêm quận/huyện cũ tương ứng để dễ dàng tra cứu) - Hà Nội: 32 cựu quán 2, Đức Thượng, Xã Hoài Đức (huyện Hoài Đức cũ) Thời gian làm việc Thứ 2 - Thứ 7 (từ 08:00 đến 17:00) Cách thức ứng tuyển Ứng viên nộp hồ sơ trực tuyến bằng cách bấm Ứng tuyển ngay dưới đây.",skilled,TopCV,https://www.topcv.vn/viec-lam/ky-su-dien-tu-dong-hoa-ky-su-lap-trinh-plc-thu-nhap-tu-15-trieu/2121314.html?ta_source=JobSearchList_LinkDetail&u_sr_id=Lpk2rmhPrDnYi8ls5oc2QZEok5KkehQdT7fWFN1h_1776178885,2026-04-14T22:06:18.430759
scraped_topcv_00024,Quản Lý Dự Án Triển Khai (Project Manager),Công ty cổ phần công nghệ Isofh,Xem Chi Tiết Yêu Cầu|Xem Chi Tiết Quyền Lợi|Quản Lý Thời Gian|Theo Dõi Tiến Độ Dự Án|Hồ Chí Minh|Việc Làm Quản Lý Dự Án Tại Hồ Chí Minh|Bình Dương|Việc Làm Quản Lý Dự Án Tại Bình Dương|Bà Rịa-Vũng Tàu|Việc Làm Quản Lý Dự Án Tại Bà Rịa-Vũng Tàu|Hà Nội|Việc Làm Quản Lý Dự Án Tại Hà Nội|Phường Hai Bà Trưng - Hà Nội|Phường An Phú - Hồ Chí Minh|2 Năm Kinh Nghiệm|Cao Đẳng Trở Lên|Nghỉ Thứ 7|It Project Manager|Y Tế / Dược Phẩm|It - Phần Mềm|Công Nghệ Thông Tin|It Project Management|Việc Làm It,Hà Nội,0,0,full-time,any,2,high,"Mô tả công việc • Quản lý việc triển khai hệ thống phần mềm quản lý bệnh viện (HIS) tại các cơ sở y tế. • Ghi nhận yêu cầu nghiệp vụ từ bệnh viện, làm rõ quy trình thực tế, phân tích sơ bộ và truyền đạt cho đội phát triển sản phẩm nội bộ. • Phối hợp với đội sản phẩm để theo dõi tiến độ phát triển, kiểm tra chất lượng đầu ra và đảm bảo đúng với nhu cầu của khách hàng. • Kiểm thử hệ thống, hướng dẫn sử dụng phần mềm cho người dùng tại bệnh viện, hỗ trợ phản hồi và xử lý lỗi sau triển khai. • Làm việc trực tiếp với các phòng ban bệnh viện (bác sĩ, điều dưỡng, phòng CNTT, tài chính, dược…) để đảm bảo phần mềm phù hợp và dễ sử dụng. • Lập kế hoạch triển khai, theo dõi tiến độ, quản lý rủi ro và cập nhật tình trạng dự án thường xuyên. • Làm việc với các đối tác tích hợp bên ngoài (hóa đơn điện tử, PACS, LIS, cổng BHYT…) để điều phối kết nối, kiểm thử và nghiệm thu hệ thống liên thông. • Theo dõi hiệu quả sau triển khai, duy trì mối quan hệ với khách hàng và phối hợp nâng cấp, mở rộng chức năng khi cần. Yêu cầu ứng viên • Tốt nghiệp đại học/cao đẳng (hiện đang còn giữ bằng) các ngành: Công nghệ thông tin, Hệ thống thông tin, Quản trị y tế, Y tế công cộng hoặc tương đương. • Đã có kinh nghiệm ở vị trí tương đương, với nền tảng phát triển từ Business Analyst (BA). • Có kinh nghiệm triển khai phần mềm tại khách hàng, đặc biệt là lĩnh vực y tế hoặc các hệ thống ERP là điểm cộng. • Hiểu biết cơ bản hoặc sẵn sàng học hỏi về quy trình vận hành bệnh viện (khám chữa bệnh, BHYT, viện phí, dược, xét nghiệm…). • Có khả năng giao tiếp, phân tích yêu cầu, truyền đạt giữa khách hàng và đội phát triển. • Có kỹ năng kiểm thử phần mềm, đọc hiểu quy trình và xác định được các lỗi sai lệch so với nghiệp vụ. • Thành thạo Jira và Excel trong việc theo dõi tiến độ, phân chia công việc và báo cáo dự án. • Có kinh nghiệm hoặc khả năng phối hợp với các bên thứ ba (đối tác cung cấp API, hệ thống tích hợp). • Sẵn sàng công tác, làm việc trực tiếp tại bệnh viện trong thời gian triển khai. Quyền lợi Thưởng thâm niên làm việc: 5triệu/năm Thưởng tháng lương 13 + thưởng các ngày lễ tết Cơ hội phát triển sự nghiệp, tham gia các khóa đào tạo nội bộ nâng cao chuyên môn. Tham gia đầy đủ BHXH, BHYT, BHTN; Gói bảo hiểm sức khỏe Bảo Việt Sử dụng sách miễn phí tại thư viện và các trò chơi giải trí: PS5, Bi lắc, …. Được tham gia đa dạng hoạt động nội bộ : 8/3, 20/10, giáng sinh, sinh nhật, teambuilding, tiệc cuối năm Year-end Party, khám sức khỏe định kỳ hàng năm,... Địa điểm làm việc (đã được cập nhật theo Danh mục Hành chính mới - thêm quận/huyện cũ tương ứng để dễ dàng tra cứu) - Hà Nội: 35 Nguyễn Đình Chiểu, Phường Hai Bà Trưng (quận Hai Bà Trưng cũ) - Hồ Chí Minh: Tòa nhà Lumiere Riverside - Tháp West - 628A Võ Nguyên Giáp, An Phú, Phường An Phú (Thành phố Thuận An cũ) Thời gian làm việc Thứ 2 - Thứ 6 (từ 08:00 đến 17:30) Cách thức ứng tuyển Ứng viên nộp hồ sơ trực tuyến bằng cách bấm Ứng tuyển ngay dưới đây.",other,TopCV,https://www.topcv.vn/viec-lam/quan-ly-du-an-trien-khai-project-manager/1684269.html?ta_source=JobSearchList_LinkDetail&u_sr_id=Lpk2rmhPrDnYi8ls5oc2QZEok5KkehQdT7fWFN1h_1776178885,2026-04-14T22:06:18.432328
scraped_topcv_00025,Nhân Viên Điều Phối Dự Án IT - Offer Upto 25 Triệu,CÔNG TY CỔ PHẦN GIẢI PHÁP CÔNG NGHỆ CARO,Xem Chi Tiết Yêu Cầu|Xem Chi Tiết Quyền Lợi|Hà Nội|Việc Làm Nhân Viên Điều Phối Dự Án Tại Hà Nội|Phường Thanh Xuân - Hà Nội|2 Năm Kinh Nghiệm|Cao Đẳng Trở Lên|Nghỉ Thứ 7|It Project Manager|It - Phần Mềm|Công Nghệ Thông Tin|It Project Management|Việc Làm It,Hà Nội,25000000,25000000,full-time,any,2,high,"Mô tả công việc Hỗ trợ Quản lý Dự án trong việc lập kế hoạch, theo dõi tiến độ và quản lý các nguồn lực của dự án. Điều phối các hoạt động giữa các bộ phận liên quan (phát triển, kiểm thử, thiết kế, kinh doanh...) để đảm bảo sự phối hợp nhịp nhàng. Theo dõi và cập nhật tiến độ dự án, xác định các vấn đề tiềm ẩn và hỗ trợ tìm kiếm giải pháp. Chuẩn bị các báo cáo tiến độ dự án, biên bản cuộc họp và các tài liệu liên quan khác một cách chính xác và kịp thời. Quản lý và lưu trữ tài liệu dự án một cách có hệ thống. Hỗ trợ quản lý rủi ro và các vấn đề phát sinh trong quá trình thực hiện dự án. Đảm bảo các quy trình và tiêu chuẩn của công ty được tuân thủ trong suốt vòng đời dự án. Hỗ trợ giao tiếp và duy trì mối quan hệ tốt với khách hàng và các bên liên quan. Tham gia vào các cuộc họp dự án, ghi chép và theo dõi các hành động cần thiết. Thực hiện các nhiệm vụ khác theo sự phân công của Quản lý Dự án. Yêu cầu ứng viên Tối thiểu 2 năm kinh nghiệm làm việc ở vị trí tương đương trong ngành Công nghệ Thông tin (IT), ưu tiên các dự án phát triển phần mềm. Có kiến thức cơ bản về quy trình phát triển phần mềm (ví dụ: Agile, Waterfall). Kỹ năng giao tiếp, trình bày và làm việc nhóm tốt. Kỹ năng tổ chức, sắp xếp công việc và quản lý thời gian hiệu quả. Khả năng làm việc độc lập và chịu được áp lực công việc. Thành thạo các công cụ quản lý dự án (ví dụ: Jira, Trello, Asana, Microsoft Project) và các ứng dụng văn phòng (Microsoft Office). Khả năng sử dụng tiếng Anh cơ bản trong giao tiếp và đọc hiểu tài liệu kỹ thuật là một lợi thế. Tinh thần trách nhiệm cao, chủ động và có khả năng giải quyết vấn đề. Ưu tiên ứng viên có chứng chỉ liên quan đến quản lý dự án (ví dụ: CAPM). Tốt nghiệp Cao đẳng/Đại học chuyên ngành Công nghệ Thông tin, Quản lý Dự án hoặc các ngành liên quan. Quyền lợi Mức lương từ 15.000.000 – 25.000.000 VNĐ/tháng Ký hợp đồng lao động, hưởng ngày phép năm và các ngày nghỉ lễ, tết theo quy định của nhà nước. Lương tháng 13, Thưởng Dự án. Thưởng các ngày lễ + Tết. Thưởng hoa hồng giới thiệu nhân viên. Cung cấp Máy tính và các thiết bị hỗ trợ công việc. Review lương hàng năm. Tổ chức teambuilding, tham quan, nghỉ mát (du lịch hè, YEP cuối năm...) Teatime: Cung cấp đồ ăn nhẹ, trà và cà phê miễn phí. Cơ hội thăng tiến vào các vị trí quản lý công nghệ cấp cao đối với những thành viên xuất sắc. Môi trường làm việc trẻ trung, năng động, thân thiện và vui vẻ. Được tiếp cận với những công nghệ mới. Tạo điều kiện cho các cá nhân học tập và phát triển. Địa điểm làm việc (đã được cập nhật theo Danh mục Hành chính mới - thêm quận/huyện cũ tương ứng để dễ dàng tra cứu) - Hà Nội: Tầng 7 số 8 ngõ 21 Lê Văn Lương, Phường Thanh Xuân (quận Thanh Xuân cũ) Thời gian làm việc Thứ 2 - Thứ 6 (từ 08:30 đến 18:00) Cách thức ứng tuyển Ứng viên nộp hồ sơ trực tuyến bằng cách bấm Ứng tuyển ngay dưới đây.",other,TopCV,https://www.topcv.vn/viec-lam/nhan-vien-dieu-phoi-du-an-it-offer-upto-25-trieu/2122945.html?ta_source=JobSearchList_LinkDetail&u_sr_id=Lpk2rmhPrDnYi8ls5oc2QZEok5KkehQdT7fWFN1h_1776178885,2026-04-14T22:06:18.433785
scraped_topcv_00026,Cloud Engineer (Hà Nội),CÔNG TY TNHH ACWORKS VIỆT NAM,Xem Chi Tiết Yêu Cầu|Xem Chi Tiết Quyền Lợi|Hà Nội|Việc Làm Cloud Engineer Tại Hà Nội|Phường Thanh Xuân - Hà Nội|3 Năm Kinh Nghiệm|Đại Học Trở Lên|Nam|Nghỉ Thứ 7|Bảo Hiểm Xã Hội|Bảo Hiểm Full Lương|Cloud Engineer|It - Phần Mềm|Công Nghệ Thông Tin|It Infrastructure And Operations|Việc Làm It,Hà Nội,20000000,40000000,full-time,any,3,high,"Mô tả công việc • Operate and maintain the company’s AWS infrastructure, supporting internal teams on AWS-related issues • Regularly review and analyze AWS costs to identify cost drivers and inefficiencies • Collaborate with partners and internal teams to design, implement, and track cost optimization initiatives • Design and improve system architecture to ensure adequate performance, sufficient security, and cost efficiency • Optimize AWS resources across compute, storage, and networking • Provide cost-efficient architecture consulting to product teams • Propose and implement AWS cost-saving initiatives • Prepare periodic reports on cost status, optimization outcomes, and improvement plans Yêu cầu ứng viên • Bachelor’s degree in Computer Science, Software Engineering, or a related field • At least 3 years of experience working with AWS • Hands-on experience operating AWS in production environments • Experience with multi-account, multi-environment architectures • Experience in AWS cost optimization • Strong understanding of AWS cost structure and key cost drivers • Cost-aware / cost-by-design mindset • Solid knowledge of core AWS services and their cost impact: EC2, S3, NAT Gateway, CloudFront, Data Transfer • Good understanding and practical application of AWS Well-Architected Framework Nice to have: • AWS certifications such as Solutions Architect, DevOps Engineer, etc. • Strong discipline in punctuality, meeting deadlines, and respecting schedules. • Proficiency in Japanese and familiarity with Japanese business culture. • Ability to adapt to a structured, detail-oriented, and continuous-improvement working style. • High sense of responsibility, honesty, and commitment to collective goals. Quyền lợi • Full salary during the probation period • Monthly team-building events • 13th-month bonus • Salary increase twice a year, with attractive increments • Remote work every Wednesday • Birthday, holiday, and Tet bonuses • Social insurance based on full income Thiết bị làm việc Được cấp Máy tính Quyền lợi Bảo hiểm xã hội, Bảo hiểm full lương, Khám sức khỏe định kỳ, Team building, Du lịch hàng năm, Thưởng tháng 13 Địa điểm làm việc (đã được cập nhật theo Danh mục Hành chính mới - thêm quận/huyện cũ tương ứng để dễ dàng tra cứu) - Hà Nội: 48 Lê Văn Lương, Phường Thanh Xuân (quận Thanh Xuân cũ) Thời gian làm việc Thứ 2 - Thứ 6 (từ 08:30 đến 17:30) Remote vào thứ 4 hàng tuần Cách thức ứng tuyển Ứng viên nộp hồ sơ trực tuyến bằng cách bấm Ứng tuyển ngay dưới đây.",other,TopCV,https://www.topcv.vn/viec-lam/cloud-engineer-ha-noi/2117583.html?ta_source=JobSearchList_LinkDetail&u_sr_id=Lpk2rmhPrDnYi8ls5oc2QZEok5KkehQdT7fWFN1h_1776178885,2026-04-14T22:06:18.434866
scraped_topcv_00027,Chuyên Viên Tư Vấn | Consultant Executive - Thu Nhập Hấp Dẫn - Đi Làm Ngay,CÔNG TY CỔ PHẦN MẮT BÃO,Xem Chi Tiết Yêu Cầu|Xem Chi Tiết Quyền Lợi|Thuyết Trình|Tin Học Văn Phòng|Giao Tiếp|Kinh Doanh Lĩnh Vực Zns|Hồ Chí Minh|Việc Làm Chuyên Viên Tư Vấn Tại Hồ Chí Minh|Bình Dương|Việc Làm Chuyên Viên Tư Vấn Tại Bình Dương|Bà Rịa-Vũng Tàu|Việc Làm Chuyên Viên Tư Vấn Tại Bà Rịa-Vũng Tàu|Hà Nội|Việc Làm Chuyên Viên Tư Vấn Tại Hà Nội|Phường Tây Hồ - Hà Nội|Phường Tân Bình - Hồ Chí Minh|1 Năm Kinh Nghiệm|Trung Học Phổ Thông (Cấp 3) Trở Lên|Bảo Hiểm Xã Hội|Bảo Hiểm Sức Khỏe|Team Building|Kinh Doanh Phần Mềm|It - Phần Mềm|B2B|Direct Sales|Kinh Doanh/Bán Hàng|Công Nghệ Thông Tin|Sales It Phần Mềm|Việc Làm It,Hà Nội,0,15000000,full-time,any,1,high,"Mô tả công việc Tiếp nhận, tư vấn bán hàng cho khách hàng có nhu cầu dịch vụ hóa đơn điện tử, chữ ký số,... từ các nguồn của công ty. Tìm kiếm, phát triển các khách hàng mới mua dịch vụ công ty. Tìm kiếm, phát triển, chăm sóc các đối tác giới thiệu khách hàng, bán hàng cho công ty. Hoàn tất các thủ tục, hồ sơ, hợp đồng cho khách hàng. Xây dựng, duy trì, phát triển mối quan hệ tốt với khách hàng, đối tác Phối hợp với các phòng ban triển khai cung cấp dịch vụ, hỗ trợ cho khách hàng. Tham gia các hoạt động, sự kiện phát triển thương hiệu cho công ty. Đề xuất cải tiến và báo cáo công việc cho quản lý. Thực hiện các công việc khác do quản lý trực tiếp phân công. Yêu cầu ứng viên Đã từng kinh doanh lĩnh vực ZNS là một lợi thế Ngoại hình ưa nhìn, giao tiếp tốt, tự tin trong gặp gỡ và thuyết trình với khách hàng, đối tác Tốt nghiệp: Trung học phổ thông trở lên. Yêu thích công việc bán hàng, giao tiếp với khách hàng, đối tác Thành thạo vi tính văn phòng (word, excel,..) Trung thực, tích cực, cầu tiến và có trách nhiệm với công việc. Thu nhập Thu nhập khi đạt 100% KPI: Đến 15 triệu VND Thu nhập tính theo tỷ lệ đạt KPI Lương cứng: Từ 6.2 triệu VND trở lên Lương cứng không phụ thuộc doanh số Quyền lợi Thu nhập từ 6.200.000 triệu (Lương Cơ bản + KPI + Hoa hồng + Thưởng) Được cung cấp trang thiết bị làm việc tiện nghi, hiện đại. Được làm việc trong công ty hàng đầu về dịch vụ công nghệ thông tin. Được đào tạo kiến thức dịch vụ, kỹ năng bán hàng. Môi trường văn hóa năng động, thân thiện và chuyên nghiệp. Được hưởng đầy đủ các quyền lợi về BHXH, BHYT, BHTN theo luật lao động. Thưởng định kì các ngày Lễ, Tết và thưởng hiệu quả kinh doanh cuối năm. Thường xuyên được đào tạo nâng cao chuyên môn nghiệp vụ, cơ hội thăng tiến cho người có năng lực. Tham gia Teambuilding hàng năm, các hoạt động vui chơi trong nội bộ công ty: Sinh nhật theo quý, Giáng sinh,... Quyền lợi Bảo hiểm xã hội, Bảo hiểm sức khỏe, Team building, Thưởng tháng 13, Thưởng hiệu quả làm việc, Du lịch hàng năm Địa điểm làm việc (đã được cập nhật theo Danh mục Hành chính mới - thêm quận/huyện cũ tương ứng để dễ dàng tra cứu) - Hà Nội: 89 Lạc Long Quân, Phường Tây Hồ (quận Tây Hồ cũ) - Hồ Chí Minh: 12A Núi Thành, Phường Tân Bình (quận Tân Bình cũ) Cách thức ứng tuyển Ứng viên nộp hồ sơ trực tuyến bằng cách bấm Ứng tuyển ngay dưới đây.",other,TopCV,https://www.topcv.vn/viec-lam/chuyen-vien-tu-van-consultant-executive-thu-nhap-hap-dan-di-lam-ngay/2120836.html?ta_source=JobSearchList_LinkDetail&u_sr_id=Lpk2rmhPrDnYi8ls5oc2QZEok5KkehQdT7fWFN1h_1776178885,2026-04-14T22:06:18.436343
scraped_topcv_00028,Unity 3D/ Unity Designer,CÔNG TY TNHH DO&BE VIỆT NAM,Xem Chi Tiết Yêu Cầu|Xem Chi Tiết Quyền Lợi|3D Max|Unity|Unity 3D|Cinema4D|3D Asset Creation|Scene Building|Teamwork|Proactive Work Attitude|Đà Nẵng|Việc Làm Designer Tại Đà Nẵng|Quảng Nam|Việc Làm Designer Tại Quảng Nam|Phường An Hải - Đà Nẵng|Việc Làm Designer Tại Phường An Hải - Đà Nẵng|Phường An Khê - Đà Nẵng|Việc Làm Designer Tại Phường An Khê - Đà Nẵng|Phường An Thắng - Đà Nẵng|Việc Làm Designer Tại Phường An Thắng - Đà Nẵng|Phường Bàn Thạch - Đà Nẵng|Việc Làm Designer Tại Phường Bàn Thạch - Đà Nẵng|Phường Cẩm Lệ - Đà Nẵng|Việc Làm Designer Tại Phường Cẩm Lệ - Đà Nẵng|Phường Hòa Cường - Đà Nẵng|Việc Làm Designer Tại Phường Hòa Cường - Đà Nẵng|Phường Hòa Khánh - Đà Nẵng|Việc Làm Designer Tại Phường Hòa Khánh - Đà Nẵng|Phường Hòa Xuân - Đà Nẵng|Việc Làm Designer Tại Phường Hòa Xuân - Đà Nẵng|Phường Hương Trà - Đà Nẵng|Việc Làm Designer Tại Phường Hương Trà - Đà Nẵng|Phường Hải Châu - Đà Nẵng|Việc Làm Designer Tại Phường Hải Châu - Đà Nẵng|Phường Hải Vân - Đà Nẵng|Việc Làm Designer Tại Phường Hải Vân - Đà Nẵng|Phường Hội An - Đà Nẵng|Việc Làm Designer Tại Phường Hội An - Đà Nẵng|Phường Hội An Tây - Đà Nẵng|Việc Làm Designer Tại Phường Hội An Tây - Đà Nẵng|Phường Hội An Đông - Đà Nẵng|Phường Liên Chiểu - Đà Nẵng|Việc Làm Designer Tại Phường Liên Chiểu - Đà Nẵng|Phường Ngũ Hành Sơn - Đà Nẵng|Phường Quảng Phú - Đà Nẵng|Việc Làm Designer Tại Phường Quảng Phú - Đà Nẵng|Phường Sơn Trà - Đà Nẵng|Việc Làm Designer Tại Phường Sơn Trà - Đà Nẵng|Phường Tam Kỳ - Đà Nẵng|Việc Làm Designer Tại Phường Tam Kỳ - Đà Nẵng|Phường Thanh Khê - Đà Nẵng|Việc Làm Designer Tại Phường Thanh Khê - Đà Nẵng|Phường Điện Bàn - Đà Nẵng|Việc Làm Designer Tại Phường Điện Bàn - Đà Nẵng|Phường Điện Bàn Bắc - Đà Nẵng|Phường Điện Bàn Đông - Đà Nẵng|Xã Avương - Đà Nẵng|Việc Làm Designer Tại Xã Avương - Đà Nẵng|Xã Bà Nà - Đà Nẵng|Việc Làm Designer Tại Xã Bà Nà - Đà Nẵng|Xã Bến Giằng - Đà Nẵng|Việc Làm Designer Tại Xã Bến Giằng - Đà Nẵng|Xã Bến Hiên - Đà Nẵng|Việc Làm Designer Tại Xã Bến Hiên - Đà Nẵng|Xã Chiên Đàn - Đà Nẵng|Việc Làm Designer Tại Xã Chiên Đàn - Đà Nẵng|Xã Duy Nghĩa - Đà Nẵng|Việc Làm Designer Tại Xã Duy Nghĩa - Đà Nẵng|Xã Duy Xuyên - Đà Nẵng|Việc Làm Designer Tại Xã Duy Xuyên - Đà Nẵng|Xã Gò Nổi - Đà Nẵng|Việc Làm Designer Tại Xã Gò Nổi - Đà Nẵng|Xã Hiệp Đức - Đà Nẵng|Việc Làm Designer Tại Xã Hiệp Đức - Đà Nẵng|Xã Hà Nha - Đà Nẵng|Việc Làm Designer Tại Xã Hà Nha - Đà Nẵng|Xã Hòa Tiến - Đà Nẵng|Việc Làm Designer Tại Xã Hòa Tiến - Đà Nẵng|Xã Hòa Vang - Đà Nẵng|Việc Làm Designer Tại Xã Hòa Vang - Đà Nẵng|Xã Hùng Sơn - Đà Nẵng|Việc Làm Designer Tại Xã Hùng Sơn - Đà Nẵng|Xã Khâm Đức - Đà Nẵng|Việc Làm Designer Tại Xã Khâm Đức - Đà Nẵng|Xã La Dêê - Đà Nẵng|Việc Làm Designer Tại Xã La Dêê - Đà Nẵng|Xã La Êê - Đà Nẵng|Việc Làm Designer Tại Xã La Êê - Đà Nẵng|Xã Lãnh Ngọc - Đà Nẵng|Việc Làm Designer Tại Xã Lãnh Ngọc - Đà Nẵng|Xã Nam Giang - Đà Nẵng|Việc Làm Designer Tại Xã Nam Giang - Đà Nẵng|Xã Nam Phước - Đà Nẵng|Việc Làm Designer Tại Xã Nam Phước - Đà Nẵng|Xã Nam Trà My - Đà Nẵng|Việc Làm Designer Tại Xã Nam Trà My - Đà Nẵng|Xã Nông Sơn - Đà Nẵng|Việc Làm Designer Tại Xã Nông Sơn - Đà Nẵng|Xã Núi Thành - Đà Nẵng|Việc Làm Designer Tại Xã Núi Thành - Đà Nẵng|Xã Phú Ninh - Đà Nẵng|Việc Làm Designer Tại Xã Phú Ninh - Đà Nẵng|Xã Phú Thuận - Đà Nẵng|Việc Làm Designer Tại Xã Phú Thuận - Đà Nẵng|Xã Phước Chánh - Đà Nẵng|Việc Làm Designer Tại Xã Phước Chánh - Đà Nẵng|Xã Phước Hiệp - Đà Nẵng|Việc Làm Designer Tại Xã Phước Hiệp - Đà Nẵng|Xã Phước Năng - Đà Nẵng|Việc Làm Designer Tại Xã Phước Năng - Đà Nẵng|Xã Phước Thành - Đà Nẵng|Việc Làm Designer Tại Xã Phước Thành - Đà Nẵng|Xã Phước Trà - Đà Nẵng|Việc Làm Designer Tại Xã Phước Trà - Đà Nẵng|Xã Quế Phước - Đà Nẵng|Việc Làm Designer Tại Xã Quế Phước - Đà Nẵng|Xã Quế Sơn - Đà Nẵng|Việc Làm Designer Tại Xã Quế Sơn - Đà Nẵng|Xã Quế Sơn Trung - Đà Nẵng|Việc Làm Designer Tại Xã Quế Sơn Trung - Đà Nẵng|Xã Sông Kôn - Đà Nẵng|Việc Làm Designer Tại Xã Sông Kôn - Đà Nẵng|Xã Sông Vàng - Đà Nẵng|Việc Làm Designer Tại Xã Sông Vàng - Đà Nẵng|Xã Sơn Cẩm Hà - Đà Nẵng|Việc Làm Designer Tại Xã Sơn Cẩm Hà - Đà Nẵng|Xã Tam Anh - Đà Nẵng|Việc Làm Designer Tại Xã Tam Anh - Đà Nẵng|Xã Tam Hải - Đà Nẵng|Việc Làm Designer Tại Xã Tam Hải - Đà Nẵng|Xã Tam Mỹ - Đà Nẵng|Việc Làm Designer Tại Xã Tam Mỹ - Đà Nẵng|Xã Tam Xuân - Đà Nẵng|Việc Làm Designer Tại Xã Tam Xuân - Đà Nẵng|Xã Thu Bồn - Đà Nẵng|Việc Làm Designer Tại Xã Thu Bồn - Đà Nẵng|Xã Thăng An - Đà Nẵng|Việc Làm Designer Tại Xã Thăng An - Đà Nẵng|Xã Thăng Bình - Đà Nẵng|Việc Làm Designer Tại Xã Thăng Bình - Đà Nẵng|Xã Thăng Phú - Đà Nẵng|Việc Làm Designer Tại Xã Thăng Phú - Đà Nẵng|Xã Thăng Trường - Đà Nẵng|Việc Làm Designer Tại Xã Thăng Trường - Đà Nẵng|Xã Thăng Điền - Đà Nẵng|Việc Làm Designer Tại Xã Thăng Điền - Đà Nẵng|Xã Thượng Đức - Đà Nẵng|Việc Làm Designer Tại Xã Thượng Đức - Đà Nẵng|Xã Thạnh Bình - Đà Nẵng|Việc Làm Designer Tại Xã Thạnh Bình - Đà Nẵng|Xã Thạnh Mỹ - Đà Nẵng|Việc Làm Designer Tại Xã Thạnh Mỹ - Đà Nẵng|Xã Tiên Phước - Đà Nẵng|Việc Làm Designer Tại Xã Tiên Phước - Đà Nẵng|Xã Trà Giáp - Đà Nẵng|Việc Làm Designer Tại Xã Trà Giáp - Đà Nẵng|Xã Trà Leng - Đà Nẵng|Việc Làm Designer Tại Xã Trà Leng - Đà Nẵng|Xã Trà Linh - Đà Nẵng|Việc Làm Designer Tại Xã Trà Linh - Đà Nẵng|Xã Trà Liên - Đà Nẵng|Việc Làm Designer Tại Xã Trà Liên - Đà Nẵng|Xã Trà My - Đà Nẵng|Việc Làm Designer Tại Xã Trà My - Đà Nẵng|Xã Trà Tân - Đà Nẵng|Việc Làm Designer Tại Xã Trà Tân - Đà Nẵng|Xã Trà Tập - Đà Nẵng|Việc Làm Designer Tại Xã Trà Tập - Đà Nẵng|Xã Trà Vân - Đà Nẵng|Việc Làm Designer Tại Xã Trà Vân - Đà Nẵng|Xã Trà Đốc - Đà Nẵng|Việc Làm Designer Tại Xã Trà Đốc - Đà Nẵng|Xã Tân Hiệp - Đà Nẵng|Việc Làm Designer Tại Xã Tân Hiệp - Đà Nẵng|Xã Tây Giang - Đà Nẵng|Việc Làm Designer Tại Xã Tây Giang - Đà Nẵng|Xã Tây Hồ - Đà Nẵng|Việc Làm Designer Tại Xã Tây Hồ - Đà Nẵng|Xã Việt An - Đà Nẵng|Việc Làm Designer Tại Xã Việt An - Đà Nẵng|Xã Vu Gia - Đà Nẵng|Việc Làm Designer Tại Xã Vu Gia - Đà Nẵng|Xã Xuân Phú - Đà Nẵng|Việc Làm Designer Tại Xã Xuân Phú - Đà Nẵng|Xã Điện Bàn Tây - Đà Nẵng|Việc Làm Designer Tại Xã Điện Bàn Tây - Đà Nẵng|Xã Đông Giang - Đà Nẵng|Việc Làm Designer Tại Xã Đông Giang - Đà Nẵng|Xã Đại Lộc - Đà Nẵng|Việc Làm Designer Tại Xã Đại Lộc - Đà Nẵng|Xã Đắc Pring - Đà Nẵng|Việc Làm Designer Tại Xã Đắc Pring - Đà Nẵng|Xã Đồng Dương - Đà Nẵng|Việc Làm Designer Tại Xã Đồng Dương - Đà Nẵng|Xã Đức Phú - Đà Nẵng|Việc Làm Designer Tại Xã Đức Phú - Đà Nẵng|Đặc Khu Hoàng Sa - Đà Nẵng|Việc Làm Designer Tại Đặc Khu Hoàng Sa - Đà Nẵng|3 Năm Kinh Nghiệm|Cao Đẳng Trở Lên|Tiếng Anh Đọc Hiểu|Nghỉ Thứ 7|Bảo Hiểm Xã Hội|Bảo Hiểm Sức Khỏe|Thiết Kế Đồ Họa (Graphic Design)|It - Phần Mềm|Công Nghệ Kỹ Thuật|Marketing/Pr/Quảng Cáo|Công Nghệ Thông Tin|Thiết Kế|Quảng Cáo/Sáng Tạo|Software Design|Thiết Kế Đồ Hoạ/Giao Diện/Trải Nghiệm|Việc Làm It,Đà Nẵng,0,0,full-time,any,3,high,"Mô tả công việc Sản xuất bằng các phần mềm 3D (Cinema4D, Blender, v.v.) và tạo/chỉnh sửa tài sản số bằng Unity Tạo Unity Scene Phối hợp với các thành viên trong team để đảm bảo chất lượng và tiến độ sản phẩm. Yêu cầu ứng viên Trên 3 năm kinh nghiệm trong : Environment Design bằng Unreal, Unity Thiết kế hiệu ứng (Effect Design) Thành thạo các Tools : Unreal, Unity, Substance 3D Painter / Designer, Blender Hồ sơ ứng tuyển: CV/Resume và Portfolio viết bằng tiếng Anh Quyền lợi Lương tháng 13. Tham gia đầy đủ BHXH, BHYT theo quy định của pháp luật. Khám sức khỏe định kỳ cho nhân viên. Được cung cấp máy tính và trang thiết bị phục vụ công việc. Môi trường làm việc chuyên nghiệp, cơ hội phát triển kỹ năng. Thiết bị làm việc Được cấp Máy tính Quyền lợi Bảo hiểm xã hội, Bảo hiểm sức khỏe, Khám sức khỏe định kỳ, Thưởng tháng 13 Địa điểm làm việc (đã được cập nhật theo Danh mục Hành chính mới - thêm quận/huyện cũ tương ứng để dễ dàng tra cứu) - Đà Nẵng: (Tất cả phường) Thời gian làm việc Thứ 2 - Thứ 6 (từ 08:00 đến 17:00) Cách thức ứng tuyển Ứng viên nộp hồ sơ trực tuyến bằng cách bấm Ứng tuyển ngay dưới đây.",other,TopCV,https://www.topcv.vn/viec-lam/unity-3d-unity-designer/2097870.html?ta_source=JobSearchList_LinkDetail&u_sr_id=Lpk2rmhPrDnYi8ls5oc2QZEok5KkehQdT7fWFN1h_1776178885,2026-04-14T22:06:18.441440
scraped_topcv_00029,Kỹ Sư Hệ Thống (System Engineer) - Lương Đến 25 Triệu,CÔNG TY TNHH TÍCH HỢP HỆ THỐNG NHT,Xem Chi Tiết Yêu Cầu|Đà Nẵng|Việc Làm Kỹ Sư Hệ Thống Tại Đà Nẵng|An Giang|Việc Làm Kỹ Sư Hệ Thống Tại An Giang|Kiên Giang|Việc Làm Kỹ Sư Hệ Thống Tại Kiên Giang|Quảng Nam|Việc Làm Kỹ Sư Hệ Thống Tại Quảng Nam|Hà Nội|Việc Làm Kỹ Sư Hệ Thống Tại Hà Nội|Phường Ba Đình - Hà Nội|Phường Bạch Mai - Hà Nội|Phường Bồ Đề - Hà Nội|Việc Làm Kỹ Sư Hệ Thống Tại Phường Bồ Đề - Hà Nội|Phường Chương Mỹ - Hà Nội|Phường Cầu Giấy - Hà Nội|Phường Cửa Nam - Hà Nội|Phường Dương Nội - Hà Nội|Phường Giảng Võ - Hà Nội|Phường Hai Bà Trưng - Hà Nội|Phường Hoàn Kiếm - Hà Nội|Phường Hoàng Liệt - Hà Nội|Phường Hoàng Mai - Hà Nội|Phường Hà Đông - Hà Nội|Phường Hồng Hà - Hà Nội|Phường Khương Đình - Hà Nội|Phường Kim Liên - Hà Nội|Phường Kiến Hưng - Hà Nội|Phường Long Biên - Hà Nội|Phường Láng - Hà Nội|Việc Làm Kỹ Sư Hệ Thống Tại Phường Láng - Hà Nội|Phường Lĩnh Nam - Hà Nội|Phường Nghĩa Đô - Hà Nội|Phường Ngọc Hà - Hà Nội|Phường Phú Diễn - Hà Nội|Phường Phú Lương - Hà Nội|Phường Phú Thượng - Hà Nội|Phường Phúc Lợi - Hà Nội|Phường Phương Liệt - Hà Nội|Phường Sơn Tây - Hà Nội|Phường Thanh Liệt - Hà Nội|Phường Thanh Xuân - Hà Nội|Phường Thượng Cát - Hà Nội|Phường Tây Hồ - Hà Nội|Phường Tây Mỗ - Hà Nội|Phường Tây Tựu - Hà Nội|Phường Tùng Thiện - Hà Nội|Phường Tương Mai - Hà Nội|Phường Từ Liêm - Hà Nội|Phường Việt Hưng - Hà Nội|Phường Văn Miếu - Quốc Tử Giám - Hà Nội|Phường Vĩnh Hưng - Hà Nội|Phường Vĩnh Tuy - Hà Nội|Phường Xuân Phương - Hà Nội|Phường Xuân Đỉnh - Hà Nội|Phường Yên Hòa - Hà Nội|Phường Yên Nghĩa - Hà Nội|Phường Yên Sở - Hà Nội|Phường Ô Chợ Dừa - Hà Nội|Phường Đông Ngạc - Hà Nội|Phường Đại Mỗ - Hà Nội|Phường Định Công - Hà Nội|Phường Đống Đa - Hà Nội|Xã An Khánh - Hà Nội|Việc Làm Kỹ Sư Hệ Thống Tại Xã An Khánh - Hà Nội|Xã Ba Vì - Hà Nội|Việc Làm Kỹ Sư Hệ Thống Tại Xã Ba Vì - Hà Nội|Xã Bát Tràng - Hà Nội|Việc Làm Kỹ Sư Hệ Thống Tại Xã Bát Tràng - Hà Nội|Xã Bình Minh - Hà Nội|Việc Làm Kỹ Sư Hệ Thống Tại Xã Bình Minh - Hà Nội|Xã Bất Bạt - Hà Nội|Việc Làm Kỹ Sư Hệ Thống Tại Xã Bất Bạt - Hà Nội|Xã Chuyên Mỹ - Hà Nội|Việc Làm Kỹ Sư Hệ Thống Tại Xã Chuyên Mỹ - Hà Nội|Xã Chương Dương - Hà Nội|Xã Cổ Đô - Hà Nội|Việc Làm Kỹ Sư Hệ Thống Tại Xã Cổ Đô - Hà Nội|Xã Dân Hòa - Hà Nội|Việc Làm Kỹ Sư Hệ Thống Tại Xã Dân Hòa - Hà Nội|Xã Dương Hòa - Hà Nội|Việc Làm Kỹ Sư Hệ Thống Tại Xã Dương Hòa - Hà Nội|Xã Gia Lâm - Hà Nội|Việc Làm Kỹ Sư Hệ Thống Tại Xã Gia Lâm - Hà Nội|Xã Hoài Đức - Hà Nội|Việc Làm Kỹ Sư Hệ Thống Tại Xã Hoài Đức - Hà Nội|Xã Hát Môn - Hà Nội|Việc Làm Kỹ Sư Hệ Thống Tại Xã Hát Môn - Hà Nội|Xã Hòa Lạc - Hà Nội|Việc Làm Kỹ Sư Hệ Thống Tại Xã Hòa Lạc - Hà Nội|Xã Hòa Phú - Hà Nội|Việc Làm Kỹ Sư Hệ Thống Tại Xã Hòa Phú - Hà Nội|Xã Hòa Xá - Hà Nội|Việc Làm Kỹ Sư Hệ Thống Tại Xã Hòa Xá - Hà Nội|Xã Hưng Đạo - Hà Nội|Việc Làm Kỹ Sư Hệ Thống Tại Xã Hưng Đạo - Hà Nội|Xã Hương Sơn - Hà Nội|Việc Làm Kỹ Sư Hệ Thống Tại Xã Hương Sơn - Hà Nội|Xã Hạ Bằng - Hà Nội|Việc Làm Kỹ Sư Hệ Thống Tại Xã Hạ Bằng - Hà Nội|Xã Hồng Sơn - Hà Nội|Việc Làm Kỹ Sư Hệ Thống Tại Xã Hồng Sơn - Hà Nội|Xã Hồng Vân - Hà Nội|Việc Làm Kỹ Sư Hệ Thống Tại Xã Hồng Vân - Hà Nội|Xã Kim Anh - Hà Nội|Việc Làm Kỹ Sư Hệ Thống Tại Xã Kim Anh - Hà Nội|Xã Kiều Phú - Hà Nội|Việc Làm Kỹ Sư Hệ Thống Tại Xã Kiều Phú - Hà Nội|Xã Liên Minh - Hà Nội|Việc Làm Kỹ Sư Hệ Thống Tại Xã Liên Minh - Hà Nội|Xã Minh Châu - Hà Nội|Việc Làm Kỹ Sư Hệ Thống Tại Xã Minh Châu - Hà Nội|Xã Mê Linh - Hà Nội|Việc Làm Kỹ Sư Hệ Thống Tại Xã Mê Linh - Hà Nội|Xã Mỹ Đức - Hà Nội|Việc Làm Kỹ Sư Hệ Thống Tại Xã Mỹ Đức - Hà Nội|Xã Nam Phù - Hà Nội|Việc Làm Kỹ Sư Hệ Thống Tại Xã Nam Phù - Hà Nội|Xã Ngọc Hồi - Hà Nội|Việc Làm Kỹ Sư Hệ Thống Tại Xã Ngọc Hồi - Hà Nội|Xã Nội Bài - Hà Nội|Việc Làm Kỹ Sư Hệ Thống Tại Xã Nội Bài - Hà Nội|Xã Phù Đổng - Hà Nội|Việc Làm Kỹ Sư Hệ Thống Tại Xã Phù Đổng - Hà Nội|Xã Phú Cát - Hà Nội|Việc Làm Kỹ Sư Hệ Thống Tại Xã Phú Cát - Hà Nội|Xã Phú Nghĩa - Hà Nội|Việc Làm Kỹ Sư Hệ Thống Tại Xã Phú Nghĩa - Hà Nội|Xã Phú Xuyên - Hà Nội|Việc Làm Kỹ Sư Hệ Thống Tại Xã Phú Xuyên - Hà Nội|Xã Phúc Lộc - Hà Nội|Việc Làm Kỹ Sư Hệ Thống Tại Xã Phúc Lộc - Hà Nội|Xã Phúc Sơn - Hà Nội|Việc Làm Kỹ Sư Hệ Thống Tại Xã Phúc Sơn - Hà Nội|Xã Phúc Thịnh - Hà Nội|Xã Phúc Thọ - Hà Nội|Việc Làm Kỹ Sư Hệ Thống Tại Xã Phúc Thọ - Hà Nội|Xã Phượng Dực - Hà Nội|Xã Quang Minh - Hà Nội|Xã Quảng Bị - Hà Nội|Việc Làm Kỹ Sư Hệ Thống Tại Xã Quảng Bị - Hà Nội|Xã Quảng Oai - Hà Nội|Việc Làm Kỹ Sư Hệ Thống Tại Xã Quảng Oai - Hà Nội|Xã Quốc Oai - Hà Nội|Việc Làm Kỹ Sư Hệ Thống Tại Xã Quốc Oai - Hà Nội|Xã Suối Hai - Hà Nội|Việc Làm Kỹ Sư Hệ Thống Tại Xã Suối Hai - Hà Nội|Xã Sóc Sơn - Hà Nội|Việc Làm Kỹ Sư Hệ Thống Tại Xã Sóc Sơn - Hà Nội|Xã Sơn Đồng - Hà Nội|Việc Làm Kỹ Sư Hệ Thống Tại Xã Sơn Đồng - Hà Nội|Xã Tam Hưng - Hà Nội|Việc Làm Kỹ Sư Hệ Thống Tại Xã Tam Hưng - Hà Nội|Xã Thanh Oai - Hà Nội|Việc Làm Kỹ Sư Hệ Thống Tại Xã Thanh Oai - Hà Nội|Xã Thanh Trì - Hà Nội|Việc Làm Kỹ Sư Hệ Thống Tại Xã Thanh Trì - Hà Nội|Xã Thiên Lộc - Hà Nội|Việc Làm Kỹ Sư Hệ Thống Tại Xã Thiên Lộc - Hà Nội|Xã Thuận An - Hà Nội|Việc Làm Kỹ Sư Hệ Thống Tại Xã Thuận An - Hà Nội|Xã Thư Lâm - Hà Nội|Việc Làm Kỹ Sư Hệ Thống Tại Xã Thư Lâm - Hà Nội|Xã Thường Tín - Hà Nội|Xã Thượng Phúc - Hà Nội|Xã Thạch Thất - Hà Nội|Xã Tiến Thắng - Hà Nội|Xã Trung Giã - Hà Nội|Việc Làm Kỹ Sư Hệ Thống Tại Xã Trung Giã - Hà Nội|Xã Trần Phú - Hà Nội|Việc Làm Kỹ Sư Hệ Thống Tại Xã Trần Phú - Hà Nội|Xã Tây Phương - Hà Nội|Xã Vân Đình - Hà Nội|Việc Làm Kỹ Sư Hệ Thống Tại Xã Vân Đình - Hà Nội|Xã Vĩnh Thanh - Hà Nội|Xã Vật Lại - Hà Nội|Việc Làm Kỹ Sư Hệ Thống Tại Xã Vật Lại - Hà Nội|Xã Xuân Mai - Hà Nội|Việc Làm Kỹ Sư Hệ Thống Tại Xã Xuân Mai - Hà Nội|Xã Yên Bài - Hà Nội|Việc Làm Kỹ Sư Hệ Thống Tại Xã Yên Bài - Hà Nội|Xã Yên Lãng - Hà Nội|Việc Làm Kỹ Sư Hệ Thống Tại Xã Yên Lãng - Hà Nội|Xã Yên Xuân - Hà Nội|Việc Làm Kỹ Sư Hệ Thống Tại Xã Yên Xuân - Hà Nội|Xã Ô Diên - Hà Nội|Việc Làm Kỹ Sư Hệ Thống Tại Xã Ô Diên - Hà Nội|Xã Đa Phúc - Hà Nội|Việc Làm Kỹ Sư Hệ Thống Tại Xã Đa Phúc - Hà Nội|Xã Đan Phượng - Hà Nội|Xã Đoài Phương - Hà Nội|Xã Đông Anh - Hà Nội|Việc Làm Kỹ Sư Hệ Thống Tại Xã Đông Anh - Hà Nội|Xã Đại Thanh - Hà Nội|Việc Làm Kỹ Sư Hệ Thống Tại Xã Đại Thanh - Hà Nội|Xã Đại Xuyên - Hà Nội|Việc Làm Kỹ Sư Hệ Thống Tại Xã Đại Xuyên - Hà Nội|Xã Ứng Hòa - Hà Nội|Việc Làm Kỹ Sư Hệ Thống Tại Xã Ứng Hòa - Hà Nội|Xã Ứng Thiên - Hà Nội|Việc Làm Kỹ Sư Hệ Thống Tại Xã Ứng Thiên - Hà Nội|Phường An Hải - Đà Nẵng|Phường An Khê - Đà Nẵng|Phường An Thắng - Đà Nẵng|Phường Bàn Thạch - Đà Nẵng|Phường Cẩm Lệ - Đà Nẵng|Phường Hòa Cường - Đà Nẵng|Phường Hòa Khánh - Đà Nẵng|Phường Hòa Xuân - Đà Nẵng|Phường Hương Trà - Đà Nẵng|Phường Hải Châu - Đà Nẵng|Phường Hải Vân - Đà Nẵng|Phường Hội An - Đà Nẵng|Phường Hội An Tây - Đà Nẵng|Phường Hội An Đông - Đà Nẵng|Phường Liên Chiểu - Đà Nẵng|Phường Ngũ Hành Sơn - Đà Nẵng|Phường Quảng Phú - Đà Nẵng|Phường Sơn Trà - Đà Nẵng|Phường Tam Kỳ - Đà Nẵng|Phường Thanh Khê - Đà Nẵng|Phường Điện Bàn - Đà Nẵng|Phường Điện Bàn Bắc - Đà Nẵng|Phường Điện Bàn Đông - Đà Nẵng|Xã Avương - Đà Nẵng|Việc Làm Kỹ Sư Hệ Thống Tại Xã Avương - Đà Nẵng|Xã Bà Nà - Đà Nẵng|Việc Làm Kỹ Sư Hệ Thống Tại Xã Bà Nà - Đà Nẵng|Xã Bến Giằng - Đà Nẵng|Xã Bến Hiên - Đà Nẵng|Việc Làm Kỹ Sư Hệ Thống Tại Xã Bến Hiên - Đà Nẵng|Xã Chiên Đàn - Đà Nẵng|Xã Duy Nghĩa - Đà Nẵng|Xã Duy Xuyên - Đà Nẵng|Xã Gò Nổi - Đà Nẵng|Việc Làm Kỹ Sư Hệ Thống Tại Xã Gò Nổi - Đà Nẵng|Xã Hiệp Đức - Đà Nẵng|Việc Làm Kỹ Sư Hệ Thống Tại Xã Hiệp Đức - Đà Nẵng|Xã Hà Nha - Đà Nẵng|Việc Làm Kỹ Sư Hệ Thống Tại Xã Hà Nha - Đà Nẵng|Xã Hòa Tiến - Đà Nẵng|Việc Làm Kỹ Sư Hệ Thống Tại Xã Hòa Tiến - Đà Nẵng|Xã Hòa Vang - Đà Nẵng|Việc Làm Kỹ Sư Hệ Thống Tại Xã Hòa Vang - Đà Nẵng|Xã Hùng Sơn - Đà Nẵng|Việc Làm Kỹ Sư Hệ Thống Tại Xã Hùng Sơn - Đà Nẵng|Xã Khâm Đức - Đà Nẵng|Việc Làm Kỹ Sư Hệ Thống Tại Xã Khâm Đức - Đà Nẵng|Xã La Dêê - Đà Nẵng|Việc Làm Kỹ Sư Hệ Thống Tại Xã La Dêê - Đà Nẵng|Xã La Êê - Đà Nẵng|Việc Làm Kỹ Sư Hệ Thống Tại Xã La Êê - Đà Nẵng|Xã Lãnh Ngọc - Đà Nẵng|Xã Nam Giang - Đà Nẵng|Xã Nam Phước - Đà Nẵng|Xã Nam Trà My - Đà Nẵng|Xã Nông Sơn - Đà Nẵng|Việc Làm Kỹ Sư Hệ Thống Tại Xã Nông Sơn - Đà Nẵng|Xã Núi Thành - Đà Nẵng|Xã Phú Ninh - Đà Nẵng|Việc Làm Kỹ Sư Hệ Thống Tại Xã Phú Ninh - Đà Nẵng|Xã Phú Thuận - Đà Nẵng|Xã Phước Chánh - Đà Nẵng|Xã Phước Hiệp - Đà Nẵng|Xã Phước Năng - Đà Nẵng|Xã Phước Thành - Đà Nẵng|Xã Phước Trà - Đà Nẵng|Xã Quế Phước - Đà Nẵng|Xã Quế Sơn - Đà Nẵng|Việc Làm Kỹ Sư Hệ Thống Tại Xã Quế Sơn - Đà Nẵng|Xã Quế Sơn Trung - Đà Nẵng|Xã Sông Kôn - Đà Nẵng|Việc Làm Kỹ Sư Hệ Thống Tại Xã Sông Kôn - Đà Nẵng|Xã Sông Vàng - Đà Nẵng|Xã Sơn Cẩm Hà - Đà Nẵng|Xã Tam Anh - Đà Nẵng|Việc Làm Kỹ Sư Hệ Thống Tại Xã Tam Anh - Đà Nẵng|Xã Tam Hải - Đà Nẵng|Việc Làm Kỹ Sư Hệ Thống Tại Xã Tam Hải - Đà Nẵng|Xã Tam Mỹ - Đà Nẵng|Việc Làm Kỹ Sư Hệ Thống Tại Xã Tam Mỹ - Đà Nẵng|Xã Tam Xuân - Đà Nẵng|Việc Làm Kỹ Sư Hệ Thống Tại Xã Tam Xuân - Đà Nẵng|Xã Thu Bồn - Đà Nẵng|Việc Làm Kỹ Sư Hệ Thống Tại Xã Thu Bồn - Đà Nẵng|Xã Thăng An - Đà Nẵng|Việc Làm Kỹ Sư Hệ Thống Tại Xã Thăng An - Đà Nẵng|Xã Thăng Bình - Đà Nẵng|Xã Thăng Phú - Đà Nẵng|Xã Thăng Trường - Đà Nẵng|Xã Thăng Điền - Đà Nẵng|Xã Thượng Đức - Đà Nẵng|Xã Thạnh Bình - Đà Nẵng|Xã Thạnh Mỹ - Đà Nẵng|Việc Làm Kỹ Sư Hệ Thống Tại Xã Thạnh Mỹ - Đà Nẵng|Xã Tiên Phước - Đà Nẵng|Xã Trà Giáp - Đà Nẵng|Việc Làm Kỹ Sư Hệ Thống Tại Xã Trà Giáp - Đà Nẵng|Xã Trà Leng - Đà Nẵng|Việc Làm Kỹ Sư Hệ Thống Tại Xã Trà Leng - Đà Nẵng|Xã Trà Linh - Đà Nẵng|Việc Làm Kỹ Sư Hệ Thống Tại Xã Trà Linh - Đà Nẵng|Xã Trà Liên - Đà Nẵng|Việc Làm Kỹ Sư Hệ Thống Tại Xã Trà Liên - Đà Nẵng|Xã Trà My - Đà Nẵng|Việc Làm Kỹ Sư Hệ Thống Tại Xã Trà My - Đà Nẵng|Xã Trà Tân - Đà Nẵng|Việc Làm Kỹ Sư Hệ Thống Tại Xã Trà Tân - Đà Nẵng|Xã Trà Tập - Đà Nẵng|Việc Làm Kỹ Sư Hệ Thống Tại Xã Trà Tập - Đà Nẵng|Xã Trà Vân - Đà Nẵng|Việc Làm Kỹ Sư Hệ Thống Tại Xã Trà Vân - Đà Nẵng|Xã Trà Đốc - Đà Nẵng|Việc Làm Kỹ Sư Hệ Thống Tại Xã Trà Đốc - Đà Nẵng|Xã Tân Hiệp - Đà Nẵng|Việc Làm Kỹ Sư Hệ Thống Tại Xã Tân Hiệp - Đà Nẵng|Xã Tây Giang - Đà Nẵng|Xã Tây Hồ - Đà Nẵng|Việc Làm Kỹ Sư Hệ Thống Tại Xã Tây Hồ - Đà Nẵng|Xã Việt An - Đà Nẵng|Việc Làm Kỹ Sư Hệ Thống Tại Xã Việt An - Đà Nẵng|Xã Vu Gia - Đà Nẵng|Việc Làm Kỹ Sư Hệ Thống Tại Xã Vu Gia - Đà Nẵng|Xã Xuân Phú - Đà Nẵng|Việc Làm Kỹ Sư Hệ Thống Tại Xã Xuân Phú - Đà Nẵng|Xã Điện Bàn Tây - Đà Nẵng|Xã Đông Giang - Đà Nẵng|Xã Đại Lộc - Đà Nẵng|Việc Làm Kỹ Sư Hệ Thống Tại Xã Đại Lộc - Đà Nẵng|Xã Đắc Pring - Đà Nẵng|Xã Đồng Dương - Đà Nẵng|Xã Đức Phú - Đà Nẵng|Việc Làm Kỹ Sư Hệ Thống Tại Xã Đức Phú - Đà Nẵng|Đặc Khu Hoàng Sa - Đà Nẵng|Đặc Khu Phú Quốc - An Giang|1 Năm Kinh Nghiệm|Cao Đẳng Trở Lên|Tích Hợp Hệ Thống|Viễn Thông|Điện / Điện Tử / Điện Lạnh|Điện/Điện Tử/Viễn Thông|Điện Tử/Phần Cứng,Khánh Hòa,25000000,25000000,full-time,any,1,high,"Mô tả công việc 1.1. Nghiên cứu & Phát triển công nghệ (R&D) - Nghiên cứu công nghệ mới trong lĩnh vực ELV, viễn thông, IoT, AI, Big Data. - Đề xuất các mô hình ứng dụng công nghệ vào hệ thống kỹ thuật. - Đánh giá tính khả thi và hiệu quả của giải pháp trước khi triển khai. 1.2. Tích hợp hệ thống - Cài đặt và tích hợp, T&C các hệ thống trong hệ thống điện nhẹ như Mạng, điện thoại, âm thanh, BMS, Access Control, AV, Camera giám sát... - Xử lý sự cố, cập nhật thông tin và khôi phục dịch vụ của khách hàng trong thời gian cam kết chất lượng dịch vụ. - Phân tích, phối hợp và giải quyết các nguyên nhân gốc rễ của vấn đề. - Tạo, thực hiện và hoàn tất tài liệu trong các thay đổi được cho phép. Bên cạnh đó, tham gia vào các cuộc họp CAB (Change Advisory Board) khi được yêu cầu. - Thử nghiệm và cập nhật công việc sửa, vá, xử lý lỗi để chắc chắn hệ thống khách hàng hoạt động và ổn định. - Chủ động làm việc với các đội kinh doanh, về mặt kỹ thuật, để đưa ra các đề xuất và thuyết phục khách hàng hướng hệ thống đáp ứng các tiêu chuẩn thiết kế và các giải pháp liên tục hoàn thiện. - Tự học và đề xuất các khoá học có giá trị (kỹ năng mềm và kỹ thuật chuyên ngành) và các xu hướng công nghệ đến cấp quản lý. - Tình nguyện thực hiện các buổi huấn luyện nội bộ và làm việc với tinh thần chia sẻ kiến thức. - Tuân thủ tự nguyện các nguyên tắc Đối thoại, Phản hồi và Ghi nhận liên tục để xây dựng văn hoá công ty. - Liên hệ và kết nối với các đối tác thứ 3 trong các tình huống khẩn cấp. - Tham gia vào quá trình chuyển giao để đưa dịch vụ vào trạng thái vận hành. - Hỗ trợ và đóng góp cho các dự án đang thực thi khi được yêu cầu. 1.3. Tư vấn thiết kế giải pháp CNTT & viễn thông - Tư vấn Thiết kế giải pháp CNTT và viễn thông cho các dự án. - Đề xuất sơ đồ kiến trúc hệ thống, kết nối mạng, giao thức truyền thông. - Triển khai giải pháp xây dựng tài liệu kỹ thuật. 1.4. Bảo mật & Tối ưu hệ thống - Nghiên cứu bảo mật cho các hệ thống ELV: mã hóa, phân quyền truy cập, bảo vệ dữ liệu. - Đánh giá hiệu suất , tối ưu hạ tầng để đảm bảo hệ thống hoạt động ổn định. - Kiểm tra, thử nghiệm và đánh giá rủi ro an toàn thông tin. 1.5. Phối hợp triển khai & hỗ trợ dự án - Làm việc cùng nhóm thiết kế, PM, triển khai tại văn phòng hoặc công trường. - Kiểm tra cấu hình thiết bị, test hệ thống, xử lý lỗi trong quá trình nghiệm thu. - Tham gia dự án xa. - Thực hiện các nhiệm vụ bổ sung từ quản lý. Yêu cầu ứng viên - Tốt nghiệp CĐ/ĐH: Điện, Điện tử Viễn thông, CNTT, Tự động hóa. - Đối với ứng viên chưa có kinh nghiệm sẽ được đào tạo - Ưu tiên ứng viên có tối thiểu 01 năm kinh nghiệm với hệ thống ELV. - Am hiểu hệ thống ELV: CCTV, Access Control, BMS, PA, IoT, AV... - Ưu tiên ứng viên Có kiến thức về hệ thống Cloud, Edge Computing, AIoT. - Tư duy R&D tốt, ưu tiên ứng viên sẵn sàng đi dự án xa. - Kiến thức chuyên môn o VMWare, Microsoft Hyper-V, HCI o Cloud provider: Azure, AWS, Google... o Physical hardware: IBM, Dell, HP, Cisco or other servers with console technologies, such as: IMM, iDRAC, iLO...",other,TopCV,https://www.topcv.vn/viec-lam/ky-su-he-thong-system-engineer-luong-den-25-trieu/2109630.html?ta_source=JobSearchList_LinkDetail&u_sr_id=Lpk2rmhPrDnYi8ls5oc2QZEok5KkehQdT7fWFN1h_1776178885,2026-04-14T22:06:18.446998
scraped_topcv_00030,"Game Designer (Upto 30M Net, Upto 17 Tháng Lương)",CÔNG TY TNHH CÔNG NGHỆ ONETAP VIỆT NAM,Xem Chi Tiết Yêu Cầu|Xem Chi Tiết Quyền Lợi|Hà Nội|Việc Làm Game Designer Tại Hà Nội|Phường Đại Mỗ - Hà Nội|Việc Làm Game Designer Tại Phường Đại Mỗ - Hà Nội|3 Năm Kinh Nghiệm|Đại Học Trở Lên|Nghỉ Thứ 7|Game Design|Công Nghệ Thông Tin|Thiết Kế|Game Development|Nghệ Thuật/Hoạt Hình/Game|Việc Làm It,Hà Nội,20000000,30000000,full-time,any,3,high,"Mô tả công việc - Phát triển ý tưởng game: Tham gia vào quá trình đề xuất và phát triển ý tưởng game mới phù hợp với định hướng thị trường và người chơi mục tiêu. - Thiết kế gameplay: Xây dựng hệ thống gameplay, cơ chế chiến đấu, tương tác, hệ thống kỹ năng, nhiệm vụ, phần thưởng, cấp độ... - Viết tài liệu thiết kế: Soạn thảo và cập nhật các tài liệu như GDD (Game Design Document), level design, economy balance, character design, UI flow... - Làm việc với các nhóm liên quan: Phối hợp chặt chẽ với artist, developer, tester để đảm bảo thiết kế được triển khai chính xác và hiệu quả. - Thử nghiệm và tinh chỉnh: Tham gia playtest, phân tích dữ liệu người chơi và điều chỉnh gameplay để tăng tính hấp dẫn, thử thách và giữ chân người chơi. - Nghiên cứu và cập nhật xu hướng: Theo dõi các xu hướng thiết kế game trong và ngoài nước để áp dụng vào sản phẩm một cách sáng tạo. Yêu cầu ứng viên - Có từ 03 năm kinh nghiệm ở vị trí tương đương. Ưu tiên có kinh nghiệm thiết kế meta-layer cho Game. - Am hiểu về lý thuyết game, hệ thống progression, balancing, economy và UX. Có khả năng làm wireframe và hướng dẫn dev xử lý các vấn đề liên quan đến UX. - Kỹ năng viết tài liệu thiết kế rõ ràng, logic và dễ hiểu. - Kinh nghiệm sử dụng các công cụ hỗ trợ như Unity, Unreal Engine, Figma, Miro, Google Sheets/Excel. - Khả năng tư duy phân tích, giải quyết vấn đề và xử lý feedback hiệu quả. - Sáng tạo, đam mê game và yêu thích khám phá các thể loại game khác nhau. - Chủ động, cầu tiến, có trách nhiệm với công việc và deadline. Quyền lợi - Lương 20-30M - Thưởng lễ Tết, sinh nhật, lương tháng thứ 13,... - Thu nhập lên tới 15-17+ tháng lương 1 năm - Du lịch 1-2 lần/năm, teambuilding hàng quý - Phép được quy đổi sang tiền lương ngày công nếu cuối năm không dùng hết - Sau khi ký HĐLĐ chính thức, tham gia BHXH, BHYT, BHTN theo quy định của nhà nước. - Hưởng các chế độ phúc lợi khác theo quy định của Công ty. - Môi trường làm việc trẻ trung năng động, chuyên nghiệp, cực kỳ yêu thích Game. - Cơ hội học hỏi phát triển bản thân, nâng cao năng lực dưới sự support của Leader giỏi có kinh nghiệm phát triển game thị trường - Tham gia vào đội bóng đá, cầu lông, bida cuối giờ - Review tăng lương sau 6 tháng Địa điểm làm việc (đã được cập nhật theo Danh mục Hành chính mới - thêm quận/huyện cũ tương ứng để dễ dàng tra cứu) - Hà Nội: Tầng 5, Tòa A3, Tòa Ecolife, 58 Tố Hữu, Phường Đại Mỗ (quận Nam Từ Liêm cũ) Thời gian làm việc Thứ 2 - Thứ 6 (từ 08:30 đến 17:30) 8h30 - 17h30 (nghỉ trưa 1h30), từ thứ 2 - thứ 6 Cách thức ứng tuyển Ứng viên nộp hồ sơ trực tuyến bằng cách bấm Ứng tuyển ngay dưới đây.",other,TopCV,https://www.topcv.vn/viec-lam/game-designer-upto-30m-net-upto-17-thang-luong/2102172.html?ta_source=JobSearchList_LinkDetail&u_sr_id=Lpk2rmhPrDnYi8ls5oc2QZEok5KkehQdT7fWFN1h_1776178885,2026-04-14T22:06:18.447979
scraped_topcv_00031,Chuyên Viên Phân Tích Nghiệp Vụ (BA),CÔNG TY TNHH GIẢI PHÁP CÔNG NGHỆ MIGI,Xem Chi Tiết Yêu Cầu|Xem Chi Tiết Quyền Lợi|Giao Tiếp|Phân Tích Nghiệp Vụ|Thu Thập Yêu Cầu|Kiến Thức Về Ngành|Hiểu Biết Về Agile Scrum|Hà Nội|Phường Nghĩa Đô - Hà Nội|3 Năm Kinh Nghiệm|Đại Học Trở Lên|Nghỉ Thứ 7|Business Analyst (Phân Tích Nghiệp Vụ)|It - Phần Mềm|Công Nghệ Thông Tin|Product Management|Việc Làm It,Hà Nội,12000000,30000000,full-time,any,3,high,"Mô tả công việc Làm việc trực tiếp với Khách hàng: Khảo sát, phân tích hiện trạng hệ thống hoặc quy trình nghiệp vụ của khách hàng; Là cầu nối giữa khách hàng và đội kỹ thuật, thu thập và phân tích yêu cầu nghiệp vụ; Làm rõ yêu cầu, đề xuất giải pháp và xây dựng tài liệu kỹ thuật: BRD (Business Requirement Document), URD (User Requirement Document), SRS (Software Requirements Specification), Use case, wireframe, flow chart...; Làm việc với đội phát triển (Developer, Tester, Designer...) để chuyển giao yêu cầu, hỗ trợ giải thích nghiệp vụ trong suốt dự án; Hỗ trợ test, nghiệm thu, UAT và đào tạo người dùng cuối; Tham gia quản lý thay đổi yêu cầu trong quá trình phát triển dự án và kiểm soát phạm vi dự án; Onsite làm việc với khách hàng khi có yêu cầu dự án; Thực hiện Nội quy Công ty; Các nhiệm vụ khác được thỏa thuận giữa nhân viên và Công ty trong quá trình làm việc. Yêu cầu ứng viên Có từ 3 - 5 năm kinh nghiệm ở vị trí BA trong các dự án phần mềm/web/app; Tốt nghiệp đại học chuyên ngành Công nghệ thông tin, Hệ thống thông tin quản lý kinh tế hoặc tương đương...; Có khả năng đọc hiểu, truy vấn cơ bản và làm việc với cơ sở dữ liệu (SQL) để kiểm tra dữ liệu, hỗ trợ phân tích nghiệp vụ; Ưu tiên ứng viên đã từng làm việc với các hệ quản trị cơ sở dữ liệu như MySQL, PostgreSQL, SQL Server hoặc Oracle; Có kiến thức về mô hình hóa nghiệp vụ; Ưu tiên có kinh nghiệm làm việc với mô hình Agile/Scrum ; Thành thạo các công cụ vẽ diagram, mockup (Figma, Axure...); Có kỹ năng phân tích logic và giải quyết vấn đề tốt; Kỹ năng viết tài liệu rõ ràng, có hệ thống; Chăm chỉ, nhanh nhẹn, chủ động trong công việc; Chủ động, sẵn sàng học hỏi và có trách nhiệm cao trong công việc. Quyền lợi Lương : 12.000.000 - 30.000.000 VNĐ/tháng + Lương tháng thứ 13; Làm việc trong môi trường thoải mái, thân thiện, quy trình chuẩn, người hướng dẫn có chuyên môn cao; Đánh giá định kỳ 2 lần/năm, xét tăng lương theo năng lực; Đảm bảo quyền lợi và các chế độ đảm bảo quyền lợi cho người lao động; Định hướng phát triển kỹ năng cho nhân viên; Nhiều chương trình training, du lịch, team buiding tháng/quý/năm; Tham gia CLB Bóng đá, Billiard và Tiếng Anh của Công ty, ... Địa điểm làm việc (đã được cập nhật theo Danh mục Hành chính mới - thêm quận/huyện cũ tương ứng để dễ dàng tra cứu) - Hà Nội: Số 1 Phùng Chí Kiên - Nghĩa Đô, Phường Nghĩa Đô (quận Bắc Từ Liêm, quận Cầu Giấy cũ) Thời gian làm việc Thứ 2 - Thứ 6 (từ 08:30 đến 17:30) Cách thức ứng tuyển Ứng viên nộp hồ sơ trực tuyến bằng cách bấm Ứng tuyển ngay dưới đây.",other,TopCV,https://www.topcv.vn/viec-lam/chuyen-vien-phan-tich-nghiep-vu-ba/2112420.html?ta_source=JobSearchList_LinkDetail&u_sr_id=Lpk2rmhPrDnYi8ls5oc2QZEok5KkehQdT7fWFN1h_1776178885,2026-04-14T22:06:18.448939
scraped_topcv_00032,Phân Tích Nghiệp Vụ ( BA ) - Senior / Business Analyst _Thu Nhập Upto 40.000.000 Tại Hà Nội,CÔNG TY CỔ PHẦN CÔNG NGHỆ EDUFY,Xem Chi Tiết Yêu Cầu|Hà Nội|Việc Làm Phân Tích Nghiệp Vụ Tại Hà Nội|Phường Phú Diễn - Hà Nội|3 Năm Kinh Nghiệm|Cao Đẳng Trở Lên|Business Analyst (Phân Tích Nghiệp Vụ)|It - Phần Mềm|Giáo Dục / Đào Tạo|Công Nghệ Thông Tin|Product Management|Việc Làm It,Thanh Hóa,0,40000000,full-time,any,3,high,"Mô tả công việc a. Mô tả công việc - Tiếp nhận yêu cầu từ khách hàng: Khảo sát, tư vấn và thống nhất nghiệp vụ với khách hàng - Xây dựng tài liệu đặc tả yêu cầu phần mềm theo nhiều hình thức: Tài liệu mô tả, tài liệu thiết kế giao diện mẫu (prototype) và các tài liệu liên quan khác - Diễn giải (Transfer) nghiệp vụ phần mềm cho các thành viên trong team dự án - Quản lý các thành viên được giao phụ trách: Phân chia công việc và theo dõi tiến độ thực hiện của các thành viên, giúp các thành viên xử lý các vấn đề kỹ thuật khó, review tài liệu phân tích nghiệp vụ của các thành viên, đào tạo chuyên môn cho các thành viên, giải quyết các vấn đề và xung đột giữa các thành viên - Tham gia vào việc định hướng phát triển sản phẩm: Nghiên cứu và đề xuất các xu hướng mới, các tính năng mới từ thị trường và đối thủ - Hỗ trợ demo, presale bán hàng Yêu cầu ứng viên - Có kinh nghiệm tối thiểu 03 năm trong công việc BA - Có tư duy phân tích tốt, kỹ năng giao tiếp tốt, nhanh nhẹn, linh hoạt và có tư duy hướng dịch vụ - Tốt nghiệp chuyên ngành CNTT là một lợi thế - Có kinh nghiệm áp dụng AI để tối ưu hiệu suất công việc là một lợi thế - Biết sử dụng các công cụ phục vụ phân tích nghiệp vụ, vẽ mockup (ví dụ Visio, Axure, Figma...) - Biết sử dụng các công cụ phục vụ quản lý công việc và dự án là một lợi thế (Ví dụ Jira, Microsoft Project, Trello...) - Có hiểu biết về HTML, ngôn ngữ truy vấn SQL là lợi thế - Yêu thích công việc BA Quyền lợi - Có cơ hội làm việc với nhiều khách hàng là các Tập đoàn, Doanh nghiệp lớn, tổ chức giáo dục tại Việt Nam. Triển khai dự án thực chiến đến khách hàng thuộc đa dạng nhiều nhóm ngành, nghề - Làm việc trong lĩnh vực Edtech là xu hướng đang thịnh hành và có nhiều tiềm năng bùng nổ trong tương lai - Lương theo thỏa thuận; upto 40M. Phụ cấp theo công việc thực tế. - Thưởng hấp dẫn gồm: Thưởng dự án, thưởng cuối năm theo kết quả công việc - Hưởng đầy đủ chế độ phúc lợi theo luật lao động - Tham gia các hoạt động giao lưu, văn hóa, team building, du lịch... Địa điểm làm việc (đã được cập nhật theo Danh mục Hành chính mới - thêm quận/huyện cũ tương ứng để dễ dàng tra cứu) - Hà Nội: Số 2 Nguyễn Khả Trạc, Phường Phú Diễn (quận Bắc Từ Liêm, quận Cầu Giấy cũ) Cách thức ứng tuyển Ứng viên nộp hồ sơ trực tuyến bằng cách bấm Ứng tuyển ngay dưới đây.",other,TopCV,https://www.topcv.vn/viec-lam/phan-tich-nghiep-vu-ba-senior-business-analyst-thu-nhap-upto-40-000-000-tai-ha-noi/2113165.html?ta_source=JobSearchList_LinkDetail&u_sr_id=Lpk2rmhPrDnYi8ls5oc2QZEok5KkehQdT7fWFN1h_1776178885,2026-04-14T22:06:18.449901
scraped_topcv_00033,Nhân Viên IT,CÔNG TY TNHH FUTURE STAR ENTERTAINMENT,Xem Chi Tiết Yêu Cầu|Kỹ Năng Làm Việc Nhóm|Đà Nẵng|Việc Làm Nhân Viên It Tại Đà Nẵng|Quảng Nam|Việc Làm Nhân Viên It Tại Quảng Nam|Phường Hải Châu - Đà Nẵng|1 Năm Kinh Nghiệm|Đại Học Trở Lên|Từ 25 Tuổi Trở Lên|Nam|It Helpdesk/It Support|It - Phần Cứng Và Máy Tính|Công Nghệ Thông Tin|It Infrastructure And Operations|Việc Làm It,Đà Nẵng,0,0,full-time,any,1,high,"Mô tả công việc Đảm bảo, duy trì hệ thống công nghệ thông tin; kiểm tra sửa chữa các thiết bị phần cứng CNTT, thiết bị văn phòng: máy tính, máy in, wifi, camera nội bộ cho công ty Xác định, chẩn đoán và hỗ trợ người dùng các sự cố về máy tính, tư vấn nâng cấp hệ thống hoặc thiết bị thay thế. Tạo tài khoản , chuẩn bị máy tính cho nhân viên mới (Cần hiểu rõ một số dịch vụ DNS, DHCP , AD, RAID trên windows server 2019 Làm việc với các nhà cung cấp về vấn đề bảo hành, bảo trì các thiết bị công nghệ thông tin. Quản lý, cập nhật nội dung website Quản lý , cấp phát tài sản, thiết bị tại công ty. Đảm bảo hệ thống tòa nhà hoạt động ổn định. Yêu cầu ứng viên Tốt nghiệp Cao đẳng trở lên thuộc Chuyên ngành Công nghệ thông tin, Quản trị mạng. Có ít nhất 01 năm kinh nghiệm ở vị trí tương đương. Kiến thức và khả năng xử lý nhiều vấn đề với máy tính, mạng, phần mềm, phần cứng, server. Ưu tiên ứng viên có chứng chỉ MCSA, PC Troubleshoot, lập trình web. Thái độ, tác phong làm việc nghiêm túc, chỉnh chu và chủ động. Khả năng quản lý thời gian và sắp xếp công việc, đa tác vụ. Quyền lợi Thu nhập: Thỏa thuận. Thời gian làm việc: 8:00 – 17h thứ 2 đến thứ 7 (Thứ 7 tuần thứ 3 được nghỉ); nghỉ Chủ nhật và lễ tết theo quy định. Lương thưởng theo chính sách của công ty: lương tháng 13. Hưởng các chế độ: BHXH, BHYT và nghỉ phép theo quy định Nhà nước. Địa điểm làm việc (đã được cập nhật theo Danh mục Hành chính mới - thêm quận/huyện cũ tương ứng để dễ dàng tra cứu) - Đà Nẵng: Phường Hải Châu (quận Hải Châu cũ) Thời gian làm việc Thứ 2 - Thứ 6 (từ 08:00 đến 17:00) Cách thức ứng tuyển Ứng viên nộp hồ sơ trực tuyến bằng cách bấm Ứng tuyển ngay dưới đây.",other,TopCV,https://www.topcv.vn/viec-lam/nhan-vien-it/2026646.html?ta_source=JobSearchList_LinkDetail&u_sr_id=Lpk2rmhPrDnYi8ls5oc2QZEok5KkehQdT7fWFN1h_1776178885,2026-04-14T22:06:18.450910
scraped_topcv_00034,Art Designer/ Creative Designer(Tiếng Anh Giao Tiếp),CÔNG TY CỔ PHẦN SẢN XUẤT PHIM ĐÔNG NAM,Xem Chi Tiết Yêu Cầu|Xem Chi Tiết Quyền Lợi|Hồ Chí Minh|Việc Làm Tiếng Anh Tại Hồ Chí Minh|Bình Dương|Việc Làm Tiếng Anh Tại Bình Dương|Bà Rịa-Vũng Tàu|Việc Làm Tiếng Anh Tại Bà Rịa-Vũng Tàu|Phường Bình Thạnh - Hồ Chí Minh|1 Năm Kinh Nghiệm|Đại Học Trở Lên|Nghỉ Thứ 7|Thiết Kế Đồ Họa (Graphic Design)|Marketing/Pr/Quảng Cáo|Công Nghệ Thông Tin|Thiết Kế|Quảng Cáo/Sáng Tạo|Software Design|Thiết Kế Đồ Hoạ/Giao Diện/Trải Nghiệm|Việc Làm It,Hồ Chí Minh,0,0,full-time,any,1,high,"Mô tả công việc - Thiết kế key visual, ấn phẩm truyền thông (poster, banner, social post...) - Phát triển concept hình ảnh cho TVC, video quảng cáo - Phối hợp với team sản xuất để đảm bảo hình ảnh đúng định hướng sáng tạo - Tham gia xây dựng moodboard, storyboard cho các dự án Yêu cầu ứng viên - Tốt nghiệp các trường đại học chuyên ngành: Mỹ thuật, Hội hoạ, Kiến trúc hoặc liên quan - Có khả năng nói tiếng Anh với Người nước ngoài - Có kinh nghiệm từ 1 năm ở vị trí tương đương (ưu tiên môi trường agency/production) - Sử dụng tốt các phần mềm thiết kế (Photoshop, Illustrator; biết After Effects là lợi thế) - Có gu thẩm mỹ tốt, tư duy hình ảnh và sáng tạo - Chủ động, trách nhiệm, làm việc nhóm tốt Quyền lợi - Mức lương: Thỏa thuận theo năng lực - Môi trường làm việc sáng tạo, năng động - Tham gia các dự án quảng cáo, TVC thực tế - Thưởng theo dự án + các chế độ khác Địa điểm làm việc (đã được cập nhật theo Danh mục Hành chính mới - thêm quận/huyện cũ tương ứng để dễ dàng tra cứu) - Hồ Chí Minh: 224 đường D5, P25, quận Bình Thạnh, Phường Bình Thạnh (quận Bình Thạnh cũ) Thời gian làm việc Thứ 2 - Thứ 6 (từ 08:00 đến 17:00) Cách thức ứng tuyển Ứng viên nộp hồ sơ trực tuyến bằng cách bấm Ứng tuyển ngay dưới đây.",other,TopCV,https://www.topcv.vn/viec-lam/art-designer-creative-designertieng-anh-giao-tiep/2120047.html?ta_source=JobSearchList_LinkDetail&u_sr_id=Lpk2rmhPrDnYi8ls5oc2QZEok5KkehQdT7fWFN1h_1776178885,2026-04-14T22:06:18.451837
scraped_topcv_00035,Nhân Viên Kinh Doanh Phần Mềm (B2B Sales/Business Development),Công ty TNHH Quản trị số Fastdo,Xem Chi Tiết Yêu Cầu|Xem Chi Tiết Quyền Lợi|Thuyết Trình|Tư Duy Logic|Đàm Phán|Giao Tiếp|Thành Thạo Tin Học Văn Phòng|Kết Quả Kinh Doanh Tốt|Network Trong Lĩnh Vực Chuyển Đổi Số|Hà Nội|Việc Làm Nhân Viên Kinh Doanh Phần Mềm Tại Hà Nội|Phường Đống Đa - Hà Nội|Dưới 1 Năm Kinh Nghiệm|Đại Học Trở Lên|Có Hỗ Trợ Data|Nghỉ Thứ 7|Bảo Hiểm Xã Hội|Kinh Doanh Phần Mềm|It - Phần Mềm|Marketing / Quảng Cáo|B2B|Direct Sales|Online Sales|Kinh Doanh/Bán Hàng|Công Nghệ Thông Tin|Sales It Phần Mềm|Việc Làm It,Hà Nội,25000000,75000000,full-time,any,1,high,"Mô tả công việc Đối tượng tuyển dụng : Junior Business Development: Dành cho ứng viên đã có kinh nghiệm. Fresher/Học việc B2B Sales: Dành cho các bạn sinh viên năm cuối hoặc mới tốt nghiệp Xử lý dữ liệu: Tiếp nhận và sàng lọc khách hàng tiềm năng từ Marketing. Khai thác mới: Chủ động tìm kiếm khách hàng từ network, sự kiện, đối tác. Tư vấn: Thiết lập và thực hiện các cuộc gặp (trực tiếp/online) để tư vấn chuyên sâu về giải pháp Fastdo. Chốt hợp đồng: Ký kết hợp đồng và chăm sóc khách hàng sau bán. Quản lý dữ liệu: Cập nhật tiến độ trên hệ thống và báo cáo cho Trưởng phòng Kinh doanh. Yêu cầu ứng viên Kinh nghiệm: Vị trí Junior: Tối thiểu 6 tháng làm Sales SaaS/phần mềm hoặc 1 năm trong các lĩnh vực khác. Vị trí Fresher: Không yêu cầu kinh nghiệm chuyên sâu, ưu tiên các bạn năng nổ trong hoạt động Đoàn/Hội. Kỹ năng: Tư duy logic, giao tiếp khéo léo, kỹ năng thuyết trình và đàm phán thuyết phục. Thái độ: Thông minh, ham học hỏi, nhiệt huyết và không ngại đối mặt với sự từ chối hay thất bại. Lợi thế: Có kinh nghiệm trong lĩnh vực chuyển đổi số hoặc có kết quả kinh doanh tốt trong quá khứ. Thu nhập Thu nhập khi đạt 100% KPI: 7.5 - 25 triệu VND Thu nhập tính theo tỷ lệ đạt KPI Lương cứng: 7.5 - 9 triệu VND Lương cứng không phụ thuộc doanh số Quyền lợi Thu nhập: Tổng thu nhập lên đến 25.000.000 VNĐ/tháng. Lương cứng: 7,5M - 9M (không phụ thuộc KPI). Hoa hồng: Lên đến 17% doanh thu. Thưởng: Thưởng nóng, thưởng tháng/quý/năm và lương tháng 13. Phát triển:Review lương định kỳ 3 tháng/lần. Lộ trình thăng tiến lên Team Leader/Manager rõ ràng. Được mentor 1:1 bởi quản lý cấp cao và hỗ trợ chi phí khóa học chuyên môn. Môi trường: Trẻ trung, năng động; có các hoạt động Happy Hour hàng tuần, Freshday hàng quý và đầy đủ BHXH. Quyền lợi Bảo hiểm xã hội, Thưởng tháng 13 Địa điểm làm việc (đã được cập nhật theo Danh mục Hành chính mới - thêm quận/huyện cũ tương ứng để dễ dàng tra cứu) - Hà Nội: 36 Đường Láng, Phường Đống Đa (quận Đống Đa cũ) Thời gian làm việc Thứ 2 - Thứ 6 (từ 08:00 đến 12:00) Thứ 2 - Thứ 6 (từ 13:30 đến 17:30) Cách thức ứng tuyển Ứng viên nộp hồ sơ trực tuyến bằng cách bấm Ứng tuyển ngay dưới đây.",sales,TopCV,https://www.topcv.vn/viec-lam/nhan-vien-kinh-doanh-phan-mem-b2b-sales-business-development/2106415.html?ta_source=JobSearchList_LinkDetail&u_sr_id=Lpk2rmhPrDnYi8ls5oc2QZEok5KkehQdT7fWFN1h_1776178885,2026-04-14T22:06:18.453250
scraped_topcv_00037,Backend Developer – AI/ML Ops,Tek Experts Vietnam,Xem Chi Tiết Yêu Cầu|Git|Python|Docker|Kubernetes|Golang|Ci/Cd|Testing|Flask|Fastapi|Node.Js|Restful Apis|Django Rest|Clean Code Practices|Rest Api|Mlops|Monitoring|Apache Airflow|Model Serving|Experiment Tracking|Feature Stores|Hà Nội|Việc Làm Backend Developer Tại Hà Nội|Phường Tây Hồ - Hà Nội|3 Năm Kinh Nghiệm|Cao Học Trở Lên|Tiếng Anh Đọc Hiểu|Backend Developer|It - Phần Mềm|Điện Toán Đám Mây (Cloud)|Công Nghệ Thông Tin|Software Engineering|Việc Làm It,Hà Nội,35000000,45000000,full-time,any,3,high,"Mô tả công việc We are looking for a Backend Developer – AI/ML Ops to join our engineering team in Vietnam. You will work on backend systems that power machine learning pipelines, model serving, and operational tooling, collaborating closely with ML Engineers and Data Scientists to bring AI models into production. This role is ideal for backend engineers who enjoy working close to AI/ML systems and want exposure to modern MLOps practices. What You’ll Do Design, develop, and maintain scalable backend services and APIs for ML workflows Work closely with ML Engineers and Data Scientists to productionize models Automate training and inference pipelines Improve reliability, performance, and observability of backend systems in production Apply strong software engineering practices (testing, CI/CD, code reviews) Yêu cầu ứng viên What We’re Looking For 3–4 years of professional backend development experience Strong proficiency in Python (preferred) Engineers with Golang or Node.js experience who are willing to work mainly in Python are welcome Experience building RESTful APIs using FastAPI or similar frameworks (Flask, Django REST) Solid understanding of software engineering fundamentals: Git, testing, CI/CD, clean code practices Good English communication skills (written & verbal) Nice to Have (Not Mandatory) Experience with Apache Airflow or other workflow orchestration tools Working knowledge of Docker & Kubernetes Exposure to MLOps concepts such as: Model serving Experiment tracking Feature stores Monitoring Quyền lợi Work Arrangement & Benefits · Work primarily from our Vietnam office, with flexibility to work from home occasionally. · No weekend work – standard weekday schedule. · Competitive salary range aligned with market standards. · Opportunity to work closely with AI/ML systems in a production environment. · Collaborative, engineering-driven culture with strong learning opportunities. Địa điểm làm việc (đã được cập nhật theo Danh mục Hành chính mới - thêm quận/huyện cũ tương ứng để dễ dàng tra cứu) - Hà Nội: Phường Tây Hồ (quận Tây Hồ cũ) Cách thức ứng tuyển Ứng viên nộp hồ sơ trực tuyến bằng cách bấm Ứng tuyển ngay dưới đây.",other,TopCV,https://www.topcv.vn/viec-lam/backend-developer-ai-ml-ops/2121581.html?ta_source=JobSearchList_LinkDetail&u_sr_id=Lpk2rmhPrDnYi8ls5oc2QZEok5KkehQdT7fWFN1h_1776178885,2026-04-14T22:06:18.456093
scraped_topcv_00039,"Kỹ Sư Cầu Nối (Bridge Engineer - BrSE), Thu Nhập Từ 35- 50 Triệu+ Thưởng, Tại Hà Nội, Đi Làm Ngay",CÔNG TY CỔ PHẦN TẬP ĐOÀN GIẢI PHÁP SAO MAI,Xem Chi Tiết Yêu Cầu|Xem Chi Tiết Quyền Lợi|Kỹ Năng Giao Tiếp|Kỹ Năng Đàm Phán|Cơ Khí|Kỹ Năng Giải Quyết Vấn Đề|Tiếng Nhật (N2 Trở Lên)|Tư Vấn|Đàm Phán|Giao Tiếp Khách Hàng|Điều Phối|Kết Nối|Kỹ Năng Đối Ngoại|Hà Nội|Việc Làm Kỹ Sư Cầu Nối Tại Hà Nội|Phường Yên Hòa - Hà Nội|3 Năm Kinh Nghiệm|Đại Học Trở Lên|Tuổi 30 - 45|Nam|Tiếng Nhật Jlpt N2|Nghỉ Thứ 7|Kỹ Sư Cầu Nối Brse|It - Phần Cứng Và Máy Tính|Công Nghệ Kỹ Thuật|Cơ Khí / Tự Động Hóa|Công Nghệ Thông Tin|It Project Management|Việc Làm It,Thanh Hóa,0,35000000,full-time,any,3,high,"Mô tả công việc Kết nối & Điều phối: Là đầu mối liên lạc chính giữa khách hàng (Nhật Bản/Đa quốc gia) và đội ngũ kỹ thuật nội bộ. Tiếp nhận, phân tích và chuyển giao yêu cầu về giải pháp Smart Factory, IoT và hệ thống tự động hóa. Tư vấn giải pháp: Tham gia vào quá trình khảo sát hiện trạng nhà máy, tư vấn giải pháp kỹ thuật, thiết kế sơ bộ hệ thống (Mechanical/System Design) và lập trình giải pháp mẫu. Quản trị dự án: Theo dõi tiến độ, kiểm soát chất lượng dự án từ giai đoạn thiết kế đến lắp đặt và chuyển giao tại nhà máy. Thương thảo & Đàm phán: Tham gia các buổi họp kỹ thuật, thương thảo hợp đồng, giải quyết các vấn đề phát sinh với đối tác bằng tiếng Nhật/Tiếng Anh. Đối ngoại & Tiếp khách: Trực tiếp lái xe đưa đón chuyên gia, khách hàng đi thăm nhà máy; tổ chức và tham gia các buổi tiệc tiếp khách, xây dựng mối quan hệ bền chặt với đối tác. Yêu cầu ứng viên Ngoại ngữ: Tiếng Nhật: Trình độ N2 trở lên (Giao tiếp thành thạo, đọc hiểu tài liệu kỹ thuật chuyên sâu). Tiếng Anh: Sử dụng tốt trong công việc (Đọc tài liệu, giao tiếp cơ bản với các hãng thiết bị quốc tế) 2. Kinh nghiệm: Ứng viên có độ tuổi từ 30- 45 tuổi. Có kinh nghiệm trong vị trí CTO với định hướng công nghệ trong lĩnh vực ML, DL, AI, Camera Vision. Có 2-3 năm kinh nghiệm làm việc tại các tập đoàn đa quốc gia (MNC), các hãng tự động hóa lớn hoặc các công ty cung cấp thiết bị công nghiệp hàng đầu. Từng sống, học tập hoặc làm việc tại Nhật Bản là một lợi thế cực lớn. 3. Kỹ thuật: Có nền tảng kiến thức tốt về Cơ khí, Tự động hóa hoặc Công nghệ thông tin. Biết lập trình cơ bản. Biết sử dụng các phần mềm thiết kế (AutoCAD, SolidWorks hoặc tương đương). 4. Kỹ năng mềm Kỹ năng giao tiếp, đàm phán và thuyết phục xuất sắc. Có tư duy dịch vụ khách hàng, không ngại việc tiếp khách và thiết lập quan hệ. Có bằng lái xe B2 và sẵn sàng lái xe đi công tác/tiếp khách. Thái độ: Nhiệt huyết, đam mê công nghệ, có tinh thần trách nhiệm cao (""Ownership"") và chịu được áp lực công việc cuối năm/dự án gấp. Quyền lợi Thu nhập: Lương cứng từ 35-50 triệu VNĐ + Thưởng dự án + Thưởng hiệu suất. Được đóng BHXH, BHYT và BHTN theo quy định của Nhà nước Đãi ngộ: Phí tiếp khách, công tác phí, chế độ chăm sóc sức khỏe định kỳ. Môi trường: Làm việc trực tiếp với các chuyên gia hàng đầu và công nghệ tiên tiến nhất về Industry 4.0. Cơ hội: Thăng tiến lên các vị trí quản lý cấp cao hoặc Giám đốc dự án (CTO). Địa điểm làm việc (đã được cập nhật theo Danh mục Hành chính mới - thêm quận/huyện cũ tương ứng để dễ dàng tra cứu) - Hà Nội: Tòa nhà Ihome, số 25 Nguyễn Quốc Trị, Phường Yên Hòa (quận Cầu Giấy cũ) Thời gian làm việc Thứ 2 - Thứ 6 (từ 08:30 đến 17:30) Cách thức ứng tuyển Ứng viên nộp hồ sơ trực tuyến bằng cách bấm Ứng tuyển ngay dưới đây.",other,TopCV,https://www.topcv.vn/viec-lam/ky-su-cau-noi-bridge-engineer-brse-thu-nhap-tu-35-50-trieu-thuong-tai-ha-noi-di-lam-ngay/2085094.html?ta_source=JobSearchList_LinkDetail&u_sr_id=Lpk2rmhPrDnYi8ls5oc2QZEok5KkehQdT7fWFN1h_1776178885,2026-04-14T22:06:18.458834
scraped_topcv_00040,"Concept Artist (Game/VR) – Salary 20–25 Million VND | District 7, Ho Chi Minh City",CÔNG TY TNHH SERVICE ONE GLOBAL,Xem Chi Tiết Yêu Cầu|Hồ Chí Minh|Việc Làm Artist Tại Hồ Chí Minh|Bình Dương|Việc Làm Artist Tại Bình Dương|Bà Rịa-Vũng Tàu|Việc Làm Artist Tại Bà Rịa-Vũng Tàu|Phường Tân Mỹ - Hồ Chí Minh|Việc Làm Artist Tại Phường Tân Mỹ - Hồ Chí Minh|1 Năm Kinh Nghiệm|Cao Đẳng Trở Lên|Concept Artist|Game|Công Nghệ Thông Tin|Thiết Kế|Game Development|Nghệ Thuật/Hoạt Hình/Game|Việc Làm It,Hồ Chí Minh,20000000,25000000,full-time,any,1,high,"Mô tả công việc Jmancurly is the 1 VR YouTube channel in the world - 5M+ subscribers, 2.5B+ views, and 100M+ views per month. Our cinematic 3D animations are a signature part of what makes this channel legendary. They open videos, tell stories, and set the tone for everything we do. - Conceptual Creation and Exploration - Produce illustrations, sketches, and mood boards to define the unique visual identity of projects. - Develop detailed concepts for characters, props, and environments. - Propose innovative visual ideas and experiment with different styles to enrich and expand the game universe. - Cross-Team Collaboration - Work closely with the Art Direction to ensure concepts respect the studio’s visual pillars. - Collaborate with programmers and designers to guarantee that visual concepts effectively serve gameplay and immersion. Yêu cầu ứng viên - Degree in Digital Art, Game Design, Illustration, or a related field. Technical Skills: - Expert mastery of digital drawing tools (Photoshop, Procreate, etc.). Professional Skills: - Strong creativity and the ability to adapt to various graphic styles. - Excellent understanding of color, composition, and lighting. - Keen interest in VR/MR and its specific visual challenges. - Strong collaborative spirit and the ability to receive and integrate constructive feedback. Quyền lợi - Global Reach: Work with elite artists performing in the world’s most beautiful luxury destinations. - True Ownership: Take a senior role with direct impact on a growing international entertainment brand. - Impactful Work: Build the systems that support world-class performers and shape our global community. - Purpose-Driven: Contribute to a mission bigger than yourself—creating happiness through music. - Competitive mid-level Asia salary based on experience and capability. Địa điểm làm việc (đã được cập nhật theo Danh mục Hành chính mới - thêm quận/huyện cũ tương ứng để dễ dàng tra cứu) - Hồ Chí Minh: Phú Mỹ Hưng, Phường Tân Mỹ (Quận 7 cũ) Thời gian làm việc Monday – Friday | 9:00 AM – 5:00 PM Cách thức ứng tuyển Ứng viên nộp hồ sơ trực tuyến bằng cách bấm Ứng tuyển ngay dưới đây.",other,TopCV,https://www.topcv.vn/viec-lam/concept-artist-game-vr-salary-2025-million-vnd-district-7-ho-chi-minh-city/2061991.html?ta_source=JobSearchList_LinkDetail&u_sr_id=Lpk2rmhPrDnYi8ls5oc2QZEok5KkehQdT7fWFN1h_1776178885,2026-04-14T22:06:18.459932
scraped_topcv_00041,Chuyên Viên Telesales - Lương Trung Bình Upto 20 Triệu Đến Không Giới Hạn - Bình Thạnh (TPHCM),Công Ty TNHH NASYS,Xem Chi Tiết Yêu Cầu|Xem Chi Tiết Quyền Lợi|Hồ Chí Minh|Việc Làm Telesales Tại Hồ Chí Minh|Bình Dương|Việc Làm Telesales Tại Bình Dương|Bà Rịa-Vũng Tàu|Việc Làm Telesales Tại Bà Rịa-Vũng Tàu|Phường Bình Thạnh - Hồ Chí Minh|Dưới 1 Năm Kinh Nghiệm|Cao Đẳng Trở Lên|Có Hỗ Trợ Data|Bảo Hiểm Xã Hội|Du Lịch Hàng Năm|Kinh Doanh Phần Mềm|It - Phần Mềm|Marketing / Quảng Cáo|B2B|B2C|Telesales|Kinh Doanh/Bán Hàng|Công Nghệ Thông Tin|Sales It Phần Mềm|Việc Làm It,Hồ Chí Minh,20000000,20000000,full-time,any,1,high,"Mô tả công việc - Tiếp nhận và xử lý data khách hàng từ Marketing (data nóng, data quan tâm đến sản phẩm). - Gọi điện tư vấn cho khách hàng về phần mềm quản lý bán hàng của công ty (cho mô hình quán cafe, nhà hàng, cửa hàng bán lẻ, bida, spa, v.v.). - Giải thích tính năng, lợi ích và hướng dẫn khách hàng dùng thử. - Chốt đơn trên điện thoại hoặc hẹn khách gặp demo trực tiếp. - Theo dõi khách hàng tiềm năng và chăm sóc sau bán để duy trì hợp đồng/nâng cấp gói dịch vụ. - Cập nhật thông tin khách hàng vào hệ thống CRM và báo cáo kết quả cho quản lý. Yêu cầu ứng viên - Kinh nghiệm: Ưu tiên có kinh nghiệm telesale, sale online, CSKH qua điện thoại là lợi thế. - Kỹ năng giao tiếp tốt, giọng nói rõ ràng, không nói ngọng/nói lắp. - Kỹ năng lắng nghe và xử lý từ chối của khách hàng. - Thành thạo tin học văn phòng cơ bản. Thu nhập Thu nhập: 10 - 20 triệu VND Lương cứng: 6 - 8 triệu VND Lương cứng không phụ thuộc doanh số Quyền lợi • Lương cứng: 6,000,000 – 8,000,000/ tháng (tùy năng lực) + hoa hồng hấp dẫn. • Thu nhập trung bình: 10,000,000 – 20,000,000/ tháng trở lên đến không giới hạn theo doanh số mang về. • Được đào tạo kỹ năng telesale và kiến thức sản phẩm trước khi làm việc. • Cơ hội thăng tiến lên Trưởng nhóm Telesale / Sale Leader. • Thưởng tháng, quý, năm; thưởng nóng theo hiệu quả công việc. • Môi trường làm việc năng động, chuyên nghiệp, có hỗ trợ data khách hàng. Quyền lợi Bảo hiểm xã hội, Du lịch hàng năm, Bảo hiểm sức khỏe, Khám sức khỏe định kỳ, Phụ cấp thâm niên, Thưởng tháng 13, Bảo hiểm sức khỏe ngưởi thân, Thưởng hiệu quả làm việc, Team building Địa điểm làm việc (đã được cập nhật theo Danh mục Hành chính mới - thêm quận/huyện cũ tương ứng để dễ dàng tra cứu) - Hồ Chí Minh: 102 Nguyễn Xí, Phường Bình Thạnh (quận Bình Thạnh cũ) Thời gian làm việc Thứ 2 - Thứ 7 (từ 08:00 đến 17:00) Thứ 7 làm cách tuần (tuần 1 và tuần 3 của tháng) Cách thức ứng tuyển Ứng viên nộp hồ sơ trực tuyến bằng cách bấm Ứng tuyển ngay dưới đây.",sales,TopCV,https://www.topcv.vn/viec-lam/chuyen-vien-telesales-luong-trung-binh-upto-20-trieu-den-khong-gioi-han-binh-thanh-tphcm/2112035.html?ta_source=JobSearchList_LinkDetail&u_sr_id=Lpk2rmhPrDnYi8ls5oc2QZEok5KkehQdT7fWFN1h_1776178885,2026-04-14T22:06:18.461151
scraped_topcv_00042,IOS Developer - Swift,CÔNG TY CỔ PHẦN TOH GROUP,Xem Chi Tiết Yêu Cầu|Github|Ios|Swift|Xcode|Auto Layout|Realm|Firebase|Unit Testing|Swiftui|Design Patterns (Mvc|Mvvm|Viper)|Hà Nội|Việc Làm Ios Developer Tại Hà Nội|Phường Đại Mỗ - Hà Nội|Việc Làm Ios Developer Tại Phường Đại Mỗ - Hà Nội|3 Năm Kinh Nghiệm|Cao Đẳng Trở Lên|Tuổi 25 - 35|Nam|Tiếng Anh Đọc Hiểu|Mobile Developer|It - Phần Mềm|Công Nghệ Thông Tin|Software Engineering|Việc Làm It,Hà Nội,0,0,full-time,any,3,high,"Mô tả công việc Tham gia vào việc phát triển các ứng dụng di động trên nền tảng iOS. Tối ưu hóa hiệu suất (performance, memory) và đảm bảo ứng dụng tương thích với các phiên bản iOS khác nhau. Phối hợp chặt chẽ với các thành viên khác trong team cũng như các team khác, bao gồm thiết kế, tester,... Sửa lỗi và cải tiến ứng dụng dựa trên phản hồi người dùng. Quản lý mã nguồn bằng các công cụ như Git, đảm bảo quy trình làm việc chuẩn và hiệu quả. Yêu cầu ứng viên Tốt nghiệp các trường Đại học chuyên ngành Công nghệ thông tin. Có ít nhất 3 năm kinh nghiệm trong lĩnh vực phát triển iOS app. Có kiến thức vững về OOP và các design pattern. Kinh nghiệm làm việc với các API, web service (REST, JSON), Realm database. Xử lý tốt UI sử dùng Auto layout. Kinh nghiệm sử dụng các công cụ quản lý phiên bản như Git. Có khả năng làm việc độc lập và làm việc nhóm tốt. Có khả năng đọc hiểu tài liệu kỹ thuật bằng tiếng Anh. Có kinh nghiệm trong việc tối ưu hóa hiệu suất và bộ nhớ của ứng dụng. Hiểu biết về quy trình phát triển ứng dụng di động và các best practices. Quyền lợi Chế độ đãi ngộ: Lương cạnh tranh, theo chuyên môn và kinh nghiệm Thưởng hàng tháng theo hiệu quả công việc. Thưởng các ngày lễ, Tết; thưởng đột xuất khác Phụ cấp: phụ cấp ăn trưa, điện thoại, đi lại; phụ cấp trách nhiệm Phúc lợi xã hội: bảo hiểm xã hội, bảo hiểm y tế Sức khỏe & đời sống văn hóa tinh thần: Chế độ nghỉ phép, nghỉ ngày lễ theo quy định của Nhà nước Chế độ nghỉ mát hàng năm Chế độ thai sản Khám sức khỏe định kỳ hàng năm Thăm hỏi, động viên, giúp đỡ tinh thần và vật chất cho nhân viên: cưới hỏi, bệnh tật, tai nạn, việc hiếu Tặng quà các cháu thiếu nhi dịp Quốc tế thiếu nhi, tết Trung thu Tổ chức, khuyến khích các hoạt động thể thao tăng cường sức khỏe và tình đoàn kết: Cầu lông, bóng đá Chúc mừng sinh nhật nhân viên hàng tháng Liên hoan, picnic, team-building định kỳ Môi trường làm việc trẻ trung, thân thiện, công bằng, lộ trình sự nghiệp rõ ràng. Đào tạo phát triển nhân viên: Đào tạo nhân viên mới Đào tạo nâng cao chuyên môn, nghiệp vụ Đào tạo lực lượng quản lý kế cận. Địa điểm làm việc (đã được cập nhật theo Danh mục Hành chính mới - thêm quận/huyện cũ tương ứng để dễ dàng tra cứu) - Hà Nội: 48 Tố Hữu, Phường Đại Mỗ (quận Nam Từ Liêm cũ) Thời gian làm việc Thứ 2 - Thứ 6 (từ 08:00 đến 17:30) Sáng thứ 7 chơi cầu lông 2h toàn cty, có hưởng lương. Cách thức ứng tuyển Ứng viên nộp hồ sơ trực tuyến bằng cách bấm Ứng tuyển ngay dưới đây.",other,TopCV,https://www.topcv.vn/viec-lam/ios-developer-swift/2122963.html?ta_source=JobSearchList_LinkDetail&u_sr_id=Lpk2rmhPrDnYi8ls5oc2QZEok5KkehQdT7fWFN1h_1776178885,2026-04-14T22:06:18.462360
scraped_topcv_00043,Nhân Viên Tư Vấn Triển Khai Phần Mềm,Công ty TNHH Smartbooks,Xem Chi Tiết Yêu Cầu|Xem Chi Tiết Quyền Lợi|Hồ Chí Minh|Bình Dương|Đà Nẵng|Bà Rịa-Vũng Tàu|Quảng Nam|Hà Nội|Phường Từ Liêm - Hà Nội|Phường Gò Vấp - Hồ Chí Minh|Phường Hòa Khánh - Đà Nẵng|Không Yêu Cầu Kinh Nghiệm|Cao Đẳng Trở Lên|Tuổi 22 - 30|Bảo Hiểm Xã Hội|Du Lịch Hàng Năm|Khám Sức Khỏe Định Kỳ|Kinh Doanh Phần Mềm|It - Phần Mềm|Kế Toán|Kiểm Toán|B2B|Kinh Doanh/Bán Hàng|Công Nghệ Thông Tin|Sales It Phần Mềm|Việc Làm It,Khánh Hòa,8000000,15000000,full-time,any,0,high,"Mô tả công việc - Học, nắm vững và sử dụng thành thạo phần mềm của công ty - Đào tạo hướng dẫn khách hàng sử dụng phần mềm của công ty - Hỗ trợ khách hàng trong quá trình vận hành phần mềm sau đào tạo - Hỗ trợ khảo sát nghiệp vụ khách hàng và lập tài liệu khảo sát - Hỗ trợ nghiệp vụ cho công việc phát triển phần mềm. - Kiểm tra chất lượng sản phẩm, thiết kế biểu mẫu báo cáo & dashboard - Hỗ trợ kinh doanh trong việc giới thiệu sản phẩm. - Hỗ trợ thực hiện dịch vụ kế toán (cập nhật chứng từ, cân đối sổ sách kế toán, lập báo cáo tài chính) cho khách hàng - Nghiên cứu chuyên sâu về chế độ kế toán, thuế, tài chính, quản lý dự án đầu tư, quản trị doanh nghiệp. - Các nhiệm vụ khác theo yêu cầu công việc. Yêu cầu ứng viên - Số năm kinh nghiệm: Không yêu cầu - Tốt nghiệp các trường khối kinh tế, tài chính kế toán, CNTT. Trình độ tối thiểu Cao Đẳng. - Có kiến thức vững chắc về nghiệp vụ kế toán, kiến thức cơ bản về tin học văn phòng. - Ưu tiên đã có kinh nghiệm tư vấn triển khai phần mềm kế toán/quản trị doanh nghiệp/quản lý dự án đầu tư, yêu thích nghiên cứu về nghiệp vụ kế toán/quản trị doanh nghiệp/quản lý dự án đầu tư. - Kỹ năng giao tiếp tốt: Phát âm dễ nghe, mềm mỏng trong giao tiếp, có khả năng lắng nghe và hỗ trợ khách hàng. - Sẵn sàng đi công tác ngoại tỉnh theo yêu cầu công việc - Số năm kinh nghiêm: Sinh viên năm 3, năm 4 hoặc mới tốt nghiệp chuyên ngành Kế toán, Kiểm toán, Tài chính, CNTT. - Có kiến thức cơ bản về phần mềm, ưu tiên hiểu biết về nghiệp vụ kế toán. - Cẩn thận, trung thực, có trách nhiệm với công việc. - Kỹ năng giao tiếp tốt, có khả năng làm việc nhóm và xử lý tình huống. - Kỹ năng tin học văn phòng biết sử dụng Word, Excel, AI,... Thu nhập Thu nhập khi đạt 100% KPI: 8 - 15 triệu VND Thu nhập tính theo tỷ lệ đạt KPI Lương cứng không phụ thuộc doanh số Quyền lợi - Thu nhập gồm: Lương khởi điểm 8 -15 triệu/tháng + Lương triển khai theo hợp đồng + Thưởng định kỳ. Tăng lương 2 lần/năm; - Phụ cấp công việc: Điện thoại, công tác phí,... - Bảo hiểm XH, YT, TN theo luật lao động, các chế độ nghỉ mát, lễ tết, theo quy định pháp luật. - Được tham gia nhiều khóa đào tạo của Công ty - Có nhiều cơ hội thăng tiến. - Môi trường làm việc trẻ trung, năng động, tham gia các hoạt động teambuilding, sự kiện nội bộ của công ty. Phụ cấp Cước điện thoại, Xăng xe Quyền lợi Bảo hiểm xã hội, Du lịch hàng năm, Khám sức khỏe định kỳ, Thưởng tháng 13, Thưởng hiệu quả làm việc, Team building Địa điểm làm việc (đã được cập nhật theo Danh mục Hành chính mới - thêm quận/huyện cũ tương ứng để dễ dàng tra cứu) - Hà Nội: Tầng L, Sảnh văn phòng, Tháp A, Tòa nhà Golden Palace, Đường Mễ trì, Phường Từ Liêm (quận Nam Từ Liêm cũ) - Hồ Chí Minh: Số 19, Đường 01, KDC City Land, Phường Gò Vấp (quận Gò Vấp cũ) - Đà Nẵng: Số 257, Đường Nguyễn Sinh Sắc, Phường Hòa Khánh (huyện Hòa Vang, quận Liên Chiểu cũ) Thời gian làm việc Thứ 2 - Thứ 6 (từ 08:00 đến 17:30) Thứ 7 (từ 08:00 đến 12:00) Cách thức ứng tuyển Ứng viên nộp hồ sơ trực tuyến bằng cách bấm Ứng tuyển ngay dưới đây.",other,TopCV,https://www.topcv.vn/viec-lam/nhan-vien-tu-van-trien-khai-phan-mem/2123633.html?ta_source=JobSearchList_LinkDetail&u_sr_id=Lpk2rmhPrDnYi8ls5oc2QZEok5KkehQdT7fWFN1h_1776178885,2026-04-14T22:06:18.463645
scraped_topcv_00044,Nhân Viên Triển Khai Bản Vẽ 2D (Part Time) - Trên Toàn Quốc (Trừ Huế Và Đà Nẵng),Công ty TNHH CubiCasa Việt Nam - Chi nhánh Thừa Thiên Huế,Xem Chi Tiết Yêu Cầu|Thành Thạo Các Thao Tác Cơ Bản Trên Máy|Hồ Chí Minh|Bình Dương|Bắc Ninh|Đồng Nai|Hưng Yên|Hải Dương|Hải Phòng|An Giang|Bà Rịa-Vũng Tàu|Bắc Giang|Bắc Kạn|Bạc Liêu|Bến Tre|Bình Định|Bình Phước|Bình Thuận|Cà Mau|Cần Thơ|Đắk Lắk|Đắc Nông|Đồng Tháp|Gia Lai|Hà Giang|Hà Nam|Hậu Giang|Hòa Bình|Khánh Hòa|Kiên Giang|Kon Tum|Lâm Đồng|Lào Cai|Long An|Nam Định|Ninh Bình|Ninh Thuận|Phú Thọ|Phú Yên|Quảng Bình|Quảng Ngãi|Quảng Trị|Sóc Trăng|Tây Ninh|Thái Bình|Thái Nguyên|Tiền Giang|Trà Vinh|Tuyên Quang|Vĩnh Long|Vĩnh Phúc|Yên Bái|Hà Nội|Phường Ba Đình - Hà Nội|Phường Bạch Mai - Hà Nội|Phường Bồ Đề - Hà Nội|Phường Chương Mỹ - Hà Nội|Phường Cầu Giấy - Hà Nội|Phường Cửa Nam - Hà Nội|Phường Dương Nội - Hà Nội|Phường Giảng Võ - Hà Nội|Phường Hai Bà Trưng - Hà Nội|Phường Hoàn Kiếm - Hà Nội|Phường Hoàng Liệt - Hà Nội|Phường Hoàng Mai - Hà Nội|Phường Hà Đông - Hà Nội|Phường Hồng Hà - Hà Nội|Phường Khương Đình - Hà Nội|Phường Kim Liên - Hà Nội|Phường Kiến Hưng - Hà Nội|Phường Long Biên - Hà Nội|Phường Láng - Hà Nội|Phường Lĩnh Nam - Hà Nội|Phường Nghĩa Đô - Hà Nội|Phường Ngọc Hà - Hà Nội|Phường Phú Diễn - Hà Nội|Phường Phú Lương - Hà Nội|Phường Phú Thượng - Hà Nội|Phường Phúc Lợi - Hà Nội|Phường Phương Liệt - Hà Nội|Phường Sơn Tây - Hà Nội|Phường Thanh Liệt - Hà Nội|Phường Thanh Xuân - Hà Nội|Phường Thượng Cát - Hà Nội|Phường Tây Hồ - Hà Nội|Phường Tây Mỗ - Hà Nội|Phường Tây Tựu - Hà Nội|Phường Tùng Thiện - Hà Nội|Phường Tương Mai - Hà Nội|Phường Từ Liêm - Hà Nội|Phường Việt Hưng - Hà Nội|Phường Văn Miếu - Quốc Tử Giám - Hà Nội|Phường Vĩnh Hưng - Hà Nội|Phường Vĩnh Tuy - Hà Nội|Phường Xuân Phương - Hà Nội|Phường Xuân Đỉnh - Hà Nội|Phường Yên Hòa - Hà Nội|Phường Yên Nghĩa - Hà Nội|Phường Yên Sở - Hà Nội|Phường Ô Chợ Dừa - Hà Nội|Phường Đông Ngạc - Hà Nội|Phường Đại Mỗ - Hà Nội|Phường Định Công - Hà Nội|Phường Đống Đa - Hà Nội|Xã An Khánh - Hà Nội|Xã Ba Vì - Hà Nội|Xã Bát Tràng - Hà Nội|Xã Bình Minh - Hà Nội|Xã Bất Bạt - Hà Nội|Xã Chuyên Mỹ - Hà Nội|Xã Chương Dương - Hà Nội|Xã Cổ Đô - Hà Nội|Xã Dân Hòa - Hà Nội|Xã Dương Hòa - Hà Nội|Xã Gia Lâm - Hà Nội|Xã Hoài Đức - Hà Nội|Xã Hát Môn - Hà Nội|Xã Hòa Lạc - Hà Nội|Xã Hòa Phú - Hà Nội|Xã Hòa Xá - Hà Nội|Xã Hưng Đạo - Hà Nội|Xã Hương Sơn - Hà Nội|Xã Hạ Bằng - Hà Nội|Xã Hồng Sơn - Hà Nội|Xã Hồng Vân - Hà Nội|Xã Kim Anh - Hà Nội|Xã Kiều Phú - Hà Nội|Xã Liên Minh - Hà Nội|Xã Minh Châu - Hà Nội|Xã Mê Linh - Hà Nội|Xã Mỹ Đức - Hà Nội|Xã Nam Phù - Hà Nội|Xã Ngọc Hồi - Hà Nội|Xã Nội Bài - Hà Nội|Xã Phù Đổng - Hà Nội|Xã Phú Cát - Hà Nội|Xã Phú Nghĩa - Hà Nội|Xã Phú Xuyên - Hà Nội|Xã Phúc Lộc - Hà Nội|Xã Phúc Sơn - Hà Nội|Xã Phúc Thịnh - Hà Nội|Xã Phúc Thọ - Hà Nội|Xã Phượng Dực - Hà Nội|Xã Quang Minh - Hà Nội|Xã Quảng Bị - Hà Nội|Xã Quảng Oai - Hà Nội|Xã Quốc Oai - Hà Nội|Xã Suối Hai - Hà Nội|Xã Sóc Sơn - Hà Nội|Xã Sơn Đồng - Hà Nội|Xã Tam Hưng - Hà Nội|Xã Thanh Oai - Hà Nội|Xã Thanh Trì - Hà Nội|Xã Thiên Lộc - Hà Nội|Xã Thuận An - Hà Nội|Xã Thư Lâm - Hà Nội|Xã Thường Tín - Hà Nội|Xã Thượng Phúc - Hà Nội|Xã Thạch Thất - Hà Nội|Xã Tiến Thắng - Hà Nội|Xã Trung Giã - Hà Nội|Xã Trần Phú - Hà Nội|Xã Tây Phương - Hà Nội|Xã Vân Đình - Hà Nội|Xã Vĩnh Thanh - Hà Nội|Xã Vật Lại - Hà Nội|Xã Xuân Mai - Hà Nội|Xã Yên Bài - Hà Nội|Xã Yên Lãng - Hà Nội|Xã Yên Xuân - Hà Nội|Xã Ô Diên - Hà Nội|Xã Đa Phúc - Hà Nội|Xã Đan Phượng - Hà Nội|Xã Đoài Phương - Hà Nội|Xã Đông Anh - Hà Nội|Xã Đại Thanh - Hà Nội|Xã Đại Xuyên - Hà Nội|Xã Ứng Hòa - Hà Nội|Xã Ứng Thiên - Hà Nội|Phường An Hội Tây - Hồ Chí Minh|Phường An Hội Đông - Hồ Chí Minh|Phường An Lạc - Hồ Chí Minh|Phường An Nhơn - Hồ Chí Minh|Phường Bảy Hiền - Hồ Chí Minh|Phường Bình Hưng Hòa - Hồ Chí Minh|Phường Bình Trị Đông - Hồ Chí Minh|Phường Bình Tân - Hồ Chí Minh|Phường Gò Vấp - Hồ Chí Minh|Phường Hạnh Thông - Hồ Chí Minh|Phường Khánh Hội - Hồ Chí Minh|Phường Thông Tây Hội - Hồ Chí Minh|Phường Tân Bình - Hồ Chí Minh|Phường Tân Hòa - Hồ Chí Minh|Phường Tân Sơn - Hồ Chí Minh|Phường Tân Sơn Hòa - Hồ Chí Minh|Phường Tân Sơn Nhất - Hồ Chí Minh|Phường Tân Tạo - Hồ Chí Minh|Phường Vĩnh Hội - Hồ Chí Minh|Phường Xóm Chiếu - Hồ Chí Minh|Phường An Khánh - Hồ Chí Minh|Phường An Phú - Hồ Chí Minh|Phường An Phú Đông - Hồ Chí Minh|Phường An Đông - Hồ Chí Minh|Phường Bà Rịa - Hồ Chí Minh|Phường Bàn Cờ - Hồ Chí Minh|Phường Bình Cơ - Hồ Chí Minh|Phường Bình Dương - Hồ Chí Minh|Phường Bình Hòa - Hồ Chí Minh|Phường Bình Lợi Trung - Hồ Chí Minh|Phường Bình Phú - Hồ Chí Minh|Phường Bình Quới - Hồ Chí Minh|Phường Bình Thạnh - Hồ Chí Minh|Phường Bình Thới - Hồ Chí Minh|Phường Bình Tiên - Hồ Chí Minh|Phường Bình Trưng - Hồ Chí Minh|Phường Bình Tây - Hồ Chí Minh|Phường Bình Đông - Hồ Chí Minh|Phường Bến Cát - Hồ Chí Minh|Phường Bến Thành - Hồ Chí Minh|Phường Chánh Hiệp - Hồ Chí Minh|Phường Chánh Hưng - Hồ Chí Minh|Phường Chánh Phú Hòa - Hồ Chí Minh|Phường Chợ Lớn - Hồ Chí Minh|Phường Chợ Quán - Hồ Chí Minh|Phường Cát Lái - Hồ Chí Minh|Phường Cầu Kiệu - Hồ Chí Minh|Phường Cầu Ông Lãnh - Hồ Chí Minh|Phường Diên Hồng - Hồ Chí Minh|Phường Dĩ An - Hồ Chí Minh|Phường Gia Định - Hồ Chí Minh|Phường Hiệp Bình - Hồ Chí Minh|Phường Hòa Bình - Hồ Chí Minh|Phường Hòa Hưng - Hồ Chí Minh|Phường Hòa Lợi - Hồ Chí Minh|Phường Linh Xuân - Hồ Chí Minh|Phường Long Bình - Hồ Chí Minh|Phường Long Hương - Hồ Chí Minh|Phường Long Nguyên - Hồ Chí Minh|Phường Long Phước - Hồ Chí Minh|Phường Long Trường - Hồ Chí Minh|Phường Lái Thiêu - Hồ Chí Minh|Phường Minh Phụng - Hồ Chí Minh|Phường Nhiêu Lộc - Hồ Chí Minh|Phường Phú An - Hồ Chí Minh|Phường Phú Lâm - Hồ Chí Minh|Phường Phú Lợi - Hồ Chí Minh|Phường Phú Mỹ - Hồ Chí Minh|Phường Phú Nhuận - Hồ Chí Minh|Phường Phú Thuận - Hồ Chí Minh|Phường Phú Thạnh - Hồ Chí Minh|Phường Phú Thọ - Hồ Chí Minh|Phường Phú Thọ Hòa - Hồ Chí Minh|Phường Phú Định - Hồ Chí Minh|Phường Phước Long - Hồ Chí Minh|Phường Phước Thắng - Hồ Chí Minh|Phường Rạch Dừa - Hồ Chí Minh|Phường Sài Gòn - Hồ Chí Minh|Phường Tam Bình - Hồ Chí Minh|Phường Tam Long - Hồ Chí Minh|Phường Tam Thắng - Hồ Chí Minh|Phường Thuận An - Hồ Chí Minh|Phường Thuận Giao - Hồ Chí Minh|Phường Thạnh Mỹ Tây - Hồ Chí Minh|Phường Thới An - Hồ Chí Minh|Phường Thới Hòa - Hồ Chí Minh|Phường Thủ Dầu Một - Hồ Chí Minh|Phường Thủ Đức - Hồ Chí Minh|Phường Trung Mỹ Tây - Hồ Chí Minh|Phường Tân Hiệp - Hồ Chí Minh|Phường Tân Hưng - Hồ Chí Minh|Phường Tân Hải - Hồ Chí Minh|Phường Tân Khánh - Hồ Chí Minh|Phường Tân Mỹ - Hồ Chí Minh|Phường Tân Phú - Hồ Chí Minh|Phường Tân Phước - Hồ Chí Minh|Phường Tân Sơn Nhì - Hồ Chí Minh|Phường Tân Thuận - Hồ Chí Minh|Phường Tân Thành - Hồ Chí Minh|Phường Tân Thới Hiệp - Hồ Chí Minh|Phường Tân Uyên - Hồ Chí Minh|Phường Tân Đông Hiệp - Hồ Chí Minh|Phường Tân Định - Hồ Chí Minh|Phường Tây Nam - Hồ Chí Minh|Phường Tây Thạnh - Hồ Chí Minh|Phường Tăng Nhơn Phú - Hồ Chí Minh|Phường Vĩnh Tân - Hồ Chí Minh|Phường Vũng Tàu - Hồ Chí Minh|Phường Vườn Lài - Hồ Chí Minh|Phường Xuân Hòa - Hồ Chí Minh|Phường Đông Hòa - Hồ Chí Minh|Phường Đông Hưng Thuận - Hồ Chí Minh|Phường Đức Nhuận - Hồ Chí Minh|Xã An Long - Hồ Chí Minh|Xã An Nhơn Tây - Hồ Chí Minh|Xã An Thới Đông - Hồ Chí Minh|Xã Bà Điểm - Hồ Chí Minh|Xã Bàu Bàng - Hồ Chí Minh|Xã Bàu Lâm - Hồ Chí Minh|Xã Bình Chánh - Hồ Chí Minh|Xã Bình Châu - Hồ Chí Minh|Xã Bình Giã - Hồ Chí Minh|Xã Bình Hưng - Hồ Chí Minh|Xã Bình Khánh - Hồ Chí Minh|Xã Bình Lợi - Hồ Chí Minh|Xã Bình Mỹ - Hồ Chí Minh|Xã Bắc Tân Uyên - Hồ Chí Minh|Xã Châu Pha - Hồ Chí Minh|Xã Châu Đức - Hồ Chí Minh|Xã Cần Giờ - Hồ Chí Minh|Xã Củ Chi - Hồ Chí Minh|Xã Dầu Tiếng - Hồ Chí Minh|Xã Hiệp Phước - Hồ Chí Minh|Xã Hòa Hiệp - Hồ Chí Minh|Xã Hòa Hội - Hồ Chí Minh|Xã Hóc Môn - Hồ Chí Minh|Xã Hưng Long - Hồ Chí Minh|Xã Hồ Tràm - Hồ Chí Minh|Xã Kim Long - Hồ Chí Minh|Xã Long Hòa - Hồ Chí Minh|Xã Long Hải - Hồ Chí Minh|Xã Long Sơn - Hồ Chí Minh|Xã Long Điền - Hồ Chí Minh|Xã Minh Thạnh - Hồ Chí Minh|Xã Nghĩa Thành - Hồ Chí Minh|Xã Ngãi Giao - Hồ Chí Minh|Xã Nhuận Đức - Hồ Chí Minh|Xã Nhà Bè - Hồ Chí Minh|Xã Phú Giáo - Hồ Chí Minh|Xã Phú Hòa Đông - Hồ Chí Minh|Xã Phước Hòa - Hồ Chí Minh|Xã Phước Hải - Hồ Chí Minh|Xã Phước Thành - Hồ Chí Minh|Xã Thanh An - Hồ Chí Minh|Xã Thái Mỹ - Hồ Chí Minh|Xã Thường Tân - Hồ Chí Minh|Xã Thạnh An - Hồ Chí Minh|Xã Trừ Văn Thố - Hồ Chí Minh|Xã Tân An Hội - Hồ Chí Minh|Xã Tân Nhựt - Hồ Chí Minh|Xã Tân Vĩnh Lộc - Hồ Chí Minh|Xã Vĩnh Lộc - Hồ Chí Minh|Xã Xuyên Mộc - Hồ Chí Minh|Xã Xuân Sơn - Hồ Chí Minh|Xã Xuân Thới Sơn - Hồ Chí Minh|Xã Đông Thạnh - Hồ Chí Minh|Xã Đất Đỏ - Hồ Chí Minh|Đặc Khu Côn Đảo - Hồ Chí Minh|Phường Bắc Giang - Bắc Ninh|Phường Bồng Lai - Bắc Ninh|Phường Chũ - Bắc Ninh|Phường Cảnh Thụy - Bắc Ninh|Phường Hạp Lĩnh - Bắc Ninh|Phường Kinh Bắc - Bắc Ninh|Phường Mão Điền - Bắc Ninh|Phường Nam Sơn - Bắc Ninh|Phường Nhân Hòa - Bắc Ninh|Phường Ninh Xá - Bắc Ninh|Phường Nếnh - Bắc Ninh|Phường Phù Khê - Bắc Ninh|Phường Phương Liễu - Bắc Ninh|Phường Phượng Sơn - Bắc Ninh|Phường Quế Võ - Bắc Ninh|Phường Song Liễu - Bắc Ninh|Phường Tam Sơn - Bắc Ninh|Phường Thuận Thành - Bắc Ninh|Phường Tiền Phong - Bắc Ninh|Phường Trí Quả - Bắc Ninh|Phường Trạm Lộ - Bắc Ninh|Phường Tân An - Bắc Ninh|Phường Tân Tiến - Bắc Ninh|Phường Từ Sơn - Bắc Ninh|Phường Tự Lạn - Bắc Ninh|Phường Việt Yên - Bắc Ninh|Phường Vân Hà - Bắc Ninh|Phường Võ Cường - Bắc Ninh|Phường Vũ Ninh - Bắc Ninh|Phường Yên Dũng - Bắc Ninh|Phường Đa Mai - Bắc Ninh|Phường Đào Viên - Bắc Ninh|Phường Đồng Nguyên - Bắc Ninh|Xã An Lạc - Bắc Ninh|Xã Biên Sơn - Bắc Ninh|Xã Biển Động - Bắc Ninh|Xã Bảo Đài - Bắc Ninh|Xã Bắc Lũng - Bắc Ninh|Xã Bố Hạ - Bắc Ninh|Xã Cao Đức - Bắc Ninh|Xã Chi Lăng - Bắc Ninh|Xã Cẩm Lý - Bắc Ninh|Xã Dương Hưu - Bắc Ninh|Xã Gia Bình - Bắc Ninh|Xã Hiệp Hòa - Bắc Ninh|Xã Hoàng Vân - Bắc Ninh|Xã Hợp Thịnh - Bắc Ninh|Xã Kiên Lao - Bắc Ninh|Xã Kép - Bắc Ninh|Xã Liên Bão - Bắc Ninh|Xã Lâm Thao - Bắc Ninh|Xã Lương Tài - Bắc Ninh|Xã Lạng Giang - Bắc Ninh|Xã Lục Nam - Bắc Ninh|Xã Lục Ngạn - Bắc Ninh|Xã Lục Sơn - Bắc Ninh|Xã Mỹ Thái - Bắc Ninh|Xã Nam Dương - Bắc Ninh|Xã Nghĩa Phương - Bắc Ninh|Xã Ngọc Thiện - Bắc Ninh|Xã Nhân Thắng - Bắc Ninh|Xã Nhã Nam - Bắc Ninh|Xã Phù Lãng - Bắc Ninh|Xã Phúc Hòa - Bắc Ninh|Xã Phật Tích - Bắc Ninh|Xã Quang Trung - Bắc Ninh|Xã Sa Lý - Bắc Ninh|Xã Sơn Hải - Bắc Ninh|Xã Sơn Động - Bắc Ninh|Xã Tam Giang - Bắc Ninh|Xã Tam Tiến - Bắc Ninh|Xã Tam Đa - Bắc Ninh|Xã Tiên Du - Bắc Ninh|Xã Tiên Lục - Bắc Ninh|Xã Trung Chính - Bắc Ninh|Xã Trung Kênh - Bắc Ninh|Xã Trường Sơn - Bắc Ninh|Xã Tuấn Đạo - Bắc Ninh|Xã Tân Chi - Bắc Ninh|Xã Tân Dĩnh - Bắc Ninh|Xã Tân Sơn - Bắc Ninh|Xã Tân Yên - Bắc Ninh|Xã Tây Yên Tử - Bắc Ninh|Xã Vân Sơn - Bắc Ninh|Xã Văn Môn - Bắc Ninh|Xã Xuân Cẩm - Bắc Ninh|Xã Xuân Lương - Bắc Ninh|Xã Yên Phong - Bắc Ninh|Xã Yên Thế - Bắc Ninh|Xã Yên Trung - Bắc Ninh|Xã Yên Định - Bắc Ninh|Xã Đèo Gia - Bắc Ninh|Xã Đông Cứu - Bắc Ninh|Xã Đông Phú - Bắc Ninh|Xã Đại Lai - Bắc Ninh|Xã Đại Sơn - Bắc Ninh|Xã Đại Đồng - Bắc Ninh|Xã Đồng Kỳ - Bắc Ninh|Xã Đồng Việt - Bắc Ninh|Phường An Lộc - Đồng Nai|Phường Biên Hòa - Đồng Nai|Phường Bình Long - Đồng Nai|Phường Bình Lộc - Đồng Nai|Phường Bình Phước - Đồng Nai|Phường Bảo Vinh - Đồng Nai|Phường Chơn Thành - Đồng Nai|Phường Hàng Gòn - Đồng Nai|Phường Hố Nai - Đồng Nai|Phường Long Bình - Đồng Nai|Phường Long Hưng - Đồng Nai|Phường Long Khánh - Đồng Nai|Phường Minh Hưng - Đồng Nai|Phường Phước Bình - Đồng Nai|Phường Phước Long - Đồng Nai|Phường Phước Tân - Đồng Nai|Phường Tam Hiệp - Đồng Nai|Phường Tam Phước - Đồng Nai|Phường Trảng Dài - Đồng Nai|Phường Trấn Biên - Đồng Nai|Phường Tân Triều - Đồng Nai|Phường Xuân Lập - Đồng Nai|Phường Đồng Xoài - Đồng Nai|Xã An Phước - Đồng Nai|Xã An Viễn - Đồng Nai|Xã Bom Bo - Đồng Nai|Xã Bàu Hàm - Đồng Nai|Xã Bình An - Đồng Nai|Xã Bình Minh - Đồng Nai|Xã Bình Tân - Đồng Nai|Xã Bù Gia Mập - Đồng Nai|Xã Bù Đăng - Đồng Nai|Xã Cẩm Mỹ - Đồng Nai|Xã Dầu Giây - Đồng Nai|Xã Gia Kiệm - Đồng Nai|Xã Hưng Phước - Đồng Nai|Xã Hưng Thịnh - Đồng Nai|Xã La Ngà - Đồng Nai|Xã Long Hà - Đồng Nai|Xã Long Phước - Đồng Nai|Xã Long Thành - Đồng Nai|Xã Lộc Hưng - Đồng Nai|Xã Lộc Ninh - Đồng Nai|Xã Lộc Quang - Đồng Nai|Xã Lộc Thành - Đồng Nai|Xã Lộc Thạnh - Đồng Nai|Xã Lộc Tấn - Đồng Nai|Xã Minh Đức - Đồng Nai|Xã Nam Cát Tiên - Đồng Nai|Xã Nghĩa Trung - Đồng Nai|Xã Nha Bích - Đồng Nai|Xã Nhơn Trạch - Đồng Nai|Xã Phú Hòa - Đồng Nai|Xã Phú Lâm - Đồng Nai|Xã Phú Lý - Đồng Nai|Xã Phú Nghĩa - Đồng Nai|Xã Phú Riềng - Đồng Nai|Xã Phú Trung - Đồng Nai|Xã Phú Vinh - Đồng Nai|Xã Phước An - Đồng Nai|Xã Phước Sơn - Đồng Nai|Xã Phước Thái - Đồng Nai|Xã Sông Ray - Đồng Nai|Xã Thanh Sơn - Đồng Nai|Xã Thiện Hưng - Đồng Nai|Xã Thuận Lợi - Đồng Nai|Xã Thọ Sơn - Đồng Nai|Xã Thống Nhất - Đồng Nai|Xã Trảng Bom - Đồng Nai|Xã Trị An - Đồng Nai|Xã Tà Lài - Đồng Nai|Xã Tân An - Đồng Nai|Xã Tân Hưng - Đồng Nai|Xã Tân Khai - Đồng Nai|Xã Tân Lợi - Đồng Nai|Xã Tân Phú - Đồng Nai|Xã Tân Quan - Đồng Nai|Xã Tân Tiến - Đồng Nai|Xã Xuân Bắc - Đồng Nai|Xã Xuân Hòa - Đồng Nai|Xã Xuân Lộc - Đồng Nai|Xã Xuân Phú - Đồng Nai|Xã Xuân Quế - Đồng Nai|Xã Xuân Thành - Đồng Nai|Xã Xuân Đông - Đồng Nai|Xã Xuân Đường - Đồng Nai|Xã Xuân Định - Đồng Nai|Xã Đa Kia - Đồng Nai|Xã Đak Lua - Đồng Nai|Xã Đak Nhau - Đồng Nai|Xã Đăk Ơ - Đồng Nai|Xã Đại Phước - Đồng Nai|Xã Định Quán - Đồng Nai|Xã Đồng Phú - Đồng Nai|Xã Đồng Tâm - Đồng Nai|Phường Hồng Châu - Hưng Yên|Phường Mỹ Hào - Hưng Yên|Phường Phố Hiến - Hưng Yên|Phường Sơn Nam - Hưng Yên|Phường Thái Bình - Hưng Yên|Phường Thượng Hồng - Hưng Yên|Phường Trà Lý - Hưng Yên|Phường Trần Hưng Đạo - Hưng Yên|Phường Trần Lãm - Hưng Yên|Phường Vũ Phúc - Hưng Yên|Phường Đường Hào - Hưng Yên|Xã A Sào - Hưng Yên|Xã Bình Nguyên - Hưng Yên|Xã Bình Thanh - Hưng Yên|Xã Bình Định - Hưng Yên|Xã Bắc Thái Ninh - Hưng Yên|Xã Bắc Thụy Anh - Hưng Yên|Xã Bắc Tiên Hưng - Hưng Yên|Xã Bắc Đông Hưng - Hưng Yên|Xã Bắc Đông Quan - Hưng Yên|Xã Châu Ninh - Hưng Yên|Xã Chí Minh - Hưng Yên|Xã Diên Hà - Hưng Yên|Xã Hiệp Cường - Hưng Yên|Xã Hoàn Long - Hưng Yên|Xã Hoàng Hoa Thám - Hưng Yên|Xã Hưng Hà - Hưng Yên|Xã Hưng Phú - Hưng Yên|Xã Hồng Minh - Hưng Yên|Xã Hồng Quang - Hưng Yên|Xã Hồng Vũ - Hưng Yên|Xã Khoái Châu - Hưng Yên|Xã Kiến Xương - Hưng Yên|Xã Long Hưng - Hưng Yên|Xã Lê Lợi - Hưng Yên|Xã Lê Quý Đôn - Hưng Yên|Xã Lương Bằng - Hưng Yên|Xã Lạc Đạo - Hưng Yên|Xã Minh Thọ - Hưng Yên|Xã Mễ Sở - Hưng Yên|Xã Nam Cường - Hưng Yên|Xã Nam Thái Ninh - Hưng Yên|Xã Nam Thụy Anh - Hưng Yên|Xã Nam Tiên Hưng - Hưng Yên|Xã Nam Tiền Hải - Hưng Yên|Xã Nam Đông Hưng - Hưng Yên|Xã Nghĩa Dân - Hưng Yên|Xã Nghĩa Trụ - Hưng Yên|Xã Nguyễn Du - Hưng Yên|Xã Nguyễn Trãi - Hưng Yên|Xã Nguyễn Văn Linh - Hưng Yên|Xã Ngọc Lâm - Hưng Yên|Xã Ngự Thiên - Hưng Yên|Xã Như Quỳnh - Hưng Yên|Xã Phạm Ngũ Lão - Hưng Yên|Xã Phụ Dực - Hưng Yên|Xã Phụng Công - Hưng Yên|Xã Quang Hưng - Hưng Yên|Xã Quang Lịch - Hưng Yên|Xã Quỳnh An - Hưng Yên|Xã Quỳnh Phụ - Hưng Yên|Xã Thái Ninh - Hưng Yên|Xã Thái Thụy - Hưng Yên|Xã Thư Trì - Hưng Yên|Xã Thư Vũ - Hưng Yên|Xã Thần Khê - Hưng Yên|Xã Thụy Anh - Hưng Yên|Xã Tiên Hoa - Hưng Yên|Xã Tiên Hưng - Hưng Yên|Xã Tiên La - Hưng Yên|Xã Tiên Lữ - Hưng Yên|Xã Tiên Tiến - Hưng Yên|Xã Tiền Hải - Hưng Yên|Xã Triệu Việt Vương - Hưng Yên|Xã Trà Giang - Hưng Yên|Xã Tân Hưng - Hưng Yên|Xã Tân Thuận - Hưng Yên|Xã Tân Tiến - Hưng Yên|Xã Tây Thái Ninh - Hưng Yên|Xã Tây Thụy Anh - Hưng Yên|Xã Tây Tiền Hải - Hưng Yên|Xã Tống Trân - Hưng Yên|Xã Việt Tiến - Hưng Yên|Xã Việt Yên - Hưng Yên|Xã Văn Giang - Hưng Yên|Xã Vũ Quý - Hưng Yên|Xã Vũ Thư - Hưng Yên|Xã Vũ Tiên - Hưng Yên|Xã Vạn Xuân - Hưng Yên|Xã Xuân Trúc - Hưng Yên|Xã Yên Mỹ - Hưng Yên|Xã Ái Quốc - Hưng Yên|Xã Ân Thi - Hưng Yên|Xã Đoàn Đào - Hưng Yên|Xã Đông Hưng - Hưng Yên|Xã Đông Quan - Hưng Yên|Xã Đông Thái Ninh - Hưng Yên|Xã Đông Thụy Anh - Hưng Yên|Xã Đông Tiên Hưng - Hưng Yên|Xã Đông Tiền Hải - Hưng Yên|Xã Đại Đồng - Hưng Yên|Xã Đồng Bằng - Hưng Yên|Xã Đồng Châu - Hưng Yên|Xã Đức Hợp - Hưng Yên|Phường An Biên - Hải Phòng|Phường An Dương - Hải Phòng|Phường An Hải - Hải Phòng|Phường An Phong - Hải Phòng|Phường Bạch Đằng - Hải Phòng|Phường Bắc An Phụ - Hải Phòng|Phường Chu Văn An - Hải Phòng|Phường Chí Linh - Hải Phòng|Phường Dương Kinh - Hải Phòng|Phường Gia Viên - Hải Phòng|Phường Hòa Bình - Hải Phòng|Phường Hưng Đạo - Hải Phòng|Phường Hải An - Hải Phòng|Phường Hải Dương - Hải Phòng|Phường Hồng An - Hải Phòng|Phường Hồng Bàng - Hải Phòng|Phường Kinh Môn - Hải Phòng|Phường Kiến An - Hải Phòng|Phường Lê Chân - Hải Phòng|Phường Lê Thanh Nghị - Hải Phòng|Phường Lê Ích Mộc - Hải Phòng|Phường Lê Đại Hành - Hải Phòng|Phường Lưu Kiếm - Hải Phòng|Phường Nam Triệu - Hải Phòng|Phường Nam Đồ Sơn - Hải Phòng|Phường Nam Đồng - Hải Phòng|Phường Nguyễn Trãi - Hải Phòng|Phường Nguyễn Đại Năng - Hải Phòng|Phường Ngô Quyền - Hải Phòng|Phường Nhị Chiểu - Hải Phòng|Phường Phù Liễn - Hải Phòng|Phường Phạm Sư Mạnh - Hải Phòng|Phường Thiên Hương - Hải Phòng|Phường Thành Đông - Hải Phòng|Phường Thạch Khôi - Hải Phòng|Phường Thủy Nguyên - Hải Phòng|Phường Trần Hưng Đạo - Hải Phòng|Phường Trần Liễu - Hải Phòng|Phường Trần Nhân Tông - Hải Phòng|Phường Tân Hưng - Hải Phòng|Phường Tứ Minh - Hải Phòng|Phường Việt Hòa - Hải Phòng|Phường Ái Quốc - Hải Phòng|Phường Đông Hải - Hải Phòng|Phường Đồ Sơn - Hải Phòng|Xã An Hưng - Hải Phòng|Xã An Khánh - Hải Phòng|Xã An Lão - Hải Phòng|Xã An Phú - Hải Phòng|Xã An Quang - Hải Phòng|Xã An Thành - Hải Phòng|Xã An Trường - Hải Phòng|Xã Bình Giang - Hải Phòng|Xã Bắc Thanh Miện - Hải Phòng|Xã Chí Minh - Hải Phòng|Xã Chấn Hưng - Hải Phòng|Xã Cẩm Giang - Hải Phòng|Xã Cẩm Giàng - Hải Phòng|Xã Gia Lộc - Hải Phòng|Xã Gia Phúc - Hải Phòng|Xã Hà Bắc - Hải Phòng|Xã Hà Nam - Hải Phòng|Xã Hà Tây - Hải Phòng|Xã Hà Đông - Hải Phòng|Xã Hùng Thắng - Hải Phòng|Xã Hải Hưng - Hải Phòng|Xã Hồng Châu - Hải Phòng|Xã Hợp Tiến - Hải Phòng|Xã Khúc Thừa Dụ - Hải Phòng|Xã Kim Thành - Hải Phòng|Xã Kiến Hưng - Hải Phòng|Xã Kiến Hải - Hải Phòng|Xã Kiến Minh - Hải Phòng|Xã Kiến Thụy - Hải Phòng|Xã Kẻ Sặt - Hải Phòng|Xã Lai Khê - Hải Phòng|Xã Lạc Phượng - Hải Phòng|Xã Mao Điền - Hải Phòng|Xã Nam An Phụ - Hải Phòng|Xã Nam Sách - Hải Phòng|Xã Nam Thanh Miện - Hải Phòng|Xã Nghi Dương - Hải Phòng|Xã Nguyên Giáp - Hải Phòng|Xã Nguyễn Bỉnh Khiêm - Hải Phòng|Xã Nguyễn Lương Bằng - Hải Phòng|Xã Ninh Giang - Hải Phòng|Xã Phú Thái - Hải Phòng|Xã Quyết Thắng - Hải Phòng|Xã Thanh Hà - Hải Phòng|Xã Thanh Miện - Hải Phòng|Xã Thái Tân - Hải Phòng|Xã Thượng Hồng - Hải Phòng|Xã Tiên Lãng - Hải Phòng|Xã Tiên Minh - Hải Phòng|Xã Trường Tân - Hải Phòng|Xã Trần Phú - Hải Phòng|Xã Tuệ Tĩnh - Hải Phòng|Xã Tân An - Hải Phòng|Xã Tân Kỳ - Hải Phòng|Xã Tân Minh - Hải Phòng|Xã Tứ Kỳ - Hải Phòng|Xã Việt Khê - Hải Phòng|Xã Vĩnh Am - Hải Phòng|Xã Vĩnh Bảo - Hải Phòng|Xã Vĩnh Hòa - Hải Phòng|Xã Vĩnh Hải - Hải Phòng|Xã Vĩnh Lại - Hải Phòng|Xã Vĩnh Thuận - Hải Phòng|Xã Vĩnh Thịnh - Hải Phòng|Xã Yết Kiêu - Hải Phòng|Xã Đường An - Hải Phòng|Xã Đại Sơn - Hải Phòng|Đặc Khu Bạch Long Vĩ - Hải Phòng|Đặc Khu Cát Hải - Hải Phòng|Phường Bình Đức - An Giang|Phường Chi Lăng - An Giang|Phường Châu Đốc - An Giang|Phường Hà Tiên - An Giang|Phường Long Phú - An Giang|Phường Long Xuyên - An Giang|Phường Mỹ Thới - An Giang|Phường Rạch Giá - An Giang|Phường Thới Sơn - An Giang|Phường Tân Châu - An Giang|Phường Tô Châu - An Giang|Phường Tịnh Biên - An Giang|Phường Vĩnh Thông - An Giang|Phường Vĩnh Tế - An Giang|Xã An Biên - An Giang|Xã An Châu - An Giang|Xã An Cư - An Giang|Xã An Minh - An Giang|Xã An Phú - An Giang|Xã Ba Chúc - An Giang|Xã Bình An - An Giang|Xã Bình Giang - An Giang|Xã Bình Hòa - An Giang|Xã Bình Mỹ - An Giang|Xã Bình Sơn - An Giang|Xã Bình Thạnh Đông - An Giang|Xã Châu Phong - An Giang|Xã Châu Phú - An Giang|Xã Châu Thành - An Giang|Xã Chợ Mới - An Giang|Xã Chợ Vàm - An Giang|Xã Cô Tô - An Giang|Xã Cù Lao Giêng - An Giang|Xã Cần Đăng - An Giang|Xã Giang Thành - An Giang|Xã Giồng Riềng - An Giang|Xã Gò Quao - An Giang|Xã Hòa Hưng - An Giang|Xã Hòa Lạc - An Giang|Xã Hòa Thuận - An Giang|Xã Hòa Điền - An Giang|Xã Hòn Nghệ - An Giang|Xã Hòn Đất - An Giang|Xã Hội An - An Giang|Xã Khánh Bình - An Giang|Xã Kiên Lương - An Giang|Xã Long Kiến - An Giang|Xã Long Thạnh - An Giang|Xã Long Điền - An Giang|Xã Mỹ Hòa Hưng - An Giang|Xã Mỹ Thuận - An Giang|Xã Mỹ Đức - An Giang|Xã Ngọc Chúc - An Giang|Xã Nhơn Hội - An Giang|Xã Nhơn Mỹ - An Giang|Xã Núi Cấm - An Giang|Xã Phú An - An Giang|Xã Phú Hòa - An Giang|Xã Phú Hữu - An Giang|Xã Phú Lâm - An Giang|Xã Phú Tân - An Giang|Xã Sơn Hải - An Giang|Xã Sơn Kiên - An Giang|Xã Thoại Sơn - An Giang|Xã Thạnh Hưng - An Giang|Xã Thạnh Lộc - An Giang|Xã Thạnh Mỹ Tây - An Giang|Xã Thạnh Đông - An Giang|Xã Tiên Hải - An Giang|Xã Tri Tôn - An Giang|Xã Tân An - An Giang|Xã Tân Hiệp - An Giang|Xã Tân Hội - An Giang|Xã Tân Thạnh - An Giang|Xã Tây Phú - An Giang|Xã Tây Yên - An Giang|Xã U Minh Thượng - An Giang|Xã Vân Khánh - An Giang|Xã Vĩnh An - An Giang|Xã Vĩnh Bình - An Giang|Xã Vĩnh Gia - An Giang|Xã Vĩnh Hanh - An Giang|Xã Vĩnh Hòa - An Giang|Xã Vĩnh Hòa Hưng - An Giang|Xã Vĩnh Hậu - An Giang|Xã Vĩnh Phong - An Giang|Xã Vĩnh Thuận - An Giang|Xã Vĩnh Thạnh Trung - An Giang|Xã Vĩnh Trạch - An Giang|Xã Vĩnh Tuy - An Giang|Xã Vĩnh Xương - An Giang|Xã Vĩnh Điều - An Giang|Xã Óc Eo - An Giang|Xã Ô Lâm - An Giang|Xã Đông Hòa - An Giang|Xã Đông Hưng - An Giang|Xã Đông Thái - An Giang|Xã Định Hòa - An Giang|Xã Định Mỹ - An Giang|Đặc Khu Kiên Hải - An Giang|Đặc Khu Phú Quốc - An Giang|Đặc Khu Thổ Châu - An Giang|Phường An Xuyên - Cà Mau|Phường Bạc Liêu - Cà Mau|Phường Giá Rai - Cà Mau|Phường Hiệp Thành - Cà Mau|Phường Hòa Thành - Cà Mau|Phường Láng Tròn - Cà Mau|Phường Lý Văn Lâm - Cà Mau|Phường Tân Thành - Cà Mau|Phường Vĩnh Trạch - Cà Mau|Xã An Trạch - Cà Mau|Xã Biển Bạch - Cà Mau|Xã Châu Thới - Cà Mau|Xã Cái Nước - Cà Mau|Xã Cái Đôi Vàm - Cà Mau|Xã Gành Hào - Cà Mau|Xã Hòa Bình - Cà Mau|Xã Hưng Hội - Cà Mau|Xã Hưng Mỹ - Cà Mau|Xã Hồ Thị Kỷ - Cà Mau|Xã Hồng Dân - Cà Mau|Xã Khánh An - Cà Mau|Xã Khánh Bình - Cà Mau|Xã Khánh Hưng - Cà Mau|Xã Khánh Lâm - Cà Mau|Xã Long Điền - Cà Mau|Xã Lương Thế Trân - Cà Mau|Xã Nguyễn Phích - Cà Mau|Xã Nguyễn Việt Khái - Cà Mau|Xã Ninh Quới - Cà Mau|Xã Ninh Thạnh Lợi - Cà Mau|Xã Năm Căn - Cà Mau|Xã Phan Ngọc Hiển - Cà Mau|Xã Phong Hiệp - Cà Mau|Xã Phong Thạnh - Cà Mau|Xã Phú Mỹ - Cà Mau|Xã Phú Tân - Cà Mau|Xã Phước Long - Cà Mau|Xã Quách Phẩm - Cà Mau|Xã Sông Đốc - Cà Mau|Xã Tam Giang - Cà Mau|Xã Thanh Tùng - Cà Mau|Xã Thới Bình - Cà Mau|Xã Trí Phải - Cà Mau|Xã Trần Phán - Cà Mau|Xã Trần Văn Thời - Cà Mau|Xã Tân Hưng - Cà Mau|Xã Tân Lộc - Cà Mau|Xã Tân Thuận - Cà Mau|Xã Tân Tiến - Cà Mau|Xã Tân Ân - Cà Mau|Xã Tạ An Khương - Cà Mau|Xã U Minh - Cà Mau|Xã Vĩnh Hậu - Cà Mau|Xã Vĩnh Lộc - Cà Mau|Xã Vĩnh Lợi - Cà Mau|Xã Vĩnh Mỹ - Cà Mau|Xã Vĩnh Phước - Cà Mau|Xã Vĩnh Thanh - Cà Mau|Xã Đá Bạc - Cà Mau|Xã Đông Hải - Cà Mau|Xã Đất Mũi - Cà Mau|Xã Đất Mới - Cà Mau|Xã Đầm Dơi - Cà Mau|Xã Định Thành - Cà Mau|Phường An Bình - Cần Thơ|Phường Bình Thủy - Cần Thơ|Phường Cái Khế - Cần Thơ|Phường Cái Răng - Cần Thơ|Phường Hưng Phú - Cần Thơ|Phường Khánh Hòa - Cần Thơ|Phường Long Bình - Cần Thơ|Phường Long Mỹ - Cần Thơ|Phường Long Phú 1 - Cần Thơ|Phường Long Tuyền - Cần Thơ|Phường Mỹ Quới - Cần Thơ|Phường Mỹ Xuyên - Cần Thơ|Phường Ngã Bảy - Cần Thơ|Phường Ngã Năm - Cần Thơ|Phường Ninh Kiều - Cần Thơ|Phường Phú Lợi - Cần Thơ|Phường Phước Thới - Cần Thơ|Phường Sóc Trăng - Cần Thơ|Phường Thuận Hưng - Cần Thơ|Phường Thốt Nốt - Cần Thơ|Phường Thới An Đông - Cần Thơ|Phường Thới Long - Cần Thơ|Phường Trung Nhứt - Cần Thơ|Phường Tân An - Cần Thơ|Phường Tân Lộc - Cần Thơ|Phường Vĩnh Châu - Cần Thơ|Phường Vĩnh Phước - Cần Thơ|Phường Vị Thanh - Cần Thơ|Phường Vị Tân - Cần Thơ|Phường Ô Môn - Cần Thơ|Phường Đại Thành - Cần Thơ|Xã An Lạc Thôn - Cần Thơ|Xã An Ninh - Cần Thơ|Xã An Thạnh - Cần Thơ|Xã Châu Thành - Cần Thơ|Xã Cù Lao Dung - Cần Thơ|Xã Cờ Đỏ - Cần Thơ|Xã Gia Hòa - Cần Thơ|Xã Hiệp Hưng - Cần Thơ|Xã Hòa An - Cần Thơ|Xã Hòa Tú - Cần Thơ|Xã Hỏa Lựu - Cần Thơ|Xã Hồ Đắc Kiện - Cần Thơ|Xã Kế Sách - Cần Thơ|Xã Lai Hòa - Cần Thơ|Xã Liêu Tú - Cần Thơ|Xã Long Hưng - Cần Thơ|Xã Long Phú - Cần Thơ|Xã Lâm Tân - Cần Thơ|Xã Lương Tâm - Cần Thơ|Xã Lịch Hội Thượng - Cần Thơ|Xã Mỹ Hương - Cần Thơ|Xã Mỹ Phước - Cần Thơ|Xã Mỹ Tú - Cần Thơ|Xã Ngọc Tố - Cần Thơ|Xã Nhu Gia - Cần Thơ|Xã Nhơn Mỹ - Cần Thơ|Xã Nhơn Ái - Cần Thơ|Xã Phong Nẫm - Cần Thơ|Xã Phong Điền - Cần Thơ|Xã Phú Hữu - Cần Thơ|Xã Phú Lộc - Cần Thơ|Xã Phú Tâm - Cần Thơ|Xã Phương Bình - Cần Thơ|Xã Phụng Hiệp - Cần Thơ|Xã Thuận Hòa - Cần Thơ|Xã Thạnh An - Cần Thơ|Xã Thạnh Hòa - Cần Thơ|Xã Thạnh Phú - Cần Thơ|Xã Thạnh Quới - Cần Thơ|Xã Thạnh Thới An - Cần Thơ|Xã Thạnh Xuân - Cần Thơ|Xã Thới An Hội - Cần Thơ|Xã Thới Hưng - Cần Thơ|Xã Thới Lai - Cần Thơ|Xã Trung Hưng - Cần Thơ|Xã Trường Khánh - Cần Thơ|Xã Trường Long - Cần Thơ|Xã Trường Long Tây - Cần Thơ|Xã Trường Thành - Cần Thơ|Xã Trường Xuân - Cần Thơ|Xã Trần Đề - Cần Thơ|Xã Tài Văn - Cần Thơ|Xã Tân Bình - Cần Thơ|Xã Tân Hòa - Cần Thơ|Xã Tân Long - Cần Thơ|Xã Tân Phước Hưng - Cần Thơ|Xã Tân Thạnh - Cần Thơ|Xã Vĩnh Hải - Cần Thơ|Xã Vĩnh Lợi - Cần Thơ|Xã Vĩnh Thuận Đông - Cần Thơ|Xã Vĩnh Thạnh - Cần Thơ|Xã Vĩnh Trinh - Cần Thơ|Xã Vĩnh Tường - Cần Thơ|Xã Vĩnh Viễn - Cần Thơ|Xã Vị Thanh 1 - Cần Thơ|Xã Vị Thủy - Cần Thơ|Xã Xà Phiên - Cần Thơ|Xã Đông Hiệp - Cần Thơ|Xã Đông Phước - Cần Thơ|Xã Đông Thuận - Cần Thơ|Xã Đại Hải - Cần Thơ|Xã Đại Ngãi - Cần Thơ|Cao Bằng|Phường Nùng Trí Cao - Cao Bằng|Phường Thục Phán - Cao Bằng|Phường Tân Giang - Cao Bằng|Xã Bạch Đằng - Cao Bằng|Xã Bảo Lâm - Cao Bằng|Xã Bảo Lạc - Cao Bằng|Xã Bế Văn Đàn - Cao Bằng|Xã Ca Thành - Cao Bằng|Xã Canh Tân - Cao Bằng|Xã Cô Ba - Cao Bằng|Xã Cần Yên - Cao Bằng|Xã Cốc Pàng - Cao Bằng|Xã Huy Giáp - Cao Bằng|Xã Hà Quảng - Cao Bằng|Xã Hòa An - Cao Bằng|Xã Hưng Đạo - Cao Bằng|Xã Hạ Lang - Cao Bằng|Xã Hạnh Phúc - Cao Bằng|Xã Khánh Xuân - Cao Bằng|Xã Kim Đồng - Cao Bằng|Xã Lý Bôn - Cao Bằng|Xã Lý Quốc - Cao Bằng|Xã Lũng Nặm - Cao Bằng|Xã Minh Khai - Cao Bằng|Xã Minh Tâm - Cao Bằng|Xã Nam Quang - Cao Bằng|Xã Nam Tuấn - Cao Bằng|Xã Nguyên Bình - Cao Bằng|Xã Nguyễn Huệ - Cao Bằng|Xã Phan Thanh - Cao Bằng|Xã Phục Hòa - Cao Bằng|Xã Quang Hán - Cao Bằng|Xã Quang Long - Cao Bằng|Xã Quang Trung - Cao Bằng|Xã Quảng Lâm - Cao Bằng|Xã Quảng Uyên - Cao Bằng|Xã Sơn Lộ - Cao Bằng|Xã Tam Kim - Cao Bằng|Xã Thanh Long - Cao Bằng|Xã Thành Công - Cao Bằng|Xã Thông Nông - Cao Bằng|Xã Thạch An - Cao Bằng|Xã Trà Lĩnh - Cao Bằng|Xã Trùng Khánh - Cao Bằng|Xã Trường Hà - Cao Bằng|Xã Tĩnh Túc - Cao Bằng|Xã Tổng Cọt - Cao Bằng|Xã Vinh Quý - Cao Bằng|Xã Xuân Trường - Cao Bằng|Xã Yên Thổ - Cao Bằng|Xã Đoài Dương - Cao Bằng|Xã Đàm Thủy - Cao Bằng|Xã Đình Phong - Cao Bằng|Xã Đông Khê - Cao Bằng|Xã Độc Lập - Cao Bằng|Xã Đức Long - Cao Bằng|Phường Buôn Hồ - Đắk Lắk|Phường Buôn Ma Thuột - Đắk Lắk|Phường Bình Kiến - Đắk Lắk|Phường Cư Bao - Đắk Lắk|Phường Ea Kao - Đắk Lắk|Phường Hòa Hiệp - Đắk Lắk|Phường Phú Yên - Đắk Lắk|Phường Sông Cầu - Đắk Lắk|Phường Thành Nhất - Đắk Lắk|Phường Tuy Hòa - Đắk Lắk|Phường Tân An - Đắk Lắk|Phường Tân Lập - Đắk Lắk|Phường Xuân Đài - Đắk Lắk|Phường Đông Hòa - Đắk Lắk|Xã Buôn Đôn - Đắk Lắk|Xã Cuôr Đăng - Đắk Lắk|Xã Cư M’Gar - Đắk Lắk|Xã Cư M’Ta - Đắk Lắk|Xã Cư Prao - Đắk Lắk|Xã Cư Pui - Đắk Lắk|Xã Cư Pơng - Đắk Lắk|Xã Cư Yang - Đắk Lắk|Xã Dang Kang - Đắk Lắk|Xã Dliê Ya - Đắk Lắk|Xã Dray Bhăng - Đắk Lắk|Xã Dur Kmăl - Đắk Lắk|Xã Ea Bung - Đắk Lắk|Xã Ea Bá - Đắk Lắk|Xã Ea Drông - Đắk Lắk|Xã Ea Drăng - Đắk Lắk|Xã Ea Hiao - Đắk Lắk|Xã Ea H’Leo - Đắk Lắk|Xã Ea Kar - Đắk Lắk|Xã Ea Khăl - Đắk Lắk|Xã Ea Kiết - Đắk Lắk|Xã Ea Kly - Đắk Lắk|Xã Ea Knuếc - Đắk Lắk|Xã Ea Knốp - Đắk Lắk|Xã Ea Ktur - Đắk Lắk|Xã Ea Ly - Đắk Lắk|Xã Ea M’Droh - Đắk Lắk|Xã Ea Na - Đắk Lắk|Xã Ea Ning - Đắk Lắk|Xã Ea Nuôl - Đắk Lắk|Xã Ea Phê - Đắk Lắk|Xã Ea Păl - Đắk Lắk|Xã Ea Riêng - Đắk Lắk|Xã Ea Rốk - Đắk Lắk|Xã Ea Súp - Đắk Lắk|Xã Ea Trang - Đắk Lắk|Xã Ea Tul - Đắk Lắk|Xã Ea Wer - Đắk Lắk|Xã Ea Wy - Đắk Lắk|Xã Ea Ô - Đắk Lắk|Xã Hòa Mỹ - Đắk Lắk|Xã Hòa Phú - Đắk Lắk|Xã Hòa Sơn - Đắk Lắk|Xã Hòa Thịnh - Đắk Lắk|Xã Hòa Xuân - Đắk Lắk|Xã Ia Lốp - Đắk Lắk|Xã Ia Rvê - Đắk Lắk|Xã Krông Ana - Đắk Lắk|Xã Krông Bông - Đắk Lắk|Xã Krông Búk - Đắk Lắk|Xã Krông Nô - Đắk Lắk|Xã Krông Năng - Đắk Lắk|Xã Krông Pắc - Đắk Lắk|Xã Krông Á - Đắk Lắk|Xã Liên Sơn Lắk - Đắk Lắk|Xã M’Drắk - Đắk Lắk|Xã Nam Ka - Đắk Lắk|Xã Phú Hòa 1 - Đắk Lắk|Xã Phú Hòa 2 - Đắk Lắk|Xã Phú Mỡ - Đắk Lắk|Xã Phú Xuân - Đắk Lắk|Xã Pơng Drang - Đắk Lắk|Xã Quảng Phú - Đắk Lắk|Xã Suối Trai - Đắk Lắk|Xã Sông Hinh - Đắk Lắk|Xã Sơn Hòa - Đắk Lắk|Xã Sơn Thành - Đắk Lắk|Xã Tam Giang - Đắk Lắk|Xã Tuy An Bắc - Đắk Lắk|Xã Tuy An Nam - Đắk Lắk|Xã Tuy An Tây - Đắk Lắk|Xã Tuy An Đông - Đắk Lắk|Xã Tân Tiến - Đắk Lắk|Xã Tây Hòa - Đắk Lắk|Xã Tây Sơn - Đắk Lắk|Xã Vân Hòa - Đắk Lắk|Xã Vụ Bổn - Đắk Lắk|Xã Xuân Cảnh - Đắk Lắk|Xã Xuân Lãnh - Đắk Lắk|Xã Xuân Lộc - Đắk Lắk|Xã Xuân Phước - Đắk Lắk|Xã Xuân Thọ - Đắk Lắk|Xã Yang Mao - Đắk Lắk|Xã Ô Loan - Đắk Lắk|Xã Đắk Liêng - Đắk Lắk|Xã Đắk Phơi - Đắk Lắk|Xã Đồng Xuân - Đắk Lắk|Xã Đức Bình - Đắk Lắk|Điện Biên|Phường Mường Lay - Điện Biên|Phường Mường Thanh - Điện Biên|Phường Điện Biên Phủ - Điện Biên|Xã Nậm Nèn - Điện Biên|Xã Búng Lao - Điện Biên|Xã Chiềng Sinh - Điện Biên|Xã Chà Tở - Điện Biên|Xã Mường Chà - Điện Biên|Xã Mường Luân - Điện Biên|Xã Mường Lạn - Điện Biên|Xã Mường Mùn - Điện Biên|Xã Mường Nhà - Điện Biên|Xã Mường Nhé - Điện Biên|Xã Mường Phăng - Điện Biên|Xã Mường Pồn - Điện Biên|Xã Mường Toong - Điện Biên|Xã Mường Tùng - Điện Biên|Xã Mường Ảng - Điện Biên|Xã Na Sang - Điện Biên|Xã Na Son - Điện Biên|Xã Nà Bủng - Điện Biên|Xã Nà Hỳ - Điện Biên|Xã Nà Tấu - Điện Biên|Xã Núa Ngam - Điện Biên|Xã Nậm Kè - Điện Biên|Xã Pa Ham - Điện Biên|Xã Phình Giàng - Điện Biên|Xã Pu Nhi - Điện Biên|Xã Pú Nhung - Điện Biên|Xã Quài Tở - Điện Biên|Xã Quảng Lâm - Điện Biên|Xã Sam Mứn - Điện Biên|Xã Si Pa Phìn - Điện Biên|Xã Sáng Nhè - Điện Biên|Xã Sín Chải - Điện Biên|Xã Sín Thầu - Điện Biên|Xã Sính Phình - Điện Biên|Xã Thanh An - Điện Biên|Xã Thanh Nưa - Điện Biên|Xã Thanh Yên - Điện Biên|Xã Tuần Giáo - Điện Biên|Xã Tìa Dình - Điện Biên|Xã Tủa Chùa - Điện Biên|Xã Tủa Thàng - Điện Biên|Xã Xa Dung - Điện Biên|Phường An Bình - Đồng Tháp|Phường Bình Xuân - Đồng Tháp|Phường Cai Lậy - Đồng Tháp|Phường Cao Lãnh - Đồng Tháp|Phường Gò Công - Đồng Tháp|Phường Hồng Ngự - Đồng Tháp|Phường Long Thuận - Đồng Tháp|Phường Mỹ Ngãi - Đồng Tháp|Phường Mỹ Phong - Đồng Tháp|Phường Mỹ Phước Tây - Đồng Tháp|Phường Mỹ Tho - Đồng Tháp|Phường Mỹ Trà - Đồng Tháp|Phường Nhị Quý - Đồng Tháp|Phường Sa Đéc - Đồng Tháp|Phường Sơn Qui - Đồng Tháp|Phường Thanh Hòa - Đồng Tháp|Phường Thường Lạc - Đồng Tháp|Phường Thới Sơn - Đồng Tháp|Phường Trung An - Đồng Tháp|Phường Đạo Thạnh - Đồng Tháp|Xã An Hòa - Đồng Tháp|Xã An Hữu - Đồng Tháp|Xã An Long - Đồng Tháp|Xã An Phước - Đồng Tháp|Xã An Thạnh Thủy - Đồng Tháp|Xã Ba Sao - Đồng Tháp|Xã Bình Hàng Trung - Đồng Tháp|Xã Bình Ninh - Đồng Tháp|Xã Bình Phú - Đồng Tháp|Xã Bình Thành - Đồng Tháp|Xã Bình Trưng - Đồng Tháp|Xã Châu Thành - Đồng Tháp|Xã Chợ Gạo - Đồng Tháp|Xã Cái Bè - Đồng Tháp|Xã Gia Thuận - Đồng Tháp|Xã Gò Công Đông - Đồng Tháp|Xã Hiệp Đức - Đồng Tháp|Xã Hòa Long - Đồng Tháp|Xã Hưng Thạnh - Đồng Tháp|Xã Hậu Mỹ - Đồng Tháp|Xã Hội Cư - Đồng Tháp|Xã Kim Sơn - Đồng Tháp|Xã Lai Vung - Đồng Tháp|Xã Long Bình - Đồng Tháp|Xã Long Hưng - Đồng Tháp|Xã Long Khánh - Đồng Tháp|Xã Long Phú Thuận - Đồng Tháp|Xã Long Tiên - Đồng Tháp|Xã Long Định - Đồng Tháp|Xã Lương Hòa Lạc - Đồng Tháp|Xã Lấp Vò - Đồng Tháp|Xã Mỹ An Hưng - Đồng Tháp|Xã Mỹ Hiệp - Đồng Tháp|Xã Mỹ Lợi - Đồng Tháp|Xã Mỹ Quí - Đồng Tháp|Xã Mỹ Thiện - Đồng Tháp|Xã Mỹ Thành - Đồng Tháp|Xã Mỹ Thọ - Đồng Tháp|Xã Mỹ Tịnh An - Đồng Tháp|Xã Mỹ Đức Tây - Đồng Tháp|Xã Ngũ Hiệp - Đồng Tháp|Xã Phong Hòa - Đồng Tháp|Xã Phong Mỹ - Đồng Tháp|Xã Phú Cường - Đồng Tháp|Xã Phú Hựu - Đồng Tháp|Xã Phú Thành - Đồng Tháp|Xã Phú Thọ - Đồng Tháp|Xã Phương Thịnh - Đồng Tháp|Xã Tam Nông - Đồng Tháp|Xã Thanh Bình - Đồng Tháp|Xã Thanh Hưng - Đồng Tháp|Xã Thanh Mỹ - Đồng Tháp|Xã Tháp Mười - Đồng Tháp|Xã Thường Phước - Đồng Tháp|Xã Thạnh Phú - Đồng Tháp|Xã Tràm Chim - Đồng Tháp|Xã Trường Xuân - Đồng Tháp|Xã Tân Dương - Đồng Tháp|Xã Tân Hòa - Đồng Tháp|Xã Tân Hương - Đồng Tháp|Xã Tân Hồng - Đồng Tháp|Xã Tân Hộ Cơ - Đồng Tháp|Xã Tân Khánh Trung - Đồng Tháp|Xã Tân Long - Đồng Tháp|Xã Tân Nhuận Đông - Đồng Tháp|Xã Tân Phú - Đồng Tháp|Xã Tân Phú Trung - Đồng Tháp|Xã Tân Phú Đông - Đồng Tháp|Xã Tân Phước 1 - Đồng Tháp|Xã Tân Phước 2 - Đồng Tháp|Xã Tân Phước 3 - Đồng Tháp|Xã Tân Thuận Bình - Đồng Tháp|Xã Tân Thành - Đồng Tháp|Xã Tân Thạnh - Đồng Tháp|Xã Tân Thới - Đồng Tháp|Xã Tân Điền - Đồng Tháp|Xã Tân Đông - Đồng Tháp|Xã Vĩnh Bình - Đồng Tháp|Xã Vĩnh Hựu - Đồng Tháp|Xã Vĩnh Kim - Đồng Tháp|Xã Đốc Binh Kiều - Đồng Tháp|Xã Đồng Sơn - Đồng Tháp|Phường An Bình - Gia Lai|Phường An Khê - Gia Lai|Phường An Nhơn - Gia Lai|Phường An Nhơn Bắc - Gia Lai|Phường An Nhơn Nam - Gia Lai|Phường An Nhơn Đông - Gia Lai|Phường An Phú - Gia Lai|Phường Ayun Pa - Gia Lai|Phường Bình Định - Gia Lai|Phường Bồng Sơn - Gia Lai|Phường Diên Hồng - Gia Lai|Phường Hoài Nhơn - Gia Lai|Phường Hoài Nhơn Bắc - Gia Lai|Phường Hoài Nhơn Nam - Gia Lai|Phường Hoài Nhơn Tây - Gia Lai|Phường Hoài Nhơn Đông - Gia Lai|Phường Hội Phú - Gia Lai|Phường Pleiku - Gia Lai|Phường Quy Nhơn - Gia Lai|Phường Quy Nhơn Bắc - Gia Lai|Phường Quy Nhơn Nam - Gia Lai|Phường Quy Nhơn Tây - Gia Lai|Phường Quy Nhơn Đông - Gia Lai|Phường Tam Quan - Gia Lai|Phường Thống Nhất - Gia Lai|Xã Al Bá - Gia Lai|Xã An Hòa - Gia Lai|Xã An Lão - Gia Lai|Xã An Lương - Gia Lai|Xã An Nhơn Tây - Gia Lai|Xã An Toàn - Gia Lai|Xã An Vinh - Gia Lai|Xã Ayun - Gia Lai|Xã Biển Hồ - Gia Lai|Xã Bàu Cạn - Gia Lai|Xã Bình An - Gia Lai|Xã Bình Dương - Gia Lai|Xã Bình Hiệp - Gia Lai|Xã Bình Khê - Gia Lai|Xã Bình Phú - Gia Lai|Xã Bờ Ngoong - Gia Lai|Xã Canh Liên - Gia Lai|Xã Canh Vinh - Gia Lai|Xã Chơ Long - Gia Lai|Xã Chư A Thai - Gia Lai|Xã Chư Krey - Gia Lai|Xã Chư Prông - Gia Lai|Xã Chư Păh - Gia Lai|Xã Chư Pưh - Gia Lai|Xã Chư Sê - Gia Lai|Xã Cát Tiến - Gia Lai|Xã Cửu An - Gia Lai|Xã Gào - Gia Lai|Xã Hoài Ân - Gia Lai|Xã Hra - Gia Lai|Xã Hòa Hội - Gia Lai|Xã Hội Sơn - Gia Lai|Xã Ia Boòng - Gia Lai|Xã Ia Băng - Gia Lai|Xã Ia Chia - Gia Lai|Xã Ia Dom - Gia Lai|Xã Ia Dreh - Gia Lai|Xã Ia Dơk - Gia Lai|Xã Ia Grai - Gia Lai|Xã Ia Hiao - Gia Lai|Xã Ia Hrung - Gia Lai|Xã Ia Hrú - Gia Lai|Xã Ia Khươl - Gia Lai|Xã Ia Ko - Gia Lai|Xã Ia Krái - Gia Lai|Xã Ia Krêl - Gia Lai|Xã Ia Le - Gia Lai|Xã Ia Ly - Gia Lai|Xã Ia Lâu - Gia Lai|Xã Ia Nan - Gia Lai|Xã Ia O - Gia Lai|Xã Ia Pa - Gia Lai|Xã Ia Phí - Gia Lai|Xã Ia Pia - Gia Lai|Xã Ia Pnôn - Gia Lai|Xã Ia Púch - Gia Lai|Xã Ia Rbol - Gia Lai|Xã Ia Rsai - Gia Lai|Xã Ia Sao - Gia Lai|Xã Ia Tul - Gia Lai|Xã Ia Tôr - Gia Lai|Xã Kdang - Gia Lai|Xã Kbang - Gia Lai|Xã Kim Sơn - Gia Lai|Xã Kon Chiêng - Gia Lai|Xã Kon Gang - Gia Lai|Xã Krong - Gia Lai|Xã Kông Bơ La - Gia Lai|Xã Kông Chro - Gia Lai|Xã Lơ Pang - Gia Lai|Xã Mang Yang - Gia Lai|Xã Ngô Mây - Gia Lai|Xã Nhơn Châu - Gia Lai|Xã Phù Cát - Gia Lai|Xã Phù Mỹ - Gia Lai|Xã Phù Mỹ Bắc - Gia Lai|Xã Phù Mỹ Nam - Gia Lai|Xã Phù Mỹ Tây - Gia Lai|Xã Phù Mỹ Đông - Gia Lai|Xã Phú Thiện - Gia Lai|Xã Phú Túc - Gia Lai|Xã Pờ Tó - Gia Lai|Xã Sró - Gia Lai|Xã Sơn Lang - Gia Lai|Xã Tuy Phước - Gia Lai|Xã Tuy Phước Bắc - Gia Lai|Xã Tuy Phước Tây - Gia Lai|Xã Tuy Phước Đông - Gia Lai|Xã Tây Sơn - Gia Lai|Xã Tơ Tung - Gia Lai|Xã Uar - Gia Lai|Xã Vân Canh - Gia Lai|Xã Vĩnh Quang - Gia Lai|Xã Vĩnh Sơn - Gia Lai|Xã Vĩnh Thạnh - Gia Lai|Xã Vĩnh Thịnh - Gia Lai|Xã Vạn Đức - Gia Lai|Xã Xuân An - Gia Lai|Xã Ya Hội - Gia Lai|Xã Ya Ma - Gia Lai|Xã Ân Hảo - Gia Lai|Xã Ân Tường - Gia Lai|Xã Đak Pơ - Gia Lai|Xã Đak Rong - Gia Lai|Xã Đak Sơmei - Gia Lai|Xã Đak Đoa - Gia Lai|Xã Đăk Song - Gia Lai|Xã Đề Gi - Gia Lai|Xã Đức Cơ - Gia Lai|Hà Tĩnh|Phường Bắc Hồng Lĩnh - Hà Tĩnh|Phường Hoành Sơn - Hà Tĩnh|Phường Hà Huy Tập - Hà Tĩnh|Phường Hải Ninh - Hà Tĩnh|Phường Nam Hồng Lĩnh - Hà Tĩnh|Phường Sông Trí - Hà Tĩnh|Phường Thành Sen - Hà Tĩnh|Phường Trần Phú - Hà Tĩnh|Phường Vũng Áng - Hà Tĩnh|Xã Can Lộc - Hà Tĩnh|Xã Cẩm Bình - Hà Tĩnh|Xã Cẩm Duệ - Hà Tĩnh|Xã Cẩm Hưng - Hà Tĩnh|Xã Cẩm Lạc - Hà Tĩnh|Xã Cẩm Trung - Hà Tĩnh|Xã Cẩm Xuyên - Hà Tĩnh|Xã Cổ Đạm - Hà Tĩnh|Xã Gia Hanh - Hà Tĩnh|Xã Hà Linh - Hà Tĩnh|Xã Hương Bình - Hà Tĩnh|Xã Hương Khê - Hà Tĩnh|Xã Hương Phố - Hà Tĩnh|Xã Hương Sơn - Hà Tĩnh|Xã Hương Xuân - Hà Tĩnh|Xã Hương Đô - Hà Tĩnh|Xã Hồng Lộc - Hà Tĩnh|Xã Kim Hoa - Hà Tĩnh|Xã Kỳ Anh - Hà Tĩnh|Xã Kỳ Hoa - Hà Tĩnh|Xã Kỳ Khang - Hà Tĩnh|Xã Kỳ Lạc - Hà Tĩnh|Xã Kỳ Thượng - Hà Tĩnh|Xã Kỳ Văn - Hà Tĩnh|Xã Kỳ Xuân - Hà Tĩnh|Xã Lộc Hà - Hà Tĩnh|Xã Mai Hoa - Hà Tĩnh|Xã Mai Phụ - Hà Tĩnh|Xã Nghi Xuân - Hà Tĩnh|Xã Phúc Trạch - Hà Tĩnh|Xã Sơn Giang - Hà Tĩnh|Xã Sơn Hồng - Hà Tĩnh|Xã Sơn Kim 1 - Hà Tĩnh|Xã Sơn Kim 2 - Hà Tĩnh|Xã Sơn Tiến - Hà Tĩnh|Xã Sơn Tây - Hà Tĩnh|Xã Thiên Cầm - Hà Tĩnh|Xã Thượng Đức - Hà Tĩnh|Xã Thạch Hà - Hà Tĩnh|Xã Thạch Khê - Hà Tĩnh|Xã Thạch Lạc - Hà Tĩnh|Xã Thạch Xuân - Hà Tĩnh|Xã Tiên Điền - Hà Tĩnh|Xã Toàn Lưu - Hà Tĩnh|Xã Trường Lưu - Hà Tĩnh|Xã Tùng Lộc - Hà Tĩnh|Xã Tứ Mỹ - Hà Tĩnh|Xã Việt Xuyên - Hà Tĩnh|Xã Vũ Quang - Hà Tĩnh|Xã Xuân Lộc - Hà Tĩnh|Xã Yên Hòa - Hà Tĩnh|Xã Đan Hải - Hà Tĩnh|Xã Đông Kinh - Hà Tĩnh|Xã Đồng Lộc - Hà Tĩnh|Xã Đồng Tiến - Hà Tĩnh|Xã Đức Minh - Hà Tĩnh|Xã Đức Quang - Hà Tĩnh|Xã Đức Thịnh - Hà Tĩnh|Xã Đức Thọ - Hà Tĩnh|Xã Đức Đồng - Hà Tĩnh|Phường Hòa Thắng - Khánh Hòa|Phường Đông Ninh Hòa - Khánh Hòa|Phường Ba Ngòi - Khánh Hòa|Phường Bảo An - Khánh Hòa|Phường Bắc Cam Ranh - Khánh Hòa|Phường Bắc Nha Trang - Khánh Hòa|Phường Cam Linh - Khánh Hòa|Phường Cam Ranh - Khánh Hòa|Phường Nam Nha Trang - Khánh Hòa|Phường Nha Trang - Khánh Hòa|Phường Ninh Chử - Khánh Hòa|Phường Ninh Hòa - Khánh Hòa|Phường Phan Rang - Khánh Hòa|Phường Tây Nha Trang - Khánh Hòa|Phường Đô Vinh - Khánh Hòa|Phường Đông Hải - Khánh Hòa|Xã Hòa Trí - Khánh Hòa|Xã Nam Ninh Hòa - Khánh Hòa|Xã Tây Ninh Hòa - Khánh Hòa|Xã Anh Dũng - Khánh Hòa|Xã Bác Ái - Khánh Hòa|Xã Bác Ái Tây - Khánh Hòa|Xã Bác Ái Đông - Khánh Hòa|Xã Bắc Khánh Vĩnh - Khánh Hòa|Xã Bắc Ninh Hòa - Khánh Hòa|Xã Cam An - Khánh Hòa|Xã Cam Hiệp - Khánh Hòa|Xã Cam Lâm - Khánh Hòa|Xã Cà Ná - Khánh Hòa|Xã Công Hải - Khánh Hòa|Xã Diên Khánh - Khánh Hòa|Xã Diên Lâm - Khánh Hòa|Xã Diên Lạc - Khánh Hòa|Xã Diên Thọ - Khánh Hòa|Xã Diên Điền - Khánh Hòa|Xã Khánh Sơn - Khánh Hòa|Xã Khánh Vĩnh - Khánh Hòa|Xã Lâm Sơn - Khánh Hòa|Xã Mỹ Sơn - Khánh Hòa|Xã Nam Cam Ranh - Khánh Hòa|Xã Nam Khánh Vĩnh - Khánh Hòa|Xã Ninh Hải - Khánh Hòa|Xã Ninh Phước - Khánh Hòa|Xã Ninh Sơn - Khánh Hòa|Xã Phước Dinh - Khánh Hòa|Xã Phước Hà - Khánh Hòa|Xã Phước Hậu - Khánh Hòa|Xã Phước Hữu - Khánh Hòa|Xã Suối Dầu - Khánh Hòa|Xã Suối Hiệp - Khánh Hòa|Xã Thuận Bắc - Khánh Hòa|Xã Thuận Nam - Khánh Hòa|Xã Trung Khánh Vĩnh - Khánh Hòa|Xã Tu Bông - Khánh Hòa|Xã Tân Định - Khánh Hòa|Xã Tây Khánh Sơn - Khánh Hòa|Xã Tây Khánh Vĩnh - Khánh Hòa|Xã Vĩnh Hải - Khánh Hòa|Xã Vạn Hưng - Khánh Hòa|Xã Vạn Ninh - Khánh Hòa|Xã Vạn Thắng - Khánh Hòa|Xã Xuân Hải - Khánh Hòa|Xã Đông Khánh Sơn - Khánh Hòa|Xã Đại Lãnh - Khánh Hòa|Đặc Khu Trường Sa - Khánh Hòa|Lai Châu|Phường Tân Phong - Lai Châu|Phường Đoàn Kết - Lai Châu|Xã Bum Nưa - Lai Châu|Xã Bum Tở - Lai Châu|Xã Bình Lư - Lai Châu|Xã Bản Bo - Lai Châu|Xã Dào San - Lai Châu|Xã Hua Bum - Lai Châu|Xã Hồng Thu - Lai Châu|Xã Khoen On - Lai Châu|Xã Khun Há - Lai Châu|Xã Khổng Lào - Lai Châu|Xã Lê Lợi - Lai Châu|Xã Mù Cả - Lai Châu|Xã Mường Khoa - Lai Châu|Xã Mường Kim - Lai Châu|Xã Mường Mô - Lai Châu|Xã Mường Than - Lai Châu|Xã Mường Tè - Lai Châu|Xã Nậm Cuổi - Lai Châu|Xã Nậm Hàng - Lai Châu|Xã Nậm Mạ - Lai Châu|Xã Nậm Sỏ - Lai Châu|Xã Nậm Tăm - Lai Châu|Xã Pa Tần - Lai Châu|Xã Pa Ủ - Lai Châu|Xã Phong Thổ - Lai Châu|Xã Pu Sam Cáp - Lai Châu|Xã Pắc Ta - Lai Châu|Xã Sin Suối Hồ - Lai Châu|Xã Sì Lở Lầu - Lai Châu|Xã Sìn Hồ - Lai Châu|Xã Than Uyên - Lai Châu|Xã Thu Lũm - Lai Châu|Xã Tà Tổng - Lai Châu|Xã Tân Uyên - Lai Châu|Xã Tả Lèng - Lai Châu|Xã Tủa Sín Chải - Lai Châu|Phường 1 Bảo Lộc - Lâm Đồng|Phường 2 Bảo Lộc - Lâm Đồng|Phường 3 Bảo Lộc - Lâm Đồng|Phường B'Lao - Lâm Đồng|Phường Bình Thuận - Lâm Đồng|Phường Bắc Gia Nghĩa - Lâm Đồng|Phường Cam Ly - Đà Lạt - Lâm Đồng|Phường Hàm Thắng - Lâm Đồng|Phường La Gi - Lâm Đồng|Phường Lang Biang - Đà Lạt - Lâm Đồng|Phường Lâm Viên - Đà Lạt - Lâm Đồng|Phường Mũi Né - Lâm Đồng|Phường Nam Gia Nghĩa - Lâm Đồng|Phường Phan Thiết - Lâm Đồng|Phường Phú Thủy - Lâm Đồng|Phường Phước Hội - Lâm Đồng|Phường Tiến Thành - Lâm Đồng|Phường Xuân Hương - Đà Lạt - Lâm Đồng|Phường Xuân Trường - Đà Lạt - Lâm Đồng|Phường Đông Gia Nghĩa - Lâm Đồng|Xã Bảo Lâm 1 - Lâm Đồng|Xã Bảo Lâm 2 - Lâm Đồng|Xã Bảo Lâm 3 - Lâm Đồng|Xã Bảo Lâm 4 - Lâm Đồng|Xã Bảo Lâm 5 - Lâm Đồng|Xã Bảo Thuận - Lâm Đồng|Xã Bắc Bình - Lâm Đồng|Xã Bắc Ruộng - Lâm Đồng|Xã Cát Tiên - Lâm Đồng|Xã Cát Tiên 2 - Lâm Đồng|Xã Cát Tiên 3 - Lâm Đồng|Xã Cư Jút - Lâm Đồng|Xã D'Ran - Lâm Đồng|Xã Di Linh - Lâm Đồng|Xã Gia Hiệp - Lâm Đồng|Xã Hiệp Thạnh - Lâm Đồng|Xã Hoài Đức - Lâm Đồng|Xã Hàm Kiệm - Lâm Đồng|Xã Hàm Liêm - Lâm Đồng|Xã Hàm Thuận - Lâm Đồng|Xã Hàm Thuận Bắc - Lâm Đồng|Xã Hàm Thuận Nam - Lâm Đồng|Xã Hàm Thạnh - Lâm Đồng|Xã Hàm Tân - Lâm Đồng|Xã Hòa Bắc - Lâm Đồng|Xã Hòa Ninh - Lâm Đồng|Xã Hòa Thắng - Lâm Đồng|Xã Hải Ninh - Lâm Đồng|Xã Hồng Sơn - Lâm Đồng|Xã Hồng Thái - Lâm Đồng|Xã Ka Đô - Lâm Đồng|Xã Kiến Đức - Lâm Đồng|Xã Krông Nô - Lâm Đồng|Xã La Dạ - Lâm Đồng|Xã Liên Hương - Lâm Đồng|Xã Lương Sơn - Lâm Đồng|Xã Lạc Dương - Lâm Đồng|Xã Nam Ban Lâm Hà - Lâm Đồng|Xã Nam Dong - Lâm Đồng|Xã Nam Hà Lâm Hà - Lâm Đồng|Xã Nam Thành - Lâm Đồng|Xã Nam Đà - Lâm Đồng|Xã Nghị Đức - Lâm Đồng|Xã Nhân Cơ - Lâm Đồng|Xã Ninh Gia - Lâm Đồng|Xã Nâm Nung - Lâm Đồng|Xã Phan Rí Cửa - Lâm Đồng|Xã Phan Sơn - Lâm Đồng|Xã Phú Sơn Lâm Hà - Lâm Đồng|Xã Phúc Thọ Lâm Hà - Lâm Đồng|Xã Quảng Hòa - Lâm Đồng|Xã Quảng Khê - Lâm Đồng|Xã Quảng Lập - Lâm Đồng|Xã Quảng Phú - Lâm Đồng|Xã Quảng Sơn - Lâm Đồng|Xã Quảng Trực - Lâm Đồng|Xã Quảng Tân - Lâm Đồng|Xã Quảng Tín - Lâm Đồng|Xã Suối Kiết - Lâm Đồng|Xã Sông Lũy - Lâm Đồng|Xã Sơn Mỹ - Lâm Đồng|Xã Sơn Điền - Lâm Đồng|Xã Thuận An - Lâm Đồng|Xã Thuận Hạnh - Lâm Đồng|Xã Trà Tân - Lâm Đồng|Xã Trường Xuân - Lâm Đồng|Xã Tuy Phong - Lâm Đồng|Xã Tuy Đức - Lâm Đồng|Xã Tuyên Quang - Lâm Đồng|Xã Tà Hine - Lâm Đồng|Xã Tà Năng - Lâm Đồng|Xã Tà Đùng - Lâm Đồng|Xã Tánh Linh - Lâm Đồng|Xã Tân Hà Lâm Hà - Lâm Đồng|Xã Tân Hải - Lâm Đồng|Xã Tân Hội - Lâm Đồng|Xã Tân Lập - Lâm Đồng|Xã Tân Minh - Lâm Đồng|Xã Tân Thành - Lâm Đồng|Xã Vĩnh Hảo - Lâm Đồng|Xã Đam Rông 1 - Lâm Đồng|Xã Đam Rông 2 - Lâm Đồng|Xã Đam Rông 3 - Lâm Đồng|Xã Đam Rông 4 - Lâm Đồng|Xã Đinh Trang Thượng - Lâm Đồng|Xã Đinh Văn Lâm Hà - Lâm Đồng|Xã Đông Giang - Lâm Đồng|Xã Đơn Dương - Lâm Đồng|Xã Đạ Huoai - Lâm Đồng|Xã Đạ Huoai 2 - Lâm Đồng|Xã Đạ Huoai 3 - Lâm Đồng|Xã Đạ Tẻh - Lâm Đồng|Xã Đạ Tẻh 2 - Lâm Đồng|Xã Đạ Tẻh 3 - Lâm Đồng|Xã Đắk Mil - Lâm Đồng|Xã Đắk Song - Lâm Đồng|Xã Đắk Sắk - Lâm Đồng|Xã Đắk Wil - Lâm Đồng|Xã Đồng Kho - Lâm Đồng|Xã Đức An - Lâm Đồng|Xã Đức Linh - Lâm Đồng|Xã Đức Lập - Lâm Đồng|Xã Đức Trọng - Lâm Đồng|Đặc Khu Phú Quý - Lâm Đồng|Lạng Sơn|Phường Kỳ Lừa - Lạng Sơn|Phường Lương Văn Tri - Lạng Sơn|Phường Tam Thanh - Lạng Sơn|Phường Đông Kinh - Lạng Sơn|Xã Ba Sơn - Lạng Sơn|Xã Bình Gia - Lạng Sơn|Xã Bắc Sơn - Lạng Sơn|Xã Bằng Mạc - Lạng Sơn|Xã Cai Kinh - Lạng Sơn|Xã Cao Lộc - Lạng Sơn|Xã Chi Lăng - Lạng Sơn|Xã Chiến Thắng - Lạng Sơn|Xã Châu Sơn - Lạng Sơn|Xã Công Sơn - Lạng Sơn|Xã Hoa Thám - Lạng Sơn|Xã Hoàng Văn Thụ - Lạng Sơn|Xã Hưng Vũ - Lạng Sơn|Xã Hồng Phong - Lạng Sơn|Xã Hội Hoan - Lạng Sơn|Xã Hữu Liên - Lạng Sơn|Xã Hữu Lũng - Lạng Sơn|Xã Khuất Xá - Lạng Sơn|Xã Kháng Chiến - Lạng Sơn|Xã Khánh Khê - Lạng Sơn|Xã Kiên Mộc - Lạng Sơn|Xã Lộc Bình - Lạng Sơn|Xã Lợi Bác - Lạng Sơn|Xã Mẫu Sơn - Lạng Sơn|Xã Na Dương - Lạng Sơn|Xã Na Sầm - Lạng Sơn|Xã Nhân Lý - Lạng Sơn|Xã Nhất Hòa - Lạng Sơn|Xã Quan Sơn - Lạng Sơn|Xã Quý Hòa - Lạng Sơn|Xã Quốc Khánh - Lạng Sơn|Xã Quốc Việt - Lạng Sơn|Xã Thiện Hòa - Lạng Sơn|Xã Thiện Long - Lạng Sơn|Xã Thiện Thuật - Lạng Sơn|Xã Thiện Tân - Lạng Sơn|Xã Thái Bình - Lạng Sơn|Xã Thất Khê - Lạng Sơn|Xã Thống Nhất - Lạng Sơn|Xã Thụy Hùng - Lạng Sơn|Xã Tri Lễ - Lạng Sơn|Xã Tràng Định - Lạng Sơn|Xã Tuấn Sơn - Lạng Sơn|Xã Tân Thành - Lạng Sơn|Xã Tân Tiến - Lạng Sơn|Xã Tân Tri - Lạng Sơn|Xã Tân Văn - Lạng Sơn|Xã Tân Đoàn - Lạng Sơn|Xã Vân Nham - Lạng Sơn|Xã Văn Lãng - Lạng Sơn|Xã Văn Quan - Lạng Sơn|Xã Vũ Lăng - Lạng Sơn|Xã Vũ Lễ - Lạng Sơn|Xã Vạn Linh - Lạng Sơn|Xã Xuân Dương - Lạng Sơn|Xã Yên Bình - Lạng Sơn|Xã Yên Phúc - Lạng Sơn|Xã Điềm He - Lạng Sơn|Xã Đoàn Kết - Lạng Sơn|Xã Đình Lập - Lạng Sơn|Xã Đồng Đăng - Lạng Sơn|Phường Cam Đường - Lào Cai|Phường Cầu Thia - Lào Cai|Phường Lào Cai - Lào Cai|Phường Nam Cường - Lào Cai|Phường Nghĩa Lộ - Lào Cai|Phường Sa Pa - Lào Cai|Phường Trung Tâm - Lào Cai|Phường Văn Phú - Lào Cai|Phường Yên Bái - Lào Cai|Phường Âu Lâu - Lào Cai|Xã Khánh Hòa - Lào Cai|Xã Lương Thịnh - Lào Cai|Xã Mỏ Vàng - Lào Cai|Xã Mường Lai - Lào Cai|Xã Thượng Bằng La - Lào Cai|Xã Tú Lệ - Lào Cai|Xã A Mú Sung - Lào Cai|Xã Bát Xát - Lào Cai|Xã Bản Hồ - Lào Cai|Xã Bản Liền - Lào Cai|Xã Bản Lầu - Lào Cai|Xã Bản Xèo - Lào Cai|Xã Bảo Hà - Lào Cai|Xã Bảo Nhai - Lào Cai|Xã Bảo Thắng - Lào Cai|Xã Bảo Yên - Lào Cai|Xã Bảo Ái - Lào Cai|Xã Bắc Hà - Lào Cai|Xã Cao Sơn - Lào Cai|Xã Chiềng Ken - Lào Cai|Xã Châu Quế - Lào Cai|Xã Chấn Thịnh - Lào Cai|Xã Chế Tạo - Lào Cai|Xã Cát Thịnh - Lào Cai|Xã Cảm Nhân - Lào Cai|Xã Cốc Lầu - Lào Cai|Xã Cốc San - Lào Cai|Xã Dương Quỳ - Lào Cai|Xã Dền Sáng - Lào Cai|Xã Gia Hội - Lào Cai|Xã Gia Phú - Lào Cai|Xã Hưng Khánh - Lào Cai|Xã Hạnh Phúc - Lào Cai|Xã Hợp Thành - Lào Cai|Xã Khao Mang - Lào Cai|Xã Khánh Yên - Lào Cai|Xã Lao Chải - Lào Cai|Xã Liên Sơn - Lào Cai|Xã Lâm Giang - Lào Cai|Xã Lâm Thượng - Lào Cai|Xã Lùng Phình - Lào Cai|Xã Lục Yên - Lào Cai|Xã Minh Lương - Lào Cai|Xã Mù Cang Chải - Lào Cai|Xã Mường Bo - Lào Cai|Xã Mường Hum - Lào Cai|Xã Mường Khương - Lào Cai|Xã Mậu A - Lào Cai|Xã Nghĩa Tâm - Lào Cai|Xã Nghĩa Đô - Lào Cai|Xã Ngũ Chỉ Sơn - Lào Cai|Xã Nậm Chày - Lào Cai|Xã Nậm Có - Lào Cai|Xã Nậm Xé - Lào Cai|Xã Pha Long - Lào Cai|Xã Phong Dụ Hạ - Lào Cai|Xã Phong Dụ Thượng - Lào Cai|Xã Phong Hải - Lào Cai|Xã Phúc Lợi - Lào Cai|Xã Phình Hồ - Lào Cai|Xã Phúc Khánh - Lào Cai|Xã Púng Luông - Lào Cai|Xã Quy Mông - Lào Cai|Xã Si Ma Cai - Lào Cai|Xã Sín Chéng - Lào Cai|Xã Sơn Lương - Lào Cai|Xã Thác Bà - Lào Cai|Xã Thượng Hà - Lào Cai|Xã Trạm Tấu - Lào Cai|Xã Trấn Yên - Lào Cai|Xã Trịnh Tường - Lào Cai|Xã Tà Xi Láng - Lào Cai|Xã Tân Hợp - Lào Cai|Xã Tân Lĩnh - Lào Cai|Xã Tả Củ Tỷ - Lào Cai|Xã Tả Phìn - Lào Cai|Xã Tả Van - Lào Cai|Xã Tằng Loỏng - Lào Cai|Xã Việt Hồng - Lào Cai|Xã Võ Lao - Lào Cai|Xã Văn Bàn - Lào Cai|Xã Văn Chấn - Lào Cai|Xã Xuân Ái - Lào Cai|Xã Xuân Hòa - Lào Cai|Xã Xuân Quang - Lào Cai|Xã Y Tý - Lào Cai|Xã Yên Bình - Lào Cai|Xã Yên Thành - Lào Cai|Xã Đông Cuông - Lào Cai|Nghệ An|Phường Cửa Lò - Nghệ An|Phường Hoàng Mai - Nghệ An|Phường Quỳnh Mai - Nghệ An|Phường Thành Vinh - Nghệ An|Phường Thái Hòa - Nghệ An|Phường Trường Vinh - Nghệ An|Phường Tân Mai - Nghệ An|Phường Tây Hiếu - Nghệ An|Phường Vinh Hưng - Nghệ An|Phường Vinh Lộc - Nghệ An|Phường Vinh Phú - Nghệ An|Xã An Châu - Nghệ An|Xã Anh Sơn - Nghệ An|Xã Anh Sơn Đông - Nghệ An|Xã Bình Chuẩn - Nghệ An|Xã Bình Minh - Nghệ An|Xã Bích Hào - Nghệ An|Xã Bạch Hà - Nghệ An|Xã Bạch Ngọc - Nghệ An|Xã Bắc Lý - Nghệ An|Xã Cam Phục - Nghệ An|Xã Chiêu Lưu - Nghệ An|Xã Châu Bình - Nghệ An|Xã Châu Hồng - Nghệ An|Xã Châu Khê - Nghệ An|Xã Châu Lộc - Nghệ An|Xã Châu Tiến - Nghệ An|Xã Con Cuông - Nghệ An|Xã Cát Ngạn - Nghệ An|Xã Diễn Châu - Nghệ An|Xã Giai Lạc - Nghệ An|Xã Giai Xuân - Nghệ An|Xã Hoa Quân - Nghệ An|Xã Huồi Tụ - Nghệ An|Xã Hùng Chân - Nghệ An|Xã Hùng Châu - Nghệ An|Xã Hưng Nguyên - Nghệ An|Xã Hưng Nguyên Nam - Nghệ An|Xã Hạnh Lâm - Nghệ An|Xã Hải Châu - Nghệ An|Xã Hải Lộc - Nghệ An|Xã Hợp Minh - Nghệ An|Xã Hữu Khuông - Nghệ An|Xã Hữu Kiệm - Nghệ An|Xã Keng Đu - Nghệ An|Xã Kim Bảng - Nghệ An|Xã Kim Liên - Nghệ An|Xã Lam Thành - Nghệ An|Xã Lương Sơn - Nghệ An|Xã Lượng Minh - Nghệ An|Xã Minh Châu - Nghệ An|Xã Minh Hợp - Nghệ An|Xã Môn Sơn - Nghệ An|Xã Mường Chọng - Nghệ An|Xã Mường Ham - Nghệ An|Xã Mường Lống - Nghệ An|Xã Mường Quàng - Nghệ An|Xã Mường Típ - Nghệ An|Xã Mường Xén - Nghệ An|Xã Mậu Thạch - Nghệ An|Xã Mỹ Lý - Nghệ An|Xã Na Loi - Nghệ An|Xã Na Ngoi - Nghệ An|Xã Nam Đàn - Nghệ An|Xã Nga My - Nghệ An|Xã Nghi Lộc - Nghệ An|Xã Nghĩa Hành - Nghệ An|Xã Nghĩa Hưng - Nghệ An|Xã Nghĩa Khánh - Nghệ An|Xã Nghĩa Lâm - Nghệ An|Xã Nghĩa Lộc - Nghệ An|Xã Nghĩa Mai - Nghệ An|Xã Nghĩa Thọ - Nghệ An|Xã Nghĩa Đàn - Nghệ An|Xã Nghĩa Đồng - Nghệ An|Xã Nhân Hòa - Nghệ An|Xã Nhôn Mai - Nghệ An|Xã Nậm Cắn - Nghệ An|Xã Phúc Lộc - Nghệ An|Xã Quan Thành - Nghệ An|Xã Quang Đồng - Nghệ An|Xã Quảng Châu - Nghệ An|Xã Quế Phong - Nghệ An|Xã Quỳ Châu - Nghệ An|Xã Quỳ Hợp - Nghệ An|Xã Quỳnh Anh - Nghệ An|Xã Quỳnh Lưu - Nghệ An|Xã Quỳnh Phú - Nghệ An|Xã Quỳnh Sơn - Nghệ An|Xã Quỳnh Tam - Nghệ An|Xã Quỳnh Thắng - Nghệ An|Xã Quỳnh Văn - Nghệ An|Xã Sơn Lâm - Nghệ An|Xã Tam Hợp - Nghệ An|Xã Tam Quang - Nghệ An|Xã Tam Thái - Nghệ An|Xã Tam Đồng - Nghệ An|Xã Thiên Nhẫn - Nghệ An|Xã Thuần Trung - Nghệ An|Xã Thành Bình Thọ - Nghệ An|Xã Thông Thụ - Nghệ An|Xã Thần Lĩnh - Nghệ An|Xã Tiên Đồng - Nghệ An|Xã Tiền Phong - Nghệ An|Xã Tri Lễ - Nghệ An|Xã Trung Lộc - Nghệ An|Xã Tân An - Nghệ An|Xã Tân Châu - Nghệ An|Xã Tân Kỳ - Nghệ An|Xã Tân Phú - Nghệ An|Xã Tương Dương - Nghệ An|Xã Vân Du - Nghệ An|Xã Vân Tụ - Nghệ An|Xã Văn Hiến - Nghệ An|Xã Văn Kiều - Nghệ An|Xã Vĩnh Tường - Nghệ An|Xã Vạn An - Nghệ An|Xã Xuân Lâm - Nghệ An|Xã Yên Hòa - Nghệ An|Xã Yên Na - Nghệ An|Xã Yên Thành - Nghệ An|Xã Yên Trung - Nghệ An|Xã Yên Xuân - Nghệ An|Xã Đô Lương - Nghệ An|Xã Đông Hiếu - Nghệ An|Xã Đông Lộc - Nghệ An|Xã Đông Thành - Nghệ An|Xã Đại Huệ - Nghệ An|Xã Đại Đồng - Nghệ An|Xã Đức Châu - Nghệ An|Phường Châu Sơn - Ninh Bình|Phường Duy Hà - Ninh Bình|Phường Duy Tiên - Ninh Bình|Phường Duy Tân - Ninh Bình|Phường Hoa Lư - Ninh Bình|Phường Hà Nam - Ninh Bình|Phường Hồng Quang - Ninh Bình|Phường Kim Bảng - Ninh Bình|Phường Kim Thanh - Ninh Bình|Phường Liêm Tuyền - Ninh Bình|Phường Lê Hồ - Ninh Bình|Phường Lý Thường Kiệt - Ninh Bình|Phường Mỹ Lộc - Ninh Bình|Phường Nam Hoa Lư - Ninh Bình|Phường Nam Định - Ninh Bình|Phường Nguyễn Úy - Ninh Bình|Phường Phù Vân - Ninh Bình|Phường Phủ Lý - Ninh Bình|Phường Tam Chúc - Ninh Bình|Phường Tam Điệp - Ninh Bình|Phường Thiên Trường - Ninh Bình|Phường Thành Nam - Ninh Bình|Phường Tiên Sơn - Ninh Bình|Phường Trung Sơn - Ninh Bình|Phường Trường Thi - Ninh Bình|Phường Tây Hoa Lư - Ninh Bình|Phường Vị Khê - Ninh Bình|Phường Yên Sơn - Ninh Bình|Phường Yên Thắng - Ninh Bình|Phường Đông A - Ninh Bình|Phường Đông Hoa Lư - Ninh Bình|Phường Đồng Văn - Ninh Bình|Xã Bình An - Ninh Bình|Xã Bình Giang - Ninh Bình|Xã Bình Lục - Ninh Bình|Xã Bình Minh - Ninh Bình|Xã Bình Mỹ - Ninh Bình|Xã Bình Sơn - Ninh Bình|Xã Bắc Lý - Ninh Bình|Xã Chất Bình - Ninh Bình|Xã Cát Thành - Ninh Bình|Xã Cúc Phương - Ninh Bình|Xã Cổ Lễ - Ninh Bình|Xã Gia Hưng - Ninh Bình|Xã Gia Lâm - Ninh Bình|Xã Gia Phong - Ninh Bình|Xã Gia Trấn - Ninh Bình|Xã Gia Tường - Ninh Bình|Xã Gia Viễn - Ninh Bình|Xã Gia Vân - Ninh Bình|Xã Giao Bình - Ninh Bình|Xã Giao Hòa - Ninh Bình|Xã Giao Hưng - Ninh Bình|Xã Giao Minh - Ninh Bình|Xã Giao Ninh - Ninh Bình|Xã Giao Phúc - Ninh Bình|Xã Giao Thủy - Ninh Bình|Xã Hiển Khánh - Ninh Bình|Xã Hải An - Ninh Bình|Xã Hải Anh - Ninh Bình|Xã Hải Hưng - Ninh Bình|Xã Hải Hậu - Ninh Bình|Xã Hải Quang - Ninh Bình|Xã Hải Thịnh - Ninh Bình|Xã Hải Tiến - Ninh Bình|Xã Hải Xuân - Ninh Bình|Xã Hồng Phong - Ninh Bình|Xã Khánh Hội - Ninh Bình|Xã Khánh Nhạc - Ninh Bình|Xã Khánh Thiện - Ninh Bình|Xã Khánh Trung - Ninh Bình|Xã Kim Sơn - Ninh Bình|Xã Kim Đông - Ninh Bình|Xã Lai Thành - Ninh Bình|Xã Liêm Hà - Ninh Bình|Xã Liên Minh - Ninh Bình|Xã Lý Nhân - Ninh Bình|Xã Minh Thái - Ninh Bình|Xã Minh Tân - Ninh Bình|Xã Nam Hồng - Ninh Bình|Xã Nam Lý - Ninh Bình|Xã Nam Minh - Ninh Bình|Xã Nam Ninh - Ninh Bình|Xã Nam Trực - Ninh Bình|Xã Nam Xang - Ninh Bình|Xã Nam Đồng - Ninh Bình|Xã Nghĩa Hưng - Ninh Bình|Xã Nghĩa Lâm - Ninh Bình|Xã Nghĩa Sơn - Ninh Bình|Xã Nho Quan - Ninh Bình|Xã Nhân Hà - Ninh Bình|Xã Ninh Cường - Ninh Bình|Xã Ninh Giang - Ninh Bình|Xã Phong Doanh - Ninh Bình|Xã Phát Diệm - Ninh Bình|Xã Phú Long - Ninh Bình|Xã Phú Sơn - Ninh Bình|Xã Quang Hưng - Ninh Bình|Xã Quang Thiện - Ninh Bình|Xã Quỳnh Lưu - Ninh Bình|Xã Quỹ Nhất - Ninh Bình|Xã Rạng Đông - Ninh Bình|Xã Thanh Bình - Ninh Bình|Xã Thanh Liêm - Ninh Bình|Xã Thanh Lâm - Ninh Bình|Xã Thanh Sơn - Ninh Bình|Xã Trần Thương - Ninh Bình|Xã Trực Ninh - Ninh Bình|Xã Tân Minh - Ninh Bình|Xã Tân Thanh - Ninh Bình|Xã Vĩnh Trụ - Ninh Bình|Xã Vũ Dương - Ninh Bình|Xã Vạn Thắng - Ninh Bình|Xã Vụ Bản - Ninh Bình|Xã Xuân Giang - Ninh Bình|Xã Xuân Hưng - Ninh Bình|Xã Xuân Hồng - Ninh Bình|Xã Xuân Trường - Ninh Bình|Xã Yên Cường - Ninh Bình|Xã Yên Khánh - Ninh Bình|Xã Yên Mô - Ninh Bình|Xã Yên Mạc - Ninh Bình|Xã Yên Từ - Ninh Bình|Xã Yên Đồng - Ninh Bình|Xã Ý Yên - Ninh Bình|Xã Đại Hoàng - Ninh Bình|Xã Định Hóa - Ninh Bình|Xã Đồng Thái - Ninh Bình|Xã Đồng Thịnh - Ninh Bình|Phường Hòa Bình - Phú Thọ|Phường Kỳ Sơn - Phú Thọ|Phường Nông Trang - Phú Thọ|Phường Phong Châu - Phú Thọ|Phường Phú Thọ - Phú Thọ|Phường Phúc Yên - Phú Thọ|Phường Thanh Miếu - Phú Thọ|Phường Thống Nhất - Phú Thọ|Phường Tân Hòa - Phú Thọ|Phường Việt Trì - Phú Thọ|Phường Vân Phú - Phú Thọ|Phường Vĩnh Phúc - Phú Thọ|Phường Vĩnh Yên - Phú Thọ|Phường Xuân Hòa - Phú Thọ|Phường Âu Cơ - Phú Thọ|Xã An Bình - Phú Thọ|Xã An Nghĩa - Phú Thọ|Xã Bao La - Phú Thọ|Xã Bình Nguyên - Phú Thọ|Xã Bình Phú - Phú Thọ|Xã Bình Tuyền - Phú Thọ|Xã Bình Xuyên - Phú Thọ|Xã Bản Nguyên - Phú Thọ|Xã Bằng Luân - Phú Thọ|Xã Cao Dương - Phú Thọ|Xã Cao Phong - Phú Thọ|Xã Cao Sơn - Phú Thọ|Xã Chân Mộng - Phú Thọ|Xã Chí Tiên - Phú Thọ|Xã Chí Đám - Phú Thọ|Xã Cẩm Khê - Phú Thọ|Xã Cự Đồng - Phú Thọ|Xã Dân Chủ - Phú Thọ|Xã Dũng Tiến - Phú Thọ|Xã Hiền Lương - Phú Thọ|Xã Hiền Quan - Phú Thọ|Xã Hoàng An - Phú Thọ|Xã Hoàng Cương - Phú Thọ|Xã Hy Cương - Phú Thọ|Xã Hùng Việt - Phú Thọ|Xã Hương Cần - Phú Thọ|Xã Hạ Hòa - Phú Thọ|Xã Hải Lựu - Phú Thọ|Xã Hội Thịnh - Phú Thọ|Xã Hợp Kim - Phú Thọ|Xã Hợp Lý - Phú Thọ|Xã Khả Cửu - Phú Thọ|Xã Kim Bôi - Phú Thọ|Xã Lai Đồng - Phú Thọ|Xã Liên Châu - Phú Thọ|Xã Liên Hòa - Phú Thọ|Xã Liên Minh - Phú Thọ|Xã Liên Sơn - Phú Thọ|Xã Long Cốc - Phú Thọ|Xã Lâm Thao - Phú Thọ|Xã Lương Sơn - Phú Thọ|Xã Lạc Lương - Phú Thọ|Xã Lạc Sơn - Phú Thọ|Xã Lạc Thủy - Phú Thọ|Xã Lập Thạch - Phú Thọ|Xã Mai Châu - Phú Thọ|Xã Mai Hạ - Phú Thọ|Xã Minh Hòa - Phú Thọ|Xã Minh Đài - Phú Thọ|Xã Mường Bi - Phú Thọ|Xã Mường Hoa - Phú Thọ|Xã Mường Thàng - Phú Thọ|Xã Mường Vang - Phú Thọ|Xã Mường Động - Phú Thọ|Xã Nguyệt Đức - Phú Thọ|Xã Ngọc Sơn - Phú Thọ|Xã Nhân Nghĩa - Phú Thọ|Xã Nật Sơn - Phú Thọ|Xã Phù Ninh - Phú Thọ|Xã Phùng Nguyên - Phú Thọ|Xã Phú Khê - Phú Thọ|Xã Phú Mỹ - Phú Thọ|Xã Pà Cò - Phú Thọ|Xã Quy Đức - Phú Thọ|Xã Quyết Thắng - Phú Thọ|Xã Quảng Yên - Phú Thọ|Xã Sông Lô - Phú Thọ|Xã Sơn Lương - Phú Thọ|Xã Sơn Đông - Phú Thọ|Xã Tam Dương - Phú Thọ|Xã Tam Dương Bắc - Phú Thọ|Xã Tam Hồng - Phú Thọ|Xã Tam Nông - Phú Thọ|Xã Tam Sơn - Phú Thọ|Xã Tam Đảo - Phú Thọ|Xã Thanh Ba - Phú Thọ|Xã Thanh Sơn - Phú Thọ|Xã Thanh Thủy - Phú Thọ|Xã Thu Cúc - Phú Thọ|Xã Thung Nai - Phú Thọ|Xã Thái Hòa - Phú Thọ|Xã Thượng Cốc - Phú Thọ|Xã Thượng Long - Phú Thọ|Xã Thịnh Minh - Phú Thọ|Xã Thọ Văn - Phú Thọ|Xã Thổ Tang - Phú Thọ|Xã Tiên Lương - Phú Thọ|Xã Tiên Lữ - Phú Thọ|Xã Tiền Phong - Phú Thọ|Xã Toàn Thắng - Phú Thọ|Xã Trung Sơn - Phú Thọ|Xã Trạm Thản - Phú Thọ|Xã Tu Vũ - Phú Thọ|Xã Tân Lạc - Phú Thọ|Xã Tân Mai - Phú Thọ|Xã Tân Pheo - Phú Thọ|Xã Tân Sơn - Phú Thọ|Xã Tây Cốc - Phú Thọ|Xã Tề Lỗ - Phú Thọ|Xã Vân Bán - Phú Thọ|Xã Vân Sơn - Phú Thọ|Xã Võ Miếu - Phú Thọ|Xã Văn Lang - Phú Thọ|Xã Văn Miếu - Phú Thọ|Xã Vĩnh An - Phú Thọ|Xã Vĩnh Chân - Phú Thọ|Xã Vĩnh Hưng - Phú Thọ|Xã Vĩnh Phú - Phú Thọ|Xã Vĩnh Thành - Phú Thọ|Xã Vĩnh Tường - Phú Thọ|Xã Vạn Xuân - Phú Thọ|Xã Xuân Lãng - Phú Thọ|Xã Xuân Lũng - Phú Thọ|Xã Xuân Viên - Phú Thọ|Xã Xuân Đài - Phú Thọ|Xã Yên Kỳ - Phú Thọ|Xã Yên Lãng - Phú Thọ|Xã Yên Lạc - Phú Thọ|Xã Yên Lập - Phú Thọ|Xã Yên Phú - Phú Thọ|Xã Yên Sơn - Phú Thọ|Xã Yên Thủy - Phú Thọ|Xã Yên Trị - Phú Thọ|Xã Đan Thượng - Phú Thọ|Xã Đoan Hùng - Phú Thọ|Xã Đà Bắc - Phú Thọ|Xã Đào Xá - Phú Thọ|Xã Đông Thành - Phú Thọ|Xã Đại Đình - Phú Thọ|Xã Đại Đồng - Phú Thọ|Xã Đạo Trù - Phú Thọ|Xã Đồng Lương - Phú Thọ|Xã Đức Nhàn - Phú Thọ|Phường Cẩm Thành - Quảng Ngãi|Phường Kon Tum - Quảng Ngãi|Phường Nghĩa Lộ - Quảng Ngãi|Phường Sa Huỳnh - Quảng Ngãi|Phường Trà Câu - Quảng Ngãi|Phường Trương Quang Trọng - Quảng Ngãi|Phường Đăk Bla - Quảng Ngãi|Phường Đăk Cấm - Quảng Ngãi|Phường Đức Phổ - Quảng Ngãi|Xã An Phú - Quảng Ngãi|Xã Ba Dinh - Quảng Ngãi|Xã Ba Gia - Quảng Ngãi|Xã Ba Tô - Quảng Ngãi|Xã Ba Tơ - Quảng Ngãi|Xã Ba Vinh - Quảng Ngãi|Xã Ba Vì - Quảng Ngãi|Xã Ba Xa - Quảng Ngãi|Xã Ba Động - Quảng Ngãi|Xã Bình Chương - Quảng Ngãi|Xã Bình Minh - Quảng Ngãi|Xã Bình Sơn - Quảng Ngãi|Xã Bờ Y - Quảng Ngãi|Xã Cà Đam - Quảng Ngãi|Xã Dục Nông - Quảng Ngãi|Xã Ia Chim - Quảng Ngãi|Xã Ia Tơi - Quảng Ngãi|Xã Ia Đal - Quảng Ngãi|Xã Khánh Cường - Quảng Ngãi|Xã Kon Braih - Quảng Ngãi|Xã Kon Plông - Quảng Ngãi|Xã Kon Đào - Quảng Ngãi|Xã Long Phụng - Quảng Ngãi|Xã Lân Phong - Quảng Ngãi|Xã Minh Long - Quảng Ngãi|Xã Mô Rai - Quảng Ngãi|Xã Măng Bút - Quảng Ngãi|Xã Măng Ri - Quảng Ngãi|Xã Măng Đen - Quảng Ngãi|Xã Mỏ Cày - Quảng Ngãi|Xã Mộ Đức - Quảng Ngãi|Xã Nghĩa Giang - Quảng Ngãi|Xã Nghĩa Hành - Quảng Ngãi|Xã Nguyễn Nghiêm - Quảng Ngãi|Xã Ngọc Linh - Quảng Ngãi|Xã Ngọk Bay - Quảng Ngãi|Xã Ngọk Réo - Quảng Ngãi|Xã Ngọk Tụ - Quảng Ngãi|Xã Phước Giang - Quảng Ngãi|Xã Rờ Kơi - Quảng Ngãi|Xã Sa Bình - Quảng Ngãi|Xã Sa Loong - Quảng Ngãi|Xã Sa Thầy - Quảng Ngãi|Xã Sơn Hà - Quảng Ngãi|Xã Sơn Hạ - Quảng Ngãi|Xã Sơn Kỳ - Quảng Ngãi|Xã Sơn Linh - Quảng Ngãi|Xã Sơn Mai - Quảng Ngãi|Xã Sơn Thủy - Quảng Ngãi|Xã Sơn Tây - Quảng Ngãi|Xã Sơn Tây Hạ - Quảng Ngãi|Xã Sơn Tây Thượng - Quảng Ngãi|Xã Sơn Tịnh - Quảng Ngãi|Xã Thanh Bồng - Quảng Ngãi|Xã Thiện Tín - Quảng Ngãi|Xã Thọ Phong - Quảng Ngãi|Xã Trà Bồng - Quảng Ngãi|Xã Trà Giang - Quảng Ngãi|Xã Trường Giang - Quảng Ngãi|Xã Tu Mơ Rông - Quảng Ngãi|Xã Tây Trà - Quảng Ngãi|Xã Tây Trà Bồng - Quảng Ngãi|Xã Tư Nghĩa - Quảng Ngãi|Xã Tịnh Khê - Quảng Ngãi|Xã Vạn Tường - Quảng Ngãi|Xã Vệ Giang - Quảng Ngãi|Xã Xốp - Quảng Ngãi|Xã Ya Ly - Quảng Ngãi|Xã Đình Cương - Quảng Ngãi|Xã Đông Sơn - Quảng Ngãi|Xã Đông Trà Bồng - Quảng Ngãi|Xã Đăk Hà - Quảng Ngãi|Xã Đăk Kôi - Quảng Ngãi|Xã Đăk Long - Quảng Ngãi|Xã Đăk Mar - Quảng Ngãi|Xã Đăk Môn - Quảng Ngãi|Xã Đăk Plô - Quảng Ngãi|Xã Đăk Pxi - Quảng Ngãi|Xã Đăk Pék - Quảng Ngãi|Xã Đăk Rve - Quảng Ngãi|Xã Đăk Rơ Wa - Quảng Ngãi|Xã Đăk Sao - Quảng Ngãi|Xã Đăk Tô - Quảng Ngãi|Xã Đăk Tờ Kan - Quảng Ngãi|Xã Đăk Ui - Quảng Ngãi|Xã Đặng Thùy Trâm - Quảng Ngãi|Đặc Khu Lý Sơn - Quảng Ngãi|Quảng Ninh|Phường An Sinh - Quảng Ninh|Phường Bãi Cháy - Quảng Ninh|Phường Bình Khê - Quảng Ninh|Phường Cao Xanh - Quảng Ninh|Phường Cẩm Phả - Quảng Ninh|Phường Cửa Ông - Quảng Ninh|Phường Hiệp Hòa - Quảng Ninh|Phường Hoàng Quế - Quảng Ninh|Phường Hoành Bồ - Quảng Ninh|Phường Hà An - Quảng Ninh|Phường Hà Lầm - Quảng Ninh|Phường Hà Tu - Quảng Ninh|Phường Hạ Long - Quảng Ninh|Phường Hồng Gai - Quảng Ninh|Phường Liên Hòa - Quảng Ninh|Phường Móng Cái 1 - Quảng Ninh|Phường Móng Cái 2 - Quảng Ninh|Phường Móng Cái 3 - Quảng Ninh|Phường Mông Dương - Quảng Ninh|Phường Mạo Khê - Quảng Ninh|Phường Phong Cốc - Quảng Ninh|Phường Quang Hanh - Quảng Ninh|Phường Quảng Yên - Quảng Ninh|Phường Tuần Châu - Quảng Ninh|Phường Uông Bí - Quảng Ninh|Phường Việt Hưng - Quảng Ninh|Phường Vàng Danh - Quảng Ninh|Phường Yên Tử - Quảng Ninh|Phường Đông Mai - Quảng Ninh|Phường Đông Triều - Quảng Ninh|Xã Ba Chẽ - Quảng Ninh|Xã Bình Liêu - Quảng Ninh|Xã Cái Chiên - Quảng Ninh|Xã Hoành Mô - Quảng Ninh|Xã Hải Hòa - Quảng Ninh|Xã Hải Lạng - Quảng Ninh|Xã Hải Ninh - Quảng Ninh|Xã Hải Sơn - Quảng Ninh|Xã Kỳ Thượng - Quảng Ninh|Xã Lương Minh - Quảng Ninh|Xã Lục Hồn - Quảng Ninh|Xã Quảng Hà - Quảng Ninh|Xã Quảng La - Quảng Ninh|Xã Quảng Tân - Quảng Ninh|Xã Quảng Đức - Quảng Ninh|Xã Thống Nhất - Quảng Ninh|Xã Tiên Yên - Quảng Ninh|Xã Vĩnh Thực - Quảng Ninh|Xã Điền Xá - Quảng Ninh|Xã Đông Ngũ - Quảng Ninh|Xã Đường Hoa - Quảng Ninh|Xã Đầm Hà - Quảng Ninh|Đặc Khu Cô Tô - Quảng Ninh|Đặc Khu Vân Đồn - Quảng Ninh|Phường Ba Đồn - Quảng Trị|Phường Bắc Gianh - Quảng Trị|Phường Nam Đông Hà - Quảng Trị|Phường Quảng Trị - Quảng Trị|Phường Đông Hà - Quảng Trị|Phường Đồng Hới - Quảng Trị|Phường Đồng Sơn - Quảng Trị|Phường Đồng Thuận - Quảng Trị|Xã A Dơi - Quảng Trị|Xã Ba Lòng - Quảng Trị|Xã Bắc Trạch - Quảng Trị|Xã Bến Hải - Quảng Trị|Xã Bến Quan - Quảng Trị|Xã Bố Trạch - Quảng Trị|Xã Cam Hồng - Quảng Trị|Xã Cam Lộ - Quảng Trị|Xã Cồn Tiên - Quảng Trị|Xã Cửa Tùng - Quảng Trị|Xã Cửa Việt - Quảng Trị|Xã Diên Sanh - Quảng Trị|Xã Dân Hóa - Quảng Trị|Xã Gio Linh - Quảng Trị|Xã Hiếu Giang - Quảng Trị|Xã Hoàn Lão - Quảng Trị|Xã Hòa Trạch - Quảng Trị|Xã Hướng Hiệp - Quảng Trị|Xã Hướng Lập - Quảng Trị|Xã Hướng Phùng - Quảng Trị|Xã Hải Lăng - Quảng Trị|Xã Khe Sanh - Quảng Trị|Xã Kim Ngân - Quảng Trị|Xã Kim Phú - Quảng Trị|Xã Kim Điền - Quảng Trị|Xã La Lay - Quảng Trị|Xã Lao Bảo - Quảng Trị|Xã Lìa - Quảng Trị|Xã Lệ Ninh - Quảng Trị|Xã Lệ Thủy - Quảng Trị|Xã Minh Hóa - Quảng Trị|Xã Mỹ Thủy - Quảng Trị|Xã Nam Ba Đồn - Quảng Trị|Xã Nam Cửa Việt - Quảng Trị|Xã Nam Gianh - Quảng Trị|Xã Nam Hải Lăng - Quảng Trị|Xã Nam Trạch - Quảng Trị|Xã Ninh Châu - Quảng Trị|Xã Phong Nha - Quảng Trị|Xã Phú Trạch - Quảng Trị|Xã Quảng Ninh - Quảng Trị|Xã Quảng Trạch - Quảng Trị|Xã Sen Ngư - Quảng Trị|Xã Thượng Trạch - Quảng Trị|Xã Triệu Bình - Quảng Trị|Xã Triệu Cơ - Quảng Trị|Xã Triệu Phong - Quảng Trị|Xã Trung Thuần - Quảng Trị|Xã Trường Ninh - Quảng Trị|Xã Trường Phú - Quảng Trị|Xã Trường Sơn - Quảng Trị|Xã Tuyên Bình - Quảng Trị|Xã Tuyên Hóa - Quảng Trị|Xã Tuyên Lâm - Quảng Trị|Xã Tuyên Phú - Quảng Trị|Xã Tuyên Sơn - Quảng Trị|Xã Tà Rụt - Quảng Trị|Xã Tân Gianh - Quảng Trị|Xã Tân Lập - Quảng Trị|Xã Tân Mỹ - Quảng Trị|Xã Tân Thành - Quảng Trị|Xã Vĩnh Hoàng - Quảng Trị|Xã Vĩnh Linh - Quảng Trị|Xã Vĩnh Thủy - Quảng Trị|Xã Vĩnh Định - Quảng Trị|Xã Ái Tử - Quảng Trị|Xã Đakrông - Quảng Trị|Xã Đông Trạch - Quảng Trị|Xã Đồng Lê - Quảng Trị|Đặc Khu Cồn Cỏ - Quảng Trị|Sơn La|Phường Chiềng An - Sơn La|Phường Chiềng Cơi - Sơn La|Phường Chiềng Sinh - Sơn La|Phường Mộc Châu - Sơn La|Phường Mộc Sơn - Sơn La|Phường Thảo Nguyên - Sơn La|Phường Tô Hiệu - Sơn La|Phường Vân Sơn - Sơn La|Xã Bình Thuận - Sơn La|Xã Bó Sinh - Sơn La|Xã Bắc Yên - Sơn La|Xã Chiềng Hoa - Sơn La|Xã Chiềng Hặc - Sơn La|Xã Chiềng Khoong - Sơn La|Xã Chiềng Khương - Sơn La|Xã Chiềng La - Sơn La|Xã Chiềng Lao - Sơn La|Xã Chiềng Mai - Sơn La|Xã Chiềng Mung - Sơn La|Xã Chiềng Sung - Sơn La|Xã Chiềng Sơ - Sơn La|Xã Chiềng Sơn - Sơn La|Xã Chiềng Sại - Sơn La|Xã Co Mạ - Sơn La|Xã Gia Phù - Sơn La|Xã Huổi Một - Sơn La|Xã Kim Bon - Sơn La|Xã Long Hẹ - Sơn La|Xã Lóng Phiêng - Sơn La|Xã Lóng Sập - Sơn La|Xã Mai Sơn - Sơn La|Xã Muổi Nọi - Sơn La|Xã Mường Bang - Sơn La|Xã Mường Bám - Sơn La|Xã Mường Bú - Sơn La|Xã Mường Chanh - Sơn La|Xã Mường Chiên - Sơn La|Xã Mường Cơi - Sơn La|Xã Mường Giôn - Sơn La|Xã Mường Hung - Sơn La|Xã Mường Khiêng - Sơn La|Xã Mường La - Sơn La|Xã Mường Lèo - Sơn La|Xã Mường Lạn - Sơn La|Xã Mường Lầm - Sơn La|Xã Mường Sại - Sơn La|Xã Mường É - Sơn La|Xã Ngọc Chiến - Sơn La|Xã Nậm Lầu - Sơn La|Xã Nậm Ty - Sơn La|Xã Phiêng Cằm - Sơn La|Xã Phiêng Khoài - Sơn La|Xã Phiêng Pằn - Sơn La|Xã Phù Yên - Sơn La|Xã Púng Bánh - Sơn La|Xã Pắc Ngà - Sơn La|Xã Quỳnh Nhai - Sơn La|Xã Song Khủa - Sơn La|Xã Suối Tọ - Sơn La|Xã Sông Mã - Sơn La|Xã Sốp Cộp - Sơn La|Xã Thuận Châu - Sơn La|Xã Tà Hộc - Sơn La|Xã Tà Xùa - Sơn La|Xã Tân Phong - Sơn La|Xã Tân Yên - Sơn La|Xã Tô Múa - Sơn La|Xã Tường Hạ - Sơn La|Xã Tạ Khoa - Sơn La|Xã Vân Hồ - Sơn La|Xã Xuân Nha - Sơn La|Xã Xím Vàng - Sơn La|Xã Yên Châu - Sơn La|Xã Yên Sơn - Sơn La|Xã Đoàn Kết - Sơn La|Phường Long Châu - Vĩnh Long|Phường Phước Hậu - Vĩnh Long|Phường Thanh Đức - Vĩnh Long|Phường An Hội - Vĩnh Long|Phường Bình Minh - Vĩnh Long|Phường Bến Tre - Vĩnh Long|Phường Cái Vồn - Vĩnh Long|Phường Duyên Hải - Vĩnh Long|Phường Hòa Thuận - Vĩnh Long|Phường Long Đức - Vĩnh Long|Phường Nguyệt Hóa - Vĩnh Long|Phường Phú Khương - Vĩnh Long|Phường Phú Tân - Vĩnh Long|Phường Sơn Đông - Vĩnh Long|Phường Trà Vinh - Vĩnh Long|Phường Trường Long Hòa - Vĩnh Long|Phường Tân Hạnh - Vĩnh Long|Phường Tân Ngãi - Vĩnh Long|Phường Đông Thành - Vĩnh Long|Xã An Bình - Vĩnh Long|Xã An Hiệp - Vĩnh Long|Xã An Ngãi Trung - Vĩnh Long|Xã An Phú Tân - Vĩnh Long|Xã An Qui - Vĩnh Long|Xã An Trường - Vĩnh Long|Xã An Định - Vĩnh Long|Xã Ba Tri - Vĩnh Long|Xã Bình Phước - Vĩnh Long|Xã Bình Phú - Vĩnh Long|Xã Bình Đại - Vĩnh Long|Xã Bảo Thạnh - Vĩnh Long|Xã Châu Hòa - Vĩnh Long|Xã Châu Hưng - Vĩnh Long|Xã Châu Thành - Vĩnh Long|Xã Chợ Lách - Vĩnh Long|Xã Càng Long - Vĩnh Long|Xã Cái Ngang - Vĩnh Long|Xã Cái Nhum - Vĩnh Long|Xã Cầu Kè - Vĩnh Long|Xã Cầu Ngang - Vĩnh Long|Xã Giao Long - Vĩnh Long|Xã Giồng Trôm - Vĩnh Long|Xã Hiếu Phụng - Vĩnh Long|Xã Hiếu Thành - Vĩnh Long|Xã Hiệp Mỹ - Vĩnh Long|Xã Hàm Giang - Vĩnh Long|Xã Hòa Bình - Vĩnh Long|Xã Hòa Hiệp - Vĩnh Long|Xã Hòa Minh - Vĩnh Long|Xã Hùng Hòa - Vĩnh Long|Xã Hưng Khánh Trung - Vĩnh Long|Xã Hưng Mỹ - Vĩnh Long|Xã Hưng Nhượng - Vĩnh Long|Xã Hương Mỹ - Vĩnh Long|Xã Long Hiệp - Vĩnh Long|Xã Long Hòa - Vĩnh Long|Xã Long Hồ - Vĩnh Long|Xã Long Hữu - Vĩnh Long|Xã Long Thành - Vĩnh Long|Xã Long Vĩnh - Vĩnh Long|Xã Lưu Nghiệp Anh - Vĩnh Long|Xã Lương Hòa - Vĩnh Long|Xã Lương Phú - Vĩnh Long|Xã Lộc Thuận - Vĩnh Long|Xã Lục Sĩ Thành - Vĩnh Long|Xã Mỏ Cày - Vĩnh Long|Xã Mỹ Chánh Hòa - Vĩnh Long|Xã Mỹ Long - Vĩnh Long|Xã Mỹ Thuận - Vĩnh Long|Xã Ngãi Tứ - Vĩnh Long|Xã Ngũ Lạc - Vĩnh Long|Xã Nhuận Phú Tân - Vĩnh Long|Xã Nhơn Phú - Vĩnh Long|Xã Nhị Long - Vĩnh Long|Xã Nhị Trường - Vĩnh Long|Xã Phong Thạnh - Vĩnh Long|Xã Phú Phụng - Vĩnh Long|Xã Phú Quới - Vĩnh Long|Xã Phú Thuận - Vĩnh Long|Xã Phú Túc - Vĩnh Long|Xã Phước Long - Vĩnh Long|Xã Phước Mỹ Trung - Vĩnh Long|Xã Quới An - Vĩnh Long|Xã Quới Thiện - Vĩnh Long|Xã Quới Điền - Vĩnh Long|Xã Song Lộc - Vĩnh Long|Xã Song Phú - Vĩnh Long|Xã Tam Bình - Vĩnh Long|Xã Tam Ngãi - Vĩnh Long|Xã Thành Thới - Vĩnh Long|Xã Thạnh Hải - Vĩnh Long|Xã Thạnh Phong - Vĩnh Long|Xã Thạnh Phú - Vĩnh Long|Xã Thạnh Phước - Vĩnh Long|Xã Thạnh Trị - Vĩnh Long|Xã Thới Thuận - Vĩnh Long|Xã Tiên Thủy - Vĩnh Long|Xã Tiểu Cần - Vĩnh Long|Xã Trung Hiệp - Vĩnh Long|Xã Trung Ngãi - Vĩnh Long|Xã Trung Thành - Vĩnh Long|Xã Trà Côn - Vĩnh Long|Xã Trà Cú - Vĩnh Long|Xã Trà Ôn - Vĩnh Long|Xã Tân An - Vĩnh Long|Xã Tân Hào - Vĩnh Long|Xã Tân Hòa - Vĩnh Long|Xã Tân Long Hội - Vĩnh Long|Xã Tân Lược - Vĩnh Long|Xã Tân Phú - Vĩnh Long|Xã Tân Quới - Vĩnh Long|Xã Tân Thành Bình - Vĩnh Long|Xã Tân Thủy - Vĩnh Long|Xã Tân Xuân - Vĩnh Long|Xã Tập Ngãi - Vĩnh Long|Xã Tập Sơn - Vĩnh Long|Xã Vinh Kim - Vĩnh Long|Xã Vĩnh Xuân - Vĩnh Long|Xã Vĩnh Thành - Vĩnh Long|Xã Đôn Châu - Vĩnh Long|Xã Đông Hải - Vĩnh Long|Xã Đại An - Vĩnh Long|Xã Đại Điền - Vĩnh Long|Xã Đồng Khởi - Vĩnh Long|Phường An Tường - Tuyên Quang|Phường Bình Thuận - Tuyên Quang|Phường Hà Giang 1 - Tuyên Quang|Phường Hà Giang 2 - Tuyên Quang|Phường Minh Xuân - Tuyên Quang|Phường Mỹ Lâm - Tuyên Quang|Phường Nông Tiến - Tuyên Quang|Xã Bình An - Tuyên Quang|Xã Bình Ca - Tuyên Quang|Xã Bình Xa - Tuyên Quang|Xã Bạch Ngọc - Tuyên Quang|Xã Bạch Xa - Tuyên Quang|Xã Bạch Đích - Tuyên Quang|Xã Bản Máy - Tuyên Quang|Xã Bắc Mê - Tuyên Quang|Xã Bắc Quang - Tuyên Quang|Xã Bằng Hành - Tuyên Quang|Xã Bằng Lang - Tuyên Quang|Xã Cao Bồ - Tuyên Quang|Xã Chiêm Hóa - Tuyên Quang|Xã Cán Tỷ - Tuyên Quang|Xã Côn Lôn - Tuyên Quang|Xã Du Già - Tuyên Quang|Xã Giáp Trung - Tuyên Quang|Xã Hoàng Su Phì - Tuyên Quang|Xã Hàm Yên - Tuyên Quang|Xã Hòa An - Tuyên Quang|Xã Hùng An - Tuyên Quang|Xã Hùng Lợi - Tuyên Quang|Xã Hùng Đức - Tuyên Quang|Xã Hồ Thầu - Tuyên Quang|Xã Hồng Sơn - Tuyên Quang|Xã Hồng Thái - Tuyên Quang|Xã Khuôn Lùng - Tuyên Quang|Xã Khâu Vai - Tuyên Quang|Xã Kim Bình - Tuyên Quang|Xã Kiên Đài - Tuyên Quang|Xã Kiến Thiết - Tuyên Quang|Xã Lao Chải - Tuyên Quang|Xã Linh Hồ - Tuyên Quang|Xã Liên Hiệp - Tuyên Quang|Xã Lâm Bình - Tuyên Quang|Xã Lùng Tám - Tuyên Quang|Xã Lũng Cú - Tuyên Quang|Xã Lũng Phìn - Tuyên Quang|Xã Lực Hành - Tuyên Quang|Xã Minh Ngọc - Tuyên Quang|Xã Minh Quang - Tuyên Quang|Xã Minh Sơn - Tuyên Quang|Xã Minh Thanh - Tuyên Quang|Xã Minh Tân - Tuyên Quang|Xã Mèo Vạc - Tuyên Quang|Xã Mậu Duệ - Tuyên Quang|Xã Nghĩa Thuận - Tuyên Quang|Xã Ngọc Long - Tuyên Quang|Xã Ngọc Đường - Tuyên Quang|Xã Nhữ Khê - Tuyên Quang|Xã Niêm Sơn - Tuyên Quang|Xã Nà Hang - Tuyên Quang|Xã Nấm Dẩn - Tuyên Quang|Xã Nậm Dịch - Tuyên Quang|Xã Phù Lưu - Tuyên Quang|Xã Phú Linh - Tuyên Quang|Xã Phú Lương - Tuyên Quang|Xã Phố Bảng - Tuyên Quang|Xã Pà Vầy Sủ - Tuyên Quang|Xã Pờ Ly Ngài - Tuyên Quang|Xã Quang Bình - Tuyên Quang|Xã Quản Bạ - Tuyên Quang|Xã Quảng Nguyên - Tuyên Quang|Xã Sà Phìn - Tuyên Quang|Xã Sơn Dương - Tuyên Quang|Xã Sơn Thủy - Tuyên Quang|Xã Sơn Vĩ - Tuyên Quang|Xã Sủng Máng - Tuyên Quang|Xã Thanh Thủy - Tuyên Quang|Xã Thuận Hòa - Tuyên Quang|Xã Thàng Tín - Tuyên Quang|Xã Thái Bình - Tuyên Quang|Xã Thái Hòa - Tuyên Quang|Xã Thái Sơn - Tuyên Quang|Xã Thông Nguyên - Tuyên Quang|Xã Thượng Lâm - Tuyên Quang|Xã Thượng Nông - Tuyên Quang|Xã Thượng Sơn - Tuyên Quang|Xã Thắng Mố - Tuyên Quang|Xã Tiên Nguyên - Tuyên Quang|Xã Tiên Yên - Tuyên Quang|Xã Tri Phú - Tuyên Quang|Xã Trung Hà - Tuyên Quang|Xã Trung Sơn - Tuyên Quang|Xã Trung Thịnh - Tuyên Quang|Xã Trường Sinh - Tuyên Quang|Xã Tát Ngà - Tuyên Quang|Xã Tân An - Tuyên Quang|Xã Tân Long - Tuyên Quang|Xã Tân Mỹ - Tuyên Quang|Xã Tân Quang - Tuyên Quang|Xã Tân Thanh - Tuyên Quang|Xã Tân Tiến - Tuyên Quang|Xã Tân Trào - Tuyên Quang|Xã Tân Trịnh - Tuyên Quang|Xã Tùng Bá - Tuyên Quang|Xã Tùng Vài - Tuyên Quang|Xã Việt Lâm - Tuyên Quang|Xã Vĩnh Tuy - Tuyên Quang|Xã Vị Xuyên - Tuyên Quang|Xã Xuân Giang - Tuyên Quang|Xã Xuân Vân - Tuyên Quang|Xã Xín Mần - Tuyên Quang|Xã Yên Cường - Tuyên Quang|Xã Yên Hoa - Tuyên Quang|Xã Yên Lập - Tuyên Quang|Xã Yên Minh - Tuyên Quang|Xã Yên Nguyên - Tuyên Quang|Xã Yên Phú - Tuyên Quang|Xã Yên Sơn - Tuyên Quang|Xã Yên Thành - Tuyên Quang|Xã Đông Thọ - Tuyên Quang|Xã Đường Hồng - Tuyên Quang|Xã Đường Thượng - Tuyên Quang|Xã Đồng Tâm - Tuyên Quang|Xã Đồng Văn - Tuyên Quang|Xã Đồng Yên - Tuyên Quang|Thanh Hóa|Phường Bỉm Sơn - Thanh Hóa|Phường Hàm Rồng - Thanh Hóa|Phường Hạc Thành - Thanh Hóa|Phường Hải Bình - Thanh Hóa|Phường Hải Lĩnh - Thanh Hóa|Phường Nam Sầm Sơn - Thanh Hóa|Phường Nghi Sơn - Thanh Hóa|Phường Nguyệt Viên - Thanh Hóa|Phường Ngọc Sơn - Thanh Hóa|Phường Quang Trung - Thanh Hóa|Phường Quảng Phú - Thanh Hóa|Phường Sầm Sơn - Thanh Hóa|Phường Trúc Lâm - Thanh Hóa|Phường Tân Dân - Thanh Hóa|Phường Tĩnh Gia - Thanh Hóa|Phường Đào Duy Từ - Thanh Hóa|Phường Đông Quang - Thanh Hóa|Phường Đông Sơn - Thanh Hóa|Phường Đông Tiến - Thanh Hóa|Xã An Nông - Thanh Hóa|Xã Ba Đình - Thanh Hóa|Xã Biện Thượng - Thanh Hóa|Xã Bá Thước - Thanh Hóa|Xã Bát Mọt - Thanh Hóa|Xã Các Sơn - Thanh Hóa|Xã Công Chính - Thanh Hóa|Xã Cẩm Thạch - Thanh Hóa|Xã Cẩm Thủy - Thanh Hóa|Xã Cẩm Tân - Thanh Hóa|Xã Cẩm Tú - Thanh Hóa|Xã Cẩm Vân - Thanh Hóa|Xã Cổ Lũng - Thanh Hóa|Xã Giao An - Thanh Hóa|Xã Hiền Kiệt - Thanh Hóa|Xã Hoa Lộc - Thanh Hóa|Xã Hoạt Giang - Thanh Hóa|Xã Hoằng Châu - Thanh Hóa|Xã Hoằng Giang - Thanh Hóa|Xã Hoằng Hóa - Thanh Hóa|Xã Hoằng Lộc - Thanh Hóa|Xã Hoằng Phú - Thanh Hóa|Xã Hoằng Sơn - Thanh Hóa|Xã Hoằng Thanh - Thanh Hóa|Xã Hoằng Tiến - Thanh Hóa|Xã Hà Long - Thanh Hóa|Xã Hà Trung - Thanh Hóa|Xã Hóa Quỳ - Thanh Hóa|Xã Hậu Lộc - Thanh Hóa|Xã Hồ Vương - Thanh Hóa|Xã Hồi Xuân - Thanh Hóa|Xã Hợp Tiến - Thanh Hóa|Xã Kim Tân - Thanh Hóa|Xã Kiên Thọ - Thanh Hóa|Xã Lam Sơn - Thanh Hóa|Xã Linh Sơn - Thanh Hóa|Xã Luận Thành - Thanh Hóa|Xã Lĩnh Toại - Thanh Hóa|Xã Lưu Vệ - Thanh Hóa|Xã Lương Sơn - Thanh Hóa|Xã Minh Sơn - Thanh Hóa|Xã Mường Chanh - Thanh Hóa|Xã Mường Lát - Thanh Hóa|Xã Mường Lý - Thanh Hóa|Xã Mường Mìn - Thanh Hóa|Xã Mậu Lâm - Thanh Hóa|Xã Na Mèo - Thanh Hóa|Xã Nam Xuân - Thanh Hóa|Xã Nga An - Thanh Hóa|Xã Nga Sơn - Thanh Hóa|Xã Nga Thắng - Thanh Hóa|Xã Nguyệt Ấn - Thanh Hóa|Xã Ngọc Liên - Thanh Hóa|Xã Ngọc Lặc - Thanh Hóa|Xã Ngọc Trạo - Thanh Hóa|Xã Nhi Sơn - Thanh Hóa|Xã Như Thanh - Thanh Hóa|Xã Như Xuân - Thanh Hóa|Xã Nông Cống - Thanh Hóa|Xã Phú Lệ - Thanh Hóa|Xã Phú Xuân - Thanh Hóa|Xã Pù Luông - Thanh Hóa|Xã Pù Nhi - Thanh Hóa|Xã Quan Sơn - Thanh Hóa|Xã Quang Chiểu - Thanh Hóa|Xã Quý Lương - Thanh Hóa|Xã Quý Lộc - Thanh Hóa|Xã Quảng Bình - Thanh Hóa|Xã Quảng Chính - Thanh Hóa|Xã Quảng Ngọc - Thanh Hóa|Xã Quảng Ninh - Thanh Hóa|Xã Quảng Yên - Thanh Hóa|Xã Sao Vàng - Thanh Hóa|Xã Sơn Thủy - Thanh Hóa|Xã Sơn Điện - Thanh Hóa|Xã Tam Chung - Thanh Hóa|Xã Tam Lư - Thanh Hóa|Xã Tam Thanh - Thanh Hóa|Xã Thanh Kỳ - Thanh Hóa|Xã Thanh Phong - Thanh Hóa|Xã Thanh Quân - Thanh Hóa|Xã Thiên Phủ - Thanh Hóa|Xã Thiết Ống - Thanh Hóa|Xã Thiệu Hóa - Thanh Hóa|Xã Thiệu Quang - Thanh Hóa|Xã Thiệu Tiến - Thanh Hóa|Xã Thiệu Toán - Thanh Hóa|Xã Thiệu Trung - Thanh Hóa|Xã Thành Vinh - Thanh Hóa|Xã Thăng Bình - Thanh Hóa|Xã Thường Xuân - Thanh Hóa|Xã Thượng Ninh - Thanh Hóa|Xã Thạch Bình - Thanh Hóa|Xã Thạch Lập - Thanh Hóa|Xã Thạch Quảng - Thanh Hóa|Xã Thắng Lộc - Thanh Hóa|Xã Thắng Lợi - Thanh Hóa|Xã Thọ Bình - Thanh Hóa|Xã Thọ Long - Thanh Hóa|Xã Thọ Lập - Thanh Hóa|Xã Thọ Ngọc - Thanh Hóa|Xã Thọ Phú - Thanh Hóa|Xã Thọ Xuân - Thanh Hóa|Xã Tiên Trang - Thanh Hóa|Xã Triệu Lộc - Thanh Hóa|Xã Triệu Sơn - Thanh Hóa|Xã Trung Chính - Thanh Hóa|Xã Trung Hạ - Thanh Hóa|Xã Trung Lý - Thanh Hóa|Xã Trung Sơn - Thanh Hóa|Xã Trung Thành - Thanh Hóa|Xã Trường Lâm - Thanh Hóa|Xã Trường Văn - Thanh Hóa|Xã Tân Ninh - Thanh Hóa|Xã Tân Thành - Thanh Hóa|Xã Tân Tiến - Thanh Hóa|Xã Tây Đô - Thanh Hóa|Xã Tượng Lĩnh - Thanh Hóa|Xã Tống Sơn - Thanh Hóa|Xã Vân Du - Thanh Hóa|Xã Văn Nho - Thanh Hóa|Xã Văn Phú - Thanh Hóa|Xã Vĩnh Lộc - Thanh Hóa|Xã Vạn Lộc - Thanh Hóa|Xã Vạn Xuân - Thanh Hóa|Xã Xuân Bình - Thanh Hóa|Xã Xuân Chinh - Thanh Hóa|Xã Xuân Du - Thanh Hóa|Xã Xuân Hòa - Thanh Hóa|Xã Xuân Lập - Thanh Hóa|Xã Xuân Thái - Thanh Hóa|Xã Xuân Tín - Thanh Hóa|Xã Yên Khương - Thanh Hóa|Xã Yên Nhân - Thanh Hóa|Xã Yên Ninh - Thanh Hóa|Xã Yên Phú - Thanh Hóa|Xã Yên Thắng - Thanh Hóa|Xã Yên Thọ - Thanh Hóa|Xã Yên Trường - Thanh Hóa|Xã Yên Định - Thanh Hóa|Xã Điền Lư - Thanh Hóa|Xã Điền Quang - Thanh Hóa|Xã Đông Thành - Thanh Hóa|Xã Định Hòa - Thanh Hóa|Xã Định Tân - Thanh Hóa|Xã Đồng Lương - Thanh Hóa|Xã Đồng Tiến - Thanh Hóa|Phường Bá Xuyên - Thái Nguyên|Phường Bách Quang - Thái Nguyên|Phường Bắc Kạn - Thái Nguyên|Phường Gia Sàng - Thái Nguyên|Phường Linh Sơn - Thái Nguyên|Phường Phan Đình Phùng - Thái Nguyên|Phường Phúc Thuận - Thái Nguyên|Phường Phổ Yên - Thái Nguyên|Phường Quan Triều - Thái Nguyên|Phường Quyết Thắng - Thái Nguyên|Phường Sông Công - Thái Nguyên|Phường Trung Thành - Thái Nguyên|Phường Tích Lương - Thái Nguyên|Phường Vạn Xuân - Thái Nguyên|Phường Đức Xuân - Thái Nguyên|Xã An Khánh - Thái Nguyên|Xã Ba Bể - Thái Nguyên|Xã Bình Thành - Thái Nguyên|Xã Bình Yên - Thái Nguyên|Xã Bạch Thông - Thái Nguyên|Xã Bằng Thành - Thái Nguyên|Xã Bằng Vân - Thái Nguyên|Xã Cao Minh - Thái Nguyên|Xã Chợ Mới - Thái Nguyên|Xã Chợ Rã - Thái Nguyên|Xã Chợ Đồn - Thái Nguyên|Xã Côn Minh - Thái Nguyên|Xã Cường Lợi - Thái Nguyên|Xã Cẩm Giàng - Thái Nguyên|Xã Dân Tiến - Thái Nguyên|Xã Hiệp Lực - Thái Nguyên|Xã Hợp Thành - Thái Nguyên|Xã Kha Sơn - Thái Nguyên|Xã Kim Phượng - Thái Nguyên|Xã La Bằng - Thái Nguyên|Xã La Hiên - Thái Nguyên|Xã Lam Vỹ - Thái Nguyên|Xã Na Rì - Thái Nguyên|Xã Nam Cường - Thái Nguyên|Xã Nam Hòa - Thái Nguyên|Xã Nghinh Tường - Thái Nguyên|Xã Nghiên Loan - Thái Nguyên|Xã Nghĩa Tá - Thái Nguyên|Xã Ngân Sơn - Thái Nguyên|Xã Nà Phặc - Thái Nguyên|Xã Phong Quang - Thái Nguyên|Xã Phú Bình - Thái Nguyên|Xã Phú Lương - Thái Nguyên|Xã Phú Lạc - Thái Nguyên|Xã Phú Thịnh - Thái Nguyên|Xã Phú Xuyên - Thái Nguyên|Xã Phú Đình - Thái Nguyên|Xã Phúc Lộc - Thái Nguyên|Xã Phượng Tiến - Thái Nguyên|Xã Phủ Thông - Thái Nguyên|Xã Quang Sơn - Thái Nguyên|Xã Quân Chu - Thái Nguyên|Xã Quảng Bạch - Thái Nguyên|Xã Sảng Mộc - Thái Nguyên|Xã Thanh Mai - Thái Nguyên|Xã Thanh Thịnh - Thái Nguyên|Xã Thành Công - Thái Nguyên|Xã Thượng Minh - Thái Nguyên|Xã Thượng Quan - Thái Nguyên|Xã Thần Sa - Thái Nguyên|Xã Trung Hội - Thái Nguyên|Xã Tràng Xá - Thái Nguyên|Xã Trại Cau - Thái Nguyên|Xã Trần Phú - Thái Nguyên|Xã Tân Cương - Thái Nguyên|Xã Tân Khánh - Thái Nguyên|Xã Tân Kỳ - Thái Nguyên|Xã Tân Thành - Thái Nguyên|Xã Vô Tranh - Thái Nguyên|Xã Võ Nhai - Thái Nguyên|Xã Văn Hán - Thái Nguyên|Xã Văn Lang - Thái Nguyên|Xã Văn Lăng - Thái Nguyên|Xã Vĩnh Thông - Thái Nguyên|Xã Vạn Phú - Thái Nguyên|Xã Xuân Dương - Thái Nguyên|Xã Yên Bình - Thái Nguyên|Xã Yên Phong - Thái Nguyên|Xã Yên Thịnh - Thái Nguyên|Xã Yên Trạch - Thái Nguyên|Xã Điềm Thụy - Thái Nguyên|Xã Đại Phúc - Thái Nguyên|Xã Đại Từ - Thái Nguyên|Xã Định Hóa - Thái Nguyên|Xã Đồng Hỷ - Thái Nguyên|Xã Đồng Phúc - Thái Nguyên|Xã Đức Lương - Thái Nguyên|Phường An Tịnh - Tây Ninh|Phường Bình Minh - Tây Ninh|Phường Gia Lộc - Tây Ninh|Phường Gò Dầu - Tây Ninh|Phường Hòa Thành - Tây Ninh|Phường Khánh Hậu - Tây Ninh|Phường Kiến Tường - Tây Ninh|Phường Long An - Tây Ninh|Phường Long Hoa - Tây Ninh|Phường Ninh Thạnh - Tây Ninh|Phường Thanh Điền - Tây Ninh|Phường Trảng Bàng - Tây Ninh|Phường Tân An - Tây Ninh|Phường Tân Ninh - Tây Ninh|Xã An Lục Long - Tây Ninh|Xã An Ninh - Tây Ninh|Xã Bình Hiệp - Tây Ninh|Xã Bình Hòa - Tây Ninh|Xã Bình Thành - Tây Ninh|Xã Bình Đức - Tây Ninh|Xã Bến Cầu - Tây Ninh|Xã Bến Lức - Tây Ninh|Xã Châu Thành - Tây Ninh|Xã Cần Giuộc - Tây Ninh|Xã Cần Đước - Tây Ninh|Xã Cầu Khởi - Tây Ninh|Xã Dương Minh Châu - Tây Ninh|Xã Hiệp Hòa - Tây Ninh|Xã Hòa Hội - Tây Ninh|Xã Hòa Khánh - Tây Ninh|Xã Hưng Thuận - Tây Ninh|Xã Hưng Điền - Tây Ninh|Xã Hảo Đước - Tây Ninh|Xã Hậu Nghĩa - Tây Ninh|Xã Hậu Thạnh - Tây Ninh|Xã Khánh Hưng - Tây Ninh|Xã Long Cang - Tây Ninh|Xã Long Chữ - Tây Ninh|Xã Long Hựu - Tây Ninh|Xã Long Thuận - Tây Ninh|Xã Lương Hòa - Tây Ninh|Xã Lộc Ninh - Tây Ninh|Xã Mộc Hóa - Tây Ninh|Xã Mỹ An - Tây Ninh|Xã Mỹ Hạnh - Tây Ninh|Xã Mỹ Lệ - Tây Ninh|Xã Mỹ Lộc - Tây Ninh|Xã Mỹ Quý - Tây Ninh|Xã Mỹ Thạnh - Tây Ninh|Xã Mỹ Yên - Tây Ninh|Xã Nhơn Hòa Lập - Tây Ninh|Xã Nhơn Ninh - Tây Ninh|Xã Nhựt Tảo - Tây Ninh|Xã Ninh Điền - Tây Ninh|Xã Phước Chỉ - Tây Ninh|Xã Phước Lý - Tây Ninh|Xã Phước Thạnh - Tây Ninh|Xã Phước Vinh - Tây Ninh|Xã Phước Vĩnh Tây - Tây Ninh|Xã Rạch Kiến - Tây Ninh|Xã Thuận Mỹ - Tây Ninh|Xã Thạnh Bình - Tây Ninh|Xã Thạnh Hóa - Tây Ninh|Xã Thạnh Lợi - Tây Ninh|Xã Thạnh Phước - Tây Ninh|Xã Thạnh Đức - Tây Ninh|Xã Thủ Thừa - Tây Ninh|Xã Truông Mít - Tây Ninh|Xã Trà Vong - Tây Ninh|Xã Tuyên Bình - Tây Ninh|Xã Tuyên Thạnh - Tây Ninh|Xã Tân Biên - Tây Ninh|Xã Tân Châu - Tây Ninh|Xã Tân Hòa - Tây Ninh|Xã Tân Hưng - Tây Ninh|Xã Tân Hội - Tây Ninh|Xã Tân Long - Tây Ninh|Xã Tân Lân - Tây Ninh|Xã Tân Lập - Tây Ninh|Xã Tân Phú - Tây Ninh|Xã Tân Thành - Tây Ninh|Xã Tân Thạnh - Tây Ninh|Xã Tân Trụ - Tây Ninh|Xã Tân Tây - Tây Ninh|Xã Tân Tập - Tây Ninh|Xã Tân Đông - Tây Ninh|Xã Tầm Vu - Tây Ninh|Xã Vàm Cỏ - Tây Ninh|Xã Vĩnh Châu - Tây Ninh|Xã Vĩnh Công - Tây Ninh|Xã Vĩnh Hưng - Tây Ninh|Xã Vĩnh Thạnh - Tây Ninh|Xã Đông Thành - Tây Ninh|Xã Đức Huệ - Tây Ninh|Xã Đức Hòa - Tây Ninh|Xã Đức Lập - Tây Ninh|Không Yêu Cầu Kinh Nghiệm|Trung Học Phổ Thông (Cấp 3) Trở Lên|Thiết Kế Đồ Họa (Graphic Design)|Marketing/Pr/Quảng Cáo|Công Nghệ Thông Tin|Thiết Kế|Quảng Cáo/Sáng Tạo|Software Design|Thiết Kế Đồ Hoạ/Giao Diện/Trải Nghiệm|Việc Làm It,Thừa Thiên Huế,0,0,full-time,any,0,high,"Mô tả công việc + Sử dụng hoàn toàn bằng ứng dụng của Công ty để gia công bản vẽ mặt bằng nhà 2D thông qua nguồn video của khách hàng cung cấp, hoàn thành chỉ tiêu Công ty đề ra theo từng giai đoạn; + Nhân viên sẽ được chuyên viên của công ty đào tạo kỹ năng trước khi vào làm việc chính thức; + Cụ thể trao đổi khi phỏng vấn Yêu cầu ứng viên + Không cần bằng cấp, kinh nghiệm + Có máy tính và thành thạo các thao tác cơ bản trên máy. Thời gian làm việc: 2.1. Đối với lịch làm việc từ Thứ 4 đến Thứ 6 mỗi tuần, từ tháng 3 đến tháng 10 hàng năm và có thể chọn các khung giờ như sau: - Khung giờ sáng 4h - 8h; - Khung giờ sáng 5h - 9h; 2.2. Đối với lịch làm việc từ Thứ 3 đến Thứ 5 mỗi tuần, từ tháng 3 đến tháng 10 hàng năm và có thể chọn các khung giờ như sau: - Khung giờ sáng 8h - 12h; - Khung giờ chiều 13h - 17h; - Khung giờ chiều tối 17h - 21h; - Khung giờ tối 22h - 2h sáng; Lưu ý: Lượng đơn hàng sẽ đạt cao nhất trong khoảng thời gian từ tháng 3 đến tháng 10 hàng năm nên các bạn đăng ký part time sẽ được làm việc từ Thứ 3 đến Thứ 7. Quyền lợi Tiền lương: - Lương theo sản phẩm. Giá chưa tự deliver: 10.000 đồng/sàn; Giá tự deliver: 16.000 đồng/sàn (Deliver: Tự gửi bài cho khách hàng); - Lương sẽ được nhận trong khoảng thời gian từ ngày 15 đến ngày 20 hàng tháng (trừ thứ 7, CN). Ví dụ: Lương tháng 1 sẽ được nhận trong khoảng thời gian từ ngày 15/02 đến ngày 20/02; - Tiền lương được nhận dưới hình thức chuyển khoản vào thời gian đã quy định; Quy định về ngày lễ Tết : - Bắt buộc theo quy định từ công ty về các ngày Lễ Tết sẽ được thông báo vào tháng 11 hàng năm về mức công việc và giá tiền sản phẩm cho Tuần Tết âm Lịch. - Công ty có quyền chấm dứt thỏa thuận làm việc với người lao động tự do vào thời gian không nhận sản phẩm khách hàng hoặc không thể đáp ứng được yêu cầu phù hợp với công việc của Công ty Cam kết của người làm việc: - Người lao động xin phép nghỉ nếu có việc trước 1 ngày trong lịch của mình - Người lao động khi muốn chấm dứt công việc đề nghị với quản lý trước 2 tuần làm việc - Người lao động tự do phải bảo mật các tài khoản của mình không được bị tiết lộ dưới mọi hình thức. Không mang sản phẩm công ty dùng vào mục đích riêng, không được để sản phẩm của khách hàng trên các trang cá nhân, các diễn đàn... Lưu ý: Nếu để tài khoản của mình ảnh hưởng sản phẩm, hay có hành động không đúng ảnh hưởng đến công ty dựa trên độ thiệt hại và ảnh hưởng đến công ty để có xử lý/bồi thường đúng với thiệt hại đã gây ra. Trường hợp nặng sẽ để pháp luật xử lý . Địa điểm làm việc (đã được cập nhật theo Danh mục Hành chính mới - thêm quận/huyện cũ tương ứng để dễ dàng tra cứu) - Hà Nội: (Tất cả phường) - Hồ Chí Minh: (Tất cả phường) - Bắc Ninh: (Tất cả phường) - Đồng Nai: (Tất cả phường) - Hưng Yên: (Tất cả phường) - Hải Phòng: (Tất cả phường) - An Giang: (Tất cả phường) - Cà Mau: (Tất cả phường) - Cần Thơ: (Tất cả phường) - Cao Bằng: (Tất cả phường) - Đắk Lắk: (Tất cả phường) - Điện Biên: (Tất cả phường) - Đồng Tháp: (Tất cả phường) - Gia Lai: (Tất cả phường) - H",other,TopCV,https://www.topcv.vn/viec-lam/nhan-vien-trien-khai-ban-ve-2d-part-time-tren-toan-quoc-tru-hue-va-da-nang/2069739.html?ta_source=JobSearchList_LinkDetail&u_sr_id=Lpk2rmhPrDnYi8ls5oc2QZEok5KkehQdT7fWFN1h_1776178885,2026-04-14T22:06:18.522036
scraped_topcv_00045,Kế Toán/Kiểm Toán Làm Chuyên Viên Kiểm Thử Phần Mềm (QC/Tester),Công ty Cổ phần MISA,Xem Chi Tiết Yêu Cầu|Xem Chi Tiết Quyền Lợi|Hà Nội|Việc Làm Chuyên Viên Kiểm Thử Phần Mềm Tại Hà Nội|Phường Xuân Đỉnh - Hà Nội|Phường Cầu Giấy - Hà Nội|1 Năm Kinh Nghiệm|Đại Học Trở Lên|Nữ|Nghỉ Thứ 7|Software Tester (Automation & Manual)|It - Phần Mềm|Kế Toán|Kiểm Toán|Công Nghệ Thông Tin|Software Testing|Việc Làm It,Hà Nội,0,0,full-time,any,1,high,"Mô tả công việc Tập đoàn MISA, thành lập năm 1994, là đơn vị CNTT hàng đầu Việt Nam với hơn 350.000 khách hàng tổ chức và gần 3,5 triệu cá nhân, hiện diện tại 22 quốc gia. MISA tiên phong phát triển Agentic AI và nền tảng AIaaS, cung cấp giải pháp số hóa cho doanh nghiệp, hộ kinh doanh và chính phủ. Định vị là tập đoàn dẫn đầu về Agentic AI, MISA cam kết đổi mới sáng tạo, giúp tối ưu vận hành, nâng cao hiệu quả và giảm tải thủ công cho tổ chức. Sứ mệnh của MISA là đồng hành cùng chính phủ, doanh nghiệp và cá nhân trong hành trình chuyển đổi số, khẳng định vị thế công nghệ Việt Nam trên quốc tế. Chi tiết công việc: Dùng thử và kiểm tra lỗi phần mềm kế toán theo hướng người dùng để đảm bảo phần mềm tối ưu nhất, đáp ứng tốt nhất nghiệp vụ thực tế của khách hàng trước khi phát hành sản phẩm Làm việc trực tiếp với bộ phận Hỗ trợ khách hàng để tiếp nhận lỗi phần mềm do khách hàng gửi về, trao đổi và đốc thúc bộ phận Lập trình viên để phản hồi và kiểm soát việc sửa lỗi Yêu cầu ứng viên Nữ, độ tuổi từ 23-28 Tốt nghiệp Đại Học chuyên ngành kế toán, kiểm toán, tài chính, ngân hàng... Tối thiểu 1 năm kinh nghiệm kế toán tổng hợp hoặc đã thực hiện nhiều mảng phần hành kế toán khác nhau Nắm chắc các kiến thức kế toán Tư duy logic tốt, tự học hỏi nhanh Kỹ năng phân tích và giải quyết vấn đề tốt Kỹ năng giao tiếp tốt, trình bày vấn đề rõ ràng, mạch lạc Ưu tiên đã có kinh nghiệm sử dụng phần mềm kế toán Quyền lợi Tiên phong công nghệ, uy tín MISA là doanh nghiệp CNTT xuất sắc nhất khu vực Châu Á - Châu Đại Dương. Tiên phong xuất khẩu giải pháp SaaS. TOP đầu doanh nghiệp CNTT tăng trưởng liên tục với quy mô nhân sự tăng 20%/năm, doanh thu tăng 15%/năm. Hội tụ 4000 nhân tài cùng khát vọng đưa sản phẩm công nghệ “Make In Vietnam” vươn tầm quốc tế. Xây dựng niềm tin với 350.000 khách hàng là cơ quan nhà nước, doanh nghiệp, hộ kinh doanh và 3.5 triệu khách hàng cá nhân tại Việt Nam và 22 quốc gia trên thế giới. Hơn 100 giải thưởng trong ngành CNTT trong nước và quốc tế. Nền tảng vững chắc cho phát triển sự nghiệp, thăng tiến, quyền lợi Lương cạnh tranh. Thưởng năng suất dựa trên kết quả công việc từ 2 tháng lương. Đánh giá review lương 2 lần/năm, nhiều cơ hội tăng lương 50-70%/năm, thưởng sáng kiến... Huấn luyện “Hổ tướng”: chương trình đào tạo quản lý tài năng, bệ phóng trở thành Chiến tướng tinh nhuệ. Giải thưởng “Gấu vàng"": nơi tôn vinh những tài năng xuất sắc nhất Gói chăm sóc sức khỏe toàn diện tại Medlatec, cháy hết mình tại các CLB theo sở thích, chương trình teambuilding, du lịch định kỳ. Môi trường thân thiện, chia sẻ, đồng hành Kết nối tài năng: tập trung phát triển những con người có chung lý tưởng, mục tiêu, cùng trao giá trị và nhận thành công. Tư duy đột phá: môi trường tôn trọng sự khác biệt và đề cao sáng tạo, MISA-er được tự do phát triển các ý tưởng tiến bộ, cải tiến công việc. Công nghệ cao: trang bị máy tính làm việc, tối ưu hiệu suất công việc bằng ứng dụng công nghệ, phần mềm tự động (AMIS, Jira, Power BI, AI Marketing,...) Nơi làm việc hạnh phú",accounting,TopCV,https://www.topcv.vn/viec-lam/ke-toan-kiem-toan-lam-chuyen-vien-kiem-thu-phan-mem-qc-tester/2118088.html?ta_source=JobSearchList_LinkDetail&u_sr_id=Lpk2rmhPrDnYi8ls5oc2QZEok5KkehQdT7fWFN1h_1776178885,2026-04-14T22:06:18.522726
scraped_topcv_00046,IT Support Executive,CÔNG TY TNHH MTV SEN VÀNG VIỆT NAM,Xem Chi Tiết Yêu Cầu|Hồ Chí Minh|Việc Làm It Support Tại Hồ Chí Minh|Bình Dương|Việc Làm It Support Tại Bình Dương|Bà Rịa-Vũng Tàu|Việc Làm It Support Tại Bà Rịa-Vũng Tàu|Phường Thủ Đức - Hồ Chí Minh|1 Năm Kinh Nghiệm|Cao Đẳng Trở Lên|Chuyên Môn It Helpdesk/It Support|It - Phần Cứng Và Máy Tính|It - Phần Mềm|Công Nghệ Thông Tin|It Infrastructure And Operations|It Helpdesk/It Support|Việc Làm It,Hồ Chí Minh,0,0,full-time,any,1,high,"Mô tả công việc Đảm bảo tuân thủ các quy định về an toàn thông tin và bảo mật hệ thống CNTT trong toàn công ty Giám sát và vận hành hệ thống IT: - Hệ thống máy chủ (Windows Server/Linux cơ bản) - Hệ thống mạng (LAN/WAN/WiFi) - Các dịch vụ nội bộ: AD, File Server, Print Server Thực hiện kiểm tra, phát hiện và xử lý sự cố liên quan đến: - Network (Switch, Router, VLAN, DHCP, DNS) - Server và dịch vụ hệ thống Hỗ trợ người dùng (end-user) các vấn đề IT - Phần cứng, phần mềm, kết nối mạng - Đảm bảo thời gian xử lý nhanh, hạn chế downtime Tham gia triển khai và cấu hình hạ tầng IT - Lắp đặt thiết bị mạng, kéo dây, setup hệ thống - Cài đặt và cấu hình server, dịch vụ nội bộ Quản lý tài khoản người dùng và phân quyền hệ thống (AD, shared resource) Thực hiện backup, restore dữ liệu và kiểm tra định kỳ Theo dõi, quản lý tài sản IT và đề xuất nâng cấp hệ thống khi cần Phối hợp với các bộ phận liên quan để đảm bảo hệ thống vận hành ổn định, an toàn Thực hiện các công việc khác theo phân công Chủ động nghiên cứu, học hỏi và nâng cao kiến thức về System/Network/Virtualization Yêu cầu ứng viên Tốt nghiệp các ngành Công nghệ thông tin, Điện tử viễn thông hoặc các ngành nghề liên quan khác Có kinh nghiệm từ 1-3 năm trong ngành. Có một trong những chứng chỉ MSCA, CCNA, là một lợi thếƯu tiên 2 năm kinh nghiệm ở vị trí tương đương Có kiến thức tốt về phần cứng IT: PC, laptop, máy in, thiết bị chấm công Có khả năng cài đặt, cấu hình và xử lý sự cố: + Máy tính, phần mềm, thiết bị ngoại vi + Camera, hệ thống giám sát và các thiết bị liên quan Thành thạo hỗ trợ người dùng (end-user support): Troubleshooting nhanh các lỗi phần cứng, phần mềm, mạng cơ bản Có hiểu biết về các hệ thống vận hành nội bộ: Phần mềm chấm công, hệ thống âm thanh, hệ thống kiểm soát ra vào (access control) Có kiến thức nền về hệ thống và mạng: + Networking cơ bản (TCP/IP, LAN, WiFi) + Hệ điều hành Windows / Windows Server Có định hướng phát triển trong lĩnh vực System/Network (System Admin) Có khả năng đọc hiểu tài liệu kỹ thuật bằng tiếng Anh Chủ động học hỏi, cập nhật công nghệ mới Vui vẻ, hoạt bát, năng động Quyền lợi được hưởng Thử việc: 2 tháng Thời gian làm việc: 8h00 đến 17h00, từ thứ 2 - thứ 7, nghỉ 2 thứ 7 Cơ hội huấn luyện: Công ty có chính sách đầu tư đào tạo và nâng cao kỹ năng nhân sự nắm giữ vị trí quản lý trong tương lai. Đồng nghiệp: Môi trường làm việc hiện đại, chuyên nghiệp, năng động, thân thiện, nhiều điều kiện, học hỏi và thăng tiến Ngày nghỉ: + 12 ngày phép năm + Nghỉ Tết/Nghỉ Lễ theo quy định Phúc lợi: + Lương tháng 13, lương thâm niên quy định công ty + Lương Thỏa thuận theo năng lực. + Được hưởng các chính sách phúc lợi theo quy định của Công ty: sinh nhật cá nhân, cưới hỏi, thăm hỏi ốm đau, du lịch nghỉ mát, khám sức khỏe định kỳ hằng năm. + Tham gia đầy đủ BHYT, BHXH, BHTN theo quy định Phụ cấp khác: + Được hỗ trợ cơm trưa. + Thưởng chuyên cần 800.000 đồng/tháng Địa điểm làm việc (đã được cập nhật theo Danh mục Hành chính mới - thêm quận/huyện cũ tương ứng để dễ dàng tr",other,TopCV,https://www.topcv.vn/brand/goldenlotusjewelry/tuyen-dung/it-support-executive-j2124201.html?ta_source=JobSearchList_LinkDetail&u_sr_id=Lpk2rmhPrDnYi8ls5oc2QZEok5KkehQdT7fWFN1h_1776178885,2026-04-14T22:06:18.523380
scraped_topcv_00048,Chuyên Viên Business Analyst (BA),Công ty CP Kids Plaza,Xem Chi Tiết Yêu Cầu|Hà Nội|Việc Làm Business Analyst Tại Hà Nội|Phường Hà Đông - Hà Nội|2 Năm Kinh Nghiệm|Đại Học Trở Lên|Business Analyst (Phân Tích Nghiệp Vụ)|Công Nghệ Thông Tin|Product Management|Việc Làm It,Hà Nội,12000000,25000000,full-time,any,2,high,"Mô tả công việc Chịu trách nhiệm phân tích nhu cầu nghiệp vụ, xây dựng tài liệu yêu cầu và phối hợp với đội kỹ thuật để phát triển các hệ thống công nghệ phục vụ hoạt động kinh doanh của công ty bán lẻ Mẹ & Bé. Đóng vai trò cầu nối giữa các phòng ban kinh doanh và đội phát triển công nghệ, đảm bảo các sản phẩm phần mềm đáp ứng đúng nhu cầu vận hành và tối ưu hiệu quả kinh doanh. Nhiệm vụ: Thu thập và phân tích yêu cầu nghiệp vụ • Làm việc với các phòng ban như Kinh doanh, Marketing, E-commerce, Vận hành cửa hàng, Kho vận để thu thập yêu cầu nghiệp vụ. • Phân tích quy trình vận hành hiện tại và xác định các vấn đề cần cải thiện. • Đề xuất giải pháp công nghệ giúp tối ưu hóa quy trình hoạt động. Xây dựng tài liệu phân tích nghiệp vụ • Viết và quản lý các tài liệu phân tích như: • Business Requirement Document (BRD) • Software Requirement Specification (SRS) • User Story / Use Case • Flow nghiệp vụ • Thiết kế sơ đồ quy trình và mô hình nghiệp vụ. • Xây dựng wireframe hoặc mockup cho các chức năng hệ thống. Phối hợp với đội phát triển phần mềm • Làm việc với Developer, QA, Product Manager để chuyển đổi yêu cầu nghiệp vụ thành yêu cầu kỹ thuật. • Hỗ trợ đội phát triển làm rõ các yêu cầu trong quá trình triển khai. • Theo dõi tiến độ phát triển và đảm bảo các tính năng được xây dựng đúng yêu cầu. Kiểm thử và nghiệm thu hệ thống • Tham gia xây dựng kịch bản kiểm thử (Test case). • Thực hiện kiểm thử chức năng và hỗ trợ UAT với các phòng ban. • Đảm bảo hệ thống hoạt động đúng với yêu cầu nghiệp vụ trước khi triển khai. Cải tiến hệ thống và quy trình • Phân tích dữ liệu và phản hồi từ người dùng để đề xuất cải tiến hệ thống. • Tham gia xây dựng roadmap phát triển các sản phẩm công nghệ nội bộ. Yêu cầu ứng viên • Tối thiểu 2 – 3 năm kinh nghiệm Business Analyst hoặc vị trí tương đương. • Ưu tiên ứng viên có kinh nghiệm trong ngành Bán lẻ/E-commerce/FMCG/Omnichannel bán lẻ Kiến thức chuyên môn Ứng viên cần có hiểu biết về: • Quy trình bán lẻ • Hệ thống POS • CRM / Loyalty • Order Management • Inventory Management • E-commerce Kỹ năng phân tích • Phân tích quy trình nghiệp vụ (Business Process Analysis) • Vẽ sơ đồ: • BPMN • Flow chart • Sequence diagram • Xây dựng tài liệu yêu cầu chi tiết. Kỹ năng công cụ: Thành thạo các công cụ: Jira / ClickUp / Trello, Confluence / Notion, Draw.io / Lucidchart / Miro, Figma / Balsamiq (mockup) Ưu tiên nếu có thêm: SQL cơ bản, Data analysis, BI tools (Power BI / Tableau) Quyền lợi Môi trường làm việc trẻ trung, năng động, gần gũi Chế độ liên hoan, sinh nhật, hiếu hỉ, cưới hỏi... Hưởng đầy đủ tất cả các chế độ theo Luật lao động (BHYT, BHTN, BHXH...) Lương tháng 13, xét tăng lương 1 lần/năm Tham gia sự kiện Teambuilding, Year end party, Từ thiện, I’m Leader, I’m Kidsers... Tham gia các câu lạc bộ bên lề phong phú: CLB Bóng Đá, CLB Thiền, CLB Đọc sách.... Văn phòng làm việc với không gian mở; khuyến khích tinh thần trẻ trung, năng động và sáng tạo. Được cử đi tham gia các khóa đào tạo chuyên môn & kỹ năng phát triển nghề ngh",other,TopCV,https://www.topcv.vn/viec-lam/chuyen-vien-business-analyst-ba/2075455.html?ta_source=JobSearchList_LinkDetail&u_sr_id=Lpk2rmhPrDnYi8ls5oc2QZEok5KkehQdT7fWFN1h_1776178885,2026-04-14T22:06:18.526344
scraped_topcv_00049,NV Kinh Doanh Làm Báo Giá Hợp Đồng(Ko Áp Doanh Số),Công ty cổ phần K. Hệ thống,Xem Chi Tiết Yêu Cầu|Xem Chi Tiết Quyền Lợi|Hà Nội|Việc Làm Kinh Doanh Tại Hà Nội|Phường Đại Mỗ - Hà Nội|Việc Làm Kinh Doanh Tại Phường Đại Mỗ - Hà Nội|1 Năm Kinh Nghiệm|Cao Đẳng Trở Lên|Tiếng Anh Giao Tiếp Cơ Bản|Nghỉ Thứ 7|Kinh Doanh Phần Mềm|It - Phần Mềm|It - Phần Cứng Và Máy Tính|B2B|Kinh Doanh/Bán Hàng|Công Nghệ Thông Tin|Sales It Phần Mềm|Việc Làm It,Hà Nội,0,0,full-time,any,1,high,"Mô tả công việc Tiếp nhận và xử lý yêu cầu báo giá từ kinh doanh/khách hàng . Làm việc với nhà cung cấp Tìm kiếm, thu thập, cập nhật giá từ nhiều nguồn. Lập báo giá gửi khách hàng kịp thời và theo dõi phản hồi của khách hàng. Làm hợp đồng mua/ bán hàng với khách hàng Theo dõi và cập nhật cơ sở dữ liệu. Phối hợp công việc chặt chẽ với các bộ phận: kinh doanh, kế toán, cung ứng, kho vận.. Đàm phán, thương lượng và chốt hợp đồng với khách hàng. Yêu cầu ứng viên Tốt nghiệp Cao đẳng/Đại học trở lên, ưu tiên các chuyên ngành Kinh tế, Quản trị Kinh doanh, CNTT hoặc các ngành liên quan. Có ít nhất 1 năm kinh nghiệm trong lĩnh vực kinh doanh, bán hàng (ưu tiên kinh doanh phần mềm hoặc các sản phẩm công nghệ). Có khả năng giao tiếp, thuyết trình và thuyết phục tốt. Có kỹ năng xây dựng và duy trì mối quan hệ với khách hàng. Có khả năng làm việc độc lập và làm việc nhóm hiệu quả. Có khả năng làm việc dưới áp lực cao Năng động, nhiệt tình, có tinh thần trách nhiệm cao. Thu nhập Thu nhập: Thoả thuận Lương cứng không phụ thuộc doanh số Quyền lợi Tháng lương thứ 13. Thưởng dự án hàng tháng căn cứ theo hiệu quả công việc lên đến 150$ / tháng Review tăng lương 1 lần/năm; Chế độ đãi ngộ cạnh tranh, có khả năng đột biến theo performance; Thưởng nóng cho những cá nhân có thành tích xuất sắc; Được cung cấp đầy đủ phương tiện làm việc theo yêu cầu của tính chất công việc Trợ cấp ăn trưa: 55.000 VNĐ/ ngày Trợ cấp con nhỏ: 50$ / tháng Thưởng các dịp lễ Tết Trợ cấp sinh nhật: 1.000.000 VNĐ Happy Meals hàng ngày (trà, cafe), liên hoan, party thường xuyên Các chế độ bảo hiểm, ngày nghỉ lễ, tết theo pháp luật hiện hành Địa điểm làm việc (đã được cập nhật theo Danh mục Hành chính mới - thêm quận/huyện cũ tương ứng để dễ dàng tra cứu) - Hà Nội: Tầng 6, tòa CT1, tòa nhà Bắc Hà C14, Phố Tố Hữu, Phường Đại Mỗ (quận Nam Từ Liêm cũ) Thời gian làm việc Thứ 2 - Thứ 6 (từ 08:00 đến 17:00) Cách thức ứng tuyển Ứng viên nộp hồ sơ trực tuyến bằng cách bấm Ứng tuyển ngay dưới đây.",sales,TopCV,https://www.topcv.vn/viec-lam/nv-kinh-doanh-lam-bao-gia-hop-dongko-ap-doanh-so/2122517.html?ta_source=JobSearchList_LinkDetail&u_sr_id=Lpk2rmhPrDnYi8ls5oc2QZEok5KkehQdT7fWFN1h_1776178885,2026-04-14T22:06:18.526881
scraped_topcv_00003,Manual Tester,CÔNG TY CỔ PHẦN CÔNG NGHỆ AIT,Xem Chi Tiết Yêu Cầu|Xem Chi Tiết Quyền Lợi|Kiến Thức Sâu Rộng Về Quy Trình Kiểm Thử Phần Mềm|Phương Pháp|Công Cụ Test|Kỹ Thuật Test|Api Testing|Truy Vấn Hệ Cơ Sở Dữ Liệu|Kiểm Thử App/Web/Api|Hà Nội|Việc Làm Manual Tester Tại Hà Nội|Phường Từ Liêm - Hà Nội|2 Năm Kinh Nghiệm|Cao Đẳng Trở Lên|Nghỉ Thứ 7|Bảo Hiểm Xã Hội|Team Building|Software Tester (Automation & Manual)|Bưu Chính|Tài Chính|Logistic / Vận Tải|Công Nghệ Thông Tin|Software Testing|Việc Làm It,Hà Nội,15000000,25000000,full-time,any,2,high,"Mô tả công việc Tham gia tìm hiểu và phân tích yêu cầu hệ thống phần mềm của dự án lĩnh vực Bưu chính, Doanh nghiệp, Fintech Phối hợp BA phân tích, làm rõ yêu cầu và thiết kế yêu cầu Thiết kế kế hoạch test, kịch bản test, test script, test data Tạo dữ liệu kiểm thử, thiết lập môi trường kiểm thử Thực hiện test theo kế hoạch và kịch bản test Tiếp nhận và kiểm tra các lỗi được phản ánh Viết báo cáo test, đánh giá kết quả kiểm thử Kiểm soát việc sửa lỗi của đội lập trình và đảm bảo phần mềm đạt chất lượng cao. Yêu cầu ứng viên Tốt nghiệp ĐH, CĐ chuyên ngành CNTT, Hệ thống quản lý thông tin, Điện tử viễn thông, các chuyên ngành tương đương. Có thể đi onsite tùy thời điểm và tình hình dự án Tối thiểu 2 năm làm việc thực tế tại các công ty, dự án về vị trí kiểm thử phần mềm; Có kiến thức sâu rộng về quy trình kiểm thử phần mềm và các phương pháp, công cụ test, kỹ thuật test Ưu tiên có kinh nghiệm làm việc về truy vấn với các hệ cơ sở dữ liệu; Ưu tiên có kinh nghiệm API Testing. Ưu tiên nhân sự có kinh nghiệm kiểm thử App/Web/API. Quyền lợi Mức lương từ 15M-19M Gross; Hưởng trợ cấp hàng tháng khi dùng thiết bị cá nhân; Được hưởng đầy đủ chế độ bảo hiểm theo quy định BHXH, BHYT, BHTN; Được hưởng chế độ nghỉ phép 12 ngày/năm, các ngày nghỉ phép khác theo quy định của Luật; Thưởng các ngày Lễ lớn trong năm như: Tết Âm lịch, tết Dương lịch, các ngày lễ, ... Được đào tạo chuyên môn, kỹ năng thường xuyên; Xét điều chỉnh lương, đánh giá theo năng lực định kỳ Lương tháng 13 Thưởng doanh thu cuối năm khi có đóng góp lớn vào sự phát triển của công ty (tuỳ theo tình hình kinh doanh của Công ty); Được làm việc trong môi trường năng động, nhiều cơ hội thăng tiến; Đội ngũ kỹ sư, nhân viên tài năng, giàu kinh nghiệm; Làm việc với các đối tác lớn Tham gia các hoạt động du lịch và teambuilding Làm việc từ thứ 2 đến thứ 6; nghỉ thứ 7, CN. Cơ hội phát triển: Được tham gia các khóa đào tạo về chuyên môn theo nhu cầu Được tham gia các chương trình training về kỹ năng công nghệ và kỹ năng mềm, phương pháp làm việc (Agile, Scrum...). Được tư vấn và chia sẻ về phát triển năng lực và nghề nghiệp bản thân. Cùng nghiên cứu và thử thách với những công nghệ mới và các hot tech trend trên thế giới Được tham gia các chương trình training về kỹ năng công nghệ và kỹ năng mềm, phương pháp làm việc (Agile, Scrum...). Được tư vấn và chia sẻ về phát triển năng lực và nghề nghiệp bản thân. Thiết bị làm việc Được cấp Máy tính Quyền lợi Bảo hiểm xã hội, Team building, Du lịch hàng năm, Thưởng tháng 13, Thưởng hiệu quả làm việc Địa điểm làm việc (đã được cập nhật theo Danh mục Hành chính mới - thêm quận/huyện cũ tương ứng để dễ dàng tra cứu) - Hà Nội: Lê Đức Thọ, Phường Từ Liêm (quận Nam Từ Liêm cũ) Thời gian làm việc Thứ 2 - Thứ 6 (từ 08:00 đến 17:30) Cách thức ứng tuyển Ứng viên nộp hồ sơ trực tuyến bằng cách bấm Ứng tuyển ngay dưới đây.",other,TopCV,https://www.topcv.vn/viec-lam/manual-tester/2049974.html?ta_source=JobSearchList_LinkDetail&u_sr_id=3vBTeTDCw1ROW6js5OrCnSkc3PWDvgxsWW7UcMWZ_1776180690,2026-04-14T23:08:40.886063
scraped_topcv_00004,Business Development Executive - IT Outsourcing,CÔNG TY CỔ PHẦN SPARKMINDS,Xem Chi Tiết Yêu Cầu|Xem Chi Tiết Quyền Lợi|Thuyết Trình|Tìm Kiếm Khách Hàng|Tiếng Anh|Xây Dựng Mối Quan Hệ|Giao Tiếp|Am Hiểu Về It Outsourcing|Powerpoint|Ai|Kỹ Năng Viết Proposal|Hồ Chí Minh|Bình Dương|Bà Rịa-Vũng Tàu|Phường Tân Bình - Hồ Chí Minh|2 Năm Kinh Nghiệm|Đại Học Trở Lên|Tiếng Anh Giao Tiếp Thành Thạo|Nghỉ Thứ 7|Bảo Hiểm Xã Hội|Du Lịch Hàng Năm|Kinh Doanh Phần Mềm|It - Phần Mềm|B2B|Online Sales|Kinh Doanh/Bán Hàng|Công Nghệ Thông Tin|Sales It Phần Mềm|Việc Làm It,Hồ Chí Minh,12000000,20000000,full-time,any,2,high,"Mô tả công việc Find and reach out to potential clients using channels such as Zalo, WhatsApp, LinkedIn, Facebook, and other websites. Send messages and emails, make connections, and set up meetings with interested clients. Prepare proposal PowerPoint slides and developer CVs to send to clients. Communicate with clients to understand their needs and present our services. Keep track of leads, follow-ups, and meetings in a CRM or another tracking system. Build and maintain strong relationships with clients. Work with the technical team to convert potential clients into active clients. Provide weekly or monthly reports on the number of new leads generated, meetings scheduled, and other relevant metrics. Yêu cầu ứng viên Have experience in an IT/software outsourcing company or related domain. Familiarity with tech stacks, software development domains, and outsourcing services in the software industry. Ability to quickly learn new knowledge and adapt to training. Experience or strong comfort working in global or international markets. Strong English skills, including speaking, writing, and listening. Proficient in using platforms such as Facebook, LinkedIn, Zalo, and WhatsApp for lead generation and outreach. Good communication and networking skills, with the ability to build and maintain relationships with clients. Thu nhập Thu nhập khi đạt 100% KPI: 12 - 20 triệu VND Thu nhập tính theo tỷ lệ đạt KPI Lương cứng: 8 - 15 triệu VND Lương cứng không phụ thuộc doanh số Quyền lợi 13th-month salary (guaranteed, not dependent on business performance). Two company trips per year (employees who join before June are eligible to participate in the first trip). Bonus KPI/Performance Extremely open working environment Work with all the newest technologies Work with the most talented IT people Yearly health check Free training course on Udemy Review salary every time as needed 14 days annual leave Instant noodles,sausage, snacks, coffee... Quarterly party Career orientation support Reward holidays / Tet Holiday events Quyền lợi Bảo hiểm xã hội, Du lịch hàng năm, Phụ cấp thâm niên, Thưởng tháng 13, Bảo hiểm sức khỏe, Team building, Thưởng hiệu quả làm việc Địa điểm làm việc (đã được cập nhật theo Danh mục Hành chính mới - thêm quận/huyện cũ tương ứng để dễ dàng tra cứu) - Hồ Chí Minh: Tòa nhà Mộc Gia, 24A Bàu Cát 2, Phường Tân Bình (quận Tân Bình cũ) Thời gian làm việc Thứ 2 - Thứ 6 (từ 08:30 đến 18:00) Nghỉ trưa 1h30 phút. Cách thức ứng tuyển Ứng viên nộp hồ sơ trực tuyến bằng cách bấm Ứng tuyển ngay dưới đây.",other,TopCV,https://www.topcv.vn/viec-lam/business-development-executive-it-outsourcing/2102219.html?ta_source=JobSearchList_LinkDetail&u_sr_id=3vBTeTDCw1ROW6js5OrCnSkc3PWDvgxsWW7UcMWZ_1776180690,2026-04-14T23:08:40.888205
scraped_topcv_00005,Chuyên Viên Phát Triển Sản Phẩm,Công Ty TNHH Đầu Tư Thương Mại Và Sản Xuất Chính Phát,Xem Chi Tiết Yêu Cầu|Xem Chi Tiết Quyền Lợi|Sáng Tạo|Giải Quyết Vấn Đề|Kỹ Năng Vẽ Phác Thảo|Tư Duy Thiết Kế|Kiến Thức Về Vật Liệu Và Quy Trình Sản Xuất|Hà Nội|Phường Từ Liêm - Hà Nội|1 Năm Kinh Nghiệm|Đại Học Trở Lên|Bảo Hiểm Xã Hội|Thưởng Tháng 13|Thưởng Hiệu Quả Làm Việc|Thiết Kế Đồ Họa (Graphic Design)|May Mặc / Thời Trang|Thiết Kế / Kiến Trúc|Marketing/Pr/Quảng Cáo|Công Nghệ Thông Tin|Thiết Kế|Quảng Cáo/Sáng Tạo|Software Design|Thiết Kế Đồ Hoạ/Giao Diện/Trải Nghiệm|Việc Làm It,Hà Nội,15000000,20000000,full-time,any,1,high,"Mô tả công việc 1. Nghiên cứu thị trường & xu hướng - Theo dõi xu hướng sản phẩm vali/balo trên: Sàn TMĐT (Shopee, Lazada, Amazon, Taobao...); Social media (TikTok, Instagram, Pinterest...) và các thương hiệu trong và ngoài nước - Phân tích: Sản phẩm bán chạy (best seller) ; Giá bán, phân khúc, tính năng nổi bật ; Insight hành vi khách hàng - Lập báo cáo xu hướng định kỳ (tuần/tháng) 2. Tìm kiếm & đề xuất sản phẩm - Tìm kiếm mẫu sản phẩm từ nhà cung cấp (trong và ngoài nước); nền tảng online / hội chợ / nguồn dữ liệu thị trường - Đề xuất danh sách sản phẩm mới theo xu hướng thị trường; định vị thương hiệu Bamozo - Xây dựng concept/moodboard sản phẩm theo mùa hoặc chiến dịch 3. Phát triển & hoàn thiện sản phẩm - Phối hợp với Lead R&D để làm việc cùng Bộ phận sản xuất/Mua hàng/Nhà cung cấp: Điều chỉnh thiết kế, chất liệu, tính năng; theo dõi quá trình làm mẫu. - Tham gia test, đánh giá mẫu trước khi sản xuất số lượng lớn. - Đề xuất cải tiến sản phẩm dựa trên Feedback khách hàng; Dữ liệu bán hàng 4. Phối hợp & Vận hành - Làm việc với: - Marketing: định hướng sản phẩm theo chiến dịch - Kinh doanh: nhu cầu thị trường & phản hồi khách hàng - Sản xuất: khả năng triển khai thực tế - Tham gia xây dựng danh mục sản phẩm (product portfolio) Yêu cầu ứng viên 1. Kinh nghiệm - Tối thiểu 1 năm kinh nghiệm tại các vị trí: Product Development / Merchandiser ; Buyer / Sourcing; R&D sản phẩm ; Hoặc thiết kế trong ngành thời trang/túi xách/balo - Ưu tiên ứng viên có kinh nghiệm ngành Vali, balo, túi xách hoặc phụ kiện 2. Kỹ năng - Khả năng nghiên cứu và phân tích thị trường tốt - Nhạy bén với xu hướng và thị hiếu khách hàng - Kỹ năng tổng hợp và đề xuất sản phẩm - Kỹ năng làm việc đa phòng ban - Sử dụng tốt các công cụ tìm kiếm xu hướng (TikTok, Pinterest, Shopee...) 3. Tư duy & phẩm chất - Tư duy sản phẩm hướng thị trường (market-driven) - Ưu tiên hiệu quả kinh doanh hơn yếu tố thẩm mỹ cá nhân - Chủ động, linh hoạt, thích tìm tòi và cập nhật xu hướng - Có tinh thần thử nghiệm và cải tiến liên tục. Quyền lợi Thu nhập: 15 – 20 triệu (Bao gồm: Lương cứng + thưởng theo hiệu quả theo sản phẩm mới ĐẠT DOANH THU) - Thưởng tháng lương 13. - Xét điều chỉnh mức lương từ 06 tháng/lần, căn cứ kết quả đánh giá của hệ thống khung năng lực - Được hưởng 12 ngày phép/năm tính từ khi ký hợp đồng chính thức, cộng thêm 1 ngày phép khi thâm niên > 5 năm - Phép tồn hàng năm sẽ được thanh toán vào cuối năm - Quyền lợi của người lao động: đóng BHXH khi ký HĐLĐ chính thức, du lịch, event nội bộ hàng tuần, tháng, quý... - Được hưởng các chế độ phúc lợi ngày: lễ tết lớn, sinh nhật, ốm đau, thai sản,... - Được công ty tài trợ các khóa đào tạo bên ngoài tùy thuộc tính chất và yêu cầu vị trí công việc - Được cung cấp đồ ngủ trưa nhân viên (thảm, gối, chăn), bữa ăn sáng tại văn phòng - Được sử dụng miễn phí nước ngọt, sữa, café, trà, đồ ăn nhẹ luôn đầy đủ tại căng tin - Được làm việc với những người trẻ tuổi, có năng lực, đam mê. Phụ cấp Ăn trưa Quyền lợi Bảo hiểm xã hội, Thưởng tháng 13, Thưởng",other,TopCV,https://www.topcv.vn/viec-lam/chuyen-vien-phat-trien-san-pham/2094432.html?ta_source=JobSearchList_LinkDetail&u_sr_id=3vBTeTDCw1ROW6js5OrCnSkc3PWDvgxsWW7UcMWZ_1776180690,2026-04-14T23:08:40.889870
scraped_topcv_00006,Lập Trình Viên - Solution Developer,CÔNG TY TNHH DOALLTECH VIETNAM,Xem Chi Tiết Yêu Cầu|Xem Chi Tiết Quyền Lợi|Hà Nội|Việc Làm Lập Trình Viên Tại Hà Nội|Phường Cầu Giấy - Hà Nội|Trên 5 Năm Kinh Nghiệm|Cao Đẳng Trở Lên|Nghỉ Thứ 7|Software Engineer|Công Nghệ Thông Tin|Software Engineering|Việc Làm It,Hà Nội,0,0,full-time,any,5,high,"Mô tả công việc - Thực hiện dự án cùng các quản lý kế hoạch, lập trình viên Hàn Quốc và các thành viên Team lập trình Việt Nam - Hỗ trợ lập trình các phần việc chưa hoàn thiện trong quá trình thực hiện dự án - Test dự án và tạo sản phẩm bàn giao đầu ra - Báo cáo dự án hàng tuần/hàng tháng Yêu cầu ứng viên Yêu cầu lập trình: - Front-end : Vuejs - Back-end : Python - DB : PostgreSQL, MS-SQL - SCM : GitLab or Github Yêu cầu tuyển dụng: - Số lượng: 1 nhân viên Điều kiện bắt buộc: - Có 10-15 năm kinh nghiệm lập trình ứng dụng và giải pháp web (web application and solution) - Có khả năng giao tiếp tiếng Anh để làm việc với đội ngũ Planner và lập trình viên người Hàn Quốc - Tốt nghiệp chuyên ngành Công nghệ thông tin - Có khả năng làm việc độc lập và làm việc nhóm. - Có tinh thần học hỏi, trách nhiệm cao trong công việc. - Chịu được áp lực cao, trung thực, cẩn thận, tỉ mỉ. Điều kiện ưu tiên: - Ưu tiên ứng viên có khả năng chủ động tham gia tích cực vào việc lập trình dịch vụ mới - Ưu tiên ứng viên có khả năng thực hiện từ khâu tạo môi trường và thiết kế dự án đến triển khai - Ưu tiên có khả năng hợp tác hiệu quả với nhân viên phụ trách các lĩnh vực và phòng ban liên quan - Ưu tiên có khả năng kiểm tra chi tiết sản phẩm S/W - Ưu tiên có kiến thức về AWS Quyền lợi - Mức lương: Thỏa thuận theo năng lực. Mỗi năm điều chỉnh lương1 lần. - Thời gian làm việc: giờ hành chính từ thứ 2 - thứ 6. Nghỉ cuối tuần, ngày lễ. Nghỉ Happy Friday hàng tháng. Nghỉ lễ Giáng sinh, nghỉ thành lập công ty.. - Làm thêm giờ (tùy theo tiến độ dự án) được nhận phụ cấp làm thêm theo quy định. - Môi trường làm việc năng động, chuyên nghiệp. - Có cơ hội thăng tiến trong công việc. - Hưởng đầy đủ phúc lợi theo luật lao động hiện hành và quy định công ty: đóng BHXH, thưởng lễ tết, bonus sinh nhật, hiếu hỉ, tháng lương thứ 13... Địa điểm làm việc (đã được cập nhật theo Danh mục Hành chính mới - thêm quận/huyện cũ tương ứng để dễ dàng tra cứu) - Hà Nội: P.603, 605, 607, T6, Tòa nhà Eurowindow, 27 Trần Duy Hưng,, Phường Cầu Giấy (quận Cầu Giấy cũ) Cách thức ứng tuyển Ứng viên nộp hồ sơ trực tuyến bằng cách bấm Ứng tuyển ngay dưới đây.",other,TopCV,https://www.topcv.vn/viec-lam/lap-trinh-vien-solution-developer/2108307.html?ta_source=JobSearchList_LinkDetail&u_sr_id=3vBTeTDCw1ROW6js5OrCnSkc3PWDvgxsWW7UcMWZ_1776180690,2026-04-14T23:08:40.890543
scraped_topcv_00007,Thực Tập Sinh Công Nghệ Thông Tin Đào Tạo Có Lương,CÔNG TY TNHH CÔNG NGHỆ PHẦN MỀM NASANI,Xem Chi Tiết Yêu Cầu|Xem Chi Tiết Quyền Lợi|Thiết Kế Website|Kiến Thức Cơ Bản Về Thiết Kế Web|Hồ Chí Minh|Việc Làm Công Nghệ Thông Tin Tại Hồ Chí Minh|Bình Dương|Việc Làm Công Nghệ Thông Tin Tại Bình Dương|Bà Rịa-Vũng Tàu|Việc Làm Công Nghệ Thông Tin Tại Bà Rịa-Vũng Tàu|Phường Trung Mỹ Tây - Hồ Chí Minh|Không Yêu Cầu Kinh Nghiệm|Trung Cấp Trở Lên|Có Hỗ Trợ Data|Thưởng Hiệu Quả Làm Việc|Team Building|Sales It Phần Mềm Khác|It - Phần Mềm|Marketing / Quảng Cáo|B2C|Direct Sales|Telesales|Online Sales|Kinh Doanh/Bán Hàng|Công Nghệ Thông Tin|Sales It Phần Mềm|Việc Làm It,Hồ Chí Minh,4000000,10000000,full-time,any,0,high,"Mô tả công việc Xây dựng cơ sở dữ liệu Khách hàng, dữ liệu mẫu web/ app Tư vấn tính năng/ giá cả/ giao diện/ mẫu mã, lên ý tưởng web/ phần mềm Demo giao diện, test web, đặc tả lập trình. Bàn giao web, hướng dẫn sử dụng web. Quản trị trang web, chăm sóc web, gia hạn/ nâng cấp web. Thực hiên các công viêc khác theo yêu cầu. Hỗ trợ tối ưu hóa website cho công cụ tìm kiếm, cải thiện thứ hạng và khả năng tìm thấy trên Google. Yêu cầu ứng viên Sinh viên năm cuối hoặc các bạn đang tốt nghiệp chờ bằng (không vướng vận việc học ) các chuyên ngành về CNTT, Marketing... Có kiến thức cơ bản về web PHP, app, web design Kỹ năng giao tiếp tốt Kỹ năng giải quyết vấn đề và làm việc theo nhóm. Có khả năng làm việc độc lập, chủ động, trách nhiệm, nhiệt tình trong công việc, trung thực, chăm chỉ. Có khả năng học hỏi và làm việc trong môi trường áp lực cao. Ưu tiên ứng viên có định hướng gắn bó lâu dài. Thu nhập Thu nhập khi đạt 100% KPI: 4 - 10 triệu VND Thu nhập tính theo tỷ lệ đạt KPI Lương cứng không phụ thuộc doanh số Quyền lợi Thực tập sinh từ 4M - 10M (tùy thuộc dự án), hỗ trợ mộc dấu, tài liệu. Môi trường làm việc thân thiện, trẻ trung, năng động. Tham gia các dự án lớn, có cơ hội phát triển bản thân. Được hưởng các chế độ , phúc lợi theo quy định. Được hỗ trợ, đào tạo kỹ năng công việc. Tham gia các hoạt động tập thể, du lịch, team-building... Quyền lợi Thưởng hiệu quả làm việc, Team building Địa điểm làm việc (đã được cập nhật theo Danh mục Hành chính mới - thêm quận/huyện cũ tương ứng để dễ dàng tra cứu) - Hồ Chí Minh: Tòa nhà Saigon ICT, Lô 46, Công viên phần mềm Quang Trung, Phường Trung Mỹ Tây (Quận 12 cũ) Thời gian làm việc Thứ 2 - Thứ 6 (từ 08:00 đến 17:00) Thứ 7 (từ 08:00 đến 12:00) Cách thức ứng tuyển Ứng viên nộp hồ sơ trực tuyến bằng cách bấm Ứng tuyển ngay dưới đây.",other,TopCV,https://www.topcv.vn/viec-lam/thuc-tap-sinh-cong-nghe-thong-tin-dao-tao-co-luong/2058921.html?ta_source=JobSearchList_LinkDetail&u_sr_id=3vBTeTDCw1ROW6js5OrCnSkc3PWDvgxsWW7UcMWZ_1776180690,2026-04-14T23:08:40.891877
scraped_topcv_00008,Chuyên Viên Phân Tích Dữ Liệu & AI Agent,Công ty Cổ phần Thương mại Dịch vụ 4B,Xem Chi Tiết Yêu Cầu|Phân Tích Dữ Liệu|Thống Kê|Kỹ Năng Kỹ Thuật Về Ai|Sql|Bi Tools|Programming & Ai|Automation|Hồ Chí Minh|Bình Dương|Bà Rịa-Vũng Tàu|Phường Xuân Hòa - Hồ Chí Minh|2 Năm Kinh Nghiệm|Cao Đẳng Trở Lên|Data Analyst|Chăm Sóc Sức Khỏe / Làm Đẹp|Y Tế / Dược Phẩm|Marketing/Pr/Quảng Cáo|Công Nghệ Thông Tin|Market Research And Analysis|Data Science|Việc Làm It,Hồ Chí Minh,0,0,full-time,any,2,high,"Mô tả công việc Hệ thống Dữ liệu & Tự động hóa (40%) Kết nối đa kênh: Xây dựng luồng tự động kéo dữ liệu từ hệ thống quản lý phòng khám (HIS/CRM), các chiến dịch Facebook Ads và Google Ads (đặc biệt cho dòng dược mỹ phẩm). Kho dữ liệu bảo mật: Thiết kế và duy trì Data Warehouse (BigQuery/Snowflake), đảm bảo tính bảo mật tuyệt đối cho dữ liệu y tế và hình ảnh khách hàng nhạy cảm. Tối ưu vận hành: Sử dụng AI và các công cụ Automation (n8n, Make, Python) để thu thập dữ liệu nhanh chóng, giảm thiểu sai sót từ việc nhập liệu thủ công tại phòng khám. 2. Phân tích Dashboard & Trực quan hóa (30%) Báo cáo Marketing Thẩm mỹ: Theo dõi CPA (Chi phí mỗi khách đến phòng khám), ROAS, và tỷ lệ chuyển đổi từ Lead tư vấn sang lịch hẹn thực tế. Hiệu suất Vận hành: Phân tích tỷ lệ lấp đầy giường (Occupancy rate), hiệu suất làm việc của Bác sĩ/KTV và doanh thu trung bình trên mỗi liệu trình thẩm mỹ. Chân dung khách hàng: Phân tích tỷ lệ khách hàng quay lại (Retention rate), giá trị vòng đời khách hàng (LTV) và phân hạng khách hàng (RFM) để có chính sách chăm sóc phù hợp. 3. Ứng dụng AI & Hỗ trợ Chiến lược (30%) Có năng lực xây dựng AI Agents hoặc học tập nhanh các kiến thức kỹ năng để xây dựng hệ thống AI Agents Dự báo & Tối ưu nguồn lực bằng AI: Xây dựng các mô hình dự báo lưu lượng khách hàng theo khung giờ và mùa vụ để tối ưu hóa điều phối nhân sự Bác sĩ/KTV, đảm bảo hiệu suất khai thác phòng điều trị luôn ở mức cao nhất. Phân tích Hiệu quả Chiến dịch (Ad-hoc Analysis): Thực hiện các báo cáo chuyên sâu đánh giá ROI của các chương trình khuyến mãi, sự kiện khai trương hoặc các chiến dịch thúc đẩy doanh số đặc biệt theo yêu cầu từ Ban Giám đốc. Phân tích Hành trình & Chuyển đổi: Phối hợp chặt chẽ với khối Marketing và Sales để khớp nối chi phí quảng cáo với doanh thu thực tế từ dịch vụ, từ đó xác định chính xác biên lợi nhuận trên từng ca điều trị cụ thể. Tham vấn Quản trị Hệ thống: Đóng góp ý kiến chuyên môn dưới góc độ dữ liệu khi triển khai hoặc nâng cấp các hệ thống vận hành lõi như ERP, CRM chuyên dụng cho mô hình phòng khám. Tối ưu hóa bằng Generative AI: Sử dụng các giải pháp AI (LLMs) để tự động hóa việc tóm tắt hồ sơ khách hàng, phân tích xu hướng phản hồi và tối ưu hóa hiệu suất xử lý truy vấn dữ liệu nhanh chóng. Yêu cầu ứng viên Hiểu biết sâu về cấu trúc dữ liệu, kho dữ liệu (Data Warehouse) và quy trình ETL/ELT. Nắm vững các phương pháp phân tích thống kê và mô hình dự báo hành vi khách hàng. Có kiến thức về các chỉ số vận hành ngành Bán lẻ/Dịch vụ (O2O) và phễu chuyển đổi Marketing. Am hiểu về bảo mật dữ liệu và quy định về quyền riêng tư thông tin khách hàng. SQL: Thành thạo (Window functions, CTEs) để xử lý dữ liệu khách hàng phức tạp. BI Tools: Sử dụng xuất sắc Power BI, Looker Studio hoặc Tableau. Programming & AI: Biết sử dụng Python hoặc Google Apps Script; ứng dụng thành thạo AI (ChatGPT/Claude) để tối ưu hóa code và phân tích nhanh. Automation: Có tư duy xây dựng luồng dữ liệu tự động (n8n, Make hoặc API integration) Business Sense: Có tư duy n",other,TopCV,https://www.topcv.vn/viec-lam/chuyen-vien-phan-tich-du-lieu-ai-agent/2106718.html?ta_source=JobSearchList_LinkDetail&u_sr_id=3vBTeTDCw1ROW6js5OrCnSkc3PWDvgxsWW7UcMWZ_1776180690,2026-04-14T23:08:40.896274
scraped_topcv_00009,Senior Designer (Yêu Cầu Kinh Nghiệm Thiết Kế BĐS Trên 2 Năm),Công Ty TNHH Truyền Thông Ureka Việt Nam,Xem Chi Tiết Yêu Cầu|Kỹ Năng Lãnh Đạo|Thiết Kế Đồ Họa|Giao Tiếp|Tư Duy Sáng Tạo|Quản Lý Dự Án|Video Editing|Hà Nội|Việc Làm Senior Designer Tại Hà Nội|Phường Cầu Giấy - Hà Nội|2 Năm Kinh Nghiệm|Cao Đẳng Trở Lên|Thiết Kế Đồ Họa (Graphic Design)|Marketing / Quảng Cáo|Marketing/Pr/Quảng Cáo|Công Nghệ Thông Tin|Thiết Kế|Quảng Cáo/Sáng Tạo|Software Design|Thiết Kế Đồ Hoạ/Giao Diện/Trải Nghiệm|Việc Làm It,Hà Nội,0,0,full-time,any,2,high,"Mô tả công việc - Thiết kế ấn phẩm Online cho các kênh Social: Banner, cover fanpage, post social media (lĩnh vực chủ yếu BĐS, kênh TMĐT, Bank,...) - Thiết kế tĩnh video, tĩnh GDN, Google, Landing page dự án. - Thiết kế video chuyển động đơn giản cho GDN và video dự án. - Tương tác với bộ phận Media và Content để đưa ra ý tưởng cho các dự án truyền thông/marketing khác nhau. - Xử lý các công việc phát sinh khác theo yêu cầu của Quản lý trực tiếp. Yêu cầu ứng viên - Trình độ: Đại học, cao đẳng hoặc các chứng chỉ về chuyên môn Thiết kế. - Sử dụng tốt các phần mềm thiết kế Photoshop, illustration, Adobe Animate CC (biết thêm là một lợi thế). - Sáng tạo, có kiến thức tốt về mỹ thuật và khả năng trình bày ý tưởng. - Chịu được áp lực về chất lượng và bảo đảm tiến độ công việc, có tinh thần trách nhiệm cao. - Ham học hỏi, kiên trì, quan điểm sống tích cực, cầu tiến. - Kinh nghiệm 2-3 năm trở lên. Quyền lợi - Làm việc trong môi trường năng động, chuyên nghiệp. - Cơ hội được đào tạo & huấn luyện nâng cao kỹ năng chuyên môn và khả năng sử dụng phần mềm mới. - Tham gia Teambuilding theo quý 3-4 lần/năm. - Được review lương hàng năm. - Hưởng các chế độ lao động theo quy định của nhà nước. Thông Tin khác: - Thời gian làm việc từ 9:00 sáng đến 12:00 trưa và từ 1:00 chiều đến 5:30. - Làm việc từ thứ 2 đến thứ 6 hàng tuần và buổi sáng thứ 7 đầu tiên của tháng, nghỉ CN. - Hồ sơ bao gồm CV + Portfolio (các artwork đã thực hiện) Địa điểm làm việc (đã được cập nhật theo Danh mục Hành chính mới - thêm quận/huyện cũ tương ứng để dễ dàng tra cứu) - Hà Nội: Tòa Việt Á, số 9 Phố Duy Tân, Phường Cầu Giấy (quận Cầu Giấy cũ) Thời gian làm việc Thứ 2 - Thứ 6 (từ 09:00 đến 17:30) Cách thức ứng tuyển Ứng viên nộp hồ sơ trực tuyến bằng cách bấm Ứng tuyển ngay dưới đây.",other,TopCV,https://www.topcv.vn/viec-lam/senior-designer-yeu-cau-kinh-nghiem-thiet-ke-bds-tren-2-nam/2096912.html?ta_source=JobSearchList_LinkDetail&u_sr_id=3vBTeTDCw1ROW6js5OrCnSkc3PWDvgxsWW7UcMWZ_1776180690,2026-04-14T23:08:40.899371
scraped_topcv_00010,Product Builder (Remote),CÔNG TY CỔ PHẦN KIMQ,Xem Chi Tiết Yêu Cầu|Xem Chi Tiết Quyền Lợi|Hồ Chí Minh|Bình Dương|Bà Rịa-Vũng Tàu|Phường An Hội Tây - Hồ Chí Minh|Phường An Hội Đông - Hồ Chí Minh|Phường An Lạc - Hồ Chí Minh|Phường An Nhơn - Hồ Chí Minh|Phường Bảy Hiền - Hồ Chí Minh|Phường Bình Hưng Hòa - Hồ Chí Minh|Phường Bình Trị Đông - Hồ Chí Minh|Phường Bình Tân - Hồ Chí Minh|Phường Gò Vấp - Hồ Chí Minh|Phường Hạnh Thông - Hồ Chí Minh|Phường Khánh Hội - Hồ Chí Minh|Phường Thông Tây Hội - Hồ Chí Minh|Phường Tân Bình - Hồ Chí Minh|Phường Tân Hòa - Hồ Chí Minh|Phường Tân Sơn - Hồ Chí Minh|Phường Tân Sơn Hòa - Hồ Chí Minh|Phường Tân Sơn Nhất - Hồ Chí Minh|Phường Tân Tạo - Hồ Chí Minh|Phường Vĩnh Hội - Hồ Chí Minh|Phường Xóm Chiếu - Hồ Chí Minh|Phường An Khánh - Hồ Chí Minh|Phường An Phú - Hồ Chí Minh|Phường An Phú Đông - Hồ Chí Minh|Phường An Đông - Hồ Chí Minh|Phường Bà Rịa - Hồ Chí Minh|Phường Bàn Cờ - Hồ Chí Minh|Phường Bình Cơ - Hồ Chí Minh|Phường Bình Dương - Hồ Chí Minh|Phường Bình Hòa - Hồ Chí Minh|Phường Bình Lợi Trung - Hồ Chí Minh|Phường Bình Phú - Hồ Chí Minh|Phường Bình Quới - Hồ Chí Minh|Phường Bình Thạnh - Hồ Chí Minh|Phường Bình Thới - Hồ Chí Minh|Phường Bình Tiên - Hồ Chí Minh|Phường Bình Trưng - Hồ Chí Minh|Phường Bình Tây - Hồ Chí Minh|Phường Bình Đông - Hồ Chí Minh|Phường Bến Cát - Hồ Chí Minh|Phường Bến Thành - Hồ Chí Minh|Phường Chánh Hiệp - Hồ Chí Minh|Phường Chánh Hưng - Hồ Chí Minh|Phường Chánh Phú Hòa - Hồ Chí Minh|Phường Chợ Lớn - Hồ Chí Minh|Phường Chợ Quán - Hồ Chí Minh|Phường Cát Lái - Hồ Chí Minh|Phường Cầu Kiệu - Hồ Chí Minh|Phường Cầu Ông Lãnh - Hồ Chí Minh|Phường Diên Hồng - Hồ Chí Minh|Phường Dĩ An - Hồ Chí Minh|Phường Gia Định - Hồ Chí Minh|Phường Hiệp Bình - Hồ Chí Minh|Phường Hòa Bình - Hồ Chí Minh|Phường Hòa Hưng - Hồ Chí Minh|Phường Hòa Lợi - Hồ Chí Minh|Phường Linh Xuân - Hồ Chí Minh|Phường Long Bình - Hồ Chí Minh|Phường Long Hương - Hồ Chí Minh|Phường Long Nguyên - Hồ Chí Minh|Phường Long Phước - Hồ Chí Minh|Phường Long Trường - Hồ Chí Minh|Phường Lái Thiêu - Hồ Chí Minh|Phường Minh Phụng - Hồ Chí Minh|Phường Nhiêu Lộc - Hồ Chí Minh|Phường Phú An - Hồ Chí Minh|Phường Phú Lâm - Hồ Chí Minh|Phường Phú Lợi - Hồ Chí Minh|Phường Phú Mỹ - Hồ Chí Minh|Phường Phú Nhuận - Hồ Chí Minh|Phường Phú Thuận - Hồ Chí Minh|Phường Phú Thạnh - Hồ Chí Minh|Phường Phú Thọ - Hồ Chí Minh|Phường Phú Thọ Hòa - Hồ Chí Minh|Phường Phú Định - Hồ Chí Minh|Phường Phước Long - Hồ Chí Minh|Phường Phước Thắng - Hồ Chí Minh|Phường Rạch Dừa - Hồ Chí Minh|Phường Sài Gòn - Hồ Chí Minh|Phường Tam Bình - Hồ Chí Minh|Phường Tam Long - Hồ Chí Minh|Phường Tam Thắng - Hồ Chí Minh|Phường Thuận An - Hồ Chí Minh|Phường Thuận Giao - Hồ Chí Minh|Phường Thạnh Mỹ Tây - Hồ Chí Minh|Phường Thới An - Hồ Chí Minh|Phường Thới Hòa - Hồ Chí Minh|Phường Thủ Dầu Một - Hồ Chí Minh|Phường Thủ Đức - Hồ Chí Minh|Phường Trung Mỹ Tây - Hồ Chí Minh|Phường Tân Hiệp - Hồ Chí Minh|Phường Tân Hưng - Hồ Chí Minh|Phường Tân Hải - Hồ Chí Minh|Phường Tân Khánh - Hồ Chí Minh|Phường Tân Mỹ - Hồ Chí Minh|Phường Tân Phú - Hồ Chí Minh|Phường Tân Phước - Hồ Chí Minh|Phường Tân Sơn Nhì - Hồ Chí Minh|Phường Tân Thuận - Hồ Chí Minh|Phường Tân Thành - Hồ Chí Minh|Phường Tân Thới Hiệp - Hồ Chí Minh|Phường Tân Uyên - Hồ Chí Minh|Phường Tân Đông Hiệp - Hồ Chí Minh|Phường Tân Định - Hồ Chí Minh|Phường Tây Nam - Hồ Chí Minh|Phường Tây Thạnh - Hồ Chí Minh|Phường Tăng Nhơn Phú - Hồ Chí Minh|Phường Vĩnh Tân - Hồ Chí Minh|Phường Vũng Tàu - Hồ Chí Minh|Phường Vườn Lài - Hồ Chí Minh|Phường Xuân Hòa - Hồ Chí Minh|Phường Đông Hòa - Hồ Chí Minh|Phường Đông Hưng Thuận - Hồ Chí Minh|Phường Đức Nhuận - Hồ Chí Minh|Xã An Long - Hồ Chí Minh|Xã An Nhơn Tây - Hồ Chí Minh|Xã An Thới Đông - Hồ Chí Minh|Xã Bà Điểm - Hồ Chí Minh|Xã Bàu Bàng - Hồ Chí Minh|Xã Bàu Lâm - Hồ Chí Minh|Xã Bình Chánh - Hồ Chí Minh|Xã Bình Châu - Hồ Chí Minh|Xã Bình Giã - Hồ Chí Minh|Xã Bình Hưng - Hồ Chí Minh|Xã Bình Khánh - Hồ Chí Minh|Xã Bình Lợi - Hồ Chí Minh|Xã Bình Mỹ - Hồ Chí Minh|Xã Bắc Tân Uyên - Hồ Chí Minh|Xã Châu Pha - Hồ Chí Minh|Xã Châu Đức - Hồ Chí Minh|Xã Cần Giờ - Hồ Chí Minh|Xã Củ Chi - Hồ Chí Minh|Xã Dầu Tiếng - Hồ Chí Minh|Xã Hiệp Phước - Hồ Chí Minh|Xã Hòa Hiệp - Hồ Chí Minh|Xã Hòa Hội - Hồ Chí Minh|Xã Hóc Môn - Hồ Chí Minh|Xã Hưng Long - Hồ Chí Minh|Xã Hồ Tràm - Hồ Chí Minh|Xã Kim Long - Hồ Chí Minh|Xã Long Hòa - Hồ Chí Minh|Xã Long Hải - Hồ Chí Minh|Xã Long Sơn - Hồ Chí Minh|Xã Long Điền - Hồ Chí Minh|Xã Minh Thạnh - Hồ Chí Minh|Xã Nghĩa Thành - Hồ Chí Minh|Xã Ngãi Giao - Hồ Chí Minh|Xã Nhuận Đức - Hồ Chí Minh|Xã Nhà Bè - Hồ Chí Minh|Xã Phú Giáo - Hồ Chí Minh|Xã Phú Hòa Đông - Hồ Chí Minh|Xã Phước Hòa - Hồ Chí Minh|Xã Phước Hải - Hồ Chí Minh|Xã Phước Thành - Hồ Chí Minh|Xã Thanh An - Hồ Chí Minh|Xã Thái Mỹ - Hồ Chí Minh|Xã Thường Tân - Hồ Chí Minh|Xã Thạnh An - Hồ Chí Minh|Xã Trừ Văn Thố - Hồ Chí Minh|Xã Tân An Hội - Hồ Chí Minh|Xã Tân Nhựt - Hồ Chí Minh|Xã Tân Vĩnh Lộc - Hồ Chí Minh|Xã Vĩnh Lộc - Hồ Chí Minh|Xã Xuyên Mộc - Hồ Chí Minh|Xã Xuân Sơn - Hồ Chí Minh|Xã Xuân Thới Sơn - Hồ Chí Minh|Xã Đông Thạnh - Hồ Chí Minh|Xã Đất Đỏ - Hồ Chí Minh|Đặc Khu Côn Đảo - Hồ Chí Minh|2 Năm Kinh Nghiệm|Đại Học Trở Lên|Nghỉ Thứ 7|Data Analyst|Marketing/Pr/Quảng Cáo|Công Nghệ Thông Tin|Market Research And Analysis|Data Science|Việc Làm It,Hồ Chí Minh,0,0,full-time,any,2,high,"Mô tả công việc • Trực tiếp xây dựng và phát triển sản phẩm bằng các công cụ AI (công cụ lập trình AI, nền tảng tự động hóa). • Phối hợp với nhóm kinh doanh để chuyển đổi yêu cầu thành sản phẩm thực tế (sản phẩm hoạt động được), đảm bảo có thể kiểm thử và cải tiến nhanh. • Ứng dụng AI để tăng tốc quá trình phát triển: lập trình, thiết kế giao diện/trải nghiệm người dùng, kiểm thử. • Tích hợp hệ thống: API, cơ sở dữ liệu, và các dịch vụ bên thứ ba để hoàn thiện sản phẩm từ đầu đến cuối. • Thực hiện thử nghiệm nhanh, thu thập phản hồi người dùng và tối ưu hiệu suất sản phẩm. • Đảm bảo sản phẩm được triển khai đúng mục tiêu kỹ thuật và kinh doanh. Yêu cầu ứng viên • Có kinh nghiệm xây dựng sản phẩm bằng công cụ AI, nền tảng lập trình tự động hoặc môi trường tạo mẫu thử nhanh. • Có nền tảng kỹ thuật cơ bản: hiểu về API, cơ sở dữ liệu và các nguyên lý phát triển phần mềm. • Thành thạo sử dụng các công cụ AI như Claude, Copilot, Vercel... trong lập trình, thiết kế và triển khai sản phẩm. • Có khả năng chuyển đổi bài toán kinh doanh thành giải pháp kỹ thuật khả thi. • Tư duy giải quyết vấn đề tốt, chủ động, thích thử nghiệm và học nhanh. • Có “tư duy người xây dựng sản phẩm” – ưu tiên làm ra sản phẩm thực tế thay vì chỉ dừng ở ý tưởng. Quyền lợi • Lương: thỏa thuận theo năng lực ứng viên • Được trực tiếp xây dựng sản phẩm thực tế, không chỉ dừng ở việc lên kế hoạch. • Tiếp cận và làm việc với các công cụ AI tiên tiến, cập nhật xu hướng công nghệ mới nhất. • Môi trường làm việc nhanh, linh hoạt, nơi ý tưởng có thể được triển khai thành sản phẩm trong thời gian ngắn. • Cơ hội phát triển kỹ năng toàn diện từ sản phẩm, công nghệ đến tư duy xây dựng sản phẩm. • Tham gia vào các dự án sáng tạo, có tác động thực tế. Địa điểm làm việc (đã được cập nhật theo Danh mục Hành chính mới - thêm quận/huyện cũ tương ứng để dễ dàng tra cứu) - Hồ Chí Minh: (Tất cả phường) Thời gian làm việc Thứ 2 - Thứ 6 (từ 09:00 đến 18:00) Thời gian làm việc từ T2-T6: 9h-18h Làm việc Remote không cần đến văn phòng Cách thức ứng tuyển Ứng viên nộp hồ sơ trực tuyến bằng cách bấm Ứng tuyển ngay dưới đây.",other,TopCV,https://www.topcv.vn/viec-lam/product-builder-remote/2111290.html?ta_source=JobSearchList_LinkDetail&u_sr_id=3vBTeTDCw1ROW6js5OrCnSkc3PWDvgxsWW7UcMWZ_1776180690,2026-04-14T23:08:40.905271
scraped_topcv_00011,AI Engineer - Hồ Chí Minh,CÔNG TY CỔ PHẦN SPACESPEAKERS LABEL,Xem Chi Tiết Yêu Cầu|Xem Chi Tiết Quyền Lợi|Python|Tư Duy Logic|Api|Ai Tools|Giải Quyết Vấn Đề|Tool Automation|Data Flow|Ứng Dụng Ai Vào Quá Trình Sản Xuất Âm Nhạc|Hồ Chí Minh|Việc Làm Ai Engineer Tại Hồ Chí Minh|Bình Dương|Việc Làm Ai Engineer Tại Bình Dương|Bà Rịa-Vũng Tàu|Việc Làm Ai Engineer Tại Bà Rịa-Vũng Tàu|Phường Bình Trưng - Hồ Chí Minh|1 Năm Kinh Nghiệm|Cao Đẳng Trở Lên|Nghỉ Thứ 7|Ai Engineer|It - Phần Mềm|Công Nghệ Thông Tin|Artificial Intelligence (Ai)|Việc Làm It,Hồ Chí Minh,0,0,full-time,any,1,high,"Mô tả công việc Ứng dụng AI trong sáng tạo nội dung: Tạo video ngắn (TikTok, Reels, Ads...) bằng AI tools; Tối ưu nội dung video theo insight người dùng và xu hướng; Viết bài content, caption, kịch bản video bằng AI. Triển khai và tích hợp công nghệ AI vào quy trình làm việc: Đề xuất, thử nghiệm và triển khai các công cụ AI mới. Phối hợp đa phòng ban: Làm việc với team Artist, Production, Content để ứng dụng AI vào sản phẩm; Hỗ trợ training nội bộ về cách sử dụng AI hiệu quả. Nghiên cứu và thử nghiệm các mô hình AI mới: Test các nền tảng AI (text, image, audio, video); Đánh giá chất lượng output và đề xuất ứng dụng thực tế; Đề xuất các ý tưởng ứng dụng AI mang tính đột phá. Tối ưu hiệu suất hệ thống AI Yêu cầu ứng viên Biết Python hoặc tool automation (Make, Zapier, n8n) Hiểu API, data flow Biết ứng dụng AI vào quá trình sản xuất âm nhạc là một lợi thế Có kiến thức về AI tools (GPT, embeddings, prompt) Tư duy logic, giải quyết vấn đề tốt Quyền lợi Mức lương: Thỏa thuận theo năng lực. Thưởng theo dự án. Môi trường làm việc về lĩnh vực giải trí, trẻ trung, năng động. Tham gia các sự kiện của công ty. Chính sách phúc lợi theo quy định của Nhà Nước. Địa điểm làm việc (đã được cập nhật theo Danh mục Hành chính mới - thêm quận/huyện cũ tương ứng để dễ dàng tra cứu) - Hồ Chí Minh: The Global City ,đường Đỗ Xuân Hợp, Phường Bình Trưng (Thành phố Thủ Đức cũ) Thời gian làm việc Thứ 2 - Thứ 6 (từ 10:00 đến 19:00) Cách thức ứng tuyển Ứng viên nộp hồ sơ trực tuyến bằng cách bấm Ứng tuyển ngay dưới đây.",other,TopCV,https://www.topcv.vn/viec-lam/ai-engineer-ho-chi-minh/2117778.html?ta_source=JobSearchList_LinkDetail&u_sr_id=3vBTeTDCw1ROW6js5OrCnSkc3PWDvgxsWW7UcMWZ_1776180690,2026-04-14T23:08:40.906397
scraped_topcv_00012,Graphic Designer,CÔNG TY TNHH CÔNG NGHỆ NIỀM VUI,Xem Chi Tiết Yêu Cầu|Xem Chi Tiết Quyền Lợi|Photoshop|Inllustrator|Hà Nội|Việc Làm Graphic Designer Tại Hà Nội|Phường Yên Hòa - Hà Nội|2 Năm Kinh Nghiệm|Cao Đẳng Trở Lên|Tiếng Anh Đọc Hiểu|Nghỉ Thứ 7|Thiết Kế Đồ Họa (Graphic Design)|Marketing/Pr/Quảng Cáo|Công Nghệ Thông Tin|Thiết Kế|Quảng Cáo/Sáng Tạo|Software Design|Thiết Kế Đồ Hoạ/Giao Diện/Trải Nghiệm|Việc Làm It,Hà Nội,20000000,20000000,full-time,any,2,high,"Mô tả công việc Thiết kế các ấn phẩm Banner Ads, Feature Banner, Icon & Store Listing Thiết kế Endcard, Playable Ads UI theo yêu cầu Cùng team Creative thiết kế tư liệu truyền thông khác và video creatives cho sản phẩm ứng dụng di động: pitches, backgrounds, quảng cáo đan xen,... Tham gia nghiên cứu, phân tích, theo dõi chỉ số, đánh giá, tối ưu sản phẩm theo biểu đồ để thúc đẩy các ý tưởng sáng tạo và phù hợp Thực hiện các công việc khác như thiết kế ấn phẩm sự kiện, và các ấn phẩm phục vụ cho mục đích marketing của công ty. Yêu cầu ứng viên Có tối thiểu 2 năm thiết kế đồ họa. Có kinh nghiệm trong lĩnh vực thiết kế game mobile là một lợi thế. Thành thạo các phần mềm thiết kế: Photoshop, Illustrɑtor,... Biết cách sử dụng các công cụ AI (ChatGPT, Google AI, FluxKontext,..) là một lợi thế Kỹ năng tốt về quản lý và estimate thời gian trong công việc. Đọc, hiểu, viết Tiếng Anh cơ bản. Cởi mở, Chủ động giao tiếp, tương tác và kết hợp công việc với đồng đội. Quyền lợi Mức lương Gross top đầu thị trường Upto 20 triệu VNĐ, được review lương 2 lần mỗi năm. Tỷ lệ chia sẻ thưởng hiệu quả kinh doanh cao nhất Việt Nam; mọi đóng góp dự án được ghi nhận và tiếp tục hưởng hiệu quả kinh doanh xuyên suốt thời gian làm việc, kể cả khi bạn không còn trực tiếp tham gia dự án. Bên cạnh đó là khen thưởng văn hóa, thưởng chiến lược và thưởng tháng lương 13 hàng năm. Phúc lợi BHXH được thiết kế theo cấp bậc và vị trí, đảm bảo an sinh dài hạn và vững chắc. Phúc lợi lễ tết, du lịch hàng năm và các sự kiện nội bộ dành cho bạn và gia đình, Trợ cấp ăn trưa và các điều kiện làm việc tốt nhất thể hiện sự quan tâm trọn vẹn dành cho đội ngũ đồng hành. Nhân sự được làm việc trong môi trường đề cao tốc độ, sự linh hoạt, tinh thần tự chủ và tập trung tuyệt đối vào kết quả. Trong giai đoạn tổ chức tăng trưởng, JOYBIT sẽ cùng bạn đồng hành và lựa chọn hướng phát triển sự nghiệp theo lộ trình lãnh đạo/Quản lý hoặc lộ trình chuyên gia với các cơ hội thăng tiến được mở rộng cùng tốc độ tăng trưởng của công ty. Địa điểm làm việc (đã được cập nhật theo Danh mục Hành chính mới - thêm quận/huyện cũ tương ứng để dễ dàng tra cứu) - Hà Nội: Tầng 9, tòa nhà CIC, Số 1 Nguyễn Thị Duệ, Phường Yên Hòa (quận Cầu Giấy cũ) Thời gian làm việc Thứ 2 - Thứ 6 (từ 08:00 đến 17:30) nghỉ trưa 1h30 phút Cách thức ứng tuyển Ứng viên nộp hồ sơ trực tuyến bằng cách bấm Ứng tuyển ngay dưới đây.",other,TopCV,https://www.topcv.vn/viec-lam/graphic-designer/2108984.html?ta_source=JobSearchList_LinkDetail&u_sr_id=3vBTeTDCw1ROW6js5OrCnSkc3PWDvgxsWW7UcMWZ_1776180690,2026-04-14T23:08:40.907136
scraped_topcv_00013,Nhân Viên Designer,CÔNG TY TNHH ICOMIFY,Xem Chi Tiết Yêu Cầu|Hà Nội|Việc Làm Nhân Viên Designer Tại Hà Nội|Phường Thanh Xuân - Hà Nội|1 Năm Kinh Nghiệm|Cao Đẳng Trở Lên|Interaction Designer|Công Nghệ Thông Tin|Software Design|Việc Làm It,Hà Nội,9000000,15000000,full-time,any,1,high,"Mô tả công việc Phối hợp với bộ phận Marketing thiết kế các sản phẩm theo yêu cầu Phối hợp phát triển thương hiệu sản phẩm. Thực hiện các công việc khác được giao Yêu cầu ứng viên Cẩn thận, tỉ mỉ, sáng tạo, chủ động và có trách nhiệm trong công việc Có khả năng vẽ máy (biết vẽ tay là một lợi thế), sử dụng thành thạo photoshop, Adobe Illustrator và các phần mềm tương tự Có khiếu thẩm mỹ, sáng tạo, linh hoạt và chủ động trong công việc Có kiến thức về tư duy thiết kế: Bố cục, màu sắc, kỹ thuật Bám sát theo deadline được giao Thái độ biết lắng nghe và ham học hỏi Yêu cầu kinh nghiệm: 1 năm Quyền lợi Môi trường làm việc trẻ trung, năng động, chuyên nghiệp, có nhiều cơ hội thăng tiến Thu nhập: Lương cứng full-time (9-15 triệu) + Bonus Lương tháng 13 + thưởng hàng năm Một năm được nghỉ 12 ngày phép hưởng nguyên lương (mỗi tháng được nghỉ 01 ngày); Tham gia BHXH, BHYT, BHTN đầy đủ; Chế độ nghỉ lễ, tết, cưới xin, ốm đau theo quy định của pháp luật; Làm việc trực tiếp với Ban giám đốc, là những người có kinh nghiệm, tư duy chiến lược và sáng tạo; Công ty tổ chức nhiều hoạt động, event trong năm (du lịch, teambuilding...) Địa điểm làm việc (đã được cập nhật theo Danh mục Hành chính mới - thêm quận/huyện cũ tương ứng để dễ dàng tra cứu) - Hà Nội: Số 82 ngõ 116 Nhân Hòa, Nhân Chính, Thanh Xuân,, Phường Thanh Xuân (quận Thanh Xuân cũ) Thời gian làm việc Từ Thứ 2 – thứ 6: 08:00-17:00 Sáng thứ 7: 08:00-12:00 Được nghỉ 1 ngày thứ 7 tùy chọn hàng tháng Cách thức ứng tuyển Ứng viên nộp hồ sơ trực tuyến bằng cách bấm Ứng tuyển ngay dưới đây.",other,TopCV,https://www.topcv.vn/viec-lam/nhan-vien-designer/2118307.html?ta_source=JobSearchList_LinkDetail&u_sr_id=3vBTeTDCw1ROW6js5OrCnSkc3PWDvgxsWW7UcMWZ_1776180690,2026-04-14T23:08:40.908351
scraped_topcv_00014,Quản Lý Dự Án - Thu Nhập Lên Đến 25 Triệu/ Tháng,ProCông ty Cổ phần Thương mại Dầu khí (Petechim JSC),,Hồ Chí Minh,25000000,25000000,full-time,any,3,high,,other,TopCV,https://www.topcv.vn/viec-lam/quan-ly-du-an-thu-nhap-len-den-25-trieu-thang/2117887.html?ta_source=JobSearchList_LinkDetail&u_sr_id=3vBTeTDCw1ROW6js5OrCnSkc3PWDvgxsWW7UcMWZ_1776180690,2026-04-14T23:08:40.908753
scraped_topcv_00015,Back-End Developer,TỔNG CÔNG TY VIỄN THÔNG VIETTEL-CHI NHÁNH TẬP ĐOÀN CÔNG NGHIỆP - VIỄN THÔNG QUÂN ĐỘI,Xem Chi Tiết Yêu Cầu|Xem Chi Tiết Quyền Lợi|Git|Nosql|Oop|Api|Ci/Cd|Java Core|Restful|Algorithms|Java Spring|Hà Nội|Việc Làm Back-End Developer Tại Hà Nội|Phường Ba Đình - Hà Nội|2 Năm Kinh Nghiệm|Đại Học Trở Lên|Từ 25 Tuổi Trở Lên|Tiếng Anh Toeic 550|Nghỉ Thứ 7|Software Engineer|It - Phần Mềm|Công Nghệ Thông Tin|Software Engineering|Việc Làm It,Hà Nội,0,0,full-time,any,2,high,"Mô tả công việc Thiết kế, phát triển và tối ưu các hệ thống backend sử dụng Java. Xây dựng và duy trì RESTful APIs phục vụ cho web/mobile applications. Phân tích yêu cầu, đề xuất giải pháp kỹ thuật phù hợp. Tối ưu hiệu năng hệ thống, đảm bảo tính ổn định và bảo mật. Làm việc với cơ sở dữ liệu (MySQL, MariaDB, Postgresql...), tích hợp với các ứng dụng khác trong hệ sinh thái của Viettel, cũng như các đối tác. Phối hợp với BA, frontend, QA, tester và các team liên quan để hoàn thiện sản phẩm. Tham gia review code, triển khai sản phẩm, đảm bảo chất lượng code theo tiêu chuẩn. Viết tài liệu kỹ thuật khi cần thiết. Yêu cầu ứng viên Tốt nghiệp ĐH chính quy chuyên ngành Công nghệ thông tin, Kỹ thuật máy tính, Kỹ thuật phần mềm hoặc liên quan. TOEIC tối thiểu 550 hoặc tương đương Nếu có thêm chứng chỉ lập trình hoặc kinh nghiệm thực tế phát triển ứng dụng sẽ là lợi thế. Quyền lợi Mức lương theo thỏa thuận với người lao động Đóng bảo hiểm theo quy định của nhà nước (BHXH, BHYT, BHTN) Chế độ công đoàn cưới hỏi, quà sinh nhật theo quy định của đơn vị Ngày nghỉ lễ tết hưởng nguyên lương theo chế độ của Tập đoàn và nhà nước quy định (bao gồm: 12 ngày nghỉ phép, 11 ngày nghỉ lễ tết, 1 ngày 22/12 – thành lập QĐNDVN, 1 ngày sáng tạo). Thời hạn tăng lương thường niên: 1 năm 1 lần (tháng 3 hằng năm) Quà ngày thành lập Tập đoàn cho CBNV theo quy định, quà tết Nguyên Đán cho thân nhân CBNV Thưởng Tết Nguyên Đán. Địa điểm làm việc (đã được cập nhật theo Danh mục Hành chính mới - thêm quận/huyện cũ tương ứng để dễ dàng tra cứu) - Hà Nội: Tòa nhà Viettel, số 1 Giang Văn Minh, Giảng Võ, Phường Ba Đình (quận Ba Đình cũ) Thời gian làm việc Thứ 2 - Thứ 6 (từ 08:00 đến 17:30) Cách thức ứng tuyển Ứng viên nộp hồ sơ trực tuyến bằng cách bấm Ứng tuyển ngay dưới đây.",other,TopCV,https://www.topcv.vn/viec-lam/back-end-developer/2113032.html?ta_source=JobSearchList_LinkDetail&u_sr_id=3vBTeTDCw1ROW6js5OrCnSkc3PWDvgxsWW7UcMWZ_1776180690,2026-04-14T23:08:40.909218
scraped_topcv_00016,CVCC Phân Tích Nghiệp Vụ (Senior Business Analyst),ProCông ty CP Kinh doanh F88,,Hà Nội,0,0,full-time,any,3,high,,other,TopCV,https://www.topcv.vn/viec-lam/cvcc-phan-tich-nghiep-vu-senior-business-analyst/2104096.html?ta_source=JobSearchList_LinkDetail&u_sr_id=3vBTeTDCw1ROW6js5OrCnSkc3PWDvgxsWW7UcMWZ_1776180690,2026-04-14T23:08:40.909274
scraped_topcv_00017,"Nhân Viên Tư Vấn Thiết Kế Website, App, Phần Mềm",CÔNG TY TNHH CÔNG NGHỆ PHẦN MỀM NASANI,,Hồ Chí Minh,7000000,25000000,full-time,any,0,high,,other,TopCV,https://www.topcv.vn/viec-lam/nhan-vien-tu-van-thiet-ke-website-app-phan-mem/2110275.html?ta_source=JobSearchList_LinkDetail&u_sr_id=3vBTeTDCw1ROW6js5OrCnSkc3PWDvgxsWW7UcMWZ_1776180690,2026-04-14T23:08:40.909341
scraped_topcv_00018,AI Team Leader,Công ty Cổ phần TOPCV Việt Nam,,Hà Nội,0,0,full-time,any,5,high,,other,TopCV,https://www.topcv.vn/brand/topcv/tuyen-dung/ai-team-leader-j2115683.html?ta_source=JobSearchList_LinkDetail&u_sr_id=3vBTeTDCw1ROW6js5OrCnSkc3PWDvgxsWW7UcMWZ_1776180690,2026-04-14T23:08:40.909382
scraped_topcv_00019,Lập Trình Viên Mobile IOS/Android,Công ty Cổ phần MISA,,Hà Nội,35000000,35000000,full-time,any,1,high,,other,TopCV,https://www.topcv.vn/viec-lam/lap-trinh-vien-mobile-ios-android/2109004.html?ta_source=JobSearchList_LinkDetail&u_sr_id=3vBTeTDCw1ROW6js5OrCnSkc3PWDvgxsWW7UcMWZ_1776180690,2026-04-14T23:08:40.909417
scraped_topcv_00020,"Nhân Viên Kỹ Thuật Lắp Ráp Máy Tính (PC, Laptop)",Công ty TNHH TIN HỌC NGÔI SAO LỚN,,Hồ Chí Minh,7000000,12000000,full-time,any,1,high,,skilled,TopCV,https://www.topcv.vn/viec-lam/nhan-vien-ky-thuat-lap-rap-may-tinh-pc-laptop/2116719.html?ta_source=JobSearchList_LinkDetail&u_sr_id=3vBTeTDCw1ROW6js5OrCnSkc3PWDvgxsWW7UcMWZ_1776180690,2026-04-14T23:08:40.909461
scraped_topcv_00021,TTS Công Nghệ Thông Tin Fulltime (Có Mộc+Có Lương),CÔNG TY TNHH CÔNG NGHỆ PHẦN MỀM NASANI,,Hồ Chí Minh,4000000,15000000,full-time,any,0,high,,other,TopCV,https://www.topcv.vn/viec-lam/tts-cong-nghe-thong-tin-fulltime-co-moc-co-luong/2109114.html?ta_source=JobSearchList_LinkDetail&u_sr_id=3vBTeTDCw1ROW6js5OrCnSkc3PWDvgxsWW7UcMWZ_1776180690,2026-04-14T23:08:40.909508
scraped_topcv_00022,Nhân Viên Thiết Kế Đồ Họa - Đi Làm Ngay,CÔNG TY CỔ PHẦN GIẢI TRÍ PERFECT UNIVERSE,,Hồ Chí Minh,10000000,13000000,full-time,any,1,high,,other,TopCV,https://www.topcv.vn/viec-lam/nhan-vien-thiet-ke-do-hoa-di-lam-ngay/2115104.html?ta_source=JobSearchList_LinkDetail&u_sr_id=3vBTeTDCw1ROW6js5OrCnSkc3PWDvgxsWW7UcMWZ_1776180690,2026-04-14T23:08:40.909874
scraped_topcv_00023,Kỹ Sư Giải Pháp An Ninh Bảo Mật,CÔNG TY CÔNG NGHỆ THÔNG TIN ĐIỆN LỰC MIỀN BẮC - CHI NHÁNH TỔNG CÔNG TY ĐIỆN LỰC MIỀN BẮC,,Hà Nội,0,0,full-time,any,0,high,,security,TopCV,https://www.topcv.vn/viec-lam/ky-su-giai-phap-an-ninh-bao-mat/2114942.html?ta_source=JobSearchList_LinkDetail&u_sr_id=3vBTeTDCw1ROW6js5OrCnSkc3PWDvgxsWW7UcMWZ_1776180690,2026-04-14T23:08:40.909967
scraped_topcv_00024,Chuyên Viên Thiết Kế Đồ Họa - Graphic Design (Lương Cứng 15-20TR/Tháng),Công ty Cổ phần Bất động sản TICA LAND,,Hà Nội,15000000,20000000,full-time,any,5,high,,other,TopCV,https://www.topcv.vn/viec-lam/chuyen-vien-thiet-ke-do-hoa-graphic-design-luong-cung-15-20tr-thang/2056729.html?ta_source=JobSearchList_LinkDetail&u_sr_id=3vBTeTDCw1ROW6js5OrCnSkc3PWDvgxsWW7UcMWZ_1776180690,2026-04-14T23:08:40.910100
scraped_topcv_00025,Kỹ Sư Lập Trình Điều Khiển Và Tự Động Hóa (Thu Nhập TB 10-20 Triệu),CÔNG TY TNHH THIẾT BỊ ĐIỀU KHIỂN TRÍ VIỆT,,Hà Nội,10000000,20000000,full-time,any,1,high,,other,TopCV,https://www.topcv.vn/viec-lam/ky-su-lap-trinh-dieu-khien-va-tu-dong-hoa-thu-nhap-tb-10-20-trieu/2101508.html?ta_source=JobSearchList_LinkDetail&u_sr_id=3vBTeTDCw1ROW6js5OrCnSkc3PWDvgxsWW7UcMWZ_1776180690,2026-04-14T23:08:40.910785
scraped_topcv_00026,Nhân Viên Thiết Kế In Ấn / Đồ Họa - Tân Bình,CÔNG TY TNHH THƯƠNG MẠI DỊCH VỤ XUẤT NHẬP KHẨU QUÀ TẶNG HƯNG VIỆT PHÁT,,Hồ Chí Minh,8000000,12000000,full-time,any,1,high,,other,TopCV,https://www.topcv.vn/viec-lam/nhan-vien-thiet-ke-in-an-do-hoa-tan-binh/2110344.html?ta_source=JobSearchList_LinkDetail&u_sr_id=3vBTeTDCw1ROW6js5OrCnSkc3PWDvgxsWW7UcMWZ_1776180690,2026-04-14T23:08:40.910876
scraped_topcv_00027,Lập Trình Viên Fullstack (Java & Angular),CÔNG TY TNHH GIẢI PHÁP CÔNG NGHỆ MIGI,,Hà Nội,12000000,25000000,full-time,any,2,high,,other,TopCV,https://www.topcv.vn/viec-lam/lap-trinh-vien-fullstack-java-angular/2112409.html?ta_source=JobSearchList_LinkDetail&u_sr_id=3vBTeTDCw1ROW6js5OrCnSkc3PWDvgxsWW7UcMWZ_1776180690,2026-04-14T23:08:40.910956
scraped_topcv_00028,Fullstack Developer (Nodejs+Reactjs),CÔNG TY CỔ PHẦN DAC DATA TECHNOLOGY VIỆT NAM,,Hà Nội,0,0,full-time,any,3,high,,other,TopCV,https://www.topcv.vn/viec-lam/fullstack-developer-nodejs-reactjs/2119168.html?ta_source=JobSearchList_LinkDetail&u_sr_id=3vBTeTDCw1ROW6js5OrCnSkc3PWDvgxsWW7UcMWZ_1776180690,2026-04-14T23:08:40.911018
scraped_topcv_00029,Senior Data Analyst (Ecommerce Service),BSS Group,,Hà Nội,25000000,40000000,full-time,any,3,high,,service,TopCV,https://www.topcv.vn/viec-lam/senior-data-analyst-ecommerce-service/2107690.html?ta_source=JobSearchList_LinkDetail&u_sr_id=3vBTeTDCw1ROW6js5OrCnSkc3PWDvgxsWW7UcMWZ_1776180690,2026-04-14T23:08:40.911071
scraped_topcv_00030,Frontend Developer,CÔNG TY CỔ PHẦN SÀN GIAO DỊCH TÀI SẢN MÃ HÓA VIỆT NAM THỊNH VƯỢNG,,Hà Nội,0,0,full-time,any,3,high,,other,TopCV,https://www.topcv.vn/viec-lam/frontend-developer/2106129.html?ta_source=JobSearchList_LinkDetail&u_sr_id=3vBTeTDCw1ROW6js5OrCnSkc3PWDvgxsWW7UcMWZ_1776180690,2026-04-14T23:08:40.911146
scraped_topcv_00031,Full Stack Developer (ReactJS / FabricJS) (Đà Nẵng/Hà Nội),CÔNG TY TNHH ACWORKS VIỆT NAM,,Cần Thơ,20000000,40000000,full-time,any,2,high,,other,TopCV,https://www.topcv.vn/viec-lam/full-stack-developer-reactjs-fabricjs-da-nang-ha-noi/2117610.html?ta_source=JobSearchList_LinkDetail&u_sr_id=3vBTeTDCw1ROW6js5OrCnSkc3PWDvgxsWW7UcMWZ_1776180690,2026-04-14T23:08:40.911205
scraped_topcv_00032,System/Network Administrator (Quản Trị Hệ Thống & Mạng),TRUNG TÂM NGHIÊN CỨU ỨNG DỤNG DỮ LIỆU DÂN CƯ VÀ CĂN CƯỚC CÔNG DÂN - BỘ CÔNG AN,,Hà Nội,0,0,full-time,any,1,high,,other,TopCV,https://www.topcv.vn/viec-lam/system-network-administrator-quan-tri-he-thong-mang/2113824.html?ta_source=JobSearchList_LinkDetail&u_sr_id=3vBTeTDCw1ROW6js5OrCnSkc3PWDvgxsWW7UcMWZ_1776180690,2026-04-14T23:08:40.911378
scraped_topcv_00033,Nhân Viên Kỹ Thuật Bảo Trì & Vận Hành - Lương 15-16 Triệu - Đi Làm Ngay,CÔNG TY LIÊN DOANH KHÁCH SẠN TRÁCH NHIỆM HỮU HẠN HÀ NỘI HOTEL,,Khánh Hòa,15000000,16000000,full-time,any,1,high,,skilled,TopCV,https://www.topcv.vn/viec-lam/nhan-vien-ky-thuat-bao-tri-van-hanh-luong-15-16-trieu-di-lam-ngay/2110529.html?ta_source=JobSearchList_LinkDetail&u_sr_id=3vBTeTDCw1ROW6js5OrCnSkc3PWDvgxsWW7UcMWZ_1776180690,2026-04-14T23:08:40.911892
scraped_topcv_00034,Devops Engineer - Hà Nội,Công ty TNHH Tổng công ty Công nghệ & Giải pháp CMC,,Hà Nội,0,0,full-time,any,2,high,,other,TopCV,https://www.topcv.vn/viec-lam/devops-engineer-ha-noi/2103701.html?ta_source=JobSearchList_LinkDetail&u_sr_id=3vBTeTDCw1ROW6js5OrCnSkc3PWDvgxsWW7UcMWZ_1776180690,2026-04-14T23:08:40.912069
scraped_topcv_00035,Graphic Designer - Product & Packaging,Công ty TNHH Thương mại An Sinh,,Hà Nội,0,0,full-time,any,1,high,,other,TopCV,https://www.topcv.vn/viec-lam/graphic-designer-product-packaging/2100357.html?ta_source=JobSearchList_LinkDetail&u_sr_id=3vBTeTDCw1ROW6js5OrCnSkc3PWDvgxsWW7UcMWZ_1776180690,2026-04-14T23:08:40.912170
scraped_topcv_00036,Nhân Viên Thiết Kế Đồ Họa/ Designer Tại Hà Nội (Lương Từ 11 - 15 Triệu),Công ty TNHH Thương mại Tokuyo,,Thanh Hóa,11000000,15000000,full-time,any,2,high,,other,TopCV,https://www.topcv.vn/viec-lam/nhan-vien-thiet-ke-do-hoa-designer-tai-ha-noi-luong-tu-11-15-trieu/2105980.html?ta_source=JobSearchList_LinkDetail&u_sr_id=3vBTeTDCw1ROW6js5OrCnSkc3PWDvgxsWW7UcMWZ_1776180690,2026-04-14T23:08:40.912659
scraped_topcv_00037,"Backend Developer (Node.Js, AWS, DynamoDB, MySQL) | T2–T6 | Remote 5 Ngày/Tháng (Hà Nội)",CÔNG TY CỔ PHẦN DS SOLUTION VIỆT NAM,,Thanh Hóa,25000000,25000000,full-time,any,2,high,,other,TopCV,https://www.topcv.vn/viec-lam/backend-developer-node-js-aws-dynamodb-mysql-t2t6-remote-5-ngay-thang-ha-noi/2119788.html?ta_source=JobSearchList_LinkDetail&u_sr_id=3vBTeTDCw1ROW6js5OrCnSkc3PWDvgxsWW7UcMWZ_1776180690,2026-04-14T23:08:40.912984
scraped_topcv_00038,Chuyên Viên Phân Tích Dữ Liệu Tài Chính,CÔNG TY CỔ PHẦN TẬP ĐOÀN MASTERISE,,Hà Nội,0,0,full-time,any,3,high,,accounting,TopCV,https://www.topcv.vn/viec-lam/chuyen-vien-phan-tich-du-lieu-tai-chinh/2109110.html?ta_source=JobSearchList_LinkDetail&u_sr_id=3vBTeTDCw1ROW6js5OrCnSkc3PWDvgxsWW7UcMWZ_1776180690,2026-04-14T23:08:40.913175
scraped_topcv_00039,Chuyên Viên Kinh Doanh Tư Vấn Phần Mềm - Hộ Kinh Doanh,CÔNG TY CỔ PHẦN CÔNG NGHỆ KIOTVIET,,Khánh Hòa,15000000,30000000,full-time,any,1,high,,sales,TopCV,https://www.topcv.vn/viec-lam/chuyen-vien-kinh-doanh-tu-van-phan-mem-ho-kinh-doanh/2110334.html?ta_source=JobSearchList_LinkDetail&u_sr_id=3vBTeTDCw1ROW6js5OrCnSkc3PWDvgxsWW7UcMWZ_1776180690,2026-04-14T23:08:40.913266
scraped_topcv_00040,Android Developer,TỔNG CÔNG TY VIỄN THÔNG VIETTEL-CHI NHÁNH TẬP ĐOÀN CÔNG NGHIỆP - VIỄN THÔNG QUÂN ĐỘI,,Hà Nội,0,0,full-time,any,2,high,,other,TopCV,https://www.topcv.vn/viec-lam/android-developer/2065597.html?ta_source=JobSearchList_LinkDetail&u_sr_id=3vBTeTDCw1ROW6js5OrCnSkc3PWDvgxsWW7UcMWZ_1776180690,2026-04-14T23:08:40.913425
scraped_topcv_00041,Nhân Viên Kinh Doanh B2B (IT Outsourcing & Phần Mềm) – Quận 10,Công Ty Cổ phần Phần Mềm Hoàn Cầu,,Hồ Chí Minh,50000000,50000000,full-time,any,1,high,,sales,TopCV,https://www.topcv.vn/viec-lam/nhan-vien-kinh-doanh-b2b-it-outsourcing-phan-mem-quan-10/2100964.html?ta_source=JobSearchList_LinkDetail&u_sr_id=3vBTeTDCw1ROW6js5OrCnSkc3PWDvgxsWW7UcMWZ_1776180690,2026-04-14T23:08:40.913547
scraped_topcv_00042,"Nhân Viên Kinh Doanh/ Sales B2B/ Nhân Viên Tư Vấn, 15 - 40M, Nghỉ T7 & CN",CÔNG TY TNHH CNV HOLDINGS,,Hà Nội,40000000,40000000,full-time,any,1,high,,sales,TopCV,https://www.topcv.vn/brand/cnvholdings/tuyen-dung/nhan-vien-kinh-doanh-sales-b2b-nhan-vien-tu-van-15-40m-nghi-t7-cn-j2101958.html?ta_source=JobSearchList_LinkDetail&u_sr_id=3vBTeTDCw1ROW6js5OrCnSkc3PWDvgxsWW7UcMWZ_1776180690,2026-04-14T23:08:40.914388
scraped_topcv_00043,Phân Tích Nghiệp Vụ (BA) | Business Analyst | Từ 2 Năm Kinh Nghiệm| Lương 15-25M,Công ty Cổ phần Finy,,Hà Nội,15000000,25000000,full-time,any,2,high,,other,TopCV,https://www.topcv.vn/viec-lam/phan-tich-nghiep-vu-ba-business-analyst-tu-2-nam-kinh-nghiem-luong-15-25m/2110486.html?ta_source=JobSearchList_LinkDetail&u_sr_id=3vBTeTDCw1ROW6js5OrCnSkc3PWDvgxsWW7UcMWZ_1776180690,2026-04-14T23:08:40.914682
scraped_topcv_00044,3D Artist (Blender + Substance 3D Painter),CÔNG TY TNHH HATDE,,Hồ Chí Minh,10000000,136000000,full-time,any,1,high,,other,TopCV,https://www.topcv.vn/viec-lam/3d-artist-blender-substance-3d-painter/2105159.html?ta_source=JobSearchList_LinkDetail&u_sr_id=3vBTeTDCw1ROW6js5OrCnSkc3PWDvgxsWW7UcMWZ_1776180690,2026-04-14T23:08:40.914803
scraped_topcv_00080,AI Engineer,CÔNG TY CỔ PHẦN CÔNG NGHỆ & TRUYỀN THÔNG VIỆT NAM,,Hồ Chí Minh,0,0,full-time,any,1,high,,other,TopCV,https://www.topcv.vn/viec-lam/ai-engineer/2118468.html?ta_source=JobSearchList_LinkDetail&u_sr_id=3vBTeTDCw1ROW6js5OrCnSkc3PWDvgxsWW7UcMWZ_1776180696,2026-04-14T23:08:40.924206
scraped_topcv_00084,Trưởng Phòng Công Nghệ Thông Tin (TECH LEAD) - Lương UPTO 50M,Công ty Cổ phần Tập đoàn Đầu tư EMIR,,Hà Nội,0,0,full-time,any,3,high,,other,TopCV,https://www.topcv.vn/viec-lam/truong-phong-cong-nghe-thong-tin-tech-lead-luong-upto-50m/2102685.html?ta_source=JobSearchList_LinkDetail&u_sr_id=3vBTeTDCw1ROW6js5OrCnSkc3PWDvgxsWW7UcMWZ_1776180696,2026-04-14T23:08:40.925876
scraped_topcv_00092,Nhân Viên Thiết Kế/ Graphic Designer (Thu Nhập 10 - 15 Triệu),HÃNG THIẾT BỊ NHÀ BẾP KOCHER - CÔNG TY CỔ PHẦN TẬP ĐOÀN KOCHER,,Hà Nội,10000000,15000000,full-time,any,1,high,,other,TopCV,https://www.topcv.vn/viec-lam/nhan-vien-thiet-ke-graphic-designer-thu-nhap-10-15-trieu/2103716.html?ta_source=JobSearchList_LinkDetail&u_sr_id=3vBTeTDCw1ROW6js5OrCnSkc3PWDvgxsWW7UcMWZ_1776180696,2026-04-14T23:08:40.927232
