id,title,company,skills,location,salary_min,salary_max,type,age_preference,experience_required,education_required,description,category,source,job_url,scraped_at,difficulty,stability_score,labor_intensity,suitable_for_health_issues,suitable_for_tech_gap,url_status,url_message
labor_timviec365_2066822,NHÂN VIÊN BẢO VỆ LƯƠNG 7-10TR/1 THÁNG,CÔNG TY TNHH GIẢI PHÁP AN NINH VÀ VỆ SỸ AN BÌNH,Bảo Vệ,Hà Nội,6200000,10000000,full-time,any,0,,"Từ 6.200.000 VNĐ Đến 10.000.000 VNĐ | 05/05/2026 | Hà Nội | Bảo vệ, Lao động phổ thông | Quyền lợi: - Lươnhg 7.000.000đ-10.000.000/tháng (theo ca) - Thưởng lễ, Tết: x2 – x3 theo quy định - Thưởng hoàn thành tốt công việc: +500.000đ/tháng - Thưởng chuyên cần: +200.000đ/tháng - Có chỗ ở cho nhân viên- Lươnhg 7.000.000đ-10.000.000/tháng (theo ca)- Thưởng lễ, Tết: x2 – x3 theo quy định- Thưởng hoàn thành tốt công việc: +500.000đ/tháng- Thưởng chuyên cần: +200.000đ/tháng- Có chỗ ở cho nhân viên | Yêu",bao_ve,TimViec365,https://timviec365.vn/nhan-vien-bao-ve-luong-7-10tr1-thang-p2066822.html,2026-04-15T08:17:32.310389,easy,0.8,trung_binh,False,True,working,OK (200)
labor_timviec365_2066765,TUYỂN BẢO VỆ LƯƠNG TỪ 8-10 TRIỆU,Công ty TNHH Dịch vụ Bảo vệ Việt Nhật Yuki Sepre 24,Bảo Vệ,Hồ Chí Minh,7500000,9500000,full-time,any,0,,"Từ 7.500.000 VNĐ Đến 9.500.000 VNĐ | 03/05/2026 | Hồ Chí Minh | Bảo vệ | Quyền lợi: - Lương tháng 13 hấp dẫn.- Được đóng BHXH đầy đủ theo quy định của pháp luật.- Nhà trọ miễn phí dành cho nhân viên.- Cấp phát đồng phục miễn phí.- Môi trường làm việc ổn định và lâu dài, tạo điều kiện cho sự phát triển cá nhân.- Lương tháng 13 hấp dẫn.- Được đóng BHXH đầy đủ theo quy định của pháp luật.- Nhà trọ miễn phí dành cho nhân viên.- Cấp phát đồng phục miễn phí.- Môi trường làm việc ổn định và lâu dài, tạ",bao_ve,TimViec365,https://timviec365.vn/tuyen-nhan-vien-bao-ve-p2066765.html,2026-04-15T08:17:32.312863,easy,0.8,trung_binh,False,True,working,OK (200)
labor_timviec365_2067086,Tuyển Nhân Viên Bảo Vệ,Công ty TNHH Dịch vụ Bảo vệ Việt Nhật Yuki Sepre 24,Bảo Vệ,Hồ Chí Minh,8000000,8000000,full-time,any,0,,"Từ 8.000.000 VNĐ | 14/05/2026 | Hồ Chí Minh | Bảo vệ | Quyền lợi: - Nhận lương tháng 13.- Có hỗ trợ tiền cơm hàng ngày nếu có nhu cầu.- Cung cấp chỗ ở miễn phí cho nhân viên.- Đóng đầy đủ bảo hiểm xã hội, bảo hiểm y tế và bảo hiểm thất nghiệp.- Được đào tạo miễn phí để nâng cao kỹ năng nghề nghiệp.- Môi trường làm việc chuyên nghiệp với nhiều cơ hội thăng tiến trong sự nghiệp.- Nhận lương tháng 13.- Có hỗ trợ tiền cơm hàng ngày nếu có nhu cầu.- Cung cấp chỗ ở miễn phí cho nhân viên.- Đóng đầy đủ",bao_ve,TimViec365,https://timviec365.vn/tuyen-nhan-vien-bao-ve-p2067086.html,2026-04-15T08:17:32.318516,easy,0.8,trung_binh,False,True,working,OK (200)
labor_timviec365_2067062,Bảo Vệ Kho Nhà Bè,CÔNG TY TNHH TOMAX HOLDING,Giao Tiếp|Bảo Vệ,Hồ Chí Minh,8000000,8000000,full-time,any,0,,"Từ 8.000.000 VNĐ | 14/05/2026 | Hồ Chí Minh | Bảo vệ | Quyền lợi: Lương cơ bản: 8 triệu/thángCó chỗ ở lại kho qua đêm miễn phíPhụ cấp theo hiệu quả công việcMôi trường làm việc thân thiện, hỗ trợLương cơ bản: 8 triệu/thángCó chỗ ở lại kho qua đêm miễn phíPhụ cấp theo hiệu quả công việcMôi trường làm việc thân thiện, hỗ trợ | Yêu cầu: Trung thực, có trách nhiệm, tinh thần cảnh giác cao.Ưu tiên ứng viên có kinh nghiệm làm bảo vệ.Biết quan sát, xử lý tình huống linh hoạt, giao tiếp tốt.Sẵn sàng ở l",bao_ve,TimViec365,https://timviec365.vn/bao-ve-kho-nha-be-p2067062.html,2026-04-15T08:17:32.322459,easy,0.8,trung_binh,False,True,working,OK (200)
labor_timviec365_2066889,Bảo vệ siêu thị,Công ty cổ phần Pavel Mart,An Ninh|Bảo Vệ,Hà Nội,8000000,8500000,full-time,any,1,,"Từ 8.000.000 VNĐ Đến 8.500.000 VNĐ | 07/05/2026 | Hà Nội | Bảo vệ | Quyền lợi: -Mức lương và phụ cấp:Thỏa thuận theo năng lực và kinh nghiệm thực tế. Khung lương (7tr – 8tr5)Phụ cấp đi lại, xăng xe, điện thoại (tùy thuộc vào từng vị trí)-Thưởng:Thưởng quý/năm (tùy theo tình hình kinh doanh của Công ty)Thưởng lễ tết, cuối năm-Môi trường làm việc:Năng động/ trẻ trung và nhiệt huyếtĐược trang bị các trang thiết bị/công cụ phù hợp với từng vị trí công việc-Mức lương và phụ cấp:Thỏa thuận theo năng l",bao_ve,TimViec365,https://timviec365.vn/bao-ve-sieu-thi-p2066889.html,2026-04-15T08:17:32.325875,easy,0.8,trung_binh,False,True,working,OK (200)
labor_timviec365_2066752,Tuyển nhân viên bảo vệ,CÔNG TY TNHH LIÊN VIỆT LONG,Bảo Vệ,Hồ Chí Minh,0,0,full-time,any,0,,Thỏa Thuận | 03/05/2026 | Hồ Chí Minh | Bảo vệ | Quyền lợi: - Nhận lương hàng tuần với 3 ngày làm việc.- Có thể ứng lương trước với thu nhập từ 8 - 9 triệu đồng.- Cần gấp 5 bạn bảo vệ.- Nhận lương hàng tuần với 3 ngày làm việc.- Có thể ứng lương trước với thu nhập từ 8 - 9 triệu đồng.- Cần gấp 5 bạn bảo vệ. | Yêu cầu: - Đang cập nhật.- Đang cập nhật.+ Xem thêm | Thỏa Thuận | 03/05/2026 | Hồ Chí Minh | Bảo vệ | Quyền lợi: - Nhận lương hàng tuần với 3 ngày làm việc.- Có thể ứng lương trước với thu,bao_ve,TimViec365,https://timviec365.vn/tuyen-nhan-vien-bao-ve-p2066752.html,2026-04-15T08:17:32.328354,easy,0.8,trung_binh,False,True,working,OK (200)
labor_timviec365_2066619,Nhân viên bảo vệ khu vực hồ chí minh,CÔNG TY TNHH DỊCH VỤ BẢO VỆ TRÍ TÂM,An Ninh|Bảo Vệ,Hồ Chí Minh,7300000,7300000,full-time,any,0,,"Từ 7.300.000 VNĐ | 30/04/2026 | Hồ Chí Minh | Bảo vệ | Quyền lợi: Được hỗ cấp ăn ca.Đồng phục miễn phíCác chế độ dành cho nhân viên công tyĐược hỗ cấp ăn ca.Đồng phục miễn phíCác chế độ dành cho nhân viên công ty | Yêu cầu: · Có kiến thức kiểm soát an ninh, nghiệp vụ bảo vệ.· Trung thực, chịu được áp lực công việc. Có khả năng làm việc độc lập.· Có lý lịch tốt, không liên quan đến các tệ nan xã hội như ma túy, cờ bạc…· Sức khỏe tốt. Nam trên 1m60, cân nặng 60kg, nữ trên 1m5, cân nặng trên 50kg· ",bao_ve,TimViec365,https://timviec365.vn/nhan-vien-bao-ve-khu-vuc-ho-chi-minh-p2066619.html,2026-04-15T08:17:32.331795,easy,0.8,trung_binh,False,True,working,OK (200)
labor_timviec365_2066458,Bảo vệ bãi xe,Công ty TNHH Phạm Gia Nguyễn,Bảo Vệ,Hồ Chí Minh,0,0,full-time,any,0,,"Thỏa Thuận | 25/04/2026 | Hồ Chí Minh | Bảo vệ | Quyền lợi: Thu nhập ổn định, trao đổi cụ thể khi phỏng vấnCó chỗ ở lại cho nhân viên (nếu cần)Hỗ trợ cơm/chi phí sinh hoạt (tùy ca)Môi trường làm việc ổn định, lâu dàiCông việc đơn giản, không áp lực caoĐược hướng dẫn khi nhận việc (không cần kinh nghiệm)Thưởng thêm nếu làm tốt, siêng năngThu nhập ổn định, trao đổi cụ thể khi phỏng vấnCó chỗ ở lại cho nhân viên (nếu cần)Hỗ trợ cơm/chi phí sinh hoạt (tùy ca)Môi trường làm việc ổn định, lâu dàiCông ",bao_ve,TimViec365,https://timviec365.vn/bao-ve-bai-xe-p2066458.html,2026-04-15T08:17:32.336393,easy,0.8,trung_binh,False,True,working,OK (200)
labor_timviec365_2066371,Nhân viên bảo vệ cho Tòa nhà,Công ty cổ phần dịch vụ bảo vệ an ninh Toàn Cầu,An Ninh|Bảo Vệ,Hà Nội,7500000,7500000,temporary,any,0,,"Từ 7.500.000 VNĐ | 23/04/2026 | Hà Nội | Bảo vệ | Quyền lợi: HÀ NỘI - TUYỂN BẢO VỆ TRỰC TIẾPCông ty cổ phần dịch vụ bảo vệ an ninh Toàn Cầu cần tuyển nhân viên bảo vệ làm việc tại Hà Nội.Địa điểm làm việc: Phố Minh Khai, Phường Bạch Mai, Thành phố Hà NộiĐộ tuổi từ 18 – 60.Nam Cao trên 1,65m, cân nặng trên 55kg.Nữ cao trên 1,55m, cân nặng trên 48kg.Mức lương tối thiểu: 7.500.000đ – 12.000.000đ/tháng (tùy theo năng lực và vị trí công tác).*Công ty thực hiện đúng chế độ chính sách của nhà nước về v",bao_ve,TimViec365,https://timviec365.vn/nhan-vien-bao-ve-cho-toa-nha-p2066371.html,2026-04-15T08:17:32.341043,easy,0.3,trung_binh,False,True,working,OK (200)
labor_timviec365_2066090,🚨 Showroom Ô Tô Tuyển Gấp Bảo Vệ – Lương 8–12 Triệu – Phỏng Vấn Đi Làm Ngay,CÔNG TY TNHH DỊCH VỤ BẢO VỆ - VỆ SĨ NHẬT TÂM,Bảo Vệ,Hồ Chí Minh,12000000,12000000,full-time,any,0,,"12.000.000 VNĐ | 13/05/2026 | Hồ Chí Minh | Bảo vệ | Quyền lợi: ✔ Tham gia BHXH đầy đủ theo quy định ✔ Chế độ Lễ &ndash; Tết theo luật lao động ✔ Cấp đồng phục & trang bị làm việc ✔ Không thu bất kỳ chi phí nào khi nhận việc ✔ Cơ hội làm việc lâu dài, ổn định✔ Tham giaBHXH đầy đủtheo quy định✔ Chế độLễ – Tếttheo luật lao động✔Cấp đồng phục & trang bị làm việc✔Không thu bất kỳ chi phí nàokhi nhận việc✔ Cơ hộilàm việc lâu dài, ổn định | Yêu cầu: Nam, sức khỏe tốtTác phong nghiêm túc, trách nhiệm t",bao_ve,TimViec365,https://timviec365.vn/showroom-o-to-tuyen-gap-bao-ve-luong-8-12-trieu-phong-van-dji-lam-ngay-p2066090.html,2026-04-15T08:17:32.343995,easy,0.8,trung_binh,False,True,working,OK (200)
labor_timviec365_2065843,Nhân Viên An Ninh/ Security Officer,CÔNG TY TNHH QUẢNG TRƯỜNG CHARM & CI,Tiếng Anh|Giao Tiếp|Bảo Vệ,Hồ Chí Minh,0,0,full-time,any,0,,"Thỏa thuận | 09/05/2026 | Hồ Chí Minh | Bảo vệ | Quyền lợi: - Lương tháng 13, Thưởng kinh doanh- Thưởng Service charge hằng tháng hấp dẫn- Phụ cấp tiền ăn mỗi ca làm, cấp phát đồng phục- Thưởng vào các dịp Lễ, Tết- Phụ cấp ốm đau, ma chay, hiếu hỉ- Được tham gia BHXH, BHYT, BHTN đầy đủ- Tham gia gói bảo hiểm mở rộng của công ty khi là nhân viên chính thức- 14 ngày nghỉ phép năm, 1 ngày nghỉ sinh nhật- Tham gia nhiều hoạt động hấp dẫn dành cho nhân viên- Tham gia các lớp đào tạo nâng cao trình độ",bao_ve,TimViec365,https://timviec365.vn/nhan-vien-an-ninh-security-officer-p2065843.html,2026-04-15T08:17:32.346730,easy,0.8,trung_binh,False,True,working,OK (200)
labor_timviec365_2065191,Tuyển dụng bảo vệ nội bộ,Công ty TNHH Đầu tư và Thương mại Toyota Tiền Giang,Giao Tiếp|An Ninh|Bảo Vệ|Lái Xe|Bằng Lái,,0,0,full-time,any,0,,"Thỏa thuận | 24/05/2026 | Tiền Giang | Bảo vệ | Quyền lợi: - Được hưởng đầy đủ các chế độ BHXH, BHYT, BHTN theo quy định của pháp luật.- Lương tháng 13, thưởng lễ Tết theo quy định của công ty.- Cơ hội tham gia các khóa đào tạo nâng cao nghiệp vụ.- Môi trường làm việc năng động, chuyên nghiệp, cơ hội thăng tiến.- Được hưởng đầy đủ các chế độ BHXH, BHYT, BHTN theo quy định của pháp luật.- Lương tháng 13, thưởng lễ Tết theo quy định của công ty.- Cơ hội tham gia các khóa đào tạo nâng cao nghiệp vụ",bao_ve,TimViec365,https://timviec365.vn/tuyen-dung-bao-ve-noi-bo-p2065191.html,2026-04-15T08:17:32.352667,easy,0.8,trung_binh,False,True,working,OK (200)
labor_timviec365_2064593,Nhân Viên Tạp Vụ và Nhân Viên Bảo Vệ,ELGAUCHO ARGENTINIAN STEAKHOUSE,Phục Vụ|Bảo Vệ,Hà Nội,6500000,6500000,full-time,any,0,,"6.500.000 VNĐ | 08/05/2026 | Hà Nội, Bà Rịa Vũng Tàu | Bảo vệ, Phục vụ - Tạp vụ | Quyền lợi: Lương từ 6.000.000 VNĐ đến 6.500.000 VNĐ hoặc thỏa thuận khi phỏng vấn phù hợp với năng lực làm việc Tip + Thưởng năm theo thâm niên Công ty đóng bảo hiểm (không khấu trừ lương) Môi trường làm việc vui vẻ, chuyên nghiệp Công việc ổn định – lâu dài – cơ hội thăng tiếnLương từ 6.000.000 VNĐ đến 6.500.000 VNĐ hoặc thỏa thuận khi phỏng vấn phù hợp với năng lực làm việcTip + Thưởng năm theo thâm niênCông ty đ",bao_ve,TimViec365,https://timviec365.vn/nhan-vien-tap-vu-cleaner-va-nhan-vien-bao-ve-p2064593.html,2026-04-15T08:17:32.355498,easy,0.8,trung_binh,False,True,working,OK (200)
labor_timviec365_2064613,TUYỂN DỤNG NHÂN VIÊN GIÁM SÁT TUẦN TRA,CÔNG TY TNHH DỊCH VỤ BẢO VỆ SCD VIỆT NAM,Bảo Vệ,Hà Nội,11000000,11000000,full-time,any,0,,"11.000.000 VNĐ | 30/05/2026 | Hà Nội | Bảo vệ | Quyền lợi: Nhân viên: 6.500.000 &ndash; 7.000.000 VNĐ/thángCa trưởng / Chỉ huy: 8.000.000 &ndash; 11.000.000 VNĐ/thángCông việc ổn định, lâu dàiNhận lương đúng hạnMôi trường làm việc r&otilde; ràng, đơn giảnNhân viên: 6.500.000 – 7.000.000 VNĐ/thángCa trưởng / Chỉ huy: 8.000.000 – 11.000.000 VNĐ/thángCông việc ổn định, lâu dàiNhận lương đúng hạnMôi trường làm việc rõ ràng, đơn giản | Yêu cầu: Nam/Nữ từ 18 &ndash; 70 tuổiSức khỏe tốt, nhanh nhẹnBiết",bao_ve,TimViec365,https://timviec365.vn/tuyen-dung-nhan-vien-giam-sat-tuan-tra-p2064613.html,2026-04-15T08:17:32.358282,easy,0.8,trung_binh,False,True,working,OK (200)
labor_timviec365_2064330,CÔNG TY BẢO VỆ ƯNG LONG TUYỂN DỤNG NHÂN VIÊN BẢO VỆ – ĐI LÀM NGAY,Công Ty TNHH Dịch Vụ Bảo Vệ Ưng Long,Chăm Sóc|Bảo Vệ,Hồ Chí Minh,10500000,10500000,full-time,any,0,,"10.500.000 VNĐ | 20/05/2026 | Hồ Chí Minh | Bảo vệ | Quyền lợi: Đầy đủ chế độ BHXH, BHYT, BHTN theo quy định.Miễn phí đồng phục, nhà đội Thưởng mức độ thực hiện công việc hàng tháng.Tiền sinh nhật, cưới hỏi/ ma chay, thăm bệnh, Quốc tế thiếu nhi 1/6, học sinh giỏi,…Được tham gia bảo hiểm chăm sóc sức khỏe 24/24,Được làm việc trong môi trường chuyên nghiệp, sạch sẽ, năng động, thân thiện, cơ hội mở rộng mối quan hệ....Đầy đủ chế độ BHXH, BHYT, BHTN theo quy định.Miễn phí đồng phục, nhà đội Thưởng",bao_ve,TimViec365,https://timviec365.vn/cong-ty-bao-ve-ung-long-tuyen-dung-nhan-vien-bao-ve-dji-lam-ngay-p2064330.html,2026-04-15T08:17:32.360791,easy,0.8,trung_binh,False,True,working,OK (200)
labor_timviec365_2063509,Nhân Viên An Ninh - Bảo Vệ,Công ty Dịch vụ Bảo vệ Kiên Long,Giao Tiếp|Bảo Vệ,Hồ Chí Minh,9000000,9000000,full-time,any,0,,"9.000.000 VNĐ | 19/05/2026 | Hồ Chí Minh | Bảo vệ | Quyền lợi: * Lương: Từ 6.000.000 VNĐ Đến 9.000.000 VNĐ.* Thưởng lễ, Tết hấp dẫn.* Đầy đủ chế độ BHXH, BHYT, BHTN.* Cơ hội đào tạo, phát triển.* Lương tháng 13.* Lương: Từ 6.000.000 VNĐ Đến 9.000.000 VNĐ.* Thưởng lễ, Tết hấp dẫn.* Đầy đủ chế độ BHXH, BHYT, BHTN.* Cơ hội đào tạo, phát triển.* Lương tháng 13. | Yêu cầu: - Nam từ 18 đến 55 tuổi, chiều cao tối thiểu 1m55, cân nặng từ 45kg trở lên.- Nữ từ 18 đến 50 tuổi, chiều cao tối thiểu 1m50, cân",bao_ve,TimViec365,https://timviec365.vn/tuyen-nhan-vien-an-ninh-bao-ve-p2063509.html,2026-04-15T08:17:32.363426,easy,0.8,trung_binh,False,True,working,OK (200)
labor_timviec365_2063911,Tuyển nhân viên bảo vệ,CÔNG TY CP PHÁT TRIỂN BẤT ĐỘNG SẢN PHÁT ĐẠT,Bảo Vệ,Hồ Chí Minh,8500000,8500000,temporary,any,0,,"8.500.000 VNĐ | 03/05/2026 | Hồ Chí Minh | Bảo vệ | Quyền lợi: - Phụ cấp cơm trưa: ăn trưa tại văn phòng (tương đương 60.000 đồng/ngày).- Thưởng sinh nhật, lễ, tết từ 500.000 đến 2.000.000 đồng khi ký hợp đồng lao động chính thức.- Mức lương hấp dẫn: từ 8.500.000 đến 9.500.000 đồng/tháng.- Phụ cấp cơm trưa: ăn trưa tại văn phòng (tương đương 60.000 đồng/ngày).- Thưởng sinh nhật, lễ, tết từ 500.000 đến 2.000.000 đồng khi ký hợp đồng lao động chính thức.- Mức lương hấp dẫn: từ 8.500.000 đến 9.500.",bao_ve,TimViec365,https://timviec365.vn/tuyen-nhan-vien-bao-ve-p2063911.html,2026-04-15T08:17:32.367447,easy,0.3,trung_binh,False,True,working,OK (200)
labor_timviec365_2062710,Tuyển Quản lý Bãi Xe Chung Cư,CÔNG TY CỔ PHẦN DỊCH VỤ QUẢN LÝ BÃI SÀI GÒN,Bảo Vệ,Hồ Chí Minh,12000000,12000000,full-time,any,0,,"12.000.000 VNĐ | 30/05/2026 | Hồ Chí Minh | Bảo vệ | Quyền lợi: *  Thưởng lễ tết hấp dẫn, tương đương 3 tháng lương cơ bản.*  Được cấp phát đồng phục.*  Tham gia đầy đủ bảo hiểm y tế, bảo hiểm xã hội theo quy định.*  Cơ hội thăng tiến sau 6 tháng làm việc.*  Thưởng lễ tết hấp dẫn, tương đương 3 tháng lương cơ bản.*  Được cấp phát đồng phục.*  Tham gia đầy đủ bảo hiểm y tế, bảo hiểm xã hội theo quy định.*  Cơ hội thăng tiến sau 6 tháng làm việc. | Yêu cầu: *  Đang cập nhật (Vui lòng liên hệ để bi",bao_ve,TimViec365,https://timviec365.vn/tuyen-quan-ly-bai-xe-chung-cu-p2062710.html,2026-04-15T08:17:32.370578,easy,0.8,trung_binh,False,True,working,OK (200)
labor_timviec365_2063082,BẢO VỆ THỦ ĐỨC,Công ty cổ phần đầu tư Gia Thế Group,Bảo Vệ,Hồ Chí Minh,8000000,8000000,full-time,any,0,,8.000.000 VNĐ | 08/05/2026 | Hồ Chí Minh | Bảo vệ | Quyền lợi: Lế Tết x 2Lế Tết x 2 | Yêu cầu: Không có+ Xem thêm | 8.000.000 VNĐ | 08/05/2026 | Hồ Chí Minh | Bảo vệ | Quyền lợi: Lế Tết x 2Lế Tết x 2 | Yêu cầu: Không có+ Xem thêm,bao_ve,TimViec365,https://timviec365.vn/bao-ve-thu-djuc-p2063082.html,2026-04-15T08:17:32.372794,easy,0.8,trung_binh,False,True,working,OK (200)
labor_timviec365_2062266,Nhân viên bảo vệ,Công ty TNHH Toyota Thanh Xuân,An Ninh|Bảo Vệ,Hà Nội,7500000,7500000,full-time,any,0,,"7.500.000 VNĐ | 04/05/2026 | Hà Nội | Bảo vệ | Quyền lợi: -Được hưởng mức lương cạnh tranh theo năng lực.-Môi trường làm việc chuyên nghiệp, năng động.-Được đóng BHXH, BHYT, BHTT-Được thưởng lễ tết, sinh nhật…-Được du lịch hàng năm-Được hưởng mức lương cạnh tranh theo năng lực.-Môi trường làm việc chuyên nghiệp, năng động.-Được đóng BHXH, BHYT, BHTT-Được thưởng lễ tết, sinh nhật…-Được du lịch hàng năm | Yêu cầu: Ưu tiên đã có kinh nghiệm làm việc  Bảo vệ/Vệ sĩ/An ninhƯu tiên đã có kinh nghiệm là",bao_ve,TimViec365,https://timviec365.vn/nhan-vien-bao-ve-p2062266.html,2026-04-15T08:17:32.375305,easy,0.8,trung_binh,False,True,working,OK (200)
labor_timviec365_2062197,"nhân viên bảo vệ chung cư, tòa nhà văn phòng",Công ty CP DV BV Hoàng Long Hải,Bảo Vệ,Hồ Chí Minh,12000000,12000000,full-time,any,0,,12.000.000 VNĐ | 31/05/2026 | Hồ Chí Minh | Bảo vệ | Quyền lợi: *  Hỗ trợ ứng cơ 100.000 VNĐ/ngày đến khi nhận lương tháng đầu tiên.*  Miễn phí nhà ở.*  Tham gia đầy đủ chế độ theo luật lao động.*  Mức lương: Từ 6.800.000 VNĐ Đến 12.000.000 VNĐ.*  Hỗ trợ ứng cơ 100.000 VNĐ/ngày đến khi nhận lương tháng đầu tiên.*  Miễn phí nhà ở.*  Tham gia đầy đủ chế độ theo luật lao động.*  Mức lương: Từ 6.800.000 VNĐ Đến 12.000.000 VNĐ. | Yêu cầu: *  Không có khuyết tật cơ thể.*  Có CCCD.*  Biết đọc viết.*  S,bao_ve,TimViec365,https://timviec365.vn/nhan-vien-bao-ve-chung-cu-toa-nha-van-phong-p2062197.html,2026-04-15T08:17:32.377900,easy,0.8,trung_binh,False,True,working,OK (200)
labor_timviec365_2062143,tuyển nhân viên an ninh,Công ty TNHH EB Bình Dương,Giao Tiếp|An Ninh|Bảo Vệ,Hồ Chí Minh,7000000,7000000,full-time,any,0,,"7 triệu | 30/05/2026 | Hồ Chí Minh | Bảo vệ | Quyền lợi: - mức lương cơ bản cạnh tranh, kèm theo phụ cấp ăn trưa và thưởng theo quy định của công ty.- được hưởng 15 ngày nghỉ phép có lương mỗi năm.- cơ hội review lương hàng năm để đảm bảo sự công bằng.- nhận voucher chúc mừng sinh nhật.- được hưởng chế độ bảo hiểm y tế, bảo hiểm xã hội và bảo hiểm thất nghiệp theo quy định.- khám sức khỏe định kỳ hàng năm để đảm bảo sức khỏe tốt.- có cơ hội được đào tạo, thi tay nghề và thăng tiến lên vị trí cao",bao_ve,TimViec365,https://timviec365.vn/tuyen-nhan-vien-an-ninh-p2062143.html,2026-04-15T08:17:32.380527,easy,0.8,trung_binh,False,True,working,OK (200)
labor_timviec365_2061927,nhân viên bảo vệ,Công ty liên doanh khách sạn TNHH Hà Nội hotel,Tiếng Anh|Giao Tiếp|An Ninh|Bảo Vệ,Hà Nội,0,0,full-time,any,0,,"Thỏa thuận | 25/05/2026 | Hà Nội | Bảo vệ | Quyền lợi: môi trường làm việc chuyên nghiệp, thân thiện.được hưởng đầy đủ các chế độ bảo hiểm, phúc lợi theo quy định của pháp luật., thu nhập từ 8-10trthưởng tháng lương thứ 13, 14, service chargeđược cung cấp bữa ăn ca và giặt là đồng phục miễn phícơ hội được đào tạo, nâng cao nghiệp vụ.cơ hội thăng tiến trong công việc.môi trường làm việc chuyên nghiệp, thân thiện.được hưởng đầy đủ các chế độ bảo hiểm, phúc lợi theo quy định của pháp luật., thu nhậ",bao_ve,TimViec365,https://timviec365.vn/nhan-vien-bao-ve-p2061927.html,2026-04-15T08:17:32.385008,easy,0.8,trung_binh,False,True,working,OK (200)
labor_timviec365_2061825,tuyển dụng nhân viên bảo vệ – đất võ 24h security,CÔNG TY BẢO VỆ ĐẤT VÕ 24H,Bảo Vệ,,7500000,7500000,full-time,any,3,,"7.500.000 VNĐ | 23/05/2026 | Toàn quốc | Bảo vệ | Quyền lợi: 🔑 quyền lợi rõ ràng – giấy tờ có mộc đỏ✅ lương – ứng đúng ngày, đúng giờnhận lương ngày 01, ứng lương ngày 15 (qua ngân hàng, không trễ 1 ngày).cam kết trên giấy tờ, có mộc đỏ.✅ nghỉ bệnh vẫn được chấm côngcó giấy khám bệnh ⇒ tính công đủ, không mất quyền lợi.✅ nhà ở miễn phínhà đội gần mục tiêu, sạch sẽ, thoáng mát.quản lý chặt chẽ, loại bỏ thành phần xấu.anh em sống hòa thuận, hỗ trợ nhau khi khó khăn.✅ đãi ngộ hấp dẫnchuyên cần + ti",bao_ve,TimViec365,https://timviec365.vn/tuyen-dung-nhan-vien-bao-ve-djat-vo-24h-security-p2061825.html,2026-04-15T08:17:32.387924,medium,0.8,trung_binh,False,True,working,OK (200)
labor_timviec365_2060795,Nhân Viên Bảo Vệ,CÔNG TY CỔ PHẦN DỊCH VỤ BẢO VỆ SECOM VIỆT NAM,Bảo Vệ,,10000000,10000000,temporary,any,0,,"10.000.000 VNĐ | 16/05/2026 | Toàn quốc | Bảo vệ | Quyền lợi: • Lương vị trí bảo vệ: 8.000.000 vnđ đến 10.000.000 vnđ.• Được trợ cấp ca 8 tiếng• Được đào tạo miễn phí trước khi làm việc và đào tạo nâng cao• Được trả 100% lương cơ bản trong thời gian đào tạo và thử việc.• Thử việc 1 tháng và được ký hợp đồng lao động ngay nếu đạt• Được nghỉ 4 ngày/tháng và có 12 ngày phép/năm hưởng nguyên lương• Được đóng Bảo hiểm y tế, Bảo hiểm xã hội và Bảo hiểm thất nghiệp theo Luật lao động.• Được mua bảo hiể",bao_ve,TimViec365,https://timviec365.vn/nhan-vien-bao-ve-thu-nhap-len-djen-10tr-thang-p2060795.html,2026-04-15T08:17:32.390921,easy,0.3,trung_binh,False,True,working,OK (200)
labor_timviec365_2061653,nhân viên bảo vệ ngân hàng tại từ sơn bắc ninh,Công ty cổ phần dịch vụ bảo vệ sao vàng FB,Bảo Vệ,Bắc Ninh,6200000,6200000,full-time,any,0,,"6.200.000 VNĐ | 11/05/2026 | Bắc Ninh | Bảo vệ | Quyền lợi: Được đóng bảo hiểm xã hội. Mức lương: Từ 6.200.000 VNĐ đến 6.200.000 VNĐ.Được đóng bảo hiểm xã hội.Mức lương: Từ 6.200.000 VNĐ đến 6.200.000 VNĐ. | Yêu cầu: Chiều cao từ 1m65, cân nặng từ 60kg trở lên. Có định danh mức 2.Chiều cao từ 1m65, cân nặng từ 60kg trở lên.Có định danh mức 2.+ Xem thêm | 6.200.000 VNĐ | 11/05/2026 | Bắc Ninh | Bảo vệ | Quyền lợi: Được đóng bảo hiểm xã hội. Mức lương: Từ 6.200.000 VNĐ đến 6.200.000 VNĐ.Được đóng ",bao_ve,TimViec365,https://timviec365.vn/nhan-vien-bao-ve-ngan-hang-tai-tu-son-bac-ninh-p2061653.html,2026-04-15T08:17:39.904607,easy,0.8,trung_binh,False,True,working,OK (200)
labor_timviec365_2060826,"Tuyển nhân viên An Ninh, Bảo Vệ",công ty bảo vệ an ninh 24hvn,Bảo Vệ,Hà Nội,0,0,full-time,any,0,,"Thỏa thuận | 10/05/2026 | Hà Nội | Bảo vệ | Quyền lợi: - Nhận các khoản thưởng và phúc lợi vào các dịp lễ, Tết.- Được đóng bảo hiểm xã hội theo quy định của pháp luật.- Có cơ hội làm việc gần nhà với chế độ sắp xếp công việc linh hoạt.- Thông tin chi tiết sẽ được trao đổi cụ thể trong buổi phỏng vấn.- Nhận các khoản thưởng và phúc lợi vào các dịp lễ, Tết.- Được đóng bảo hiểm xã hội theo quy định của pháp luật.- Có cơ hội làm việc gần nhà với chế độ sắp xếp công việc linh hoạt.- Thông tin chi tiế",bao_ve,TimViec365,https://timviec365.vn/tuyen-nhan-vien-an-ninh-bao-ve-p2060826.html,2026-04-15T08:17:39.923166,easy,0.8,trung_binh,False,True,working,OK (200)
labor_timviec365_2060740,Giám sát bảo vệ,CÔNG TY TNHH DV BẢO VỆ & CUNG ỨNG LAO ĐỘNG THIÊN LONG 24H,Bảo Vệ,,10000000,10000000,temporary,any,0,,10.000.000 VNĐ | 30/05/2026 | Lâm Đồng | Bảo vệ | Quyền lợi: *  Lương cứng + phụ cấp ăn uống: Từ 7.000.000 VNĐ Đến 10.000.000 VNĐ + 8% hoa hồng trên hợp đồng + thưởng theo hiệu quả công việc.*  Được hưởng đầy đủ chế độ bảo hiểm khi làm việc lâu dài.*  Lương cứng + phụ cấp ăn uống: Từ 7.000.000 VNĐ Đến 10.000.000 VNĐ + 8% hoa hồng trên hợp đồng + thưởng theo hiệu quả công việc.*  Được hưởng đầy đủ chế độ bảo hiểm khi làm việc lâu dài. | Yêu cầu: *  Am hiểu về giám sát và bảo vệ mục tiêu.*  Tinh t,bao_ve,TimViec365,https://timviec365.vn/giam-sat-bao-ve-p2060740.html,2026-04-15T08:17:39.937224,easy,0.3,trung_binh,False,True,working,OK (200)
labor_timviec365_2060396,Nhân viên bảo vệ,CÔNG TY TNHH DỊCH VỤ BẢO VỆ CƯỜNG THỊNH,Bảo Vệ,Hồ Chí Minh,14400000,14400000,full-time,any,16,,"14.400.000 VNĐ | 20/05/2026 | Hồ Chí Minh | Bảo vệ | Quyền lợi: ⏰ THỜI GIAN LÀM VIỆCCa 8h, 12h hoặc 24/24 (xoay ca hoặc cố định tùy mục tiêu)💰 THU NHẬP & QUYỀN LỢILương: 7.200.000đ – 7.400.000đ/thángPhụ cấp: 300.000đ – 310.000đ/tháng ( tuỳ mục tiêu)Có hỗ trợ cơm ca, nhà đội, phòng nghỉ (tùy mục tiêu)Lương trả đúng hẹn 16 năm qua, không trễ 1 ngàyĐồng phục miễn phí – Không thu bất kỳ phí nào khi nhận việcHướng dẫn nghiệp vụ trực tiếp – Môi trường thân thiện, lịch sự, gắn bó dài lâuTham gia BHXH, ",bao_ve,TimViec365,https://timviec365.vn/nhan-vien-bao-ve-p2060396.html,2026-04-15T08:17:39.945765,hard,0.8,trung_binh,False,True,working,OK (200)
labor_timviec365_2059955,Tuyển Nhân Viên Bảo Vệ,Công ty CPTM Dịch Vụ Bảo Vệ Thiên Ưng - CN Nam Trung Bộ,Bảo Vệ,Khánh Hòa,0,0,full-time,any,0,,Thỏa thuận | 01/05/2026 | Khánh Hòa | Bảo vệ | Quyền lợi: - Mức thu nhập hấp dẫn từ 6 – 8 triệu/tháng.- Có chế độ hỗ trợ ứng lương theo tuần.- Cung cấp chỗ ở và hỗ trợ ăn trong ca làm việc.- Được tham gia đầy đủ các chế độ bảo hiểm xã hội và bảo hiểm y tế theo quy định của pháp luật.- Mức thu nhập hấp dẫn từ 6 – 8 triệu/tháng.- Có chế độ hỗ trợ ứng lương theo tuần.- Cung cấp chỗ ở và hỗ trợ ăn trong ca làm việc.- Được tham gia đầy đủ các chế độ bảo hiểm xã hội và bảo hiểm y tế theo quy định của ,bao_ve,TimViec365,https://timviec365.vn/tuyen-nhan-vien-bao-ve-p2059955.html,2026-04-15T08:17:39.956582,easy,0.8,trung_binh,False,True,working,OK (200)
labor_timviec365_2059732,Nhân Viên Bảo Vệ,Công Ty Dịch Vụ Bảo Vệ Chuyên Nghiệp Sông Hậu,Bảo Vệ,Cần Thơ,4500000,4500000,full-time,any,0,,"4.500.000 VNĐ | 31/05/2026 | Cần Thơ | Bảo vệ | Quyền lợi: – Phỏng Vấn Và Bố Trí Công Việc Ngay Trong Ngày– Có nhiều môi trường làm việc, dễ dàng lựa chọn.– Nhân viên khi vào làm việc không phải lo lắng về vấn đề công ty thu các khoản ngoài lương, hay phạt biên bản vì công ty có chế độ thưởng phạt rõ ràng hầu hết là nhắc nhở để nhân viên rút kinh nghiệm vì công ty luôn mong muốn người lao động làm việc gắn bó lâu dài với công ty.– Nhân viên không cần bằng cấp, chỉ cần nhiệt tình và gắn bó với cô",bao_ve,TimViec365,https://timviec365.vn/nhan-vien-bao-ve-p2059732.html,2026-04-15T08:17:39.966436,easy,0.8,trung_binh,False,True,working,OK (200)
labor_timviec365_2059712,Nhân viên bảo vệ khu vực Hà Nội,Công Ty TNHH DV Bảo vệ Chuyên Nghiệp Thăng Long,Bảo Vệ,Hà Nội,7000000,7000000,full-time,any,0,,"7.000.000 VNĐ | 31/05/2026 | Hà Nội | Bảo vệ | Quyền lợi: Mức lương: Từ 7.000.000 VNĐ/ca 12h/tháng (tùy mỗi dự án)Nhà ở miễn phí, tạm ứng tiền ăn...Các chế độ theo quy định, BHXH, BHYT, BHTNLương chuyển khoản vào tài khoản Ngân hàngCơ hội thăng tiến lên các vị trí như Ca Trưởng, Chỉ Huy trong thời gian ngắnĐược huấn luyện các nghiệp vụ bảo vệMức lương: Từ 7.000.000 VNĐ/ca 12h/tháng (tùy mỗi dự án)Nhà ở miễn phí, tạm ứng tiền ăn...Các chế độ theo quy định, BHXH, BHYT, BHTNLương chuyển khoản vào t",bao_ve,TimViec365,https://timviec365.vn/nhan-vien-bao-ve-khu-vuc-ha-noi-p2059712.html,2026-04-15T08:17:39.974910,easy,0.8,trung_binh,False,True,working,OK (200)
labor_timviec365_2059706,Bảo Vệ An Ninh Cơ Sở,Công Ty Cổ Phần Phát Triển Dưỡng Lão Bimycom Group,Bảo Vệ,Hồ Chí Minh,0,0,full-time,any,0,,"Thỏa thuận | 31/05/2026 | Hồ Chí Minh | Bảo vệ | Quyền lợi: *  Bao cơm trưa.*  Cấp phát đồng phục.*  Tham gia BHXH, BHYT, BHTN đầy đủ theo quy định.*  Nghỉ phép năm theo luật định.*  Khám sức khỏe định kỳ hàng năm.*  Lương thưởng lễ tết, thưởng theo hiệu quả công việc.*  Bao cơm trưa.*  Cấp phát đồng phục.*  Tham gia BHXH, BHYT, BHTN đầy đủ theo quy định.*  Nghỉ phép năm theo luật định.*  Khám sức khỏe định kỳ hàng năm.*  Lương thưởng lễ tết, thưởng theo hiệu quả công việc. | Yêu cầu: Nam từ 20t",bao_ve,TimViec365,https://timviec365.vn/bao-ve-an-ninh-co-so-p2059706.html,2026-04-15T08:17:39.984764,easy,0.8,trung_binh,False,True,working,OK (200)
labor_timviec365_2059705,Nhân viên bảo vệ,SGsafeguards,Bảo Vệ,Hà Nội,0,0,full-time,any,0,,"Thỏa thuận | 31/05/2026 | Hà Nội | Bảo vệ | Quyền lợi: Chế độ: • Thu nhập 7 triệu/tháng (ca 12h), có tăng ca tăng thu nhập. • Có nhà đội cho nhân viên ở xa. • Tham gia BHXH, thưởng lễ – tết – phép năm. • Thưởng chuyên cần, phụ cấp trách nhiệm • Môi trường làm việc chuyên nghiệp, ổn định lâu dài• Có cơ hội phát triển lên các vị trí cao hơn.Chế độ:• Thu nhập 7 triệu/tháng (ca 12h), có tăng ca tăng thu nhập.• Có nhà đội cho nhân viên ở xa.• Tham gia BHXH, thưởng lễ – tết – phép năm.• Thưởng chuyên ",bao_ve,TimViec365,https://timviec365.vn/nhan-vien-bao-ve-p2059705.html,2026-04-15T08:17:39.995535,easy,0.8,trung_binh,False,True,working,OK (200)
labor_timviec365_2059704,Nhân viên Bảo vệ Saigon Co.op,Liên hiệp Hợp tác xã Thương mại Thành phố Hồ Chí Minh,Giao Tiếp|Bảo Vệ,Hồ Chí Minh,0,0,full-time,any,0,,"Thỏa thuận | 31/05/2026 | Hồ Chí Minh | Bảo vệ | Quyền lợi: Quyền lợiLương:Saigon Co-op xây dựng chính sách lương rõ ràng, phù hợp với từng chức danh công việc, kỹ năng và trình độ chuyên môn để đảm bảo cho các cán bộ nhân viên sẽ cho một mức thu nhập tốt, xứng đáng với những cống hiến và đóng góp của mình. Trong đó bao gồm:Lương cơ bản + phụ cấp tiền cơm.Lương tháng thứ 13.Phụ cấp cho những vị trí công việc đặc thù.Chế độ nâng lương hàng năm theo KPI và kết quả hoạt động kinh doanh của Saigon C",bao_ve,TimViec365,https://timviec365.vn/nhan-vien-bao-ve-saigon-coop-p2059704.html,2026-04-15T08:17:40.011575,easy,0.8,trung_binh,False,True,working,OK (200)
labor_timviec365_2058846,Tuyển dụng Nhân viên bảo vệ,CÔNG TY TNHH MỘT THÀNH VIÊN QUẢN LÝ NỢ VÀ KHAI THÁC TÀI SẢN - NGÂN HÀNG THƯƠNG MẠI CỔ PHẦN SÀI GÒN - HÀ NỘI,Bảo Vệ,Hà Nội,6000000,6000000,full-time,any,0,,"6.000.000 VNĐ | 30/05/2026 | Hà Nội, Quảng Ninh | Bảo vệ | Quyền lợi: Mức lương hàng tháng từ 6.000.000 VNĐ. Tổng thu nhập khoảng 7.500.000 VNĐ. - Chế độ BHXH và Thuế TNCN theo quy định của Luật BHXH hiện hành. - Thưởng theo quy định công ty và KPI cuối năm.Mức lương hàng tháng từ 6.000.000 VNĐ. Tổng thu nhập khoảng 7.500.000 VNĐ. - Chế độ BHXH và Thuế TNCN theo quy định của Luật BHXH hiện hành. - Thưởng theo quy định công ty và KPI cuối năm. | Yêu cầu: - Không hình xăm- Cao từ 1m65 trở lên, cân",bao_ve,TimViec365,https://timviec365.vn/tuyen-dung-nhan-vien-bao-ve-p2058846.html,2026-04-15T08:17:40.025801,easy,0.8,trung_binh,False,True,working,OK (200)
labor_timviec365_2059349,"Nhân viên bảo vệ , lễ tân",SGsafeguards,Bảo Vệ,Hà Nội,8000000,8000000,full-time,any,0,,"8.000.000 VNĐ | 27/05/2026 | Hà Nội | Bảo vệ | Quyền lợi: Được đóng BHXH, BHYT, BHTN đầy đủ.Hỗ trợ đồng phục và công cụ làm việc.Môi trường làm việc an toàn, ổn định, lâu dài.Hỗ trợ nhà ở cho nhân viên ở xa, người từ tỉnh về Hà Nội làm.Mức lương từ 6.500.000 VNĐ đến 8.000.000 VNĐ.Được đóng BHXH, BHYT, BHTN đầy đủ.Hỗ trợ đồng phục và công cụ làm việc.Môi trường làm việc an toàn, ổn định, lâu dài.Hỗ trợ nhà ở cho nhân viên ở xa, người từ tỉnh về Hà Nội làm.Mức lương từ 6.500.000 VNĐ đến 8.000.000 ",bao_ve,TimViec365,https://timviec365.vn/nhan-vien-bao-ve-p2059349.html,2026-04-15T08:17:40.048492,easy,0.8,trung_binh,False,True,working,OK (200)
labor_timviec365_2059368,Tuyển Tài xế lái xe nhân viên bảo vệ,DOANH NGHIỆP TƯ NHÂN THƯƠNG MẠI DỊCH VỤ SẢN XUẤT HỒNG MỘC,Bảo Vệ|Lái Xe|Bằng Lái,Hồ Chí Minh,20000000,20000000,full-time,any,3,,"20.000.000 VNĐ | 26/05/2026 | Hồ Chí Minh | Bảo vệ, Vận tải - Lái xe | Quyền lợi: 1. Lái xe- Lương cứng 18 triệu- Tham gia đầy đủ chế độ BHXH, BHYT, BHTN theo quy định.- Được nghỉ lễ, Tết theo quy định.- Môi trường làm việc chuyên nghiệp, thân thiện.- Cơ hội gắn bó và phát triển lâu dài.2. Bảo vệ- Mức lương: 13 triệu- Hỗ trợ ăn/ở (nếu có).- Chế độ thưởng lễ, Tết, tăng ca theo quy định.- Được đào tạo nghiệp vụ nếu chưa có kinh nghiệm.- Tham gia BHXH, BHYT, BHTN đầy đủ theo quy định nhà nước.- Môi",bao_ve,TimViec365,https://timviec365.vn/tuyen-tai-xe-lai-xe-nhan-vien-bao-ve-p2059368.html,2026-04-15T08:17:40.065073,medium,0.8,trung_binh,False,True,working,OK (200)
labor_timviec365_2059302,Nhân viên bảo vệ bãi xe,Công ty CP Quản Lý Dịch Vụ Bãi Xe Sài Gòn,Bảo Vệ,Hồ Chí Minh,7300000,7300000,full-time,any,0,,"7.300.000 VNĐ | 26/05/2026 | Hồ Chí Minh | Bảo vệ | Quyền lợi: Đóng BHXH đầy đủ theo quy định.Thưởng các dịp Lễ, Tết, sinh nhật, hiếu hỉ.Có lương tháng 13.Được cấp phát đồng phục miễn phí.Thu nhập ổn định từ 7.000.000 VNĐ đến 7.300.000 VNĐ.Đóng BHXH đầy đủ theo quy định.Thưởng các dịp Lễ, Tết, sinh nhật, hiếu hỉ.Có lương tháng 13.Được cấp phát đồng phục miễn phí.Thu nhập ổn định từ 7.000.000 VNĐ đến 7.300.000 VNĐ. | Yêu cầu: Sức khỏe tốt.Tác phong gọn gàng, chuyên nghiệp (nam tóc ngắn, nữ tóc bú",bao_ve,TimViec365,https://timviec365.vn/nhan-vien-bao-ve-bai-xe-p2059302.html,2026-04-15T08:17:40.077277,easy,0.8,trung_binh,False,True,working,OK (200)
labor_timviec365_2059177,Tuyển nhân viên bảo vệ toà nhà,Công ty Bảo vệ Ngày và Đêm,Bảo Vệ,Hồ Chí Minh,10000000,10000000,full-time,any,0,,10.000.000 VNĐ | 22/05/2026 | Hồ Chí Minh | Bảo vệ | Quyền lợi: *  Lương tháng 13.*  Thưởng KPI theo hiệu suất công việc.*  Tham gia BHXH theo quy định của pháp luật.*  Lương tháng 13.*  Thưởng KPI theo hiệu suất công việc.*  Tham gia BHXH theo quy định của pháp luật. | Yêu cầu: *  Đang cập nhật. (Giữ nguyên vì thông tin chưa có)*  Đang cập nhật. (Giữ nguyên vì thông tin chưa có)+ Xem thêm | 10.000.000 VNĐ | 22/05/2026 | Hồ Chí Minh | Bảo vệ | Quyền lợi: *  Lương tháng 13.*  Thưởng KPI theo hiệu,bao_ve,TimViec365,https://timviec365.vn/tuyen-nhan-vien-bao-ve-toa-nha-p2059177.html,2026-04-15T08:17:40.095186,easy,0.8,trung_binh,False,True,working,OK (200)
labor_timviec365_2059622,nhân viên bảo vệ,CTY TNHH DV BV SÀI GÒN NAM CHÍNH TRỰC,Bảo Vệ,,0,0,full-time,any,0,,"Thỏa thuận | 20/05/2026 | Đắk Lắk | Bảo vệ | Quyền lợi: Được đóng bảo hiểm y tế, bảo hiểm xã hội, bảo hiểm thất nghiệp đầy đủ theo quy định. Thưởng lễ, Tết. Mức lương: Thỏa thuận.Được đóng bảo hiểm y tế, bảo hiểm xã hội, bảo hiểm thất nghiệp đầy đủ theo quy định. Thưởng lễ, Tết. Mức lương: Thỏa thuận. | Yêu cầu: Không nhận hồ sơ từ ứng viên đang sinh sống tại Cư M'gar.Không nhận hồ sơ từ ứng viên đang sinh sống tại Cư M'gar.+ Xem thêm | Thỏa thuận | 20/05/2026 | Đắk Lắk | Bảo vệ | Quyền lợi: Đượ",bao_ve,TimViec365,https://timviec365.vn/nhan-vien-bao-ve-p2059622.html,2026-04-15T08:17:40.139994,easy,0.8,trung_binh,False,True,working,OK (200)
labor_timviec365_2058962,Tuyển Bảo Vệ Nội Bộ,CTY TNHH KHOA HỌC VÀ KĨ THUẬT EVERGREEN VIỆT NAM,Bảo Vệ,,0,0,full-time,any,0,,Thỏa thuận | 19/05/2026 | Long An | Bảo vệ | Quyền lợi: *  Hưởng đầy đủ chế độ phúc lợi theo quy định của công ty.*  Cơ hội phát triển nghề nghiệp trong lĩnh vực bảo vệ chuyên nghiệp.*  Mức lương: Thỏa thuận.*  Hưởng đầy đủ chế độ phúc lợi theo quy định của công ty.*  Cơ hội phát triển nghề nghiệp trong lĩnh vực bảo vệ chuyên nghiệp.*  Mức lương: Thỏa thuận. | Yêu cầu: *  Sẽ được cập nhật trong thời gian sớm nhất.*  Sẽ được cập nhật trong thời gian sớm nhất.+ Xem thêm | Thỏa thuận | 19/05/2026 |,bao_ve,TimViec365,https://timviec365.vn/tuyen-bao-ve-noi-bo-p2058962.html,2026-04-15T08:17:40.159814,easy,0.8,trung_binh,False,True,working,OK (200)
labor_timviec365_2058710,THÔNG BÁO TUYỂN DỤNG 01 ĐỘI TRƯỞNG ĐỘI BẢO VỆ,CÔNG TY TNHH DỊCH VỤ BẢO VỆ NAM HẢI DƯƠNG,Giao Tiếp|Bảo Vệ,Hồ Chí Minh,0,0,full-time,any,0,,"Thỏa thuận | 14/05/2026 | Hồ Chí Minh | Bảo vệ | Quyền lợi: - Môi trường làm việc chuyên nghiệp, thân thiện, năng động.- Lương: Thỏa thuận- Thưởng và các chế độ đãi ngộ theo chính sách hiện hành của Công ty.- Được hưởng đầy đủ các chính sách về lao động theo Luật Lao độngƯu tiên ứng viên đã qua môi trường quân đội, đã qua công tác bảo vệ.- Môi trường làm việc chuyên nghiệp, thân thiện, năng động.- Lương: Thỏa thuận- Thưởng và các chế độ đãi ngộ theo chính sách hiện hành của Công ty.- Được hưởng ",bao_ve,TimViec365,https://timviec365.vn/thong-bao-tuyen-dung-01-djoi-truong-djoi-bao-ve-p2058710.html,2026-04-15T08:17:40.176998,easy,0.8,trung_binh,False,True,working,OK (200)
labor_timviec365_2058697,NHÂN VIÊN GIÁM SÁT DỊCH VỤ TÒA NHÀ,CÔNG TY CỔ PHẦN QUẢN LÝ VÀ KHAI THÁC TOÀ NHÀ PSE,Bảo Vệ,Hà Nội,8000000,8000000,full-time,any,2,,"8.000.000 VNĐ | 12/05/2026 | Hà Nội | Bảo vệ | Quyền lợi: Mức lương: Từ 6.500.000 VNĐ Đến 8.000.000 VNĐ. Tham gia bảo hiểm xã hội. Chế độ phúc lợi lễ, Tết và thưởng cuối năm.Mức lương: Từ 6.500.000 VNĐ Đến 8.000.000 VNĐ.Tham gia bảo hiểm xã hội.Chế độ phúc lợi lễ, Tết và thưởng cuối năm. | Yêu cầu: Tốt nghiệp cao đẳng, đại học, ưu tiên chuyên ngành quản trị nhân lực, quản trị kinh doanh. Có kinh nghiệm 1-2 năm làm việc tại vị trí giám sát dịch vụ hoặc các vị trí khác tại Ban Quản lý tòa nhà.Tốt ",bao_ve,TimViec365,https://timviec365.vn/nhan-vien-giam-sat-dich-vu-toa-nha-p2058697.html,2026-04-15T08:17:40.192380,medium,0.8,trung_binh,False,True,working,OK (200)
labor_timviec365_2058512,Tuyển Nhân viên An ninh,CÔNG TY TNHH SAIGON CO-OP FAIRPRICE,Bảo Vệ,,7000000,7000000,full-time,any,0,,"7.000.000 VNĐ | 31/05/2026 | Toàn quốc | Bảo vệ | Quyền lợi: - Nhận thưởng vào các dịp Lễ, Tết, tháng 13 và nhiều phúc lợi khác.- Cơ hội thăng tiến rõ ràng trong sự nghiệp.- Tham gia đầy đủ các chế độ bảo hiểm xã hội, bảo hiểm y tế và bảo hiểm thất nghiệp.- Được hưởng ưu đãi mua sắm dành cho nhân viên.- Nhận thưởng vào các dịp Lễ, Tết, tháng 13 và nhiều phúc lợi khác.- Cơ hội thăng tiến rõ ràng trong sự nghiệp.- Tham gia đầy đủ các chế độ bảo hiểm xã hội, bảo hiểm y tế và bảo hiểm thất nghiệp.- ",bao_ve,TimViec365,https://timviec365.vn/tuyen-nhan-vien-an-ninh-p2058512.html,2026-04-15T08:17:40.202409,easy,0.8,trung_binh,False,True,working,OK (200)
labor_timviec365_2058126,Tuyển Nhân Viên An Ninh,CÔNG TY TNHH DỊCH VỤ BẢO VỆ NAM HẢI DƯƠNG,Bảo Vệ,Hồ Chí Minh,7000000,7000000,full-time,any,0,,"7.000.000 VNĐ | 31/05/2026 | Hồ Chí Minh | Bảo vệ | Quyền lợi: *  Lương từ 7.000.000 VNĐ/tháng đến 9.000.000 VNĐ/tháng + phụ cấp hấp dẫn.*  Đầy đủ*  Lương từ 7.000.000 VNĐ/tháng đến 9.000.000 VNĐ/tháng + phụ cấp hấp dẫn.*  Đầy đủ | Yêu cầu: - Nam, có chiều cao từ 1.60m trở lên.- Độ tuổi từ 18 đến 55 tuổi.- Trung thực, có tinh thần trách nhiệm cao và có đạo đức tốt.- Ưu tiên ứng viên đã qua môi trường quân đội hoặc có kinh nghiệm trong công tác bảo vệ.- Nam, có chiều cao từ 1.60m trở lên.- Độ tuổ",bao_ve,TimViec365,https://timviec365.vn/tuyen-nhan-vien-an-ninh-p2058126.html,2026-04-15T08:17:40.214546,easy,0.8,trung_binh,False,True,working,OK (200)
labor_timviec365_2057634,Nhân Viên Bảo Vệ Tại Cơ Sở Răng Hàm Mặt,NUGYM,Giao Tiếp|Bảo Vệ,Hồ Chí Minh,6500000,6500000,full-time,any,0,,"6.500.000 VNĐ | 19/05/2026 | Hồ Chí Minh | Bảo vệ | Quyền lợi: Làm việc trong môi trường an toàn, ổn địnhMôi trường làm việc rõ ràng, ít biến động.Làm tại các tòa nhà, công ty, khu công nghiệp, kho hàng, trung tâm thương mại.Đào tạo miễn phíĐược đào tạo nghiệp vụ bảo vệ, kỹ năng giao tiếp, xử lý tình huống, PCCC...Miễn phí đào tạo đầu vào, không yêu cầu kinh nghiệm.Làm việc trong môi trường an toàn, ổn địnhMôi trường làm việc rõ ràng, ít biến động.Làm tại các tòa nhà, công ty, khu công nghiệp, k",bao_ve,TimViec365,https://timviec365.vn/nhan-vien-bao-ve-tai-co-so-rang-ham-mat-p2057634.html,2026-04-15T08:17:40.226807,easy,0.8,trung_binh,False,True,working,OK (200)
labor_timviec365_2057144,Nhân viên bảo vệ,CÔNG TY TNHH DỊCH VỤ BẢO VỆ CHUYÊN NGHIỆP YUKI 24,Bảo Vệ,Hồ Chí Minh,7000000,7000000,full-time,any,0,,7.000.000 VNĐ | 29/05/2026 | Hồ Chí Minh | Bảo vệ | Quyền lợi: Nhà đội cách 100m !Nhà đội cách 100m ! | Yêu cầu: Không có+ Xem thêm | 7.000.000 VNĐ | 29/05/2026 | Hồ Chí Minh | Bảo vệ | Quyền lợi: Nhà đội cách 100m !Nhà đội cách 100m ! | Yêu cầu: Không có+ Xem thêm,bao_ve,TimViec365,https://timviec365.vn/nhan-vien-bao-ve-p2057144.html,2026-04-15T08:17:40.236539,easy,0.8,trung_binh,False,True,working,OK (200)
labor_timviec365_2056852,Nhân viên an ninh bệnh viện,CTCP Bệnh viện Mắt Hà Nội cơ sở 2,Giao Tiếp|An Ninh|Bảo Vệ,Hà Nội,7000000,7000000,full-time,any,0,,"7.000.000 VNĐ | 25/05/2026 | Hà Nội | Bảo vệ | Quyền lợi: - Mức lương: thỏa thuận theo năng lực, thưởng khi có thành tích đặc biệt- Được hưởng đầy đủ chế độ BHXH, BHYT, BHTN và Bảo hiểm sức khỏe bổ sung (hiên nay đang được hưởng gói bảo hiểm của PTI), khám sức khỏe định kỳ- Được hưởng ưu đãi miễn phí khám và ưu đãi khác về dịch vụ nhãn khoa cho người lao động và gia đình- Tham gia các hoạt động đoàn thể: công đoàn, du lịch, đào tạo, hội thảo, thiện nguyện, sinh hoạt tập thể khác …",bao_ve,TimViec365,https://timviec365.vn/nhan-vien-an-ninh-benh-vien-p2056852.html,2026-04-15T08:17:40.245009,easy,0.8,trung_binh,False,True,working,OK (200)
labor_timviec365_2056652,NHÂN VIÊN BẢO VỆ,CÔNG TY TNHH DVBV AN NINH HOÀNG TUẤN,Bảo Vệ,Hồ Chí Minh,0,0,full-time,any,0,,"Thỏa thuận | 20/05/2026 | Hồ Chí Minh | Bảo vệ | Quyền lợi: MIỄN PHÍ ĐỒNG PHỤC VÀ CHỖ ỞMIỄN PHÍ ĐỒNG PHỤC VÀ CHỖ Ở | Yêu cầu: Biết đọc, biết viếtBiết đọc, biết viết+ Xem thêm | Thỏa thuận | 20/05/2026 | Hồ Chí Minh | Bảo vệ | Quyền lợi: MIỄN PHÍ ĐỒNG PHỤC VÀ CHỖ ỞMIỄN PHÍ ĐỒNG PHỤC VÀ CHỖ Ở | Yêu cầu: Biết đọc, biết viếtBiết đọc, biết viết+ Xem thêm",bao_ve,TimViec365,https://timviec365.vn/nhan-vien-bao-ve-p2056652.html,2026-04-15T08:17:40.254850,easy,0.8,trung_binh,False,True,working,OK (200)
labor_timviec365_2056383,Đại học Văn Hiến cần tuyển bổ sung 5 bảo vệ nội bộ tại quận Tân Phú và quận 12,HungHau Holdings,Bảo Vệ,Hồ Chí Minh,0,0,full-time,any,0,,"Thỏa thuận | 20/05/2026 | Hồ Chí Minh | Bảo vệ | Quyền lợi: - Lương thưởng theo quy định- Đầy đủ chính sách cho người LĐ, hỗ trợ tiền cơm hàng ngày,đóng BHXH, nghỉ mát hàng năm- Lương thưởng theo quy định- Đầy đủ chính sách cho người LĐ, hỗ trợ tiền cơm hàng ngày,đóng BHXH, nghỉ mát hàng năm | Yêu cầu: - Có bằng Tốt nghiệp Phổ thông (bằng cấp 3, bằng 12/12)- Có kinh nghiệm bảo vệ, sử dụng điện thoại thông minh thành thạo- Trung thực, tích cực, hòa đồng, chăm chỉ, nhanh nhẹn, kỷ luật, hạnh kiểm t",bao_ve,TimViec365,https://timviec365.vn/djai-hoc-van-hien-can-tuyen-bo-sung-5-bao-ve-noi-bo-tai-quan-tan-phu-va-quan-12-p2056383.html,2026-04-15T08:17:50.767290,easy,0.8,trung_binh,False,True,working,OK (200)
labor_timviec365_2056442,NHÂN VIÊN BẢO VỆ - CA TRƯỞNG - ĐỘI TRƯỞNG BẢO VỆ,Apec Global,Giao Tiếp|An Ninh|Bảo Vệ,,15000000,15000000,full-time,any,0,,"15.000.000 VNĐ | 17/05/2026 | Long An | Bảo vệ | Quyền lợi: Tổng thu nhập:           + Nhân viên bảo vệ: Từ 7.000.000đ đến 10.000.000đ.          + Ca trưởng: Từ 8.500.000đ đến 12.000.000đ          + Đội trưởng: Từu 10.000.000đ đến 15.000.000đ- Được hưởng đầy đủ các chế độ theo Luật Lao động- Được đăng ký tham gia BHXH - BHYT - BHTN và Bảo hiểm tai nạn 24/24- Được tặng ngay sổ tiết kiệm trị giá 3.000.000đ- Công ty lo nhà ở 100%- Quà tặng sinh nhật, quà tặng Trung thu và lì xì mừng xuân.- Chính sá",bao_ve,TimViec365,https://timviec365.vn/nhan-vien-bao-ve-ca-truong-djoi-truong-bao-ve-p2056442.html,2026-04-15T08:17:50.773995,medium,0.8,trung_binh,False,True,working,OK (200)
labor_timviec365_2056120,Tuyển bảo vệ ca 24h,Công Ty Cổ Phần Dịch Vụ Bảo Vệ Song Hỏa Long Group,Bảo Vệ,Hồ Chí Minh,10000000,10000000,full-time,any,0,,"10.000.000 VNĐ | 10/05/2026 | Hồ Chí Minh | Bảo vệ | Quyền lợi: Mức lương khởi điểm cho vị trí bảo vệ ca 24 giờ dao động từ 10.000.000 – 11.000.000 VNĐ/tháng, có thưởng nếu làm tốt.- Nhân viên gặp khó khăn sẽ được ứng 100.000 VNĐ/ngày để hỗ trợ ăn uống.Mức lương khởi điểm cho vị trí bảo vệ ca 24 giờ dao động từ 10.000.000 – 11.000.000 VNĐ/tháng, có thưởng nếu làm tốt.- Nhân viên gặp khó khăn sẽ được ứng 100.000 VNĐ/ngày để hỗ trợ ăn uống. | Yêu cầu: Ứng viên nam trong độ tuổi từ 25 đến 55.- Có C",bao_ve,TimViec365,https://timviec365.vn/tuyen-bao-ve-ca-24h-p2056120.html,2026-04-15T08:17:50.780501,easy,0.8,trung_binh,False,True,working,OK (200)
labor_timviec365_2055977,"TUYỂN DỤNG NHÂN VIÊN BẢO VỆ – THU NHẬP HẤP DẪN, PHÚC LỢI TỐT",Công ty Cổ phần Thương mại Dịch vụ Tổng Hợp Mười,Giao Tiếp|Bảo Vệ,Hồ Chí Minh,11000000,11000000,full-time,any,0,,"11.000.000 VNĐ | 06/05/2026 | Hồ Chí Minh | Bảo vệ | Quyền lợi: - Lương: 8 – 11 triệu/tháng (trao đổi cụ thể lúc phỏng vấn), thưởng lễ Tết theo quy định của công ty, khám sức khỏe định kỳ, du lịch, nghỉ phép năm theo quy định của pháp luật. - Phúc lợi: BHXH 100% lương, BHYT, BHTN đầy đủ.-Lương:8 – 11 triệu/tháng (trao đổi cụ thể lúc phỏng vấn), thưởng lễ Tết theo quy định của công ty, khám sức khỏe định kỳ, du lịch, nghỉ phép năm theo quy định của pháp luật.-Phúc lợi:BHXH 100% lương, BHYT, BHTN ",bao_ve,TimViec365,https://timviec365.vn/tuyen-dung-nhan-vien-bao-ve-thu-nhap-hap-dan-phuc-loi-tot-p2055977.html,2026-04-15T08:17:50.786427,easy,0.8,trung_binh,False,True,working,OK (200)
labor_timviec365_2055443,nhân viên bảo vệ,cty dv bao ve le long,Bảo Vệ,Bình Dương,0,0,full-time,any,0,,Thỏa thuận | 29/05/2026 | Bình Dương | Bảo vệ | Quyền lợi: dược tham gia bảo hiểm 24/24dược tham gia bảo hiểm 24/24 | Yêu cầu: khôngkhông+ Xem thêm | Thỏa thuận | 29/05/2026 | Bình Dương | Bảo vệ | Quyền lợi: dược tham gia bảo hiểm 24/24dược tham gia bảo hiểm 24/24 | Yêu cầu: khôngkhông+ Xem thêm,bao_ve,TimViec365,https://timviec365.vn/nhan-vien-bao-ve-p2055443.html,2026-04-15T08:17:50.791286,easy,0.8,trung_binh,False,True,working,OK (200)
labor_timviec365_2055347,Security (Bảo vệ),8B Aparthotel,Bảo Vệ,Hồ Chí Minh,0,0,full-time,any,0,,"Thỏa thuận | 28/05/2026 | Hồ Chí Minh | Bảo vệ | Quyền lợi: cơ bản, chi tiết có thể trao đổi thêm khi đến phỏng vấncơ bản, chi tiết có thể trao đổi thêm khi đến phỏng vấn | Yêu cầu: Check-in và Check-out cho khách ngoài ca làm việc của lễ tân (sau 12h đêm, thủ tục rất dễ sẽ được hướng dẫn)Check-in và Check-out cho khách ngoài ca làm việc của lễ tân (sau 12h đêm, thủ tục rất dễ sẽ được hướng dẫn)+ Xem thêm | Thỏa thuận | 28/05/2026 | Hồ Chí Minh | Bảo vệ | Quyền lợi: cơ bản, chi tiết có thể trao ",bao_ve,TimViec365,https://timviec365.vn/security-bao-ve-p2055347.html,2026-04-15T08:17:50.797844,easy,0.8,trung_binh,False,True,working,OK (200)
labor_timviec365_2055392,Tuyển Nhân Viên Bảo Vệ Nhà Máy,Công ty TNHH DVBV Thanh Bình Phú Mỹ,Bảo Vệ,Hồ Chí Minh,10000000,10000000,full-time,any,0,,"10 triệu | 27/05/2026 | Hồ Chí Minh | Bảo vệ | Quyền lợi: Phúc lợi bao gồm cơm ăn miễn phí.- Có nhà ở cho nhân viên.- Lễ tết được hưởng đầy đủ .- Đừng bỏ lỡ cơ hội này! Hãy ứng tuyển ngay hôm nay!Phúc lợi bao gồm cơm ăn miễn phí.- Có nhà ở cho nhân viên.- Lễ tết được hưởng đầy đủ .- Đừng bỏ lỡ cơ hội này! Hãy ứng tuyển ngay hôm nay! | Yêu cầu: Nam giới từ 18 - 50 tuổi.- Ngoại hình cân đối, lý lịch rõ ràng, không có tiền án tiền sự.Nam giới từ 18 - 50 tuổi.- Ngoại hình cân đối, lý lịch rõ ràng, k",bao_ve,TimViec365,https://timviec365.vn/tuyen-nhan-vien-bao-ve-nha-may-p2055392.html,2026-04-15T08:17:50.806146,easy,0.8,trung_binh,False,True,working,OK (200)
labor_timviec365_2055141,Bảo vệ công ty cổ phần cao su Drc đà nẵng,Công ty Cổ Phần Dịch Vụ Bảo Vệ Long Hải,Bảo Vệ,Đà Nẵng,10000000,10000000,full-time,any,0,,"10 triệu | 23/05/2026 | Đà Nẵng | Bảo vệ | Quyền lợi: Nhà ở miễn phí.Đóng BHXH, BHYT, BHTN theo quy định , BH tai nạn 24/24.Phép 14 ngày, lễ 11 ngày.Lương tháng 13, lì xì tết, lì xì của CĐCS.Môi trường chuyên nghiệp, cơ hội thăng tiến cao.Nhà ở miễn phí.Đóng BHXH, BHYT, BHTN theo quy định , BH tai nạn 24/24.Phép 14 ngày, lễ 11 ngày.Lương tháng 13, lì xì tết, lì xì của CĐCS.Môi trường chuyên nghiệp, cơ hội thăng tiến cao. | Yêu cầu: Không xăm hình, hạnh kiểm tốt. Không tiền án tiền sự Nam chiều c",bao_ve,TimViec365,https://timviec365.vn/bao-ve-cong-ty-co-phan-cao-su-drc-dja-nang-p2055141.html,2026-04-15T08:17:50.815369,easy,0.8,trung_binh,False,True,working,OK (200)
labor_timviec365_2053986,Tuyển nhân viên bảo vệ,Công ty Cổ phần Đâu tu Xây dựng Tân Bình,Giao Tiếp|An Ninh|Bảo Vệ,Hồ Chí Minh,0,0,full-time,any,0,,"Thỏa thuận | 26/05/2026 | Hồ Chí Minh | Bảo vệ | Quyền lợi: Lương tháng 13.- Xét tăng lương theo định kỳ.- Chế độ thưởng, phúc lợi ốm đau, thai sản, hiếu hỉ.- Chế độ bảo hiểm sức khỏe PVI, bảo hiểm xã hội theo quy định Pháp luật.- Đào tạo chuyên môn.- Nghỉ phép năm.Lương tháng 13.- Xét tăng lương theo định kỳ.- Chế độ thưởng, phúc lợi ốm đau, thai sản, hiếu hỉ.- Chế độ bảo hiểm sức khỏe PVI, bảo hiểm xã hội theo quy định Pháp luật.- Đào tạo chuyên môn.- Nghỉ phép năm. | Yêu cầu: - Phải có sức kh",bao_ve,TimViec365,https://timviec365.vn/tuyen-nhan-vien-bao-ve-p2053986.html,2026-04-15T08:17:50.820827,easy,0.8,trung_binh,False,True,working,OK (200)
labor_timviec365_2053969,NHÂN VIÊN BẢO VỆ,Apec Global,Bảo Vệ,Hồ Chí Minh,25000000,25000000,full-time,any,0,,"25.000.000 VNĐ | 26/05/2026 | Hồ Chí Minh | Bảo vệ | Quyền lợi: - Tổng thu nhập từ 12.000.000 đồng đến 25.000.000 đồng (Tùy từng vị trí).- Thời gian làm việc linh hoạt, phù hợp với nhu cầu cá nhân và yêu cầu công việc.- Có khả năng tăng ca theo yêu cầu của công ty.- Cơ hội được huấn luyện và thăng tiến trong sự nghiệp.- Môi trường làm việc thân thiện, chuyên nghiệp, hỗ trợ lẫn nhau.- Quà tặng sinh nhật, quà tặng Trung thu và lì xì mừng xuân.- Được tham gia đầy đủ bảo hiểm xã hội, bảo hiểm y tế v",bao_ve,TimViec365,https://timviec365.vn/nhan-vien-bao-ve-p2053969.html,2026-04-15T08:17:50.824925,medium,0.8,trung_binh,False,True,working,OK (200)
labor_timviec365_2053000,nhân viên bảo vệ nhà máy,lá chắn thép,Bảo Vệ,Bình Dương,12000000,12000000,full-time,any,0,,"12.000.000 VNĐ | 04/05/2026 | Bình Dương | Bảo vệ | Quyền lợi: chỗ ở miễn phí, có cơm trong ca trựcchỗ ở miễn phí, có cơm trong ca trực | Yêu cầu: biết sử dụng zalo báo cáo nhómbiết sử dụng zalo báo cáo nhóm+ Xem thêm | 12.000.000 VNĐ | 04/05/2026 | Bình Dương | Bảo vệ | Quyền lợi: chỗ ở miễn phí, có cơm trong ca trựcchỗ ở miễn phí, có cơm trong ca trực | Yêu cầu: biết sử dụng zalo báo cáo nhómbiết sử dụng zalo báo cáo nhóm+ Xem thêm",bao_ve,TimViec365,https://timviec365.vn/nhan-vien-bao-ve-nha-may-p2053000.html,2026-04-15T08:17:50.827790,easy,0.8,trung_binh,False,True,working,OK (200)
labor_timviec365_2051091,Tuyển Nhân Viên Bảo Vệ Ngân Hàng Vietcombank Tại Tp.Hồ Chí Minh,CÔNG TY CỔ PHẦN DỊCH VỤ BẢO VỆ SAO VÀNG FB,Giao Tiếp|Bảo Vệ,Hồ Chí Minh,11000000,11000000,full-time,any,0,,"11.000.000 VNĐ | 31/05/2026 | Hồ Chí Minh | Bảo vệ | Quyền lợi: * Mức lương theo ca- Ca hành chính: 5tr5-6tr7/tháng- Ca 12T/ngày: 6tr5-8tr5/tháng- Ca 24/24: 10tr-12tr/tháng- Được đào tạo và phát triển nghề nghiệp tại môi trường chuyên nghiệp.- Được tham gia các chế độ bảo hiểm xã hội, y tế theo quy định.- Có cơ hội thăng tiến trong công việc.* Mức lương theo ca- Ca hành chính: 5tr5-6tr7/tháng- Ca 12T/ngày: 6tr5-8tr5/tháng- Ca 24/24: 10tr-12tr/tháng- Được đào tạo và phát triển nghề nghiệp tại môi",bao_ve,TimViec365,https://timviec365.vn/tuyen-nhan-vien-bao-ve-ngan-hang-vietcombank-tai-tpho-chi-minh-p2051091.html,2026-04-15T08:17:50.835369,easy,0.8,trung_binh,False,True,working,OK (200)
labor_timviec365_2052172,NHÂN VIÊN TRỰC SHOWROOM XE HƠI,CÔNG TY DỊCH VỤ AN NINH HUỲNH LONG SC,Bảo Vệ,Hồ Chí Minh,7200000,7200000,full-time,any,0,,7.200.000 VNĐ | 22/05/2026 | Hồ Chí Minh | Bảo vệ | Quyền lợi: Hưởng các quy định của công tyHưởng các quy định của công ty | Yêu cầu: Có thể nhận việc luônCó thể nhận việc luôn+ Xem thêm | 7.200.000 VNĐ | 22/05/2026 | Hồ Chí Minh | Bảo vệ | Quyền lợi: Hưởng các quy định của công tyHưởng các quy định của công ty | Yêu cầu: Có thể nhận việc luônCó thể nhận việc luôn+ Xem thêm,bao_ve,TimViec365,https://timviec365.vn/nhan-vien-truc-showroom-xe-hoi-p2052172.html,2026-04-15T08:17:50.838903,easy,0.8,trung_binh,False,True,working,OK (200)
labor_timviec365_2052027,nhân viên bảo vệ,lá chắn thép,Bảo Vệ,Bình Dương,6200000,6200000,full-time,any,0,,6.200.000 VNĐ | 21/05/2026 | Bình Dương | Bảo vệ | Quyền lợi: có nhà đội miễn phí.có cơm trong ca trựccó nhà đội miễn phí.có cơm trong ca trực | Yêu cầu: Không có+ Xem thêm | 6.200.000 VNĐ | 21/05/2026 | Bình Dương | Bảo vệ | Quyền lợi: có nhà đội miễn phí.có cơm trong ca trựccó nhà đội miễn phí.có cơm trong ca trực | Yêu cầu: Không có+ Xem thêm,bao_ve,TimViec365,https://timviec365.vn/nhan-vien-bao-ve-p2052027.html,2026-04-15T08:17:50.841773,easy,0.8,trung_binh,False,True,working,OK (200)
labor_timviec365_2013446,BẢO VỆ CÔNG TRÌNH,Công ty CP đầu tư Xây Dựng và Kiến Trúc Hà Nội,Bảo Vệ,Hưng Yên,4000000,4000000,full-time,any,0,,4.000.000 VNĐ | 19/05/2026 | Hưng Yên | Bảo vệ | Quyền lợi: Hưởng quyền người lao độngHưởng quyền người lao động | Yêu cầu: Không có+ Xem thêm | 4.000.000 VNĐ | 19/05/2026 | Hưng Yên | Bảo vệ | Quyền lợi: Hưởng quyền người lao độngHưởng quyền người lao động | Yêu cầu: Không có+ Xem thêm,bao_ve,TimViec365,https://timviec365.vn/bao-ve-cong-trinh-p2013446.html,2026-04-15T08:17:50.844284,easy,0.8,trung_binh,False,True,working,OK (200)
labor_timviec365_860252,Tuyển 10 Bảo Vệ Nhà Máy Honda Vĩnh Phúc,công ty bảo vệ thanh phong đt: 0971.360.856,Bảo Vệ,Vĩnh Phúc,10000000,10000000,full-time,any,0,,"10 triệu | 17/05/2026 | Vĩnh Phúc | Bảo vệ | Quyền lợi:  TUYỂN GẤP NAM / NỮ BẢO VỆ
LÀM VIỆC TẠI CÔNG TY HONDA VIỆT NAM
(Đ / CHỈ: XUÂN MAI, PHÚC THẮNG, PHÚC YÊN, VĨNH PHÚC)
 Liên hệ Anh Phong: 0971 360 856 gọi điện trước hoặc nhắn tin Zalo để sắp xếp lịch phỏng vấn
(không 9 7 1 3 6 0 8 5 sáu)
1. Yêu cầu:
- Số lượng: 10 Nữ 
- 20 Nam
- Nam cao từ 1m64cm, nặng 52kg trở lên (Tuổi từ 18–5
4)
- Nữ cao từ 1m53, nặng từ 45kg trở lên (tuổi từ 18–4
5)
- Sức khoẻ tốt, không cận thị, không tiền sử bệnh, khô",bao_ve,TimViec365,https://timviec365.vn/tuyen-10-bao-ve-nha-may-honda-vinh-phuc-p860252.html,2026-04-15T08:17:50.855416,easy,0.8,trung_binh,False,True,working,OK (200)
labor_timviec365_860256,Tuyển 15 Bảo Vệ Nhà Máy Honda Vĩnh Phúc,công ty bảo vệ thanh phong đt: 0971.360.856,Bảo Vệ,Vĩnh Phúc,10000000,10000000,full-time,any,0,,"10 triệu | 16/05/2026 | Vĩnh Phúc | Bảo vệ | Quyền lợi:  TUYỂN GẤP NAM / NỮ BẢO VỆ
LÀM VIỆC TẠI CÔNG TY HONDA VIỆT NAM
(Đ / CHỈ: XUÂN MAI, PHÚC THẮNG, PHÚC YÊN, VĨNH PHÚC)
 Liên hệ Anh Phong: 0971 360 856 gọi điện trước hoặc nhắn tin Zalo để sắp xếp lịch phỏng vấn
(không 9 7 1 3 6 0 8 5 sáu)
1. Yêu cầu:
- Số lượng: 10 Nữ 
- 20 Nam
- Nam cao từ 1m64cm, nặng 52kg trở lên (Tuổi từ 18–5
4)
- Nữ cao từ 1m53, nặng từ 45kg trở lên (tuổi từ 18–4
5)
- Sức khoẻ tốt, không cận thị, không tiền sử bệnh, khô",bao_ve,TimViec365,https://timviec365.vn/tuyen-15-bao-ve-nha-may-honda-vinh-phuc-p860256.html,2026-04-15T08:17:50.862272,easy,0.8,trung_binh,False,True,working,OK (200)
labor_timviec365_860193,Tuyển 12 Nam Nữ Bảo Vệ Nhà Máy Sakurai Việt Nam ở thanh hóa,công ty bảo vệ thanh phong đt: 0971.360.856,Bảo Vệ,Thanh Hóa,10000000,10000000,full-time,any,0,,"10 triệu | 15/05/2026 | Thanh Hóa | Bảo vệ | Quyền lợi:  TUYỂN GẤP 10 NAM
- 5 NỮ BẢO VỆ
LÀM VIỆC TẠI: CÔNG TY TNHH SAKURAI VIỆT NAM
Địa chỉ: Lô F2, Khu F, KCN Lễ Môn, TP Thanh Hóa
Liên hệ: Anh Phong: 0971 360 856 Gọi điện hoặc nhắn tin Zalo trước để xếp lịch phỏng vấn
(không 9 7 1 3 6 0 8 5 sáu)
 1. Yêu cầu:
- 8 Nam cao từ 1.63m, nặng 52kg trở lên (Tuổi từ 18–50)
- 2 Nữ cao từ 1.53m, nặng 45kg trở lên, (Tuổi từ 18–4
5)
- Sức khoẻ tốt, không cận thị, không tiền sử bệnh, không dị tật, không xăm tr",bao_ve,TimViec365,https://timviec365.vn/tuyen-12-nam-nu-bao-ve-nha-may-sakurai-viet-nam-o-thanh-hoa-p860193.html,2026-04-15T08:17:50.872363,easy,0.8,trung_binh,False,True,working,OK (200)
labor_timviec365_860185,Tuyển 15 Nam Nữ Bảo Vệ Nhà Máy Sakurai Việt Nam ở thanh hóa,công ty bảo vệ thanh phong đt: 0971.360.856,Bảo Vệ,Thanh Hóa,10000000,10000000,full-time,any,0,,"10 triệu | 15/05/2026 | Thanh Hóa | Bảo vệ | Quyền lợi:  TUYỂN GẤP 10 NAM
- 5 NỮ BẢO VỆ
LÀM VIỆC TẠI: CÔNG TY TNHH SAKURAI VIỆT NAM
Địa chỉ: Lô F2, Khu F, KCN Lễ Môn, TP Thanh Hóa
Liên hệ: Anh Phong: 0971 360 856 Gọi điện hoặc nhắn tin Zalo trước để xếp lịch phỏng vấn
(không 9 7 1 3 6 0 8 5 sáu)
 1. Yêu cầu:
- 8 Nam cao từ 1.63m, nặng 52kg trở lên (Tuổi từ 18–50)
- 2 Nữ cao từ 1.53m, nặng 45kg trở lên, (Tuổi từ 18–4
5)
- Sức khoẻ tốt, không cận thị, không tiền sử bệnh, không dị tật, không xăm tr",bao_ve,TimViec365,https://timviec365.vn/tuyen-15-nam-nu-bao-ve-nha-may-sakurai-viet-nam-o-thanh-hoa-p860185.html,2026-04-15T08:17:50.883289,easy,0.8,trung_binh,False,True,working,OK (200)
labor_timviec365_860281,tuyển 15 nam bảo vệ FOXCONN HỒNG HẢI. { Vân Trung },công ty bảo vệ thanh phong đt: 0971.360.856,An Ninh|Bảo Vệ,Bắc Giang,10000000,10000000,full-time,any,0,,"10 triệu | 16/05/2026 | Bắc Giang | Bảo vệ | Quyền lợi:  Tuyển???? ️ Bảo Vệ Vòng Ngoài Nhà Máy
FOXCONN HỒNG HẢI. { Vân Trung }
Nam
ĐỘ TUỔI: 18 - 55 tuổi
Nữ Từ 18 - 45 tuổi
CÔNG VIỆC
Duy Trì An Ninh Giờ Đến Giờ Về Của Công Nhân
1 ️⃣ Chỗ Ở Miễn Phí
2 ️⃣ Cơm Cá #Miễnphí 3 Bữa Tại City
????Mức Lương CB: 6.300.000 - 6.500.000 / Tháng
???? ️ Yêu Cầu: Bắt buộc có CMT / CCCD gốc
+ GKSK
+ xác nhận dân sự đi làm luôn ( Hồ sơ thiếu bổ sung sau)
☎️ PNS: Anh Phong gọi điện trực tiếp hoặc inbox Zalo để đăng k",bao_ve,TimViec365,https://timviec365.vn/tuyen-15-nam-bao-ve-foxconn-hong-hai-van-trung-p860281.html,2026-04-15T08:17:50.888117,easy,0.8,trung_binh,False,True,working,OK (200)
labor_timviec365_860209,Tuyển 17 Nam Nữ Bảo Vệ Nhà Máy Sakurai Việt Nam ở thanh hóa,công ty bảo vệ thanh phong đt: 0971.360.856,Bảo Vệ,Thanh Hóa,10000000,10000000,full-time,any,0,,"10 triệu | 17/05/2026 | Thanh Hóa | Bảo vệ | Quyền lợi:  TUYỂN GẤP 10 NAM
- 5 NỮ BẢO VỆ
LÀM VIỆC TẠI: CÔNG TY TNHH SAKURAI VIỆT NAM
Địa chỉ: Lô F2, Khu F, KCN Lễ Môn, TP Thanh Hóa
Liên hệ: Anh Phong: 0971 360 856 Gọi điện hoặc nhắn tin Zalo trước để xếp lịch phỏng vấn
(không 9 7 1 3 6 0 8 5 sáu)
 1. Yêu cầu:
- 8 Nam cao từ 1.63m, nặng 52kg trở lên (Tuổi từ 18–50)
- 2 Nữ cao từ 1.53m, nặng 45kg trở lên, (Tuổi từ 18–4
5)
- Sức khoẻ tốt, không cận thị, không tiền sử bệnh, không dị tật, không xăm tr",bao_ve,TimViec365,https://timviec365.vn/tuyen-17-nam-nu-bao-ve-nha-may-sakurai-viet-nam-o-thanh-hoa-p860209.html,2026-04-15T08:17:50.901050,easy,0.8,trung_binh,False,True,working,OK (200)
labor_timviec365_860188,Tuyển 10 Nam Nữ Bảo Vệ Nhà Máy Sakurai Việt Nam ở thanh hóa,công ty bảo vệ thanh phong đt: 0971.360.856,Bảo Vệ,Thanh Hóa,10000000,10000000,full-time,any,0,,"10 triệu | 17/05/2026 | Thanh Hóa | Bảo vệ | Quyền lợi:  TUYỂN GẤP 10 NAM
- 5 NỮ BẢO VỆ
LÀM VIỆC TẠI: CÔNG TY TNHH SAKURAI VIỆT NAM
Địa chỉ: Lô F2, Khu F, KCN Lễ Môn, TP Thanh Hóa
Liên hệ: Anh Phong: 0971 360 856 Gọi điện hoặc nhắn tin Zalo trước để xếp lịch phỏng vấn
(không 9 7 1 3 6 0 8 5 sáu)
 1. Yêu cầu:
- 8 Nam cao từ 1.63m, nặng 52kg trở lên (Tuổi từ 18–50)
- 2 Nữ cao từ 1.53m, nặng 45kg trở lên, (Tuổi từ 18–4
5)
- Sức khoẻ tốt, không cận thị, không tiền sử bệnh, không dị tật, không xăm tr",bao_ve,TimViec365,https://timviec365.vn/tuyen-10-nam-nu-bao-ve-nha-may-sakurai-viet-nam-o-thanh-hoa-p860188.html,2026-04-15T08:17:50.908662,easy,0.8,trung_binh,False,True,working,OK (200)
labor_timviec365_860293,tuyển 10 nam bảo vệ FOXCONN HỒNG HẢI. { Vân Trung },công ty bảo vệ thanh phong đt: 0971.360.856,An Ninh|Bảo Vệ,Bắc Giang,10000000,10000000,full-time,any,0,,"10 triệu | 16/05/2026 | Bắc Giang | Bảo vệ | Quyền lợi:  Tuyển???? ️ Bảo Vệ Vòng Ngoài Nhà Máy
FOXCONN HỒNG HẢI. { Vân Trung }
Nam
ĐỘ TUỔI: 18 - 55 tuổi
Nữ Từ 18 - 45 tuổi
CÔNG VIỆC
Duy Trì An Ninh Giờ Đến Giờ Về Của Công Nhân
1 ️⃣ Chỗ Ở Miễn Phí
2 ️⃣ Cơm Cá #Miễnphí 3 Bữa Tại City
????Mức Lương CB: 6.300.000 - 6.500.000 / Tháng
???? ️ Yêu Cầu: Bắt buộc có CMT / CCCD gốc
+ GKSK
+ xác nhận dân sự đi làm luôn ( Hồ sơ thiếu bổ sung sau)
☎️ PNS: Anh Phong gọi điện trực tiếp hoặc inbox Zalo để đăng k",bao_ve,TimViec365,https://timviec365.vn/tuyen-10-nam-bao-ve-foxconn-hong-hai-van-trung-p860293.html,2026-04-15T08:17:50.918727,easy,0.8,trung_binh,False,True,working,OK (200)
labor_timviec365_783205,Nhân viên bảo vệ giám sát camera ca đêm,CÔNG TY TNHH GIẢI PHÁP CÔNG NGHỆ VIETHAS,Bảo Vệ,Hồ Chí Minh,7000000,7000000,full-time,any,0,,"7 triệu | 15/05/2026 | Hồ Chí Minh | Bảo vệ, Lao động phổ thông | Quyền lợi:  
- Mức lương thương lượng, thu nhập cạnh tranh theo thị trường
- Thưởng tháng lương thứ 13 và các kỳ lễ tết theo chế độ của Cty
- Được đào tạo trong quá trình làm việc
- Lương nhận qua thẻ
- Được xem xét điều chỉnh theo năng lực và cống hiến
- Môi trường: minh bạch, công bằng, năng động, mọi người giúp đỡ nhau trong công việc.- Mức lương thương lượng, thu nhập cạnh tranh theo thị trường
- Thưởng tháng lương thứ 13 và c",bao_ve,TimViec365,https://timviec365.vn/nhan-vien-bao-ve-giam-sat-camera-ca-dem-p783205.html,2026-04-15T08:17:50.926667,easy,0.8,trung_binh,False,True,working,OK (200)
labor_timviec365_2066535,TUYỂN LÁI XE CONTAINER,CÔNG TY CỔ PHẦN OPL LOGISTICS,Lái Xe,Hà Nội,35000000,40000000,full-time,any,2,,"Từ 35.000.000 VNĐ Đến 40.000.000 VNĐ | 27/04/2026 | Hà Nội, Hồ Chí Minh | Lao động phổ thông, Vận tải - Lái xe | Quyền lợi: Thu nhập cạnh tranh, ổn định Có thưởng theo hiệu quả công việc và chính sách công ty Tham gia đầy đủ chế độ phúc lợi theo quy định Khám sức khỏe định kỳ Hỗ trợ chỗ nghỉ tại bãi xe Môi trường làm việc ổn định, lâu dàiThu nhập cạnh tranh, ổn địnhCó thưởng theo hiệu quả công việc và chính sách công tyTham gia đầy đủ chế độ phúc lợi theo quy địnhKhám sức khỏe định kỳHỗ trợ chỗ ",lai_xe,TimViec365,https://timviec365.vn/lai-xe-container-p2066535.html,2026-04-15T08:18:04.675374,hard,0.8,trung_binh,False,True,working,OK (200)
labor_timviec365_2066848,TUYỂN TÀI XẾ XE BỒN BÊ TÔNG (Bằng C Trở Lên),CÔNG TY TNHH THƯƠNG MẠI DỊCH VỤ XĂNG DẦU THUẬN LỢI,Lái Xe|Bằng Lái,Hồ Chí Minh,12000000,30000000,full-time,any,1,,"Từ 12.000.000 VNĐ Đến 30.000.000 VNĐ | 06/05/2026 | Hồ Chí Minh | Lao động phổ thông, Vận tải - Lái xe, Ô tô - xe máy | Quyền lợi: Mức lương: 16 - 30 triệu. Hưởng thu nhập cạnh tranh, hấp dẫn theo năng lực của bản thân; Hưởng đầy đủ quyền lợi theo Bộ luật Lao động; Lương, thưởng và các chế độ phúc lợi, đãi ngộ hấp dẫn; hỗ trợ ăn ca Được đào tạo nâng cao nghiệp vụ, cơ hội phát triển nghề nghiệp; Được làm việc trong môi trường chuyên nghiệp, năng động và hiệu quảMức lương: 16 - 30 triệu. Hưởng thu",lai_xe,TimViec365,https://timviec365.vn/tuyen-tai-xe-xe-bon-be-tong-bang-c-tro-len-p2066848.html,2026-04-15T08:18:04.681788,hard,0.8,trung_binh,False,True,working,OK (200)
labor_timviec365_2067054,Nhân Viên Lái Xe Tải Van 550kg,Công Ty TNHH Thương Mại Và Dịch Vụ Tikovia,Lái Xe,Đà Nẵng,10000000,15000000,full-time,any,0,,10 - 15 triệu | 14/05/2026 | Đà Nẵng | Vận tải - Lái xe | Quyền lợi: – Sáng: 7h30 – 11h30 – Chiều: 14h00 – 18h00 – Nghỉ 2 ngày/tháng Thu nhập: – Thử việc: 85% lương – Chính thức: 9 triệu/tháng – Có tính tăng ca– Sáng: 7h30 – 11h30– Chiều: 14h00 – 18h00– Nghỉ 2 ngày/thángThu nhập:– Thử việc: 85% lương– Chính thức: 9 triệu/tháng– Có tính tăng ca | Yêu cầu: – Có trách nhiệm trong công việc – Có thể linh hoạt hỗ trợ các công việc liên quan– Có trách nhiệm trong công việc– Có thể linh hoạt hỗ trợ các,lai_xe,TimViec365,https://timviec365.vn/nhan-vien-lai-xe-tai-van-550kg-p2067054.html,2026-04-15T08:18:04.684808,medium,0.8,trung_binh,False,True,working,OK (200)
labor_timviec365_2066995,Tuyển lái xe tải bằng C,CÔNG TY TNHH VẬN TẢI VIỆT HÀ,Lái Xe|Bằng Lái,,0,0,full-time,any,0,,"Thỏa Thuận | 10/05/2026 | Toàn quốc | Vận tải - Lái xe | Quyền lợi: - 💼 Lương cứng: 3.000.000đ/tháng (đủ 26 công).- 🕒 Thanh toán lương minh bạch, đúng hạn.- 🚚 Có xe chạy ngay – không cần chờ việc.- 📦 Hàng hóa ổn định, công việc chạy quanh năm.- 💼 Lương cứng: 3.000.000đ/tháng (đủ 26 công).- 🕒 Thanh toán lương minh bạch, đúng hạn.- 🚚 Có xe chạy ngay – không cần chờ việc.- 📦 Hàng hóa ổn định, công việc chạy quanh năm. | Yêu cầu: - 📝 Yêu cầu bằng lái xe hạng C.- 🚗 Có kinh nghiệm lái xe tải.- 💪 Chăm ",lai_xe,TimViec365,https://timviec365.vn/tuyen-lai-xe-tai-bang-c-p2066995.html,2026-04-15T08:18:04.690926,easy,0.8,trung_binh,False,True,working,OK (200)
labor_timviec365_2066951,Tuyển Nhân Viên Giao Hàng Bằng Xe Máy,CÔNG TY CỒ PHẦN NỘI THẤT FURNI,Lái Xe,Hồ Chí Minh,0,0,full-time,any,0,,"Thỏa Thuận | 09/05/2026 | Hồ Chí Minh | Vận tải - Lái xe | Quyền lợi: - Mức lương cơ bản cộng với lương theo số chuyến giao hàng và phụ cấp (điện thoại, tiền gửi xe).- Lương tháng 13.- Mức lương và thưởng phụ thuộc vào khả năng và hiệu quả công việc của từng nhân viên, công ty sẵn sàng trả lương cao cho nhân viên có kinh nghiệm và tinh thần trách nhiệm tốt.- Làm việc theo giờ hành chính từ thứ 2 đến thứ 7, chủ nhật nghỉ.- Tham gia bảo hiểm theo quy định của nhà nước.- Mức lương cơ bản cộng với l",lai_xe,TimViec365,https://timviec365.vn/tuyen-nhan-vien-giao-hang-bang-xe-may-p2066951.html,2026-04-15T08:18:04.693622,easy,0.8,trung_binh,False,True,working,OK (200)
labor_timviec365_2066948,Nhân Viên Tài Xế Xe Bồn Bê Tông,CÔNG TY TNHH THƯƠNG MẠI DỊCH VỤ XĂNG DẦU THUẬN LỢI,Lái Xe|Bằng Lái,Hồ Chí Minh,16000000,30000000,full-time,any,1,,"Từ 16.000.000 VNĐ Đến 30.000.000 VNĐ | 09/05/2026 | Hồ Chí Minh | Vận tải - Lái xe | Quyền lợi: YÊU CẦU CÔNG VIỆC:Tốt nghiệp THPT trở lênCó bằng lái xe theo yêu cầu ở vị trí đảm nhiệm; Tối thiểu bằng lái xe hạng CTinh thần trách nhiệm và khả năng chịu áp lực cao, bao quát tốt trong các lĩnh vực.Tư cách đạo đức tốt.Nhiệt tình, cẩn thận, trung thực và chăm chỉTổi thiểu 01 năm kinh nghiệm. Có hiểu biết về xe bơm bê tôngSức khoẻ tốt, trong độ tuổi lao động yêu cầu, có thể đi công tác xa, có thể làm",lai_xe,TimViec365,https://timviec365.vn/nhan-vien-tai-xe-xe-bon-be-tong-p2066948.html,2026-04-15T08:18:04.698696,hard,0.8,trung_binh,False,True,working,OK (200)
labor_timviec365_2066920,NHÂN VIÊN LÁI XE NÂNG,KHO DAESANG HAI DUONG,Lái Xe,Hà Nội,0,0,full-time,any,0,,"Thỏa thuận | 08/05/2026 | Hà Nội, Hải Phòng | Vận tải - Lái xe | Quyền lợi: Thưởng các ngày Lễ : năm mới, quốc khánh, quốc tế lao động : 15% lương cơ bản Thưởng lương tháng 13 vào cuối năm làm việc Sinh nhật: 200.000 Bảo hiểm Tai Nạn 24/24 Thử việc nhận 100% lương  BHXH tham gia từ ngày nhận việc Lương tăng ca tính theo Luật lao động hiện hànhThưởng các ngày Lễ : năm mới, quốc khánh, quốc tế lao động : 15% lương cơ bảnThưởng lương tháng 13 vào cuối năm làm việcSinh nhật: 200.000Bảo hiểm Tai Nạn ",lai_xe,TimViec365,https://timviec365.vn/nhan-vien-lai-xe-nang-p2066920.html,2026-04-15T08:18:04.701661,easy,0.8,trung_binh,False,True,working,OK (200)
labor_timviec365_2066833,"LÁI XE GIAO HÀNG XE TẢI 1,25 TẤN",CÔNG TY TNHH KDTM ANH HUY,Lái Xe,Hà Nội,11000000,14000000,full-time,any,0,,"Từ 11.000.000 VNĐ Đến 14.000.000 VNĐ | 06/05/2026 | Hà Nội | Vận tải - Lái xe | Quyền lợi: Lương cứng: từ 11 triệu/tháng (đủ 26 công) - Thu nhập trung bình: 11 – 14 triệu/tháng - Làm Chủ nhật: 200% lương cơ bản - Đóng BHXH sau 2 tháng làm việc - Công việc ổn định, lâu dàiLương cứng: từ 11 triệu/tháng (đủ 26 công)- Thu nhập trung bình: 11 – 14 triệu/tháng- Làm Chủ nhật: 200% lương cơ bản- Đóng BHXH sau 2 tháng làm việc- Công việc ổn định, lâu dài | Yêu cầu: Có mặt tại kho từ 7h30 sáng - Không quả",lai_xe,TimViec365,https://timviec365.vn/lai-xe-giao-hang-xe-tai-125-tan-p2066833.html,2026-04-15T08:18:04.704218,easy,0.8,trung_binh,False,True,working,OK (200)
labor_timviec365_2065767,Tuyển lái xe giao hàng,CÔNG TY TNHH THƯƠNG MẠI VÀ XUẤT NHẬP KHẨU ĐÀI VIỆT,Giao Tiếp|Lái Xe,Hà Nội,12000000,12000000,full-time,any,0,,"Đến 12.000.000 VNĐ | 02/05/2026 | Hà Nội | Vận tải - Lái xe | Quyền lợi: - Thu nhập tối đa 12.000.000VND/tháng, chi tiết sẽ được trao đổi tại buổi phỏng vấn trực tiếp. - Môi trường làm việc chuyên nghiệp, thân thiện, hòa đồng. - Được hưởng các chế độ phúc lợi bảo hiểm theo luật Nhà nước như: Bảo hiểm xã hội, Bảo hiểm y tế, Bảo hiểm thất nghiệp. - Chế độ đãi ngộ tốt: thưởng Tết, du lịch, tất niên, sinh nhật. - Thời gian thử việc: 01 – 02 tháng tùy theo năng lực.- Thu nhập tối đa 12.000.000V",lai_xe,TimViec365,https://timviec365.vn/tuyen-lai-xe-giao-hang-p2065767.html,2026-04-15T08:18:04.706879,easy,0.8,trung_binh,False,True,working,OK (200)
labor_timviec365_2066447,2 LÁI XE CA NGÀY 4 LÁI XE CA ĐÊM CHUYÊN TUYẾN SÂN BAY,TUYỂN DỤNG LÁI XE SÂN BAY,Lái Xe,Hà Nội,15000000,15000000,full-time,any,0,,"Từ 15.000.000 VNĐ | 25/04/2026 | Hà Nội | Vận tải - Lái xe | Quyền lợi: Lương theo doanh thu: 27% doanh thu (đảm bảo doanh thu tối thiểu 1800k/ca - Thưởng thêm theo năng lực, cống hiến - Thưởng lễ tết, sinh nhật...Lương theo doanh thu: 27% doanh thu (đảm bảo doanh thu tối thiểu 1800k/ca- Thưởng thêm theo năng lực, cống hiến- Thưởng lễ tết, sinh nhật... | Yêu cầu: Lái xe bằng B2 - Trung thực, cẩn thận, có trách nhiệm cao trong công việc, tác phong nhanh nhẹn.Lái xe bằng B2- Trung thực, cẩn thận, ",lai_xe,TimViec365,https://timviec365.vn/2-lai-xe-ca-ngay-4-lai-xe-ca-djem-chuyen-tuyen-san-bay-p2066447.html,2026-04-15T08:18:04.709293,medium,0.8,trung_binh,False,True,working,OK (200)
labor_timviec365_2066260,tuyển nhân viên lái xe,Công ty TNHH Đầu tư M&H,Lái Xe,Hồ Chí Minh,12000000,12000000,full-time,any,0,,"Từ 12 VNĐ | 19/04/2026 | Hồ Chí Minh | Vận tải - Lái xe | Quyền lợi: - mức thu nhập hấp dẫn từ 12-14 triệu đồng.- môi trường làm việc chuyên nghiệp và thân thiện.- chạy xe theo tuyến cố định, đảm bảo tính ổn định trong công việc.- cơ hội thăng tiến và phát triển bản thân.- được hưởng đầy đủ chế độ bảo hiểm theo quy định.- mức thu nhập hấp dẫn từ 12-14 triệu đồng.- môi trường làm việc chuyên nghiệp và thân thiện.- chạy xe theo tuyến cố định, đảm bảo tính ổn định trong công việc.- cơ hội thăng tiế",lai_xe,TimViec365,https://timviec365.vn/tuyen-nhan-vien-lai-xe-p2066260.html,2026-04-15T08:18:04.718298,easy,0.8,trung_binh,False,True,working,OK (200)
labor_timviec365_2066247,Lái xe Nâng,CÔNG TY TNHH BAO BÌ NHỰA TIẾN PHÁT,Lái Xe,Hồ Chí Minh,0,0,full-time,any,0,,"Thỏa Thuận | 18/04/2026 | Hồ Chí Minh | Vận tải - Lái xe | Quyền lợi: Thưởng: tháng 13, thưởng các ngày lễ tết theo quy định của công tyBảo hiểm: được thanh gia bảo hiểm đầy đủ theo quy địnhThời gian làm việc: từ 7h30 đến 16h30 từ thứ 2 đến thứ 6, thứ 7 từ 7h30 đến 12h00Thưởng: tháng 13, thưởng các ngày lễ tết theo quy định của công tyBảo hiểm: được thanh gia bảo hiểm đầy đủ theo quy địnhThời gian làm việc: từ 7h30 đến 16h30 từ thứ 2 đến thứ 6, thứ 7 từ 7h30 đến 12h00 | Yêu cầu: Siêng năng và ch",lai_xe,TimViec365,https://timviec365.vn/lai-xe-nang-p2066247.html,2026-04-15T08:18:04.725608,easy,0.8,trung_binh,False,True,working,OK (200)
labor_timviec365_2066240,Nhân Viên Lái Xe,Công Ty Cổ Phần Đầu Tư Và Công Nghiệp Tân Tạo,Giao Tiếp|Lái Xe|Bằng Lái,Hồ Chí Minh,7000000,10000000,full-time,any,0,,"7 - 10 triệu | 18/04/2026 | Hồ Chí Minh | Vận tải - Lái xe | Quyền lợi: - Ký HĐLĐ chính thức. Tham gia đầy đủ BHYT, BHXH, BHTN theo quy định.- Nghỉ phép thường niên, nghỉ các ngày lễ, tết, được xem xét đề bạt, thăng tiến.- Thu nhập, đãi ngộ tốt như: thưởng vào các dịp lễ, tết, sinh nhật, lương tháng 13, thăm viếng hiếu, hỉ.- Các quyền lợi khác theo quy định của Luật lao động.- Ký HĐLĐ chính thức. Tham gia đầy đủ BHYT, BHXH, BHTN theo quy định.- Nghỉ phép thường niên, nghỉ các ngày lễ, tết, được ",lai_xe,TimViec365,https://timviec365.vn/nhan-vien-lai-xe-p2066240.html,2026-04-15T08:18:04.732102,easy,0.8,trung_binh,False,True,working,OK (200)
labor_timviec365_2066217,tuyển tài xế,Công ty cổ phần tốc độ ánh sáng,Lái Xe,Hà Nội,13000000,15000000,full-time,any,0,,"Từ 13.000.000 VNĐ Đến 15.000.000 VNĐ | 18/04/2026 | Hà Nội | Vận tải - Lái xe | Quyền lợi: - Lương: từ 13 đến 15 triệu  - Phụ cấp. - thưởng: thưởng các ngày lễ/tết, sinh nhật.  - Môi trường làm việc dân chủ, hiện đại, chuyên nghiệp, hài hòa  - Được đóng bhxh, bhyt, bh thất nghiệp theo quy định.  - Thưởng các ngày lễ/tết, sinh nhật...  - Được hưởng các quyền lợi khác theo chính sách của công ty- Lương: từ 13 đến 15 triệu- Phụ cấp. - thưởng: thưởng các ngày lễ/tết, sinh nhật.- Môi trường làm việc ",lai_xe,TimViec365,https://timviec365.vn/tuyen-tai-xe-p2066217.html,2026-04-15T08:18:04.735914,medium,0.8,trung_binh,False,True,working,OK (200)
labor_timviec365_2066890,"Tuyển Tài Xế Oto Ở Khu Vực Q12, Gò Vấp",Công Ty Cổ Phần Bao Bì Nhựa Việt Nam,Lái Xe|Bằng Lái,Hồ Chí Minh,10000000,14000000,full-time,any,2,,"Từ 10.000.000 VNĐ Đến 14.000.000 VNĐ | 17/04/2026 | Hồ Chí Minh | Vận tải - Lái xe | Quyền lợi: Lương: 10 – 14 triệu/tháng (thỏa thuận theo kinh nghiệm)- BHXH, BHYT, BHTN theo quy định của pháp luật.- Thưởng lễ, Tết theo quy định của công ty.Lương: 10 – 14 triệu/tháng (thỏa thuận theo kinh nghiệm)- BHXH, BHYT, BHTN theo quy định của pháp luật.- Thưởng lễ, Tết theo quy định của công ty. | Yêu cầu: - Nam, tuổi từ 25 – 45.- Có bằng lái xe B2 trở lên, có ít nhất 2 năm kinh nghiệm lái xe.- Ưu tiên ứn",lai_xe,TimViec365,https://timviec365.vn/tuyen-tai-xe-oto-o-khu-vuc-q12-go-vap-p2066890.html,2026-04-15T08:18:04.743032,medium,0.8,trung_binh,False,True,working,OK (200)
labor_timviec365_2066202,Tuyển dụng tài xế giao hàng mỹ phẩm,Công ty TNHH  Dược mỹ phẩm DC cos,Lái Xe|Bằng Lái,Hồ Chí Minh,0,0,full-time,any,0,,"Thỏa Thuận | 17/04/2026 | Hồ Chí Minh | Vận tải - Lái xe | Quyền lợi: Lương cơ bản, phụ cấp ăn tiền ăn, lương trách nhiệm và các chế độ bảo hiểm (BHXH, BHYT, BHTN). Có tiền thưởng trong các dịp lễLương cơ bản, phụ cấp ăn tiền ăn, lương trách nhiệm và các chế độ bảo hiểm (BHXH, BHYT, BHTN). Có tiền thưởng trong các dịp lễ | Yêu cầu: công việc cơ bản:•	Bằng lái xe: B2 hoặc C•	Kỹ năng: Thông thạo đường sá, kỹ năng lái xe an toàn, kỹ năng sắp xếp hàng hóa.•	Sức khỏe và thái độ: Sức khỏe tốt, trung t",lai_xe,TimViec365,https://timviec365.vn/tuyen-dung-tai-xe-giao-hang-my-pham-p2066202.html,2026-04-15T08:18:04.753793,easy,0.8,trung_binh,False,True,working,OK (200)
labor_timviec365_2065885,NHÂN VIÊN HÀNH CHÍNH-QUẢN LÝ GIẤY TỜ,Công ty TNHH Đầu tư ABC Toàn Cầu,Lái Xe,Hà Nội,0,0,full-time,any,0,,"Thỏa thuận | 15/04/2026 | Hà Nội | Hành chính - Văn phòng, Logistic, Vận tải - Lái xe | Quyền lợi: - Thỏa thuận theo năng lực  - Được tham gia BHXH, BHYT, BHTN theo quy định của Nhà nước.  - Thưởng lễ, Tết, thưởng hiệu quả công việc theo chính sách công ty.  - Môi trường làm việc ổn định, lâu dài.  - Được đào tạo và hỗ trợ trong quá trình làm việc.  - Có cơ hội phát triển và thăng tiến trong công việc.- Thỏa thuận theo năng lực- Được tham gia BHXH, BHYT, BHTN theo quy định của Nhà nước.- Thưởng ",lai_xe,TimViec365,https://timviec365.vn/nhan-vien-quan-ly-chat-luong-dich-vu-p2065885.html,2026-04-15T08:18:04.759033,easy,0.8,trung_binh,False,True,working,OK (200)
labor_timviec365_2065029,NHÂN VIÊN LÁI XE,Công ty TNHH Yoochang Việt Nam,Lái Xe,Hà Nội,17000000,17000000,full-time,any,8,,"17.000.000 VNĐ | 14/05/2026 | Hà Nội | Vận tải - Lái xe | Quyền lợi: - Lương từ 13 đến 17tr. - Phụ cấp ăn ca: 730,000 VND/ tháng. - Du lịch thường niên - Chế độ bảo hiểm xã hội, bảo hiểm y tế, bảo hiểm thất nghiệp theo quy định; - Tăng lương định kỳ- Lương từ 13 đến 17tr.- Phụ cấp ăn ca: 730,000 VND/ tháng.- Du lịch thường niên- Chế độ bảo hiểm xã hội, bảo hiểm y tế, bảo hiểm thất nghiệp theo quy định;- Tăng lương định kỳ | Yêu cầu: - Giới tính Nam, trên 30 tuổi. - Có bằng B2 trở lên - Tên 8 năm",lai_xe,TimViec365,https://timviec365.vn/kien-truc-su-p2065029.html,2026-04-15T08:18:04.765508,hard,0.8,trung_binh,False,True,working,OK (200)
labor_timviec365_2066003,Tài xế lái xe văn phòng,CÔNG TY TNHH NHÀ HÀNG SÔNG SAO,Lái Xe|Bằng Lái,Hồ Chí Minh,0,0,full-time,any,1,,"Thỏa thuận | 12/05/2026 | Hồ Chí Minh | Vận tải - Lái xe | Quyền lợi: Lương + thưởng cuối nămChế độ BHXH theo quy địnhLương + thưởng cuối nămChế độ BHXH theo quy định | Yêu cầu: Có bằng lái B2 trở lênKinh nghiệm lái xe ít nhất 1 nămThông thạo đường TP.HCMTrung thực, cẩn thận, tác phong chuyên nghiệp.Có bằng lái B2 trở lênKinh nghiệm lái xe ít nhất 1 nămThông thạo đường TP.HCMTrung thực, cẩn thận, tác phong chuyên nghiệp.+ Xem thêm | Thỏa thuận | 12/05/2026 | Hồ Chí Minh | Vận tải - Lái xe | Quyề",lai_xe,TimViec365,https://timviec365.vn/tai-xe-lai-xe-van-phong-p2066003.html,2026-04-15T08:18:04.768306,easy,0.8,trung_binh,False,True,working,OK (200)
labor_timviec365_2065995,"Tài xế xe tải 1,9 tấn tại Thủ Đức",CÔNG TY TNHH SẢN XUẤT THƯƠNG MẠI VÀ DỊCH VỤ NỘI THẤT HOÀNG PHÁT,Lái Xe,Hồ Chí Minh,0,0,full-time,any,0,,"Thỏa thuận | 12/05/2026 | Hồ Chí Minh | Vận tải - Lái xe | Quyền lợi: & Chế độ:Thu nhập: Lương + Phụ cấp (Trao đổi trực tiếp khi phỏng vấn).Được tham gia đóng BHXH đầy đủ theo quy định.Môi trường làm việc ổn định, chuyên nghiệp.& Chế độ:Thu nhập: Lương + Phụ cấp (Trao đổi trực tiếp khi phỏng vấn).Được tham gia đóng BHXH đầy đủ theo quy định.Môi trường làm việc ổn định, chuyên nghiệp. | Yêu cầu: Không có+ Xem thêm | Thỏa thuận | 12/05/2026 | Hồ Chí Minh | Vận tải - Lái xe | Quyền lợi: & Chế độ:Th",lai_xe,TimViec365,https://timviec365.vn/tai-xe-xe-tai-19-tan-tai-thu-djuc-p2065995.html,2026-04-15T08:18:04.771049,easy,0.8,trung_binh,False,True,working,OK (200)
labor_timviec365_2065852,Tuyển Nhân viên Giao hàng bằng xe máy,Công ty CP TM-DV TOTTOT,Lái Xe,Hồ Chí Minh,22000000,22000000,full-time,any,0,,"22.000.000 VNĐ | 09/05/2026 | Hồ Chí Minh | Vận tải - Lái xe | Quyền lợi: Thu nhập cao, ổn định.Thu nhập cao, ổn định. | Yêu cầu: đang cập nhật.đang cập nhật.+ Xem thêm | 22.000.000 VNĐ | 09/05/2026 | Hồ Chí Minh | Vận tải - Lái xe | Quyền lợi: Thu nhập cao, ổn định.Thu nhập cao, ổn định. | Yêu cầu: đang cập nhật.đang cập nhật.+ Xem thêm",lai_xe,TimViec365,https://timviec365.vn/tuyen-nhan-vien-giao-hang-bang-xe-may-p2065852.html,2026-04-15T08:18:04.773958,medium,0.8,trung_binh,False,True,working,OK (200)
labor_timviec365_2065476,TUYỂN DỤNG LÁI MÁY ỦI – LÁI MÁY XÚC,Công Ty Tnhh Xd Tm Nam Kinh,Lái Xe,Bắc Ninh,0,0,full-time,any,0,,"Thỏa thuận | 02/05/2026 | Bắc Ninh | Vận tải - Lái xe | Quyền lợi: Lương thỏa thuận theo tay nghề.  Bao ăn ở (nếu làm công trình xa).  Thưởng theo tiến độ và hiệu quả công việc.Lương thỏa thuận theo tay nghề.Bao ăn ở (nếu làm công trình xa).Thưởng theo tiến độ và hiệu quả công việc. | Yêu cầu: Có kinh nghiệm vận hành máy ủi/máy xúc.  Có chứng chỉ vận hành máy (nếu có).  Chăm chỉ, có trách nhiệm với công việc.Có kinh nghiệm vận hành máy ủi/máy xúc.Có chứng chỉ vận hành máy (nếu có).Chăm chỉ, có t",lai_xe,TimViec365,https://timviec365.vn/tuyen-dung-lai-may-ui-lai-may-xuc-p2065476.html,2026-04-15T08:18:04.781520,easy,0.8,trung_binh,False,True,working,OK (200)
labor_timviec365_2066437,Tuyển Lái Xe,CÔNG TY TNHH TƯ VẤN XÂY DỰNG THƯƠNG MẠI DỊCH VỤ ĐỨC ANH,Lái Xe|Bằng Lái,Hồ Chí Minh,12000000,12000000,full-time,any,2,,"12.000.000 VNĐ | 31/05/2026 | Hồ Chí Minh | Vận tải - Lái xe | Quyền lợi: - Mức lương cố định: 9.000.000 VNĐ/tháng (chưa bao gồm tiền ăn).- Phụ cấp tiền ăn: 80.000 VNĐ/ngày khi có đi việc, 40.000 VNĐ/ngày khi không đi đâu.- Phụ cấp làm ngoài giờ: sau 18h, mỗi giờ phụ cấp 30.000 VNĐ.- Phụ cấp công tác qua đêm: 300.000 VNĐ.- Thưởng vào các dịp lễ, Tết và các chế độ theo quy định của công ty.- Tham gia đầy đủ bảo hiểm xã hội (BHXH), bảo hiểm y tế (BHYT), bảo hiểm thất nghiệp (BHTN) theo quy định củ",lai_xe,TimViec365,https://timviec365.vn/tuyen-lai-xe-p2066437.html,2026-04-15T08:18:04.786211,medium,0.8,trung_binh,False,True,working,OK (200)
labor_timviec365_2065408,Nhân viên Giao hàng/ đóng hàng,Công Ty TNHH Sản Xuất Thương Mại Dịch Vụ Quốc Trọng,Lái Xe|Bằng Lái,Hồ Chí Minh,0,0,full-time,any,0,,"Thỏa thuận | 27/05/2026 | Hồ Chí Minh | Vận tải - Lái xe | Quyền lợi: Lương thỏa thuận theo năng lực Tham gia đầy đủ các chế độ bảo hiểm như BHXH, BHYTLương thỏa thuận theo năng lựcTham gia đầy đủ các chế độ bảo hiểm như BHXH, BHYT | Yêu cầu: Sức khỏe tốt, trung thực, nhanh nhẹn; có bằng lái xe máySức khỏe tốt, trung thực, nhanh nhẹn; có bằng lái xe máy+ Xem thêm | Thỏa thuận | 27/05/2026 | Hồ Chí Minh | Vận tải - Lái xe | Quyền lợi: Lương thỏa thuận theo năng lực Tham gia đầy đủ các chế độ bảo ",lai_xe,TimViec365,https://timviec365.vn/nhan-vien-giao-hang-djong-hang-p2065408.html,2026-04-15T08:18:04.789127,easy,0.8,trung_binh,False,True,working,OK (200)
labor_timviec365_2065387,Tuyển lái xe công ty,CÔNG TY TNHH THƯƠNG MẠI HUY HÙNG,Lái Xe|Bằng Lái,Hà Nội,12000000,12000000,full-time,any,0,,"12.000.000 VNĐ | 27/05/2026 | Hà Nội | Vận tải - Lái xe | Quyền lợi: - Mức lương hấp dẫn từ 12 triệu đồng.- Thưởng các dịp lễ, Tết và phép năm theo quy định của công ty.- Hưởng đầy đủ chế độ bảo hiểm xã hội, bảo hiểm y tế  theo quy định của pháp luật.- Môi trường làm việc ổn định, lâu dài và có cơ hội thăng tiến.- Mức lương hấp dẫn từ 12 triệu đồng.- Thưởng các dịp lễ, Tết và phép năm theo quy định của công ty.- Hưởng đầy đủ chế độ bảo hiểm xã hội, bảo hiểm y tế  theo quy định của pháp luật.- Mô",lai_xe,TimViec365,https://timviec365.vn/tuyen-lai-xe-cong-ty-p2065387.html,2026-04-15T08:18:04.797187,easy,0.8,trung_binh,False,True,working,OK (200)
labor_timviec365_2065242,Nhân viên Lái xe Giao hàng,Công ty Cổ phần Thực phẩm 3 Brothers,Lái Xe|Bằng Lái,Hà Nội,15000000,15000000,full-time,any,0,,"15.000.000 VNĐ | 25/05/2026 | Hà Nội | Vận tải - Lái xe | Quyền lợi: -Lương từ 10.000.000 đồng - 15.000.000 đồng ( trao đổi khi phỏng vấn)-Hỗ trợ ăn trưa tại Công ty;-Hưởng đầy đủ chế độ BHXH, BHYT, BHTN theo quy định;-Chế độ đãi ngộ tốt, được hưởng phụ cấp, phúc lợi, liên hoan và du lịch.-Lương tháng 13 thưởng các ngày lễ tết…-Lương từ 10.000.000 đồng - 15.000.000 đồng ( trao đổi khi phỏng vấn)-Hỗ trợ ăn trưa tại Công ty;-Hưởng đầy đủ chế độ BHXH, BHYT, BHTN theo quy định;-Chế độ đãi ngộ tốt, đ",lai_xe,TimViec365,https://timviec365.vn/nhan-vien-lai-xe-giao-hang-p2065242.html,2026-04-15T08:18:12.323225,medium,0.8,trung_binh,False,True,working,OK (200)
labor_timviec365_2065234,Lái xe tải hạng C,Công ty TNHH MTV Bê tông và Xây dựng 204,Lái Xe|Bằng Lái,Hải Phòng,15000000,15000000,full-time,any,0,,"15.000.000 VNĐ | 24/05/2026 | Hải Phòng | Vận tải - Lái xe | Quyền lợi: - Mức thu nhập từ 10 - 15 triệu đồng.  - Môi trường làm việc thân thiện, chế độ đãi ngộ, phúc lợi tốt.  - Chế độ chuyên cần, thâm niên, thưởng lễ, tết.  - Hỗ trợ ăn, nghỉ, ở tại Công ty cho lái xe nhà xa hoặc ở tỉnh khác.  - Tham gia BHXH, BHYT, BHTN và được Công ty nộp 100% kinh phí tham gia cho người lao động; hưởng các chế độ khác theo quy định của Luật Lao động.- Mức thu nhập từ 10 - 15 triệu đồng.- Môi trường làm việc t",lai_xe,TimViec365,https://timviec365.vn/lai-xe-tai-hang-c-p2065234.html,2026-04-15T08:18:12.326538,medium,0.8,trung_binh,False,True,working,OK (200)
labor_timviec365_2065209,Nhân viên lái xe cho Giám đốc và văn phòng,Passion Investment,Giao Tiếp|Lái Xe,Hà Nội,15000000,15000000,full-time,any,0,,"15 triệu | 24/05/2026 | Hà Nội | Vận tải - Lái xe | Quyền lợi: Thu nhập ổn định- Thưởng cuối năm theo hiệu quả công việc- Du lịch trong nước hàng năm- Được làm việc trong môi trường trẻ trung, năng động, sáng tạo- Hưởng đầy đủ các chế đô BHXH, BHYT, BHTN.Thu nhập ổn định- Thưởng cuối năm theo hiệu quả công việc- Du lịch trong nước hàng năm- Được làm việc trong môi trường trẻ trung, năng động, sáng tạo- Hưởng đầy đủ các chế đô BHXH, BHYT, BHTN. | Yêu cầu: - Có bằng B trở lên- Không hút thuốc- Kỹ ",lai_xe,TimViec365,https://timviec365.vn/nhan-vien-lai-xe-cho-giam-djoc-va-van-phong-p2065209.html,2026-04-15T08:18:12.332364,medium,0.8,trung_binh,False,True,working,OK (200)
labor_timviec365_2065931,Lái xe chở hàng,Chi nhánh Công ty TNHH Malloca Việt Nam tại Hà Nội,Lái Xe,Hà Nội,0,0,full-time,any,0,,"Thỏa thuận | 18/05/2026 | Hà Nội | Vận tải - Lái xe | Quyền lợi: Đảm bảo đầy đủ theo quy định: nghỉ phép, thưởng lễ tết, BHYT, BHXH, …Đảm bảo đầy đủ theo quy định: nghỉ phép, thưởng lễ tết, BHYT, BHXH, … | Yêu cầu: Không có+ Xem thêm | Thỏa thuận | 18/05/2026 | Hà Nội | Vận tải - Lái xe | Quyền lợi: Đảm bảo đầy đủ theo quy định: nghỉ phép, thưởng lễ tết, BHYT, BHXH, …Đảm bảo đầy đủ theo quy định: nghỉ phép, thưởng lễ tết, BHYT, BHXH, … | Yêu cầu: Không có+ Xem thêm",lai_xe,TimViec365,https://timviec365.vn/lai-xe-cho-hang-p2065931.html,2026-04-15T08:18:12.336563,easy,0.8,trung_binh,False,True,working,OK (200)
labor_timviec365_2051273,TUYỂN DỤNG TÀI XẾ LÁI XE TẢI,Công Ty TNHH Đtkd Xnk Hoàn Mỹ,Lái Xe,Hồ Chí Minh,0,0,full-time,any,0,,"Thỏa thuận | 17/05/2026 | Hồ Chí Minh | Lao động phổ thông, Vận tải - Lái xe | Quyền lợi: *  Mức lương: Thỏa thuận.*  Tính lương tăng ca ngoài giờ.*  Nghỉ 2 ngày/tháng (trừ Thứ 6, Thứ 7 và Chủ Nhật).*  Mức lương: Thỏa thuận.*  Tính lương tăng ca ngoài giờ.*  Nghỉ 2 ngày/tháng (trừ Thứ 6, Thứ 7 và Chủ Nhật). | Yêu cầu: *  Thời gian làm việc: 7h30 - 17h.*  Thời gian làm việc: 7h30 - 17h.+ Xem thêm | Thỏa thuận | 17/05/2026 | Hồ Chí Minh | Lao động phổ thông, Vận tải - Lái xe | Quyền lợi: *  Mức lư",lai_xe,TimViec365,https://timviec365.vn/tai-xe-lai-xe-tai-p2051273.html,2026-04-15T08:18:12.340375,easy,0.8,trung_binh,False,True,working,OK (200)
labor_timviec365_2065012,tuyển nhân viên giao hàng siêu thi,CÔNG TY TNHH SC HOÀNG GIA VIỆT NAM,Lái Xe|Bằng Lái,Hồ Chí Minh,0,0,full-time,any,0,,Thỏa thuận | 28/05/2026 | Hồ Chí Minh | Vận tải - Lái xe | Quyền lợi: Lương thỏa thuận: 50k/điểm giao (giao hàng xe máy) và 12 triệu - 14 triệu/tháng (giao hàng xe tải).Có lương tháng 13.Tham gia bảo hiểm nếu gắn bó lâu dài với công ty.Lương thỏa thuận: 50k/điểm giao (giao hàng xe máy) và 12 triệu - 14 triệu/tháng (giao hàng xe tải).Có lương tháng 13.Tham gia bảo hiểm nếu gắn bó lâu dài với công ty. | Yêu cầu: Có xe máy (đối với giao hàng xe máy) hoặc bằng B2 (đối với giao hàng xe tải).Mang theo,lai_xe,TimViec365,https://timviec365.vn/tuyen-nhan-vien-giao-hang-sieu-thi-p2065012.html,2026-04-15T08:18:12.344582,easy,0.8,trung_binh,False,True,working,OK (200)
labor_timviec365_2064917,Nhân Viên Giao Nhận - Đi Làm Ngay,CÔNG TY CỔ PHẦN ĐẦU TƯ TRƯỜNG THỊNH GROUP,Lái Xe,Hưng Yên,20000000,20000000,full-time,any,0,,"20.000.000 VNĐ | 23/05/2026 | Hưng Yên | Vận tải - Lái xe | Quyền lợi: - Tham gia BHXH, BHYT, BHTN theo quy định của pháp luật.- Lương tháng 13, thưởng lễ Tết theo quy định của công ty.- Cơ hội được đào tạo và phát triển nghề nghiệp.- Môi trường làm việc năng động, thân thiện.- Tham gia BHXH, BHYT, BHTN theo quy định của pháp luật.- Lương tháng 13, thưởng lễ Tết theo quy định của công ty.- Cơ hội được đào tạo và phát triển nghề nghiệp.- Môi trường làm việc năng động, thân thiện. | Yêu cầu: - Ưu ",lai_xe,TimViec365,https://timviec365.vn/nhan-vien-giao-nhan-dji-lam-sau-tet-p2064917.html,2026-04-15T08:18:12.348431,medium,0.8,trung_binh,False,True,working,OK (200)
labor_timviec365_2064800,NHÂN VIÊN LÁI XE NÂNG,CÔNG TY CỔ PHẦN GOODY GROUP,Giao Tiếp|Lái Xe,Hồ Chí Minh,9000000,9000000,full-time,any,2,,"9.000.000 VNĐ | 16/05/2026 | Hồ Chí Minh | Vận tải - Lái xe | Quyền lợi: - Nhận quà tặng nước uống vào mỗi tháng (kể cả trong thời gian thử việc).- Được hưởng chế độ BHYT, BHXH, BHTN theo quy định.- Môi trường làm việc hòa đồng, thân thiện.- Nhận quà tặng nước uống vào mỗi tháng (kể cả trong thời gian thử việc).- Được hưởng chế độ BHYT, BHXH, BHTN theo quy định.- Môi trường làm việc hòa đồng, thân thiện. | Yêu cầu: 1. Trình độ đào tạo, chuyên môn:- Trình độ: Tốt nghiệp THPT trở lên- Có chứng chỉ",lai_xe,TimViec365,https://timviec365.vn/nhan-vien-lai-xe-nang-p2064800.html,2026-04-15T08:18:12.351851,medium,0.8,trung_binh,False,True,working,OK (200)
labor_timviec365_2064491,Tuyển nhân viên lái xe,Công Ty Cổ Phần Long Sơn.,Lái Xe,Hồ Chí Minh,0,0,full-time,any,0,,"Thỏa thuận | 30/05/2026 | Hồ Chí Minh | Vận tải - Lái xe | Quyền lợi: - Mức lương cạnh tranh.- Tham gia bảo hiểm xã hội.- Cơ hội du lịch trong nước và quốc tế, tham gia các hoạt động teambuilding, và được cung cấp bữa trưa cùng với nhiều chế độ ưu đãi hấp dẫn khác.- Môi trường làm việc chuyên nghiệp, năng động với nhiều cơ hội thăng tiến và phát triển bản thân.- Các chế độ khác theo quy định của Luật lao động.- Mức lương cạnh tranh.- Tham gia bảo hiểm xã hội.- Cơ hội du lịch trong nước và quốc t",lai_xe,TimViec365,https://timviec365.vn/tuyen-nhan-vien-lai-xe-p2064491.html,2026-04-15T08:18:12.355058,easy,0.8,trung_binh,False,True,working,OK (200)
labor_timviec365_2064470,Nhân Viên Điều Phối Vận Tải,CÔNG TY TNHH DỊCH VỤ LOGISTICS MEDLOG PHÚ MỸ ICD,Giao Tiếp|Lái Xe,Vũng Tàu,0,0,full-time,any,0,,"Thỏa thuận | 29/05/2026 | Bà Rịa Vũng Tàu | Vận tải - Lái xe | Quyền lợi: Chế độ đầy đủ: BHXH, BHTN, BHYT, BH PVI,...Môi trường làm việc thoải mái, chế độ phúc lợi caoLương hấp dẫn, chế độ đãi ngộ caoThưởng đầy đủ các ngày lễ, tết....Chế độ đầy đủ: BHXH, BHTN, BHYT, BH PVI,...Môi trường làm việc thoải mái, chế độ phúc lợi caoLương hấp dẫn, chế độ đãi ngộ caoThưởng đầy đủ các ngày lễ, tết.... | Yêu cầu: Tốt nghiệp Trung cấp trở lên các chuyên ngành liên quan (ưu tiên Logistics).Có kinh nghiệm điề",lai_xe,TimViec365,https://timviec365.vn/nhan-vien-djieu-phoi-van-tai-p2064470.html,2026-04-15T08:18:12.358348,easy,0.8,trung_binh,False,True,working,OK (200)
labor_timviec365_2064350,Nhân viên điều hành giao hàng kênh siêu thị,CT CP TIẾP VẬN HÒA PHÁT,Excel|Giao Tiếp|Lái Xe,Hà Nội,13000000,13000000,full-time,any,1,,"13.000.000 VNĐ | 22/05/2026 | Hà Nội | Vận tải - Lái xe | Quyền lợi: Thu nhập thảo thuận theo năng lựcHưởng đầy đủ các chế độ bảo hiểm theo quy địnhThưởng lễ, tết, sinh nhật, tháng lương thứ 13&hellip;.Cơ hội đào tạo, thăng tiếnThời gian làm việc: T2-T7 (T7 nghỉ cách tuần)Thu nhập thảo thuận theo năng lựcHưởng đầy đủ các chế độ bảo hiểm theo quy địnhThưởng lễ, tết, sinh nhật, tháng lương thứ 13….Cơ hội đào tạo, thăng tiếnThời gian làm việc: T2-T7 (T7 nghỉ cách tuần) | Yêu cầu: Tốt nghiệp cao đẳn",lai_xe,TimViec365,https://timviec365.vn/nhan-vien-djieu-hanh-giao-hang-kenh-sieu-thi-p2064350.html,2026-04-15T08:18:12.364514,easy,0.8,trung_binh,False,True,working,OK (200)
labor_timviec365_2064286,Tuyển nhân viên điều phối xe tải,Công Ty TNHH DV Vận Tải và Thương Mại Anh Sơn,Excel|Word|Giao Tiếp|Word|Lái Xe,Bình Dương,0,0,full-time,any,2,,"Thỏa thuận | 18/05/2026 | Bình Dương | Vận tải - Lái xe | Quyền lợi: - Mức lương cạnh tranh, thỏa thuận theo năng lực.- Thưởng các ngày lễ, tết, thưởng hiệu quả công việc.- Chế độ bảo hiểm xã hội, bảo hiểm y tế, bảo hiểm thất nghiệp theo quy định của pháp luật.- Cơ hội thăng tiến và phát triển nghề nghiệp.- Môi trường làm việc chuyên nghiệp, năng động và thân thiện.- Được tham gia các hoạt động teambuilding, du lịch hàng năm.- Mức lương cạnh tranh, thỏa thuận theo năng lực.- Thưởng các ngày lễ, ",lai_xe,TimViec365,https://timviec365.vn/tuyen-nhan-vien-djieu-phoi-xe-tai-p2064286.html,2026-04-15T08:18:12.368493,medium,0.8,trung_binh,False,True,working,OK (200)
labor_timviec365_2064185,Tuyển Dụng – TÀI XẾ,CÔNG TY TNHH GIẢI PHÁP CHUỖI CUNG ỨNG HOÀNG VÂN ANH,Lái Xe,Bình Dương,17000000,17000000,temporary,any,3,,"17.000.000 VNĐ | 15/05/2026 | Bình Dương | Vận tải - Lái xe | Quyền lợi: Thu nhập: 12.000.000 &ndash; 17.000.000 VNĐ/tháng.Lương cơ bản: 5.000.000 VNĐ.Phụ cấp: 2.500.000 VNĐ.Lương doanh thu: tùy theo loại xe.Thưởng tháng 13 theo quy định công ty.Chế độ thưởng lễ, Tết:08/03, Quốc Khánh 2/9, 30/04, 01/05: thưởng từ 200.000 &ndash; 500.000 VNĐ.Thưởng ốm đau, hiếu hỷ.Hỗ trợ tiền ăn ca, lương hàng năm và các quyền lợi khác theo quy định.Hợp đồng đầy đủ, đóng BHXH theo đúng pháp luật.Thu nhập:12.000.0",lai_xe,TimViec365,https://timviec365.vn/tuyen-dung-tai-xe-p2064185.html,2026-04-15T08:18:12.371638,medium,0.3,trung_binh,False,True,working,OK (200)
labor_timviec365_2064191,Nhân viên tài xế ô tô Fulltime,Công ty TNHH VTR,Lái Xe|Bằng Lái,Hồ Chí Minh,29000000,29000000,full-time,any,0,,29.000.000 VNĐ | 15/05/2026 | Hồ Chí Minh | Vận tải - Lái xe | Quyền lợi: Lương cứng: 5.310.000Đóng BHXH sau 2 tháng thử việcHỗ trợ chỗ ở sau 3 tháng làm việcĂn chia % theo doanh thu ngày: lên đến 50%Thưởng hiệu suấtHỗ trợ chi phí điệnPhụ cấp tiền cơmLương cứng: 5.310.000Đóng BHXH sau 2 tháng thử việcHỗ trợ chỗ ở sau 3 tháng làm việcĂn chia % theo doanh thu ngày: lên đến 50%Thưởng hiệu suấtHỗ trợ chi phí điệnPhụ cấp tiền cơm | Yêu cầu: - Bằng lái hạng B trở lên- Lý lịch tư pháp- Giấy khám sức kh,lai_xe,TimViec365,https://timviec365.vn/nhan-vien-tai-xe-o-to-fulltime-p2064191.html,2026-04-15T08:18:12.374513,medium,0.8,trung_binh,False,True,working,OK (200)
labor_timviec365_2064186,Tuyển nhân viên giao hàng xe máy,CÔNG TY TNHH SX BAO BÌ THÁI HOÀNG LONG,Lái Xe,Hồ Chí Minh,8500000,8500000,full-time,any,0,,"8.500.000 VNĐ | 15/05/2026 | Hồ Chí Minh | Vận tải - Lái xe | Quyền lợi: - Tổng thu nhập trung bình từ 7.5 - 8.5 triệu/tháng.- Thưởng lễ, Tết và thưởng cuối năm theo quy định của công ty.- Môi trường làm việc năng động, thân thiện và hỗ trợ tận tình.- Cơ hội gắn bó lâu dài với công ty.- Được hưởng đầy đủ các chế độ bảo hiểm xã hội, y tế, thất nghiệp ngay sau khi kết thúc thời gian thử việc.- Thời gian làm việc từ thứ Hai đến thứ Bảy, từ 8h đến 17h.- Tổng thu nhập trung bình từ 7.5 - 8.5 triệu/th",lai_xe,TimViec365,https://timviec365.vn/tuyen-nhan-vien-giao-hang-xe-may-p2064186.html,2026-04-15T08:18:12.381331,easy,0.8,trung_binh,False,True,working,OK (200)
labor_timviec365_2064419,Nhân Viên Giao Hàng Kho,CÔNG TY CỔ PHẦN CÔNG NGHỆ THIÊN HỢP,Lái Xe,Hồ Chí Minh,12000000,12000000,full-time,any,0,,"12.000.000 VNĐ | 10/05/2026 | Hồ Chí Minh | Vận tải - Lái xe | Quyền lợi: Môi trường làm việc dân chủ, hiện đại, chuyên nghiệp với nhiều cơ hội thăng tiến.Nhân viên chính thức được hưởng các khoản phụ cấp, chế độ BHXH, BHYT… theo đúng quy địnhCơ hội thăng tiến cho nhân viên làm việc tốt Thưởng lễ tết, hiệu quả kinh doanh c- Được hưởng đầy đủ các chế độ theo luật lao động và quy chế của công ty, nghĩ lễ, du lịch hàng năm trong Nước và Quốc Tế.Môi trường làm việc dân chủ, hiện đại, chuyên nghiệp v",lai_xe,TimViec365,https://timviec365.vn/nhan-vien-giao-hang-kho-p2064419.html,2026-04-15T08:18:12.389881,easy,0.8,trung_binh,False,True,working,OK (200)
labor_timviec365_2064048,Nhân viên Lái xe,Công ty Cổ Phần BMC Vĩnh Phúc,Lái Xe,Vĩnh Phúc,12000000,12000000,full-time,any,0,,"12.000.000 VNĐ | 09/05/2026 | Vĩnh Phúc | Vận tải - Lái xe | Quyền lợi: - Lương cứng 9 triệu, hưởng BHXH, BHTN theo quy định nhà nước - Chế độ phúc lợi, hiếu hỉ - Chế độ công tác phí - Chế độ thưởng lương hiệu quả công việc- Lương cứng 9 triệu, hưởng BHXH, BHTN theo quy định nhà nước- Chế độ phúc lợi, hiếu hỉ- Chế độ công tác phí- Chế độ thưởng lương hiệu quả công việc | Yêu cầu: Không có+ Xem thêm | 12.000.000 VNĐ | 09/05/2026 | Vĩnh Phúc | Vận tải - Lái xe | Quyền lợi: - Lương cứng 9 triệu, hư",lai_xe,TimViec365,https://timviec365.vn/nhan-vien-lai-xe-p2064048.html,2026-04-15T08:18:12.400855,easy,0.8,trung_binh,False,True,working,OK (200)
labor_timviec365_2064033,Tuyển nhân viên lái xe,Công ty Cổ phần Thương mại và dịch vụ Logistics CBT,Lái Xe|Bằng Lái,Hà Nội,30000000,30000000,full-time,any,0,,"30.000.000 VNĐ | 08/05/2026 | Hà Nội | Vận tải - Lái xe | Quyền lợi: - Mức lương cạnh tranh từ 10–30 triệu/tháng tùy theo năng lực và tuyến đường.- Môi trường làm việc ổn định, lâu dài, với cơ hội tăng lương theo thâm niên.- Nghỉ phép, lễ tết, thưởng tháng 13 và thưởng hiệu suất.- Hỗ trợ ăn ca, tăng ca và công tác phí.- Được tham gia BHXH, BHYT, BHTN đầy đủ theo quy định.- Mức lương cạnh tranh từ 10–30 triệu/tháng tùy theo năng lực và tuyến đường.- Môi trường làm việc ổn định, lâu dài, với cơ hộ",lai_xe,TimViec365,https://timviec365.vn/tuyen-nhan-vien-lai-xe-p2064033.html,2026-04-15T08:18:12.406964,hard,0.8,trung_binh,False,True,working,OK (200)
labor_timviec365_2063931,Tài xế riêng,Công ty TNHH Phạm Gia Nguyễn,Lái Xe|Bằng Lái,Hồ Chí Minh,15000000,15000000,full-time,any,0,,"15.000.000 VNĐ | 04/05/2026 | Hồ Chí Minh | Vận tải - Lái xe | Quyền lợi:  - Môi trường làm việc trẻ trung, thân thiện, chuyên nghiệp  - Công việc và thu nhập ổn định, lâu dài  - Hưởng mọi chế độ theo luật lao động quy định  - 12 ngày phép năm  - Tham gia BHXH, BHYT, BHTN (các cá nhân xuất sắc làm việc ổn định, đóng góp lâu dài với công ty có thể được hưởng BH Nhân Thọ khi được công ty cất nhắc)  - Được hưởng lương 13, lễ, Tết theo quy định công ty  - Thu nhập ổn định từ 11 - 15 triệu/ tháng  - ",lai_xe,TimViec365,https://timviec365.vn/tai-xe-rieng-p2063931.html,2026-04-15T08:18:12.416075,medium,0.8,trung_binh,False,True,working,OK (200)
labor_timviec365_2063895,Tuyển Lái xe (KCN QUANG MINH),Công ty TNHH MTV Chuyển phát nhanh Thuận Phong - CN Hà Nội,Lái Xe,Hà Nội,15000000,15000000,full-time,any,0,,"15.000.000 VNĐ | 02/05/2026 | Hà Nội | Vận tải - Lái xe | Quyền lợi: 1. Thu nhập: - Đã bao gồm tăng ca 10 - 15tr/ tháng- Chưa tăng ca: 8.035.000 VNĐ/ tháng bao gồm:+ LCB: 5.008.000 VNĐ (Mức lương đóng bảo hiểm)+ Phụ cấp: Xăng xe 200.000 VNĐ, Điện thoại 200.000 VNĐ, Tiền ăn 730.000 VNĐ (Tăng ca liên tục 6 tiếng có thêm phụ cấp ăn ca)+ Thưởng hiệu suất: 1.897.000 VNĐ (liên quan tới trách nhiệm làm việc)+ Làm việc cứ đủ 8 tiếng sẽ tính tăng ca, tăng ca theo quy định nhà nước 150% LCB, tăng ca ngày ",lai_xe,TimViec365,https://timviec365.vn/tuyen-lai-xe-kcn-quang-minh-p2063895.html,2026-04-15T08:18:12.420848,medium,0.8,trung_binh,False,True,working,OK (200)
labor_timviec365_2062718,Nhân Viên Giao Nhận - Bưu Ta,CÔNG TY CỔ PHẦN CHUYỂN PHÁT NHANH NETPOST VIỆT NAM,Lái Xe|Bằng Lái,Hồ Chí Minh,9500000,9500000,full-time,any,0,,"9.500.000 VNĐ | 31/05/2026 | Hồ Chí Minh | Vận tải - Lái xe | Quyền lợi: Không cọc, không ký quỹ.Được hướng dẫn, đào tạo đối với nhân viên chưa có kinh nghiệm.Thu nhập: Từ 9.500.000 VNĐ/ tháng hoặc hơn tùy theo năng lực. (Lương đảm bảo 9tr5)Thưởng khách hàng mới, thưởng nóng khi đạt thành tích tốt.Môi trường làm việc trẻ, tích cực, công bằng, tinh thần tập thể cao;Có cơ hội phát triển nếu làm lâu dài.Chế độ BHXH, Thưởng Lễ, Tết,…Không cọc, không ký quỹ.Được hướng dẫn, đào tạo đối với nhân viên c",lai_xe,TimViec365,https://timviec365.vn/nhan-vien-giao-nhan-buu-ta-p2062718.html,2026-04-15T08:18:12.429176,easy,0.8,trung_binh,False,True,working,OK (200)
labor_timviec365_2064146,Lái xe van,Công Ty TNHH SNQ Global Logistics,Lái Xe,Hồ Chí Minh,12000000,12000000,full-time,any,0,,"12.000.000 VNĐ | 28/05/2026 | Hồ Chí Minh | Vận tải - Lái xe | Quyền lợi:  LƯƠNG (8 - 12 triệu). THOẢ THUẬN THEO NĂNG LỰC V&Agrave; KINH NGHIỆM- Tham gia BHXH, - Tăng lương hàng năm.- Tổ chức du lịch cho nhân viên ( tuỳ kết quả kinh doanh năm)LƯƠNG (8 - 12 triệu). THOẢ THUẬN THEO NĂNG LỰC VÀ KINH NGHIỆM- Tham gia BHXH,- Tăng lương hàng năm.- Tổ chức du lịch cho nhân viên ( tuỳ kết quả kinh doanh năm) | Yêu cầu: Không có+ Xem thêm | 12.000.000 VNĐ | 28/05/2026 | Hồ Chí Minh | Vận tải - Lái xe | Q",lai_xe,TimViec365,https://timviec365.vn/lai-xe-van-p2064146.html,2026-04-15T08:18:12.434911,easy,0.8,trung_binh,False,True,working,OK (200)
labor_timviec365_2063772,Chuyên viên Điều hành Đội xe,CÔNG TY TNHH DỊCH VỤ LOGISTICS MEDLOG PHÚ MỸ ICD,Excel|Giao Tiếp|Lái Xe,Bình Dương,0,0,full-time,any,4,,"Thỏa thuận | 28/05/2026 | Bình Dương | Vận tải - Lái xe | Quyền lợi: Chế độ đầy đủ: BHXH, BHTN, BHYT, BH PVI,...Môi trường làm việc thoải mái, chế độ phúc lợi caoLương hấp dẫn, chế độ đãi ngộ caoThưởng đầy đủ các ngày lễ, tết, lương tháng 13Khám sức khỏe định kỳTeam building, Du lịch hàng năm Phụ cấpĂn trưa, Xăng xeChế độ đầy đủ: BHXH, BHTN, BHYT, BH PVI,...Môi trường làm việc thoải mái, chế độ phúc lợi caoLương hấp dẫn, chế độ đãi ngộ caoThưởng đầy đủ các ngày lễ, tết, lương tháng 13Khám sức kh",lai_xe,TimViec365,https://timviec365.vn/chuyen-vien-djieu-hanh-djoi-xe-p2063772.html,2026-04-15T08:18:12.441043,medium,0.8,trung_binh,False,True,working,OK (200)
labor_timviec365_2063722,Tuyển Nhân Viên Lái Xe,Công ty TNHH Mai Linh Đồng Tháp (Taxi Mai Linh Đồng Tháp),Lái Xe,,0,0,full-time,any,0,,"Thỏa thuận | 26/05/2026 | Đồng Tháp | Vận tải - Lái xe | Quyền lợi: - Được đào tạo nghiệp vụ chuyên môn bài bản, giúp nâng cao kỹ năng và kiến thức.- Chế độ quyền lợi hấp dẫn theo quy định của Tập đoàn Mai Linh.- Môi trường làm việc chuyên nghiệp, thân thiện và phát triển.- Lượng khách hàng ổn định, đảm bảo nguồn thu nhập lâu dài và bền vững.- Được đào tạo nghiệp vụ chuyên môn bài bản, giúp nâng cao kỹ năng và kiến thức.- Chế độ quyền lợi hấp dẫn theo quy định của Tập đoàn Mai Linh.- Môi trường ",lai_xe,TimViec365,https://timviec365.vn/tuyen-nhan-vien-lai-xe-p2063722.html,2026-04-15T08:18:12.448150,easy,0.8,trung_binh,False,True,working,OK (200)
labor_timviec365_2063694,Nhân viên Lái xe,Công ty TNHH Quản lý và Dịch vụ tài sản Thành Công,Phục Vụ|Lái Xe|Bằng Lái,Hà Nội,0,0,full-time,any,0,,"Thỏa thuận | 25/05/2026 | Hà Nội | Vận tải - Lái xe | Quyền lợi: Thu nhập hấp dẫn: 12-15 triệu/tháng;Hưởng đầy đủ các chế độ phúc lợi, phụ cấp theo quy định;Tính thêm giờ nếu làm việc ngoài giờ;Hưởng lương cố định và lương theo doanh thu/số cuốc xe;Được hưởng mọi quyền lợi/chế độ theo quy định của Pháp luật và Công ty;Được tham gia gói Bảo hiểm sức khỏe, tham gia các hoạt động teambuilding, du lịch hàng nămThu nhập hấp dẫn: 12-15 triệu/tháng;Hưởng đầy đủ các chế độ phúc lợi, phụ cấp theo quy địn",lai_xe,TimViec365,https://timviec365.vn/nhan-vien-lai-xe-p2063694.html,2026-04-15T08:18:12.454534,easy,0.8,trung_binh,False,True,working,OK (200)
labor_timviec365_2063556,Nhân viên giao hàng tại Hà Nội,Công Ty TNHH Sản Xuất Thương Mại Và Xây Dựng Bảo Sơn,Lái Xe|Bằng Lái,Hà Nội,0,0,full-time,any,0,,"Thỏa thuận | 20/05/2026 | Hà Nội | Vận tải - Lái xe | Quyền lợi: Mức lương thỏa thuận (8-11 triệu)Môi trường làm việc thân thiện, cơ hội thăng tiến và phát triển sự nghiệp của bản thânĐược hưởng đầy đủ BHXH, BHYT, BHTN và các chế độ khác theo quy định của Nhà nước.Thưởng các ngày lễ, tết dương lịch. Chế độ thăm hỏi ốm đau hiếu hỷ, quà các dịp đặc biệt, du lịch, liên hoan,…Thưởng lương tháng 13, thưởng sáng kiến, thưởng chuyên cần nămBao ăn tại công ty.Mức lương thỏa thuận (8-11 triệu)Môi trường ",lai_xe,TimViec365,https://timviec365.vn/nhan-vien-giao-hang-lam-viec-tai-ha-noi-p2063556.html,2026-04-15T08:18:23.206990,easy,0.8,trung_binh,False,True,working,OK (200)
labor_timviec365_2063455,TÀI XẾ LÁI XE CUỐC,CÔNG TY CỔ PHẦN XÂY DỰNG CẦU ĐƯỜNG QUYẾT THẮNG,Lái Xe|Bằng Lái,,0,0,full-time,any,2,,"Thỏa thuận | 18/05/2026 | Toàn quốc | Vận tải - Lái xe | Quyền lợi: - Lương: Thỏa thuận theo tay nghề, kinh nghiệm.- Phụ cấp cơm trưa.- Được tham gia BHXH – BHYT – BHTN đầy đủ.- Thưởng lễ, Tết, Team building, du lịch hằng năm.- Chế độ đãi ngộ đầy đủ theo quy định của nhà nước và theo quy chế của công ty- Môi trường làm việc chuyên nghiệp – nhiều cơ hội phát triển.- Lương: Thỏa thuận theo tay nghề, kinh nghiệm.- Phụ cấp cơm trưa.- Được tham gia BHXH – BHYT – BHTN đầy đủ.- Thưởng lễ, Tết, Team bui",lai_xe,TimViec365,https://timviec365.vn/tai-xe-lai-xe-cuoc-p2063455.html,2026-04-15T08:18:23.218139,medium,0.8,trung_binh,False,True,working,OK (200)
labor_timviec365_2063178,Tài Xế Xe Bồn - Đi Làm Ngay,CÔNG TY CP ĐẦU TƯ XÂY DỰNG SỐ 1 MÊ KÔNG,Lái Xe|Bằng Lái,Đồng Nai,0,0,full-time,any,1,,"Thỏa thuận | 12/05/2026 | Đồng Nai | Vận tải - Lái xe | Quyền lợi: - Mức lương: Lương cơ bản + lương khối lượng + thưởng + khoán dầu dư- Thu nhập từ 15tr - 30tr/ tháng- Đảm bảo công việc ổn định và lâu dài- Tham gia đầy đủ các loại hình bảo hiểm, bảo hiểm tai nạn 24H, Thưởng các dịp Lễ Tết, 12 ngày phép năm- Mức lương: Lương cơ bản + lương khối lượng + thưởng + khoán dầu dư- Thu nhập từ 15tr - 30tr/ tháng- Đảm bảo công việc ổn định và lâu dài- Tham gia đầy đủ các loại hình bảo hiểm, bảo hiểm tai",lai_xe,TimViec365,https://timviec365.vn/tai-xe-xe-bon-dji-lam-ngay-p2063178.html,2026-04-15T08:18:23.228161,easy,0.8,trung_binh,False,True,working,OK (200)
labor_timviec365_2062899,Nhân Viên Tài Xế,CÔNG TY CỔ PHẦN GIẢI PHÁP THIẾT KẾ & XÂY DỰNG CÔNG TRÌNH XANH,Lái Xe,Hồ Chí Minh,12000000,12000000,full-time,any,3,,"12.000.000 VNĐ | 05/05/2026 | Hồ Chí Minh | Vận tải - Lái xe | Quyền lợi: Quyền lợiMức lương thương lượng theo năng lực và kinh nghiệm;Thời gian làm việc từ thứ 2- thứ 6 và sáng thứ 7;Thưởng Lễ, Tết, lương tháng 13 và các khoản thưởng khác theo quy định của công ty;Được tham gia đầy đủ BHXH, BHYT, BHTN theo luật định;Làm việc trong môi trường chuyên nghiệp, ổn định và gắn bó lâu dài;Các chế độ phúc lợi khác theo chính sách của Công ty.Quyền lợiMức lương thương lượng theo năng lực và kinh nghiệm;",lai_xe,TimViec365,https://timviec365.vn/nhan-vien-tai-xe-p2062899.html,2026-04-15T08:18:23.235908,medium,0.8,trung_binh,False,True,working,OK (200)
labor_timviec365_2062930,Nhân viên lái xe nâng,Công ty TNHH Thương Phẩm Atlantic VN,Chăm Sóc|Lái Xe,,8000000,8000000,full-time,any,0,,"8.000.000 VNĐ | 30/05/2026 | Gia Lai | Vận tải - Lái xe | Quyền lợi: • Chế độ bảo hiểm theo quy định luật lao động • Du Lịch, teambuilding hàng năm • Đồng phục • Chăm sóc sức khỏe/khám sức khỏe định kì. • Đào tạo chuyên môn • Công tác phí • Nghỉ phép năm • Hỗ trợ cơm trưa/ giữa ca làm việc• Chế độ bảo hiểm theo quy định luật lao động• Du Lịch, teambuilding hàng năm• Đồng phục• Chăm sóc sức khỏe/khám sức khỏe định kì.• Đào tạo chuyên môn• Công tác phí• Nghỉ phép năm• Hỗ trợ cơm trưa/ giữa ca làm ",lai_xe,TimViec365,https://timviec365.vn/nhan-vien-lai-xe-nang-p2062930.html,2026-04-15T08:18:23.244900,easy,0.8,trung_binh,False,True,working,OK (200)
labor_timviec365_2062719,Tài Xế Lái Xe Văn Phòng Viettiep Crystal,Công ty TNHH Thủy tinh Pha lê Việt Tiệp,Lái Xe,Hà Nội,0,0,full-time,any,3,,"Thỏa thuận | 30/05/2026 | Hà Nội | Vận tải - Lái xe | Quyền lợi: *  Lương: Thỏa thuận*  Thử việc: 1 tháng*  Bảo hiểm: BHXH, BHYT, BHTN theo quy định*  Phúc lợi: Theo quy định của công ty*  Thưởng: Dựa trên hiệu suất công việc (chu đáo, nhiệt tình, chăm chỉ, cẩn thận)*  Lương: Thỏa thuận*  Thử việc: 1 tháng*  Bảo hiểm: BHXH, BHYT, BHTN theo quy định*  Phúc lợi: Theo quy định của công ty*  Thưởng: Dựa trên hiệu suất công việc (chu đáo, nhiệt tình, chăm chỉ, cẩn thận) | Yêu cầu: Chịu được áp lực cô",lai_xe,TimViec365,https://timviec365.vn/tai-xe-lai-xe-van-phong-viettiep-crystal-p2062719.html,2026-04-15T08:18:23.252240,medium,0.8,trung_binh,False,True,working,OK (200)
labor_timviec365_2062698,Tài xế chuyển nhà,CTY TNHH VẬN TẢI KHẢI THỊNH,Giao Tiếp|Lái Xe,Hồ Chí Minh,14000000,14000000,full-time,any,0,,"14.000.000 VNĐ | 30/05/2026 | Hồ Chí Minh | Vận tải - Lái xe | Quyền lợi: *  Lương: Từ 14.000.000 VNĐ + phụ cấp (ăn trưa, xăng xe, điện thoại) + thưởng theo năng lực và hiệu quả công việc.*  Được tham gia đầy đủ BHXH, BHYT, BHTN theo quy định của pháp luật.*  Hưởng các chế độ phúc lợi khác của công ty: du lịch, team building, thưởng lễ tết,...*  Môi trường làm việc chuyên nghiệp, năng động, có cơ hội phát triển bản thân.*  Được đào tạo nâng cao kỹ năng chuyên môn.*  Lương: Từ 14.000.000 VNĐ + ph",lai_xe,TimViec365,https://timviec365.vn/tai-xe-chuyen-nha-p2062698.html,2026-04-15T08:18:23.255867,easy,0.8,trung_binh,False,True,working,OK (200)
labor_timviec365_2062670,Tuyển nhân viên lái xe,Công ty TNHH Thương mại Đầu tư Gold Fruit Việt Nam,Lái Xe|Bằng Lái,Hà Nội,12000000,12000000,full-time,any,0,,"12.000.000 VNĐ | 30/05/2026 | Hà Nội | Vận tải - Lái xe | Quyền lợi: - Mức lương khởi điểm từ 10-12 triệu đồng, bao ăn trưa (thỏa thuận trực tiếp trong buổi phỏng vấn, có thể điều chỉnh lương nếu có kinh nghiệm).- Sau 1 tháng làm việc tốt có cơ hội tăng lương từ 10-20% tùy vào mức độ hoàn thành công việc.- Được hưởng chế độ phúc lợi, bảo hiểm xã hội, thưởng tháng 13 và các ngày lễ tết theo quy định của công ty.- Tham gia các hoạt động của công ty như du lịch 1-2 lần/năm.- Mức lương khởi điểm từ ",lai_xe,TimViec365,https://timviec365.vn/tuyen-nhan-vien-lai-xe-p2062670.html,2026-04-15T08:18:23.261865,easy,0.8,trung_binh,False,True,working,OK (200)
labor_timviec365_2063050,Nhân viên Lái xe nâng - KCN VSIP Bắc Ninh,Công ty Cổ phần Kho vận Anh Minh Logistics,Lái Xe,Bắc Ninh,10000000,10000000,full-time,any,0,,"10 triệu | 25/05/2026 | Bắc Ninh | Vận tải - Lái xe | Quyền lợi: - Mức lương cạnh tranh, bao gồm 13 tháng lương và thưởng hiệu suất hàng năm.- Được tham gia bảo hiểm xã hội, bảo hiểm y tế và bảo hiểm thất nghiệp theo quy định của pháp luật.- Hỗ trợ bữa trưa miễn phí hoặc phụ cấp ăn trưa hàng tháng.- Nghỉ phép hàng năm theo quy định, bao gồm nghỉ lễ và tết theo luật lao động.- Môi trường làm việc an toàn, thân thiện và có các thiết bị bảo hộ lao động đầy đủ.- Mức lương cạnh tranh, bao gồm 13 thán",lai_xe,TimViec365,https://timviec365.vn/nhan-vien-lai-xe-nang-kcn-vsip-bac-ninh-p2063050.html,2026-04-15T08:18:23.271416,easy,0.8,trung_binh,False,True,working,OK (200)
labor_timviec365_2062450,Nhân viên điều độ vận tải,CÔNG TY CỔ PHẦN GIAO NHẬN VẬN TẢI MỸ Á (ASL CORP),Giao Tiếp|Lái Xe,Bình Dương,18000000,18000000,full-time,any,0,,"18.000.000 VNĐ | 25/05/2026 | Bình Dương | Vận tải - Lái xe | Quyền lợi: *  Mức lương: Từ 16.000.000 VNĐ Đến 18.000.000 VNĐ.*  Đầy đủ chế độ bảo hiểm theo quy định của pháp luật.*  Du lịch, nghỉ mát, teambuilding hàng năm.*  Môi trường làm việc năng động, trẻ trung và thân thiện.*  Mức lương: Từ 16.000.000 VNĐ Đến 18.000.000 VNĐ.*  Đầy đủ chế độ bảo hiểm theo quy định của pháp luật.*  Du lịch, nghỉ mát, teambuilding hàng năm.*  Môi trường làm việc năng động, trẻ trung và thân thiện. | Yêu cầu: T",lai_xe,TimViec365,https://timviec365.vn/nhan-vien-djieu-djo-van-tai-p2062450.html,2026-04-15T08:18:23.282104,medium,0.8,trung_binh,False,True,working,OK (200)
labor_timviec365_2062425,Tài xế Giao hàng tại Hà Nội,CÔNG TY CỔ PHẦN DƯỢC AIKYA,Lái Xe|Bằng Lái,Hà Nội,12000000,12000000,full-time,any,0,,"12.000.000 VNĐ | 24/05/2026 | Hà Nội | Vận tải - Lái xe | Quyền lợi: - Lương: CB + Phụ cấp + Thưởng doanh số. - Tham gia BHXH đầy đủ theo quy định luật Lao động, Công ty. - Thưởng lương tháng 13, các dịp lễ, tết trong năm. - Thưởng theo kết quả kinh doanh quý, năm của Công ty. - Tham gia các khóa đào tạo huấn luyện phát triển kỹ năng.- Du lịch, teambuilding hàng năm. - Cơ hội được làm việc trong môi trường thân thiện, năng động.- Lương: CB + Phụ cấp + Thưởng doanh số.- Tham gia BHXH đầy đủ theo ",lai_xe,TimViec365,https://timviec365.vn/tai-xe-giao-hang-tai-ha-noi-p2062425.html,2026-04-15T08:18:23.291190,easy,0.8,trung_binh,False,True,working,OK (200)
labor_timviec365_2062307,Tuyển tài xế xe tải,Công ty cổ phần bưu chính Thành Phố,Lái Xe,Hà Nội,19999999,19999999,full-time,any,1,,"19.999.999 VNĐ | 22/05/2026 | Hà Nội | Vận tải - Lái xe | Quyền lợi: Thu nhập: Từ 13.000.000 VNĐ Đến 19.999.999 VNĐ, có thể hơn nữa.Tham gia BHXH, BHYT khi trở thành nhân viên chính thức.Hưởng các chế độ phúc lợi khác theo quy định hiện hành của nhà nước.Được làm việc trong môi trường chuyên nghiệp, thân thiện.4.Thu nhập: Từ 13.000.000 VNĐ Đến 19.999.999 VNĐ, có thể hơn nữa.Tham gia BHXH, BHYT khi trở thành nhân viên chính thức.Hưởng các chế độ phúc lợi khác theo quy định hiện hành của nhà nước.",lai_xe,TimViec365,https://timviec365.vn/tuyen-tai-xe-xe-tai-p2062307.html,2026-04-15T08:18:23.299772,medium,0.8,trung_binh,False,True,working,OK (200)
labor_timviec365_2062271,Nhân Viên Lái Xe,Công ty cổ phần Lexus Thăng Long,Lái Xe,Hà Nội,11000000,11000000,full-time,any,0,,"11.000.000 VNĐ | 04/05/2026 | Hà Nội | Vận tải - Lái xe | Quyền lợi: - Lương thử việc 7- 9tr, Lương chính thức 10-11tr/tháng- Thưởng các ngày Lễ Tết theo quy định của công ty.- Thời gian làm việc từ 8h - 17h. Từ Thứ 2 - Thứ 7, nghỉ Chủ nhật và các ngày lễ tết.- Được đóng bảo hiểm đầy đủ theo quy định Nhà nước.- Khám sức khỏe định kỳ, chế độ du lịch teambuilding hàng năm.- Hỗ trợ ăn trưa tại Công ty.- Được cấp phát đồng phục làm việc.- Môi trường làm việc cởi mở, năng động.- Được đào tạo và học h",lai_xe,TimViec365,https://timviec365.vn/nhan-vien-lai-xe-p2062271.html,2026-04-15T08:18:23.311443,easy,0.8,trung_binh,False,True,working,OK (200)
labor_timviec365_2061671,TUYỂN TÀI XẾ XE TẢI,DOANH NGHIỆP TƯ NHÂN THƯƠNG MẠI DỊCH VỤ SẢN XUẤT HỒNG MỘC,Lái Xe|Bằng Lái,Hồ Chí Minh,20000000,20000000,full-time,any,3,,"20.000.000 VNĐ | 03/05/2026 | Hồ Chí Minh | Vận tải - Lái xe | Quyền lợi: -Ttham gia đầy đủ chế độ bhxh, bhyt, bhtn theo quy định.- Được nghỉ lễ, tết theo quy định.- Môi trường làm việc chuyên nghiệp, thân thiện.- Cơ hội gắn bó và phát triển lâu dài.-Ttham gia đầy đủ chế độ bhxh, bhyt, bhtn theo quy định.- Được nghỉ lễ, tết theo quy định.- Môi trường làm việc chuyên nghiệp, thân thiện.- Cơ hội gắn bó và phát triển lâu dài. | Yêu cầu: - Có bằng lái xe hạng [c] trở lên, còn hiệu lực.- Có kinh nghi",lai_xe,TimViec365,https://timviec365.vn/tuyen-tai-xe-lai-xe-p2061671.html,2026-04-15T08:18:23.318749,medium,0.8,trung_binh,False,True,working,OK (200)
labor_timviec365_2061918,Tuyển Nhân Viên Lái Xe B2 Đến D,CÔNG TY TNHH TM DV PHÚ AN KHANG,Giao Tiếp|Lái Xe,Hồ Chí Minh,0,0,full-time,any,0,,"Thỏa thuận | 01/05/2026 | Hồ Chí Minh | Vận tải - Lái xe | Quyền lợi: thu nhập 11-12 triệu.có chế độ cơm trưa, tiền ngoài giờ và phí lưu đêm nếu có phát sinh.không yêu cầu bốc vác, giao hàng.thu nhập 11-12 triệu.có chế độ cơm trưa, tiền ngoài giờ và phí lưu đêm nếu có phát sinh.không yêu cầu bốc vác, giao hàng. | Yêu cầu: lái xe an toàn, trách nhiệm.kỹ năng lái xe tốt.đúng giờ.giữ vệ sinh, bảo quản xe được giao.tác phong nghiêm chỉnh.giao tiếp lịch sự, hòa nhã.ưu tiên nhà gần khu vực q2.liên hệ ",lai_xe,TimViec365,https://timviec365.vn/tuyen-nhan-vien-lai-xe-b2-djen-d-p2061918.html,2026-04-15T08:18:23.322712,easy,0.8,trung_binh,False,True,working,OK (200)
labor_timviec365_2062114,chuyên viên hành chính phụ trách quản lý phương tiện vận tải,Công ty CP Tập đoàn Anpha Petrol.,Phục Vụ|Lái Xe,Hà Nội,20000000,20000000,full-time,any,5,,"20.000.000 VNĐ | 30/05/2026 | Hà Nội | Vận tải - Lái xe | Quyền lợi: tham gia đầy đủ bảo hiểm xã hội theo quy định;tham gia bảo hiểm tai nạn 24h;chế độ khám sức khỏe định kỳ hàng năm;thưởng tháng 13 theo tình hình hoạt động kinh doanh của tập đoàn;chế độ phúc lợi khác: sinh nhật, kết hôn, sinh con, thăm ốm, …;tham gia các hoạt động: company trip, yep, sinh nhật công ty, các hoạt động từ thiện cộng đồng…công ty phục vụ cơm trưa tại nhà ăncung cấp các công cụ và phần mềm làm việc chuyên nghiệp.tha",lai_xe,TimViec365,https://timviec365.vn/chuyen-vien-hanh-chinh-phu-trach-quan-ly-phuong-tien-van-tai-p2062114.html,2026-04-15T08:18:23.330879,hard,0.8,trung_binh,False,True,working,OK (200)
labor_timviec365_2062076,nhân viên giao hàng,Bưu điện tỉnh Bình Định,Lái Xe,Bình Định,15000000,15000000,full-time,any,0,,"15.000.000 VNĐ | 29/05/2026 | Bình Định | Vận tải - Lái xe | Quyền lợi: *  Thưởng chuyên cần, hỗ trợ sử dụng điện thoại thông minh.*  Thưởng lễ, Tết theo quy định của nhà nước.*  Các chế độ bảo hiểm và phúc lợi khác theo quy định của công ty.*  Mức lương: Từ 6.000.000 VNĐ đến 15.000.000 VNĐ.*  Thưởng chuyên cần, hỗ trợ sử dụng điện thoại thông minh.*  Thưởng lễ, Tết theo quy định của nhà nước.*  Các chế độ bảo hiểm và phúc lợi khác theo quy định của công ty.*  Mức lương: Từ 6.000.000 VNĐ đến 15.",lai_xe,TimViec365,https://timviec365.vn/nhan-vien-giao-hang-p2062076.html,2026-04-15T08:18:23.337145,medium,0.8,trung_binh,False,True,working,OK (200)
labor_timviec365_2062055,nhân viên phụ xe,CÔNG TY CỔ PHẦN ĐẦU TƯ XÂY DỰNG THƯƠNG MẠI VÀ DỊCH VỤ XUẤT NHẬP KHẨU CƯỜNG THỊNH PHÁT,Lái Xe,Hà Nội,12000000,12000000,full-time,any,0,,12.000.000 VNĐ | 29/05/2026 | Hà Nội | Vận tải - Lái xe | Quyền lợi: Được đóng bảo hiểm và hưởng lương tháng 13.Được đóng bảo hiểm và hưởng lương tháng 13. | Yêu cầu: Yêu cầu sức khỏe tốt.Yêu cầu sức khỏe tốt.+ Xem thêm | 12.000.000 VNĐ | 29/05/2026 | Hà Nội | Vận tải - Lái xe | Quyền lợi: Được đóng bảo hiểm và hưởng lương tháng 13.Được đóng bảo hiểm và hưởng lương tháng 13. | Yêu cầu: Yêu cầu sức khỏe tốt.Yêu cầu sức khỏe tốt.+ Xem thêm,lai_xe,TimViec365,https://timviec365.vn/nhan-vien-phu-xe-p2062055.html,2026-04-15T08:18:23.343344,easy,0.8,trung_binh,False,True,working,OK (200)
labor_timviec365_2062031,tuyển nhân viên lái xe trộn,Công ty cổ phần bê tông chèm Group,Lái Xe,Hà Nội,0,0,full-time,any,0,,"Thỏa thuận | 28/05/2026 | Hà Nội | Vận tải - Lái xe | Quyền lợi: *  Thưởng vào các dịp lễ, Tết và các chế độ đãi ngộ khác.*  Được hưởng đầy đủ các chế độ phúc lợi theo quy định của Nhà nước (BHYT, BHXH, BHTN...).*  Mức lương: Thỏa thuận.*  Thưởng vào các dịp lễ, Tết và các chế độ đãi ngộ khác.*  Được hưởng đầy đủ các chế độ phúc lợi theo quy định của Nhà nước (BHYT, BHXH, BHTN...).*  Mức lương: Thỏa thuận. | Yêu cầu: *  Đang cập nhật. (Giữ nguyên vì không có thông tin để sửa)*  Đang cập nhật. (G",lai_xe,TimViec365,https://timviec365.vn/tuyen-nhan-vien-lai-xe-tron-p2062031.html,2026-04-15T08:18:23.348910,easy,0.8,trung_binh,False,True,working,OK (200)
labor_timviec365_2061949,nhân viên giao hàng xe tải nước uống đóng bình,Công ty TNHH TM&DV Phát Triển Sunrise Việt Nam,Lái Xe,Đà Nẵng,15000000,15000000,full-time,any,0,,15.000.000 VNĐ | 25/05/2026 | Đà Nẵng | Vận tải - Lái xe | Quyền lợi: thưởng lễ tếtthưởng lương tháng 13thưởng lễ tếtthưởng lương tháng 13 | Yêu cầu: bằng b2chịu khócó sức khỏe tốtcó trách nhiệm với công việcbằng b2chịu khócó sức khỏe tốtcó trách nhiệm với công việc+ Xem thêm | 15.000.000 VNĐ | 25/05/2026 | Đà Nẵng | Vận tải - Lái xe | Quyền lợi: thưởng lễ tếtthưởng lương tháng 13thưởng lễ tếtthưởng lương tháng 13 | Yêu cầu: bằng b2chịu khócó sức khỏe tốtcó trách nhiệm với công việcbằng b2chịu k,lai_xe,TimViec365,https://timviec365.vn/nhan-vien-giao-hang-xe-tai-nuoc-uong-djong-binh-p2061949.html,2026-04-15T08:18:23.354125,medium,0.8,trung_binh,False,True,working,OK (200)
labor_timviec365_2061826,tuyển nhanh _ lái xe tải và phụ xe giao nhận bánh kẹo,CÔNG TY CỔ PHẦN TM ĐẦU TƯ VẬN TẢI TM HƯNG LONG PHÁT,Lái Xe,Bắc Ninh,0,0,full-time,any,0,,"Thỏa thuận | 24/05/2026 | Bắc Ninh | Vận tải - Lái xe | Quyền lợi: được làm việc trong môi trường năng động có cơ hội phát triển bản thân.- được đào tạo kỹ năng và có cơ hội thăng tiến.- được hưởng lương tháng 13 và xét thưởng cuối năm theo thành tíchđóng bhxh, bhyt theo bộ luật lao động. chế độ nghỉ lễ tết, đi du lịch hằng năm.được làm việc trong môi trường năng động có cơ hội phát triển bản thân.- được đào tạo kỹ năng và có cơ hội thăng tiến.- được hưởng lương tháng 13 và xét thưởng cuối năm t",lai_xe,TimViec365,https://timviec365.vn/tuyen-nhanh-lai-xe-tai-va-phu-xe-giao-nhan-banh-keo-p2061826.html,2026-04-15T08:18:23.361666,easy,0.8,trung_binh,False,True,working,OK (200)
labor_timviec365_2061819,tuyển tài xế,Công Ty TNHH JoyWay Global Ventures,Lái Xe|Bằng Lái,Hồ Chí Minh,12000000,12000000,full-time,any,0,,"12.000.000 VNĐ | 22/05/2026 | Hồ Chí Minh | Vận tải - Lái xe | Quyền lợi: Mức lương: Từ 8.000.000 VNĐ đến 12.000.000 VNĐ.Được tham gia đầy đủ bảo hiểm xã hội, bảo hiểm y tế, bảo hiểm thất nghiệp.Môi trường làm việc ổn định, thân thiện và chuyên nghiệp.Mức lương: Từ 8.000.000 VNĐ đến 12.000.000 VNĐ.Được tham gia đầy đủ bảo hiểm xã hội, bảo hiểm y tế, bảo hiểm thất nghiệp.Môi trường làm việc ổn định, thân thiện và chuyên nghiệp. | Yêu cầu: giới tính: nam, sức khỏe tốt.có bằng lái xe phù hợp (b2, c",lai_xe,TimViec365,https://timviec365.vn/tuyen-tai-xe-p2061819.html,2026-04-15T08:18:23.367453,easy,0.8,trung_binh,False,True,working,OK (200)
labor_timviec365_2061670,Nhân viên giao hàng xe tải van 500kg - Mặt hàng trái cây - Đi làm ngay,Biovegi,Lái Xe,Hồ Chí Minh,15000000,15000000,temporary,any,0,,"15 VNĐ | 21/05/2026 | Hồ Chí Minh | Vận tải - Lái xe | Quyền lợi: - mức lương: từ 9,000,000 đến 15,000,000+, tùy theo năng lực - thưởng các ngày lễ, tết, sinh nhật... - tham gia các chương trình du lịch của công ty hằng năm - tham gia đầy đủ các bảo hiểm sau khi ký hợp đồng chính thức - đầy đủ các chế độ thăm hỏi: hiếu, hỷ, đau bệnh... - giờ làm việc: 6h30-11h30, chiều từ 13h-17h. tuần được nghỉ 1 ngày bất kỳ- mức lương: từ 9,000,000 đến 15,000,000+, tùy theo năng lực - thưởng các ngày lễ, tết, ",lai_xe,TimViec365,https://timviec365.vn/nhan-vien-giao-hang-xe-tai-van-500kg-mat-hang-trai-cay-dji-lam-ngay-p2061670.html,2026-04-15T08:18:23.373847,medium,0.3,trung_binh,False,True,working,OK (200)
labor_timviec365_2060724,Tài xế lái xe,Cty tnhh đt pt qt Toàn Thắng,Lái Xe,Hồ Chí Minh,0,0,full-time,any,0,,"Thỏa thuận | 17/05/2026 | Hồ Chí Minh | Vận tải - Lái xe | Quyền lợi: Lương cơ bản 10 triệu, hưởng chế độ bảo hiểm, thưởng lễ tết, phụ cấp vượt km, làm thêm giờ (chi tiết trao đổi trực tiếp).Lương cơ bản 10 triệu, hưởng chế độ bảo hiểm, thưởng lễ tết, phụ cấp vượt km, làm thêm giờ (chi tiết trao đổi trực tiếp). | Yêu cầu: Không hút thuốc.Không hút thuốc.+ Xem thêm | Thỏa thuận | 17/05/2026 | Hồ Chí Minh | Vận tải - Lái xe | Quyền lợi: Lương cơ bản 10 triệu, hưởng chế độ bảo hiểm, thưởng lễ tết, ",lai_xe,TimViec365,https://timviec365.vn/tai-xe-lai-xe-p2060724.html,2026-04-15T08:18:23.380381,easy,0.8,trung_binh,False,True,working,OK (200)
labor_timviec365_2060723,Tuyển Nhân Viên Hiện Trường OPS,CÔNG TY TNHH BROS CARGO VIỆT NAM,Lái Xe,Hà Nội,15000000,15000000,full-time,any,0,,"15.000.000 VNĐ | 17/05/2026 | Hà Nội | Vận tải - Lái xe | Quyền lợi: - Được nhận lương tháng 13, cùng với các chế độ phúc lợi hấp dẫn khác theo quy định của công ty.- Cơ hội xét tăng lương hàng năm, với mức tăng 10% mỗi lần.- Hưởng đầy đủ các chế độ bảo hiểm xã hội, bảo hiểm y tế và các phúc lợi khác theo chính sách của công ty.- Môi trường làm việc ổn định và lâu dài, tạo điều kiện cho sự phát triển cá nhân và nghề nghiệp.- Được nhận lương tháng 13, cùng với các chế độ phúc lợi hấp dẫn khác the",lai_xe,TimViec365,https://timviec365.vn/tuyen-nhan-vien-hien-truong-ops-p2060723.html,2026-04-15T08:18:23.386063,medium,0.8,trung_binh,False,True,working,OK (200)
labor_timviec365_2061179,Tuyển Lái Xe B2,Nguyễn Ngọc Thành,Lái Xe|Bằng Lái,Hải Phòng,0,0,full-time,any,0,,"Thỏa thuận | 08/05/2026 | Hải Phòng | Lao động phổ thông, Vận tải - Lái xe | Quyền lợi: *  Lương thỏa thuận theo năng lực và kinh nghiệm.*  Trao đổi chi tiết khi phỏng vấn.*  Lương thỏa thuận theo năng lực và kinh nghiệm.*  Trao đổi chi tiết khi phỏng vấn. | Yêu cầu: • Nam, từ 35 - 45 tuổi.• Có bằng lái xe B2.• Sức khỏe tốt, chịu được áp lực công việc.• Có kinh nghiệm lái xe gia đình / lái xe cho lãnh đạo.• L&yacute; lịch r&otilde; ràng, không có tiền án, tiền sự.• Tính cách: lịch sự, trung thực",lai_xe,TimViec365,https://timviec365.vn/tuyen-lai-xe-b2-p2061179.html,2026-04-15T08:18:33.613012,easy,0.8,trung_binh,False,True,working,OK (200)
labor_timviec365_2060612,Tuyển nhân viên giao hàng bằng xe máy,CTy TNHH Thiết bị mạng Viễn thông THịnh An,Lái Xe,Hà Nội,0,0,full-time,any,0,,"Thỏa thuận | 27/05/2026 | Hà Nội | Vận tải - Lái xe | Quyền lợi: - Nghỉ vào Chủ nhật và các ngày lễ.- Cơ hội giao hàng Cáp mạng trong nội thành TP Hà Nội khi có đơn, đảm bảo công việc ổn định.- Trong trường hợp công ty không có đơn hàng, bạn sẽ có thời gian nghỉ ngơi hợp lý.- Phù hợp cho những người có sức khỏe trung bình, yêu thích công việc di chuyển.- Phương tiện giao hàng được hỗ trợ xăng và xe của công ty.- Thời gian làm việc linh hoạt từ 8h00 - 12h và 13h30 - 17h00, có thể điều chỉnh theo ",lai_xe,TimViec365,https://timviec365.vn/tuyen-nhan-vien-giao-hang-bang-xe-may-p2060612.html,2026-04-15T08:18:33.616959,easy,0.8,trung_binh,False,True,working,OK (200)
labor_timviec365_2060547,Nhân Viên Lái Xe,Công ty Cổ phần Fecon,Giao Tiếp|Lái Xe|Bằng Lái,Hà Nội,14000000,14000000,full-time,any,5,,"14 VNĐ | 25/05/2026 | Hà Nội | Vận tải - Lái xe | Quyền lợi: *  Thu nhập ổn định, minh bạch: Từ 14 triệu VNĐ.*  Chế độ tăng ca, công tác phí rõ ràng.*  Được cấp xe công ty và bảo dưỡng định kỳ.*  Môi trường làm việc chuyên nghiệp, lịch sự.*  Thu nhập ổn định, minh bạch: Từ 14 triệu VNĐ.*  Chế độ tăng ca, công tác phí rõ ràng.*  Được cấp xe công ty và bảo dưỡng định kỳ.*  Môi trường làm việc chuyên nghiệp, lịch sự. | Yêu cầu: *  Tốt nghiệp THPT (12/12).*  Bằng lái xe hạng B2 trở lên.*  Hiểu biết ",lai_xe,TimViec365,https://timviec365.vn/nhan-vien-lai-xe-p2060547.html,2026-04-15T08:18:33.619823,hard,0.8,trung_binh,False,True,working,OK (200)
labor_timviec365_2060287,Tuyển lái xe cho giám đốc tại Hà Nội,Công ty TNHH thương mại và sản xuất bao bì Nam Khánh,Lái Xe|Bằng Lái,Hà Nội,12000000,12000000,full-time,any,1,,"12.000.000 VNĐ | 19/05/2026 | Hà Nội | Vận tải - Lái xe | Quyền lợi: *  Lương: Từ 10.000.000 VNĐ Đến 12.000.000 VNĐ.*  Thưởng tháng 13.*  Nghỉ chủ nhật.*  Du lịch hàng năm.*  Đóng BHXH, BHYT, BHTN.*  Hỗ trợ ăn trưa.*  Lương: Từ 10.000.000 VNĐ Đến 12.000.000 VNĐ.*  Thưởng tháng 13.*  Nghỉ chủ nhật.*  Du lịch hàng năm.*  Đóng BHXH, BHYT, BHTN.*  Hỗ trợ ăn trưa. | Yêu cầu: *  Bằng lái xe ô tô hợp lệ.*  Ít nhất 1 năm kinh nghiệm lái xe.*  Cẩn thận, trung thực, sạch sẽ, rành đường Hà Nội.*  Bằng lái ",lai_xe,TimViec365,https://timviec365.vn/tuyen-lai-xe-cho-giam-djoc-ha-noi-p2060287.html,2026-04-15T08:18:33.622394,easy,0.8,trung_binh,False,True,working,OK (200)
labor_timviec365_2060271,Tuyển Nhân viên Giao hàng Hỏa tốc,Shopee Express,Lái Xe,,20000000,20000000,full-time,any,0,,"20.000.000 VNĐ | 19/05/2026 | Toàn quốc | Vận tải - Lái xe | Quyền lợi: - Mức thu nhập trung bình từ 15–20 triệu/tháng.- Nếu làm việc hiệu quả, có thể kiếm được từ 500K–700K/ngày với lượng đơn hàng ổn định, không lo thiếu việc.- Địa điểm làm việc gần nhà, với lựa chọn kho theo khu vực, giúp tiết kiệm thời gian di chuyển.- Không bị áp lực doanh số, tạo điều kiện cho nhân viên làm việc thoải mái hơn.- Được đóng bảo hiểm đầy đủ, bao gồm cả bảo hiểm tai nạn lao động, đảm bảo quyền lợi cho nhân viên.",lai_xe,TimViec365,https://timviec365.vn/tuyen-nhan-vien-giao-hang-hoa-toc-p2060271.html,2026-04-15T08:18:33.628011,medium,0.8,trung_binh,False,True,working,OK (200)
labor_timviec365_2060199,Nhân viên lái xe chở hàng,Công ty vận chuyển quốc tế Kango,Lái Xe,Hà Nội,11000000,11000000,full-time,any,0,,"11.000.000 VNĐ | 18/05/2026 | Hà Nội | Vận tải - Lái xe | Quyền lợi: *  Tham gia BHXH, BHYT đầy đủ theo quy định.*  Cơ hội du lịch, nghỉ dưỡng hàng năm.*  Thời gian làm việc: Thứ 2 đến Thứ 7, nghỉ lễ theo quy định của Nhà nước.*  Tham gia BHXH, BHYT đầy đủ theo quy định.*  Cơ hội du lịch, nghỉ dưỡng hàng năm.*  Thời gian làm việc: Thứ 2 đến Thứ 7, nghỉ lễ theo quy định của Nhà nước. | Yêu cầu: *  Trung thực, trách nhiệm, siêng năng.*  Ưu tiên ứng viên có khả năng chịu áp lực cao và linh hoạt về ",lai_xe,TimViec365,https://timviec365.vn/nhan-vien-lai-xe-cho-hang-p2060199.html,2026-04-15T08:18:33.631050,easy,0.8,trung_binh,False,True,working,OK (200)
labor_timviec365_2060027,Tuyển Tài xế BGĐ,Cty CP An Pha Kim,Lái Xe|Bằng Lái,Hồ Chí Minh,0,0,full-time,any,0,,Thỏa thuận | 10/05/2026 | Hồ Chí Minh | Vận tải - Lái xe | Quyền lợi: - Mức lương cứng+ hỗ trợ cơm trưa + chế độ tăng ca + công tác + thưởng riêng- Cơ hội tăng lương dựa trên đánh giá năng lực hàng năm.- Các khoản thưởng vào dịp Lễ Tết và chuyến du lịch hàng năm cho nhân viên.- Chế độ phúc lợi hấp dẫn theo chính sách của Công ty.- Thông tin về phúc lợi được trao đổi thêm trong buổi phỏng vấn.- Mức lương cứng+ hỗ trợ cơm trưa + chế độ tăng ca + công tác + thưởng riêng- Cơ hội tăng lương dựa trên ,lai_xe,TimViec365,https://timviec365.vn/tuyen-tai-xe-bgdj-p2060027.html,2026-04-15T08:18:33.633945,easy,0.8,trung_binh,False,True,working,OK (200)
labor_timviec365_2059903,Tài xế xe tải,Công ty TNHH TMDV Vận Tải Thuỳ An Hưng,Lái Xe|Bằng Lái,Bình Dương,19000000,19000000,full-time,any,2,,19.000.000 VNĐ | 31/05/2026 | Bình Dương | Vận tải - Lái xe | Quyền lợi: Được đóng bảo hiểm đầy đủ.Mức thu nhập từ 11.000.000 VNĐ đến 19.000.000 VNĐ/tháng.Được đóng bảo hiểm đầy đủ.Mức thu nhập từ 11.000.000 VNĐ đến 19.000.000 VNĐ/tháng. | Yêu cầu: Có bằng lái xe hạng B2 trở lên.Có kinh nghiệm lái xe tải từ 1-2 năm.Có sức khỏe tốt và tính trung thực.Có bằng lái xe hạng B2 trở lên.Có kinh nghiệm lái xe tải từ 1-2 năm.Có sức khỏe tốt và tính trung thực.+ Xem thêm | 19.000.000 VNĐ | 31/05/2026 | Bì,lai_xe,TimViec365,https://timviec365.vn/tai-xe-xe-tai-p2059903.html,2026-04-15T08:18:33.636350,medium,0.8,trung_binh,False,True,working,OK (200)
labor_timviec365_2059824,ĐIỀU ĐỘ CONTAINER,CÔNG TY CỔ PHẦN MINH PHƯƠNG LOGISTICS,Giao Tiếp|Lái Xe,Đồng Nai,0,0,full-time,any,0,,"Thỏa thuận | 31/05/2026 | Đồng Nai | Vận tải - Lái xe | Quyền lợi: - Mức lương: Thỏa thuận theo năng lực và kinh nghiệm.- Chế độ bảo hiểm, phúc lợi đầy đủ theo quy định của pháp luật.- Môi trường làm việc năng động, cơ hội thăng tiến trong công việc.- Các quyền lợi khác theo quy định của công ty.- Mức lương: Thỏa thuận theo năng lực và kinh nghiệm.- Chế độ bảo hiểm, phúc lợi đầy đủ theo quy định của pháp luật.- Môi trường làm việc năng động, cơ hội thăng tiến trong công việc.- Các quyền lợi khác",lai_xe,TimViec365,https://timviec365.vn/djieu-djo-container-p2059824.html,2026-04-15T08:18:33.638807,easy,0.8,trung_binh,False,True,working,OK (200)
labor_timviec365_2059797,Tuyển tài xế B2 chạy xe tải nhẹ,Công ty TNHH Sản Xuất Kinh Doanh Nội Thất Tân Á Châu,Lái Xe|Bằng Lái,Hồ Chí Minh,20000000,20000000,full-time,any,0,,"20.000.000 VNĐ | 31/05/2026 | Hồ Chí Minh | Vận tải - Lái xe | Quyền lợi: Lương thưởng hấp dẫn, bao gồm lương tháng 13 và các chế độ thưởng lễ, Tết theo quy định.Tham gia đầy đủ BHXH, BHYT, BHTN theo luật định.Môi trường làm việc năng động, thân thiện, có lộ trình thăng tiến rõ ràng.Cơ hội đào tạo và phát triển bản thân.Lương thưởng hấp dẫn, bao gồm lương tháng 13 và các chế độ thưởng lễ, Tết theo quy định.Tham gia đầy đủ BHXH, BHYT, BHTN theo luật định.Môi trường làm việc năng động, thân thiện,",lai_xe,TimViec365,https://timviec365.vn/tuyen-tai-xe-b2-chay-xe-tai-nhe-p2059797.html,2026-04-15T08:18:33.644931,medium,0.8,trung_binh,False,True,working,OK (200)
labor_timviec365_2059669,Lái xe lãnh đạo,Công ty Cổ phần tập đoàn Hoà Bình Minh,Lái Xe|Bằng Lái,Hà Nội,14000000,14000000,full-time,any,3,,"14.000.000 VNĐ | 31/05/2026 | Hà Nội | Vận tải - Lái xe | Quyền lợi: Mức lương: từ 14.000.000 VNĐ.Được đóng BHXH đầy đủ.Hưởng các chế độ phúc lợi theo quy định của pháp luật.Mức lương: từ 14.000.000 VNĐ.Được đóng BHXH đầy đủ.Hưởng các chế độ phúc lợi theo quy định của pháp luật. | Yêu cầu: Có bằng lái xe hạng B2 trở lên.Kinh nghiệm ít nhất 03 năm lái xe, ưu tiên có kinh nghiệm lái các dòng xe sang.Trung thực, có sức khỏe tốt.Có thể đi công tác các tỉnh khu vực phía Bắc (đi về trong ngày).Ưu tiên",lai_xe,TimViec365,https://timviec365.vn/lai-xe-lanh-djao-p2059669.html,2026-04-15T08:18:33.649830,medium,0.8,trung_binh,False,True,working,OK (200)
labor_timviec365_2059368,Tuyển Tài xế lái xe nhân viên bảo vệ,DOANH NGHIỆP TƯ NHÂN THƯƠNG MẠI DỊCH VỤ SẢN XUẤT HỒNG MỘC,Bảo Vệ|Lái Xe|Bằng Lái,Hồ Chí Minh,20000000,20000000,full-time,any,3,,"20.000.000 VNĐ | 26/05/2026 | Hồ Chí Minh | Bảo vệ, Vận tải - Lái xe | Quyền lợi: 1. Lái xe- Lương cứng 18 triệu- Tham gia đầy đủ chế độ BHXH, BHYT, BHTN theo quy định.- Được nghỉ lễ, Tết theo quy định.- Môi trường làm việc chuyên nghiệp, thân thiện.- Cơ hội gắn bó và phát triển lâu dài.2. Bảo vệ- Mức lương: 13 triệu- Hỗ trợ ăn/ở (nếu có).- Chế độ thưởng lễ, Tết, tăng ca theo quy định.- Được đào tạo nghiệp vụ nếu chưa có kinh nghiệm.- Tham gia BHXH, BHYT, BHTN đầy đủ theo quy định nhà nước.- Môi",lai_xe,TimViec365,https://timviec365.vn/tuyen-tai-xe-lai-xe-nhan-vien-bao-ve-p2059368.html,2026-04-15T08:18:33.653797,medium,0.8,trung_binh,False,True,working,OK (200)
labor_timviec365_2059087,Lái Xe Tải Bằng C,Công ty Cổ phần CKP.,Lái Xe|Bằng Lái,Hà Nội,18000000,18000000,temporary,any,0,,"18.000.000 VNĐ | 20/05/2026 | Hà Nội | Lao động phổ thông, Vận tải - Lái xe, Ô tô - xe máy | Quyền lợi: - Được k&yacute; hợp đồng, BHXH, BHYT theo đúng quy định của nhà nước và của công ty.- Được hưởng đầy đủ chế độ phúc lợi của Công ty và theo quy định của nhà nước: Nghỉ lễ, nghỉ tết, đi nghỉ mát, thưởng lễ tết&hellip;- Thu nhập: từ 16 &ndash; 18 triệu- Môi trường làm việc chuyên nghiệp, thân thiện.- Được ký hợp đồng, BHXH, BHYT theo đúng quy định của nhà nước và của công ty.- Được hưởng đầy đủ",lai_xe,TimViec365,https://timviec365.vn/lai-xe-tai-bang-c-p2059087.html,2026-04-15T08:18:33.657072,medium,0.3,trung_binh,False,True,working,OK (200)
labor_timviec365_2059077,Tuyển Lái Xe Cứu Hộ,Công ty Cổ phần CKP.,Lái Xe|Bằng Lái,Hà Nội,18000000,18000000,temporary,any,0,,"18.000.000 VNĐ | 20/05/2026 | Hà Nội | Lao động phổ thông, Vận tải - Lái xe, Ô tô - xe máy | Quyền lợi: - Được k&yacute; hợp đồng, BHXH, BHYT theo đúng quy định của nhà nước và của công ty.- Được hưởng đầy đủ chế độ phúc lợi của Công ty và theo quy định của nhà nước: Nghỉ lễ, nghỉ tết, đi nghỉ mát, thưởng lễ tết&hellip;- Thu nhập: từ 16 &ndash; 18 triệu- Môi trường làm việc chuyên nghiệp, thân thiện.- Được ký hợp đồng, BHXH, BHYT theo đúng quy định của nhà nước và của công ty.- Được hưởng đầy đủ",lai_xe,TimViec365,https://timviec365.vn/tuyen-lai-xe-cuu-ho-va-lai-xe-tai-bang-c-p2059077.html,2026-04-15T08:18:33.661593,medium,0.3,trung_binh,False,True,working,OK (200)
labor_timviec365_2059372,TUYỂN LÁI XE DỊCH VỤ BẰNG B2,CÔNG TY TNHH TM DV PHÚ AN KHANG,Giao Tiếp|Lái Xe,Hồ Chí Minh,0,0,full-time,any,0,,"Thỏa thuận | 19/05/2026 | Hồ Chí Minh | Vận tải - Lái xe | Quyền lợi: Thu nhập thỏa thuậnCó chế độ cơm trưa, tiền ngoài giờ và phí lưu đêm nếu có phát sinh.Không yêu cầu bốc vác, giao hàng.Địa điểm làm việc: TP.HCM, 193 Trần Não, Thủ Đức.Thu nhập thỏa thuậnCó chế độ cơm trưa, tiền ngoài giờ và phí lưu đêm nếu có phát sinh.Không yêu cầu bốc vác, giao hàng.Địa điểm làm việc: TP.HCM, 193 Trần Não, Thủ Đức. | Yêu cầu: Kỹ năng lái xe tốtĐúng giờGiữ vệ sinh và bảo quản xe được giaoTác phong nghiêm chỉ",lai_xe,TimViec365,https://timviec365.vn/lai-xe-dich-vu-bang-b2-p2059372.html,2026-04-15T08:18:33.665034,easy,0.8,trung_binh,False,True,working,OK (200)
labor_timviec365_2058960,Nhân viên Giao hàng Xe máy,Công ty TNHH SPX Express,Lái Xe|Bằng Lái,Hà Nội,0,0,temporary,any,0,,"Thỏa thuận | 19/05/2026 | Hà Nội | Vận tải - Lái xe | Quyền lợi: - Hỗ trợ đóng BHXH đầy đủ, có lương cứng- Cung cấp trang thiết bị, đồ dùng giao hàng (mũ/áo/sọt). Rider tự chuẩn bị giá/cáng/baga để đựng sọt lên yên xe- Hợp đồng 6 tháng, tự gia hạn 6 tháng tiếp theo không cần ký lại- Hỗ trợ đóng BHXH đầy đủ, có lương cứng- Cung cấp trang thiết bị, đồ dùng giao hàng (mũ/áo/sọt). Rider tự chuẩn bị giá/cáng/baga để đựng sọt lên yên xe- Hợp đồng 6 tháng, tự gia hạn 6 tháng tiếp theo không cần ký lại ",lai_xe,TimViec365,https://timviec365.vn/nhan-vien-giao-hang-xe-may-p2058960.html,2026-04-15T08:18:33.667571,easy,0.3,trung_binh,False,True,working,OK (200)
labor_timviec365_2058920,"Tài xế xe tải (xe van, 1T25, 1T9, 5T, 8T)",Công ty Cổ Phần Giao Hàng Tiết Kiệm,Lái Xe|Bằng Lái,Hồ Chí Minh,16000000,16000000,temporary,any,0,,"16 VNĐ | 17/05/2026 | Hồ Chí Minh | Vận tải - Lái xe | Quyền lợi: *  Thu nhập: Từ 12 VNĐ Đến 16 VNĐ/tháng (hoặc hơn tuỳ năng suất).*  Tham gia đầy đủ BHXH, BHYT, chế độ công đoàn, thưởng lễ Tết.*  Hỗ trợ chi phí khám sức khỏe: 500.000 VNĐ khi ký hợp đồng.*  Phụ cấp tiền trọ: 2-3 triệu VNĐ (nếu chỗ trọ xa kho lấy xe trên 20km, 30km).*  Cọc đầu vào: 1 triệu VNĐ (Tổng cọc 10 triệu VNĐ).*  Thu nhập: Từ 12 VNĐ Đến 16 VNĐ/tháng (hoặc hơn tuỳ năng suất).*  Tham gia đầy đủ BHXH, BHYT, chế độ công đoàn, ",lai_xe,TimViec365,https://timviec365.vn/tai-xe-xe-tai-xe-van-1t25-1t9-5t-8t-p2058920.html,2026-04-15T08:18:33.670078,medium,0.3,trung_binh,False,True,working,OK (200)
labor_timviec365_2058919,Tuyển nhân viên giao vận,Công ty TNHH Công Nghệ Song Hùng,Lái Xe,Hồ Chí Minh,15000000,15000000,full-time,any,0,,"15.000.000 VNĐ | 17/05/2026 | Hồ Chí Minh | Vận tải - Lái xe | Quyền lợi: - Mức lương hấp dẫn cộng phụ cấp: 7.000.000 VNĐ ~ 15.000.000 VNĐ.- Thưởng lương tháng 13 và chế độ phép năm đầy đủ.- Được hưởng đầy đủ các chế độ bảo hiểm xã hội, phúc lợi, và thưởng vào các dịp Lễ Tết.- Tham gia các hoạt động giao lưu, đi nghỉ mát do công ty tổ chức.- Môi trường làm việc chuyên nghiệp, năng động, thân thiện và cởi mở.- Phỏng vấn và đi làm ngay nếu đạt yêu cầu.- Cơ hội công việc ổn định và lâu dài.- Mức lư",lai_xe,TimViec365,https://timviec365.vn/tuyen-nhan-vien-giao-van-p2058919.html,2026-04-15T08:18:33.672763,medium,0.8,trung_binh,False,True,working,OK (200)
labor_timviec365_2058880,Tài Xế Lái Xe Giao Nhận Hàng Hoá Bằng B2,CÔNG TY TNHH NGÂN ANH PHÁT,Lái Xe|Bằng Lái,Đồng Nai,12000000,12000000,temporary,any,0,,"12.000.000 VNĐ | 16/05/2026 | Đồng Nai | Vận tải - Lái xe | Quyền lợi: - Lương theo thỏa thận khi phỏng vấn .- Nhân viên có năng lực tốt , có thể ký hợp đồng chính thức khi chưa hết thời gian thử việc .- Được đóng bảo hiểm theo quy định của pháp luật.- Môi trường làm việc năng động, thân thiện, cơ hội thăng tiến.- Phụ cấp cơm trưa.- Được tham gia đầy đủ BHXH, BHYT,... theo luật lao động Việt Nam- Du lịch hằng năm, thường xuyên tổ chức các hoạt động team building và các hoạt động vui chơi giải tr",lai_xe,TimViec365,https://timviec365.vn/tai-xe-lai-xe-giao-nhan-hang-hoa-bang-b2-p2058880.html,2026-04-15T08:18:33.678444,easy,0.3,trung_binh,False,True,working,OK (200)
labor_timviec365_2057896,Nhân viên giao hàng bằng xe máy,ĐIỆN MÁY TRỌNG TÍN,Lái Xe,Hà Nội,15000000,15000000,full-time,any,0,,"15.000.000 VNĐ | 08/05/2026 | Hà Nội | Vận chuyển giao nhận, Vận tải - Lái xe, Ô tô - xe máy | Quyền lợi: + Lương từ 12.000.000 VNĐ đến 15.000.000 VNĐ kèm phụ cấp, có tay nghề cao có thể lên đến 20.000.000 VNĐ đến 25.000.000 VNĐ + Được đóng bảo hiểm xã hội + Được nghỉ chế độ ngày lễ, tết+ Lương từ 12.000.000 VNĐ đến 15.000.000 VNĐ kèm phụ cấp, có tay nghề cao có thể lên đến 20.000.000 VNĐ đến 25.000.000 VNĐ+ Được đóng bảo hiểm xã hội+ Được nghỉ chế độ ngày lễ, tết | Yêu cầu: + Có điện thoại smar",lai_xe,TimViec365,https://timviec365.vn/nhan-vien-giao-hang-bang-xe-may-p2057896.html,2026-04-15T08:18:33.682934,medium,0.8,trung_binh,False,True,working,OK (200)
labor_timviec365_2058495,Tuyển Nhân Viên Giao Hàng,CTY TNHH LIGHTING & HOME,Lái Xe|Bằng Lái,Hồ Chí Minh,0,0,full-time,any,0,,"Thỏa thuận | 07/05/2026 | Hồ Chí Minh | Vận tải - Lái xe | Quyền lợi: - Mức lương thỏa thuận từ 8 triệu - 12 triệu đồng.- Được hưởng đầy đủ các chế độ đãi ngộ, chế độ tăng lương, thưởng lễ Tết, lương tháng 13 và nghỉ phép theo quy định.- Nhận phụ cấp chuyên cần, xăng xe, cơm trưa và thưởng tháng.- Có cơ hội nhận thưởng thêm nếu hoàn thành công việc xuất sắc hàng tháng.- Làm việc trong môi trường thân thiện, năng động và cởi mở, với nhiều cơ hội học tập và phát triển.- Được công ty hỗ trợ xăng xe",lai_xe,TimViec365,https://timviec365.vn/tuyen-nhan-vien-giao-hang-p2058495.html,2026-04-15T08:18:33.685982,easy,0.8,trung_binh,False,True,working,OK (200)
labor_timviec365_2058362,Tuyển tài xế xe bồn,Công ty côt phần bê tông Terra Yamaken,Lái Xe|Bằng Lái,Hồ Chí Minh,20000000,20000000,full-time,any,0,,"20.000.000 VNĐ | 05/05/2026 | Hồ Chí Minh | Vận tải - Lái xe | Quyền lợi: - Thưởng các dịp lễ lớn như 30/4, 1/5; Tết Dương lịch; Tết âm lịch.- Thưởng cho nhân viên có thành tích xuất sắc trong công việc.- Tặng quà vào các ngày lễ như 1/6, quà cho con của nhân viên có thành tích học tập giỏi; quà tặng trung thu; quà 20/10; quà Tết.- Khám sức khỏe định kỳ để đảm bảo sức khỏe cho nhân viên.- Đóng BHXH đầy đủ theo quy định của nhà nước.- Thưởng các dịp lễ lớn như 30/4, 1/5; Tết Dương lịch; Tết âm lị",lai_xe,TimViec365,https://timviec365.vn/tuyen-tai-xe-xe-bon-p2058362.html,2026-04-15T08:18:33.688462,medium,0.8,trung_binh,False,True,working,OK (200)
labor_timviec365_2058565,Tài Xế Lái Xe Cho Tổng Giám Đốc,CÔNG TY CP CÔNG NGHỆ SAVA META,Phục Vụ|Lái Xe|Bằng Lái,Hà Nội,0,0,full-time,any,0,,"Thỏa thuận | 31/05/2026 | Hà Nội | Vận tải - Lái xe | Quyền lợi: Lương thỏa thuận tùy theo năng lựcĐược đóng BHXH, BHYT, BHTN và được hưởng quyền lợi khác theo quy định của Bộ luật lao độngChế độ nâng lương linh hoạt cùng nhiều khoản thưởng hấp dẫn khác (thưởng Lễ, Tết, thưởng nóng,...)Môi trường làm việc chuyên nghiệpTrao đổi thêm khi phỏng vấnLương thỏa thuận tùy theo năng lựcĐược đóng BHXH, BHYT, BHTN và được hưởng quyền lợi khác theo quy định của Bộ luật lao độngChế độ nâng lương linh hoạt c",lai_xe,TimViec365,https://timviec365.vn/tai-xe-lai-xe-cho-tong-giam-djoc-p2058565.html,2026-04-15T08:18:33.693917,easy,0.8,trung_binh,False,True,working,OK (200)
labor_timviec365_2057948,TUYỂN NHÂN VIÊN GIAO HÀNG,Công ty CPTM Altaco,Lái Xe|Bằng Lái,Hà Nội,9000000,9000000,full-time,any,0,,"9.000.000 VNĐ | 26/05/2026 | Hà Nội | Vận tải - Lái xe | Quyền lợi: Môi trường làm việc: thân thiện, trẻ trung, ổn địnhHưởng đầy đủ các chế độ BHXH &ndash; BHYT &ndash; BHTN theo quy định của Nhà nước.Chế độ phúc lợi: thưởng cuối năm, thưởng ngày lễ, nghỉ phép 12 ngày/năm, du lịch 1,2 lần/nămTham gia các hoạt động tập thể giao lưu trong phòng bạn và Công tyLương cứng + Phụ cấp ( ăn trưa, tiền xăng, hao mòn xe máy, phụ cấp giao hàng ngoài giờ,&hellip;) + KPIs up to 8-9trMôi trường làm việc: thân ",lai_xe,TimViec365,https://timviec365.vn/tuyen-nhan-vien-giao-hang-p2057948.html,2026-04-15T08:18:33.697256,easy,0.8,trung_binh,False,True,working,OK (200)
labor_timviec365_2057894,Tuyển Lái Xe Bằng C,CTY TNHH SẮT THÉP ÁNH BÌNH MINH,Lái Xe,Hồ Chí Minh,14000000,14000000,full-time,any,0,,"14.000.000 VNĐ | 24/05/2026 | Hồ Chí Minh, Bình Dương | Vận chuyển giao nhận, Vận tải - Lái xe, Ô tô - xe máy | Quyền lợi:  - Lương: Từ 12.000.000 vnđ đến 14.00.000 vnđ- Được hưởng đầy đủ các chế độ BHXH, BHYT, BHTN.- Môi trường làm việc thân thiện, ổn định.- Hỗ trợ cơm trưa tại công ty.- Thưởng lễ, Tết, du lịch hằng năm cùng công ty.- Lương:Từ 12.000.000 vnđđến14.00.000 vnđ-Được hưởng đầy đủ các chế độ BHXH, BHYT, BHTN.-Môi trường làm việc thân thiện, ổn định.-Hỗ trợ cơm trưa tại công ty.-Thưởn",lai_xe,TimViec365,https://timviec365.vn/tuyen-lai-xe-bang-c-p2057894.html,2026-04-15T08:18:33.700605,easy,0.8,trung_binh,False,True,working,OK (200)
labor_timviec365_2058309,Tuyển nhân viên giao hàng TN 2 CHỮ SỐ,SPX SHOPEE,Lái Xe,Hà Nội,30000000,30000000,full-time,any,0,,"30.000.000 VNĐ | 22/05/2026 | Hà Nội | Vận tải - Lái xe | Quyền lợi: - Được hưởng BẢO HIỂM TAI NẠN 24/7.- Được tham gia BẢO HIỂM XÃ HỘI.- Có thể tự chọn kho gần nhà, chỉ giao hàng trong khoảng cách ngắn từ 3-5km, không phải đi xa.- Tuyển dụng trên toàn bộ khu vực Hà Nội (bao gồm cả nội thành và ngoại thành).- Được hưởng BẢO HIỂM TAI NẠN 24/7.- Được tham gia BẢO HIỂM XÃ HỘI.- Có thể tự chọn kho gần nhà, chỉ giao hàng trong khoảng cách ngắn từ 3-5km, không phải đi xa.- Tuyển dụng trên toàn bộ khu ",lai_xe,TimViec365,https://timviec365.vn/tuyen-nhan-vien-giao-hang-tn-2-chu-so-p2058309.html,2026-04-15T08:18:43.973178,hard,0.8,trung_binh,False,True,working,OK (200)
labor_timviec365_2058163,Tuyển Tài xế xe máy điện Xanh SM Bike,CÔNG TY CỔ PHẦN DI CHUYỂN XANH VÀ THÔNG MINH GSM,Phục Vụ|Lái Xe,Vũng Tàu,0,0,temporary,any,0,,"Thỏa thuận | 20/05/2026 | Bà Rịa Vũng Tàu | Vận tải - Lái xe | Quyền lợi: Thu nhập thỏa thuận.- Cam kết thu nhập 150.000đ/ngày, chạy đủ là có thưởng.- Thưởng nóng đến 500.000đ khi hoàn thành đủ cuốc trong 30 ngày.- Hoàn phí đồng phục 510.000đ khi hoàn thành 100 cuốc.- Làm thủ lĩnh – Nhận thưởng đến 10 triệu/tháng.- Giới thiệu tài xế – Thưởng đến 100 triệu/tháng!- Có thể rút tiền về tài khoản cá nhân hàng tuần.- Nhận ít nhất 75% doanh số mỗi cuốc xe.- Nhận xe máy điện do công ty cung cấp để sử dụ",lai_xe,TimViec365,https://timviec365.vn/tuyen-tai-xe-xe-may-djien-xanh-sm-bike-p2058163.html,2026-04-15T08:18:43.978848,easy,0.3,trung_binh,False,True,working,OK (200)
labor_timviec365_2057560,Tuyển Lái Xe Tải Nhẹ và Phụ Xe Giao Hàng Bánh Kẹo,CÔNG TY THƯƠNG MẠI CỔ PHẦN VẬN TẢI HOÀNG PHÚ LONG,Lái Xe|Bằng Lái,Hải Dương,13000000,13000000,full-time,any,1,,"13.000.000 VNĐ | 17/05/2026 | Hải Dương | Vận tải - Lái xe | Quyền lợi: Được làm việc trong môi trường năng động có cơ hội phát triển bản thân.- Được đào tạo kỹ năng và có cơ hội thăng tiến.- Được hưởng lương tháng 13 và xét thưởng cuối năm theo thành tíchĐóng BHXH, BHYT theo bộ luật lao động. Chế độ nghỉ lễ Tết, đi du lịch hằng năm.- Được làm việc trong môi trường năng động, trẻ trung, đầy nhiệt HuyếtĐược làm việc trong môi trường năng động có cơ hội phát triển bản thân.- Được đào tạo kỹ năng v",lai_xe,TimViec365,https://timviec365.vn/tuyen-lai-xe-tai-nhe-co-bo-tuc-va-phu-xe-giao-hang-banh-keo-p2057560.html,2026-04-15T08:18:43.982516,easy,0.8,trung_binh,False,True,working,OK (200)
labor_timviec365_2057454,Tuyển Sale B2B - Dịch vụ vận tải,Công ty Cổ phần JobUp,Tiếng Anh|Giao Tiếp|Lái Xe,Hà Nội,30000000,30000000,full-time,any,2,,"30 triệu | 16/05/2026 | Hà Nội | Vận tải - Lái xe | Quyền lợi: Lương cứng: Senior Sale: 15-20M + hoa hồng (thu nhập 28M); Junior/Middle Sale: 8–15M + hoa hồng (thu nhập 15-20M).- Thử việc 2 tháng, lương tính theo bậc và KPI, vẫn được hưởng hoa hồng doanh số trong thời gian thử việc. Sau thử việc sẽ được đánh giá lại để xét lên chính thức và điều chỉnh thu nhập nếu phù hợp (lương thử việc 100%).- Có thưởng nóng khuyến khích cho top sales theo hiệu quả kinh doanh từng tháng, không cố định.- Bảo hi",lai_xe,TimViec365,https://timviec365.vn/tuyen-sale-b2b-dich-vu-van-tai-p2057454.html,2026-04-15T08:18:43.986536,hard,0.8,trung_binh,False,True,working,OK (200)
labor_timviec365_2057282,Nhân viên lái xe tải,Công Ty Cổ Phần Thương Mại Đầu Tư Phát Triển Hồng Quý,Lái Xe,Hồ Chí Minh,10000000,10000000,full-time,any,0,,"10.000.000 VNĐ | 10/05/2026 | Hồ Chí Minh | Vận tải - Lái xe | Quyền lợi: Lương: từ 8 triệuChế độ đãi ngộ: BHXH, BHYT, BHTN...Thưởng Lễ, TếtMôi trường làm việc thân thiện, chuyên nghiệp, làm việc nhóm và học hỏi kiến thức.Được hưởng các khác theo chính sách của công tyLương: từ 8 triệuChế độ đãi ngộ: BHXH, BHYT, BHTN...Thưởng Lễ, TếtMôi trường làm việc thân thiện, chuyên nghiệp, làm việc nhóm và học hỏi kiến thức.Được hưởng các khác theo chính sách của công ty | Yêu cầu: Thông thạo đường trong t",lai_xe,TimViec365,https://timviec365.vn/nhan-vien-lai-xe-tai-p2057282.html,2026-04-15T08:18:43.991081,easy,0.8,trung_binh,False,True,working,OK (200)
labor_timviec365_2056306,Lái xe Cơ giới xe nâng hàng xe điện  xe dầu,"Công ty CP Logistics Cảng Đà Nẵng (Danalog),",Lái Xe,Đà Nẵng,0,0,full-time,any,2,,"Thỏa thuận | 05/05/2026 | Đà Nẵng | Vận tải - Lái xe | Quyền lợi: - Thưởng quý, năm từ 01 tháng lương trở lên.- Phụ cấp đa dạng và đóng BHXH theo quy định.- Quyền lợi chung:- Bảo hiểm sức khỏe cao cấp: Ngoài BHYT, BHXH, BHTN theo quy định, Danalog cung cấp bảo hiểm xã sức khỏe cao cấp bổ sung, giúp an tâm khi gặp rủi ro.- Khám sức khỏe định kỳ chuyên sâu: Được thiết kế riêng cho lái xe, bao gồm các hạng mục kiểm tra chuyên biệt phù hợp với nghề lái xe.- Tham quan du lịch Trong nước & Ngoài nước,",lai_xe,TimViec365,https://timviec365.vn/lai-xe-co-gioi-xe-nang-hang-xe-djien-xe-dau-p2056306.html,2026-04-15T08:18:43.994447,medium,0.8,trung_binh,False,True,working,OK (200)
labor_timviec365_2056305,LÁI XE ĐẦU KÉO SOMI ROMOOC,"Công ty CP Logistics Cảng Đà Nẵng (Danalog),",Lái Xe|Bằng Lái,Đà Nẵng,20000000,20000000,full-time,any,0,,"20.000.000 VNĐ | 05/05/2026 | Đà Nẵng | Vận tải - Lái xe | Quyền lợi: - Lương trung bình từ 20 triệu trở lên.- Thưởng quý, năm từ 01 tháng lương trở lên.- Phụ cấp đa dạng và đóng BHXH theo quy định.- Quyền lợi chung:- Bảo hiểm sức khỏe cao cấp: Ngoài BHYT, BHXH, BHTN theo quy định, Danalog cung cấp bảo hiểm xã sức khỏe cao cấp bổ sung, giúp an tâm khi gặp rủi ro.- Khám sức khỏe định kỳ chuyên sâu: Được thiết kế riêng cho lái xe, bao gồm các hạng mục kiểm tra chuyên biệt phù hợp với nghề lái xe.-",lai_xe,TimViec365,https://timviec365.vn/lai-xe-djau-keo-somi-romooc-p2056305.html,2026-04-15T08:18:43.997957,medium,0.8,trung_binh,False,True,working,OK (200)
labor_timviec365_2057176,Nhân Viên Lái Xe,Công Ty Tnhh Thương Mại Điện Tử Tin Học Ei,Giao Tiếp|Lái Xe|Bằng Lái,Hồ Chí Minh,0,0,full-time,any,3,,"Thỏa thuận | 30/05/2026 | Hồ Chí Minh | Vận tải - Lái xe | Quyền lợi: Mức lương thỏa thuận tùy theo năng lựcTiền phụ trợ khi đi công tác tỉnh, nhiều ngày, ... theo quy định của Công tyBHXH, BHYT, BHTN và chế độ phúc lợi khác theo quy định của pháp luật và Công tyMôi trường làm việc năng động, thân thiện…Mức lương thỏa thuận tùy theo năng lựcTiền phụ trợ khi đi công tác tỉnh, nhiều ngày, ... theo quy định của Công tyBHXH, BHYT, BHTN và chế độ phúc lợi khác theo quy định của pháp luật và Công tyMô",lai_xe,TimViec365,https://timviec365.vn/nhan-vien-lai-xe-p2057176.html,2026-04-15T08:18:44.000778,medium,0.8,trung_binh,False,True,working,OK (200)
labor_timviec365_2057061,Nhân viên kho kiêm giao hàng xe máy,Công Ty Tnhh Dược Phẩm Đức Phúc,Lái Xe,Hà Nội,11000000,11000000,full-time,any,1,,"11.000.000 VNĐ | 27/05/2026 | Hà Nội | Vận tải - Lái xe | Quyền lợi:  - Hưởng các chế độ bảo hiểm theo quy định.- Thưởng năm từ 1 đến 3 tháng lương, chế độ xét tăng lương 6 tháng/lần- Đội ngũ nhân sự trẻ, thân thiện, sẵn sàng hỗ trợ nhau, du lịch 1 năm/lần, teambuilding hàng năm, sinh nhật,...- Hưởng các chế độ bảo hiểm theo quy định.- Thưởng năm từ 1 đến 3 tháng lương, chế độ xét tăng lương 6 tháng/lần- Đội ngũ nhân sự trẻ, thân thiện, sẵn sàng hỗ trợ nhau, du lịch 1 năm/lần, teambuilding hàng ",lai_xe,TimViec365,https://timviec365.vn/nhan-vien-kho-kiem-giao-hang-xe-may-p2057061.html,2026-04-15T08:18:44.004141,easy,0.8,trung_binh,False,True,working,OK (200)
labor_timviec365_2056736,Nhân viên lái xe du lịch & dự án,Công ty cổ phần Phú Mỹ Phát,Lái Xe,Đà Nẵng,0,0,full-time,any,0,,"Thỏa thuận | 21/05/2026 | Đà Nẵng | Vận tải - Lái xe | Quyền lợi: Mức lương cạnh tranh, thưởng theo hiệu quả công việc, làm chuyên cần- Được hưởng đầy đủ chế độ BHXH, BHYT theo quy định- Cơ hội gắn bó lâu dài, ổn địnhMức lương cạnh tranh, thưởng theo hiệu quả công việc, làm chuyên cần- Được hưởng đầy đủ chế độ BHXH, BHYT theo quy định- Cơ hội gắn bó lâu dài, ổn định | Yêu cầu: Không có+ Xem thêm | Thỏa thuận | 21/05/2026 | Đà Nẵng | Vận tải - Lái xe | Quyền lợi: Mức lương cạnh tranh, thưởng theo",lai_xe,TimViec365,https://timviec365.vn/nhan-vien-lai-xe-du-lich-and-du-an-p2056736.html,2026-04-15T08:18:44.012738,easy,0.8,trung_binh,False,True,working,OK (200)
labor_timviec365_2056549,Tuyển Tài Xế Xe Van (950 Kg),Công Ty Cổ Phần Dịch Vụ Giao Hàng Nhanh,Lái Xe|Bằng Lái,Hồ Chí Minh,11000000,11000000,full-time,any,0,,"11.000.000 VNĐ | 18/05/2026 | Hồ Chí Minh | Vận tải - Lái xe | Quyền lợi: Có tham gia BHXHCó tham gia BHXH | Yêu cầu: Bằng lái B2 trở lên- Lấy bằng ít nhất 6 tháng- Chăm chỉ, chịu khó- Siêng năng chạy nhiều COT lương càng caoBằng lái B2 trở lên- Lấy bằng ít nhất 6 tháng- Chăm chỉ, chịu khó- Siêng năng chạy nhiều COT lương càng cao+ Xem thêm | 11.000.000 VNĐ | 18/05/2026 | Hồ Chí Minh | Vận tải - Lái xe | Quyền lợi: Có tham gia BHXHCó tham gia BHXH | Yêu cầu: Bằng lái B2 trở lên- Lấy bằng ít nhất",lai_xe,TimViec365,https://timviec365.vn/tuyen-tai-xe-xe-van-950-kg-p2056549.html,2026-04-15T08:18:44.017614,easy,0.8,trung_binh,False,True,working,OK (200)
labor_timviec365_2056429,Công nhân lái máy,Công ty TNHH Xây dựng và Thương mại Hoàng Hải,Lái Xe,Thái Nguyên,0,0,full-time,any,0,,Thỏa thuận | 17/05/2026 | Thái Nguyên | Vận tải - Lái xe | Quyền lợi: .. | Yêu cầu: Không có+ Xem thêm | Thỏa thuận | 17/05/2026 | Thái Nguyên | Vận tải - Lái xe | Quyền lợi: .. | Yêu cầu: Không có+ Xem thêm,lai_xe,TimViec365,https://timviec365.vn/cong-nhan-lai-may-p2056429.html,2026-04-15T08:18:44.024015,easy,0.8,trung_binh,False,True,working,OK (200)
labor_timviec365_2056390,Lái xe bán tải Toyota Hilux giao hàng tại Hà Nội,Công ty CP Ông già IKA,Lái Xe,Hà Nội,11600000,11600000,full-time,any,0,,"11.600.000 VNĐ | 14/05/2026 | Hà Nội | Vận tải - Lái xe | Quyền lợi: Thu nhập khởi điểm 11.6 triệuChế độ BHXH, ngày nghỉ lễ, nghỉ phép theo quy địnhMôi trường làm việc năng động, thỏa máiThu nhập khởi điểm 11.6 triệuChế độ BHXH, ngày nghỉ lễ, nghỉ phép theo quy địnhMôi trường làm việc năng động, thỏa mái | Yêu cầu: Nam, tuổi từ 45 trở xuống, có bằng B2 trở lênThông thạo đường phố Hà Nội, ưu tiên có kinh nghiệm giao hàng siêu thịChăm chỉ, chịu khó, nhiệt tình, trung thựcCó mong muốn gắn bó lâu dà",lai_xe,TimViec365,https://timviec365.vn/lai-xe-ban-tai-toyota-hilux-giao-hang-tai-ha-noi-p2056390.html,2026-04-15T08:18:44.035926,easy,0.8,trung_binh,False,True,working,OK (200)
labor_timviec365_2056388,Tuyển lái xe cá nhân,Công ty cổ phần BMI polymer,Lái Xe,Hà Nội,8000000,8000000,full-time,any,0,,"8.000.000 VNĐ | 14/05/2026 | Hà Nội | Vận tải - Lái xe | Quyền lợi: Mức lương: Thỏa thuận.- Hưởng các chế độ ngày lễ, Tết theo quy định của công ty.- Môi trường làm việc năng động, hiện đại.- Được đóng bảo hiểm theo quy định của Nhà nước: BHXH, BHYT, BHTN.- Có chỗ ăn, nghỉ cho lái xe.- Được tham gia khám sức khỏe định kỳ hàng năm và hưởng các chế độ khác theo luật lao động.Mức lương: Thỏa thuận.- Hưởng các chế độ ngày lễ, Tết theo quy định của công ty.- Môi trường làm việc năng động, hiện đại.- ",lai_xe,TimViec365,https://timviec365.vn/tuyen-lai-xe-ca-nhan-p2056388.html,2026-04-15T08:18:44.042419,easy,0.8,trung_binh,False,True,working,OK (200)
labor_timviec365_2056378,Tài xế Lái xe Đầu kéo Container,Thái Bình Dương,Giao Tiếp|Lái Xe|Bằng Lái,,40000000,40000000,full-time,any,2,,"40.000.000 VNĐ | 13/05/2026 | Toàn quốc | Vận tải - Lái xe | Quyền lợi:  - Thu nhập: Lương cơ bản từ 15 25 triệu VNĐ/tháng phụ cấp đi đường thưởng hiệu suất (tổng thu nhập có thể đạt 30 40 triệu VNĐ/tháng).  - Chế độ bảo hiểm: Được tham gia đầy đủ BHXH, BHYT, BHTN theo quy định pháp luật.  - Phụ cấp: Hỗ trợ xăng xe, ăn ở khi đi tỉnh, phụ cấp ngày lễ, Tết.  - Chế độ nghỉ ngơi: Nghỉ phép hàng năm, hỗ trợ staycation 1 lần/năm tại các khu nghỉ dưỡng gần thành phố.  - Trang thiết bị: Được lái xe đầu ",lai_xe,TimViec365,https://timviec365.vn/tai-xe-lai-xe-djau-keo-container-p2056378.html,2026-04-15T08:18:44.053681,hard,0.8,trung_binh,False,True,working,OK (200)
labor_timviec365_2056327,Nhân viên lái xe,CÔNG TY TNHH SX TM DV VẠN NGHĨA MIỀN NAM,Lái Xe,Hồ Chí Minh,0,0,full-time,any,3,,"Thỏa thuận | 13/05/2026 | Hồ Chí Minh | Vận tải - Lái xe | Quyền lợi: Theo luật lao động hiện hành: Phép năm, BHXH, BHYT, BHTN,…Phúc lợi theo quy định công ty: thưởng tháng 13, thưởng lễ khác,…Được đi du lịch hàng năm theo tình hình kinh doanh của công ty.Được tăng lương nếu hoàn thành tốt công việc.Theo luật lao động hiện hành: Phép năm, BHXH, BHYT, BHTN,…Phúc lợi theo quy định công ty: thưởng tháng 13, thưởng lễ khác,…Được đi du lịch hàng năm theo tình hình kinh doanh của công ty.Được tăng lươ",lai_xe,TimViec365,https://timviec365.vn/nhan-vien-lai-xe-p2056327.html,2026-04-15T08:18:44.063156,medium,0.8,trung_binh,False,True,working,OK (200)
labor_timviec365_2056287,"Nhân viên vận hành tại Thanh Trì, Hà Nội",Công Ty Cổ Phần Quản Lý Vận Hành Xử Lý Nước Thải Việt Nam,Lái Xe,Hà Nội,10000000,10000000,full-time,any,0,,"10.000.000 VNĐ | 13/05/2026 | Hà Nội | Vận tải - Lái xe | Quyền lợi: Mức lương: 8-10 triệu/thángCông ty tổ chức bữa ăn ca cho CBNV.Du lịch hàng năm.Tham gia BHXH và bảo hiểm con người do công ty tự nguyện mua.Thưởng các ngày lễ trong năm, thưởng tháng lương thứ 13, thưởng Tết Âm lịch.Mức lương: 8-10 triệu/thángCông ty tổ chức bữa ăn ca cho CBNV.Du lịch hàng năm.Tham gia BHXH và bảo hiểm con người do công ty tự nguyện mua.Thưởng các ngày lễ trong năm, thưởng tháng lương thứ 13, thưởng Tết Âm lịch",lai_xe,TimViec365,https://timviec365.vn/nhan-vien-van-hanh-tai-thanh-tri-ha-noi-p2056287.html,2026-04-15T08:18:44.073298,easy,0.8,trung_binh,False,True,working,OK (200)
labor_timviec365_2056257,TUYỂN DỤNG LÁI XE VẬN HÀNH TRANG THIẾT BỊ MẶT ĐẤT,Môi Trường Xanh,Lái Xe,Hồ Chí Minh,22000000,22000000,full-time,any,0,,"22.000.000 VNĐ | 13/05/2026 | Hồ Chí Minh | Vận tải - Lái xe | Quyền lợi: TUYỂN DỤNG LÁI XE VẬN HÀNH TRANG THIẾT BỊ MẶT ĐẤT  – THU NHẬP LÊN ĐẾN ĐẾN 20 TRIỆU – LÀM TRONG SÂN BAY TÂN SƠN NHẤT, HỒ CHÍ MINH.ĐƯỢC ĐÀO TẠO - CHẾ ĐỘ ĐÃI NGỘ TỐT - CÔNG VIỆC ỔN ĐỊNH LÂU DÀIMÔ TẢ CÔNG VIỆC:TUYỂN DỤNG LÁI XE VẬN HÀNH TRANG THIẾT BỊ MẶT ĐẤT  – THU NHẬP LÊN ĐẾN ĐẾN 20 TRIỆU – LÀM TRONG SÂN BAY TÂN SƠN NHẤT, HỒ CHÍ MINH.ĐƯỢC ĐÀO TẠO - CHẾ ĐỘ ĐÃI NGỘ TỐT - CÔNG VIỆC ỔN ĐỊNH LÂU DÀIMÔ TẢ CÔNG VIỆC: | Yêu cầu: Na",lai_xe,TimViec365,https://timviec365.vn/tuyen-dung-lai-xe-van-hanh-trang-thiet-bi-mat-djat-p2056257.html,2026-04-15T08:18:44.083754,medium,0.8,trung_binh,False,True,working,OK (200)
labor_timviec365_2056260,TÀI XẾ XANH SM,Xanh SM,Lái Xe,Đồng Nai,25000000,25000000,full-time,any,0,,25.000.000 VNĐ | 12/05/2026 | Đồng Nai | Vận tải - Lái xe | Quyền lợi:  hấp dẫnThu nhập lên đến15 - 30 triệu/tháng Được hưởng lương cứng và tham gia BHXH Tham gia các chương trình chia sẻ doanh thu và thưởng hấp dẫn Được đào tạo bài bảnhấp dẫnThu nhập lên đến15 - 30 triệu/tháng Được hưởng lương cứng và tham gia BHXH Tham gia các chương trình chia sẻ doanh thu và thưởng hấp dẫn Được đào tạo bài bản | Yêu cầu: Không có+ Xem thêm | 25.000.000 VNĐ | 12/05/2026 | Đồng Nai | Vận tải - Lái xe | Quyền l,lai_xe,TimViec365,https://timviec365.vn/tai-xe-xanh-sm-p2056260.html,2026-04-15T08:18:44.087874,medium,0.8,trung_binh,False,True,working,OK (200)
labor_timviec365_2056097,Tài xế giao hàng xe tải,Công Ty TNHH Sản Xuất Giấy Văn Phòng Phẩm Hoa Sen,Lái Xe,Hồ Chí Minh,0,0,full-time,any,0,,Thỏa thuận | 10/05/2026 | Hồ Chí Minh | Vận tải - Lái xe | Quyền lợi: Lương và chế độ trao đổi khi phỏng vấnLương và chế độ trao đổi khi phỏng vấn | Yêu cầu: Không có+ Xem thêm | Thỏa thuận | 10/05/2026 | Hồ Chí Minh | Vận tải - Lái xe | Quyền lợi: Lương và chế độ trao đổi khi phỏng vấnLương và chế độ trao đổi khi phỏng vấn | Yêu cầu: Không có+ Xem thêm,lai_xe,TimViec365,https://timviec365.vn/tai-xe-giao-hang-xe-tai-p2056097.html,2026-04-15T08:18:44.090871,easy,0.8,trung_binh,False,True,working,OK (200)
labor_timviec365_2055984,TÀI XẾ ĐẦU KÉO,công ty cổ phần việt hoa phát,Lái Xe,Đồng Nai,0,0,full-time,any,0,,"Thỏa thuận | 06/05/2026 | Đồng Nai | Vận tải - Lái xe | Quyền lợi: THAM GIA BHXH, LƯƠNG THÁNG 13THAM GIA BHXH, LƯƠNG THÁNG 13 | Yêu cầu: TÀI XẾ FC , CHẠY HÀNG HOÁ CHẤT Ở LẠI ĐÊM, CÓ SỨC KHOẺTÀI XẾ FC , CHẠY HÀNG HOÁ CHẤT Ở LẠI ĐÊM, CÓ SỨC KHOẺ+ Xem thêm | Thỏa thuận | 06/05/2026 | Đồng Nai | Vận tải - Lái xe | Quyền lợi: THAM GIA BHXH, LƯƠNG THÁNG 13THAM GIA BHXH, LƯƠNG THÁNG 13 | Yêu cầu: TÀI XẾ FC , CHẠY HÀNG HOÁ CHẤT Ở LẠI ĐÊM, CÓ SỨC KHOẺTÀI XẾ FC , CHẠY HÀNG HOÁ CHẤT Ở LẠI ĐÊM, CÓ SỨC KHOẺ+",lai_xe,TimViec365,https://timviec365.vn/tai-xe-djau-keo-p2055984.html,2026-04-15T08:18:44.093729,easy,0.8,trung_binh,False,True,working,OK (200)
labor_timviec365_2055855,Nhân viên Lái xe Văn phòng,Công ty cổ phần Công nghệ HTECOM,Tiếng Anh|Giao Tiếp|Phục Vụ|Bảo Vệ|Lái Xe,Hà Nội,12000000,12000000,full-time,any,3,,"12 VNĐ | 05/05/2026 | Hà Nội | Vận tải - Lái xe | Quyền lợi: - Được điều chỉnh lương khi đủ 12 tháng làm việc và vào kỳ điều chỉnh lương của công ty 01 lần/ năm vào tháng 04 hàng năm.- Chế độ bảo hiểm và phúc lợi đầy đủ theo quy định pháp luật. Được tham gia BHXH, BHYT, BHTN trong thời gian thử việc 2 tháng.- Chế độ nghỉ lễ, Tết, ốm đau, hiếu hỉ, thăm nom, ... theo quy định của Công ty và Pháp luật.- Vui lòng gửi CV và thư xin việc đến email: info@htecom.vn hoặc qua Zalo theo số điện thoại: 0976",lai_xe,TimViec365,https://timviec365.vn/nhan-vien-lai-xe-van-phong-p2055855.html,2026-04-15T08:18:44.101125,medium,0.8,trung_binh,False,True,working,OK (200)
labor_timviec365_2055804,TUYỂN DỤNG 2 TÀI XẾ DẤU D CHỞ HÀNG CHO CÔNG TY,TNHH BILLIARDS HOÀNG GIA,Lái Xe,Hồ Chí Minh,100000000,100000000,full-time,any,0,,100.000 VNĐ | 04/05/2026 | Hồ Chí Minh | Vận tải - Lái xe | Quyền lợi: Lương cứng 10.000.000dLương cứng 10.000.000d | Yêu cầu: Không có+ Xem thêm | 100.000 VNĐ | 04/05/2026 | Hồ Chí Minh | Vận tải - Lái xe | Quyền lợi: Lương cứng 10.000.000dLương cứng 10.000.000d | Yêu cầu: Không có+ Xem thêm,lai_xe,TimViec365,https://timviec365.vn/tuyen-dung-2-tai-xe-dau-d-cho-hang-cho-cong-ty-p2055804.html,2026-04-15T08:18:44.107022,hard,0.8,trung_binh,False,True,working,OK (200)
labor_timviec365_2055786,Kĩ thuật viên sửa chữa xe máy yamaha,Yamaha an phú,Lái Xe,Hồ Chí Minh,0,0,full-time,any,0,,"Thỏa thuận | 04/05/2026 | Hồ Chí Minh | Vận tải - Lái xe | Quyền lợi: Theo chế độ công ty. Thưởng doanh số, chuyên cần, lễ TếtĐược đào tạo nâng cao tay nghề bởi Yamaha Việt NamMôi trường làm việc chuyên nghiệp, thân thiệnCơ hội thăng tiến lên Tổ trưởng kỹ thuật/Quản lý xưởngTheo chế độ công ty.Thưởng doanh số, chuyên cần, lễ TếtĐược đào tạo nâng cao tay nghề bởi Yamaha Việt NamMôi trường làm việc chuyên nghiệp, thân thiệnCơ hội thăng tiến lên Tổ trưởng kỹ thuật/Quản lý xưởng | Yêu cầu:  Trung th",lai_xe,TimViec365,https://timviec365.vn/ki-thuat-vien-sua-chua-xe-may-yamaha-p2055786.html,2026-04-15T08:18:44.114660,easy,0.8,trung_binh,False,True,working,OK (200)
labor_timviec365_2055701,Nhân viên giao nhận suất ăn,Công Ty TNHH Thực Phẩm Dinh Dưỡng Y Học Sài Gòn,Lái Xe,Hồ Chí Minh,7000000,7000000,full-time,any,0,,7.000.000 VNĐ | 31/05/2026 | Hồ Chí Minh | Vận tải - Lái xe | Quyền lợi: Lương: 7.000.000đ/tháng - Được mua BHYT sau 1 tháng làm việcLương: 7.000.000đ/tháng - Được mua BHYT sau 1 tháng làm việc | Yêu cầu: Không có+ Xem thêm | 7.000.000 VNĐ | 31/05/2026 | Hồ Chí Minh | Vận tải - Lái xe | Quyền lợi: Lương: 7.000.000đ/tháng - Được mua BHYT sau 1 tháng làm việcLương: 7.000.000đ/tháng - Được mua BHYT sau 1 tháng làm việc | Yêu cầu: Không có+ Xem thêm,lai_xe,TimViec365,https://timviec365.vn/nhan-vien-giao-nhan-suat-an-p2055701.html,2026-04-15T08:18:44.118297,easy,0.8,trung_binh,False,True,working,OK (200)
labor_timviec365_2066897,🚨 TUYỂN NV KINH DOANH – THU NHẬP 8–35TR,CÔNG TY CỔ PHẦN ĐẦU TƯ VÀ PHÁT TRIỂN NGÔI SAO HOÀNG GIA,Excel|Word|Giao Tiếp|Word|Lái Xe,Hồ Chí Minh,8000000,35000000,full-time,any,2,,"Từ 8.000.000 VNĐ Đến 35.000.000 VNĐ | 07/05/2026 | Hồ Chí Minh | Nhân viên kinh doanh, Tư vấn, Việc làm bán hàng | Quyền lợi: • Thu nhập hấp dẫn: Lương cứng + % hoa hồng doanh số + thưởng. Tổng thu nhập có thể (8 tr - 35 tr đ/ tháng) • Được đào tạo bài bản về sản phẩm và kỹ năng bán hàng. • Môi trường làm việc năng động, chuyên nghiệp. • Hưởng đầy đủ chế độ BHXH, BHYT, các phúc lợi theo quy định.• Thu nhập hấp dẫn: Lương cứng + % hoa hồng doanh số + thưởng. Tổng thu nhập có thể (8 tr - 35 tr đ/ ",ban_hang,TimViec365,https://timviec365.vn/tuyen-nv-kinh-doanh-thu-nhap-8-35tr-p2066897.html,2026-04-15T08:18:58.481900,hard,0.8,trung_binh,False,True,working,OK (200)
labor_timviec365_2066806,NHÂN VIÊN KINH DOANH Ô TÔ FORD,Công Ty cổ phần Hà Thành Ô Tô,Giao Tiếp|Lái Xe|Bằng Lái,Hà Nội,15000000,20000000,full-time,any,0,,"15 - 20 triệu | 04/05/2026 | Hà Nội | Nhân viên kinh doanh, Tư vấn, Việc làm bán hàng | Quyền lợi: - Thu nhập trung bình: 20 triệu/tháng trở lên (Lương cứng + Hoa hồng theo xe + Thưởng) - Thưởng tháng/quý cho nhân sự đạt thành tích xuất sắc - Đóng BHXH, BHYT, BHTN đầy đủ theo quy định - Được đào tạo bài bản về sản phẩm, kỹ năng bán hàng - Môi trường làm việc chuyên nghiệp, trẻ trung - Lộ trình thăng tiến rõ ràng (Sales → Trưởng nhóm → Quản lý)- Thu nhập trung bình: 20 triệu/tháng trở lên (Lương ",ban_hang,TimViec365,https://timviec365.vn/nhan-vien-kinh-doanh-o-to-ford-p2066806.html,2026-04-15T08:18:58.485573,medium,0.8,trung_binh,False,True,working,OK (200)
labor_timviec365_2066025,🔥 TUYỂN NHÂN VIÊN KINH DOANH THU NHẬP 10 ĐẾN 20TR – KHÔNG ĐI THỊ TRƯỜNG,CÔNG TY TNHH THƯƠNG MẠI VÀ DỊCH VỤ NTV VINA,Chăm Sóc,Hà Nội,10000000,20000000,full-time,any,0,,"Từ 10.000.000 VNĐ Đến 20.000.000 VNĐ | 04/05/2026 | Hà Nội | Nhân viên kinh doanh, Tư vấn, Việc làm bán hàng | Quyền lợi: - Lương cơ bản: 7 triệu + Hoa hồng + Thưởng KPI  Thu nhập trung bình: 10 – 18 triệu/tháng (tùy năng lực)  Thử việc 02 tháng (85% lương)  Thưởng doanh số tháng / quý  Thưởng cuối năm + thưởng doanh số năm  Đóng BHXH đầy đủ theo quy định  Môi trường làm việc trẻ trung – năng động – ổn định lâu dài  Công việc trao đổi thêm khi phỏng vấn trực tiếp.- Lương cơ bản: 7 triệu + Hoa hồ",ban_hang,TimViec365,https://timviec365.vn/tuyen-nhan-vien-kinh-doanh-thu-nhap-10-djen-18tr-khong-dji-thi-truong-p2066025.html,2026-04-15T08:18:58.493798,medium,0.8,trung_binh,False,True,working,OK (200)
labor_timviec365_2066626,TUYỂN DỤNG NHÂN VIÊN ĐẶT HÀNG LÀM Ở QUỐC OAI,Công ty TNHH Việt Thái,,Hà Nội,10000000,15000000,full-time,any,1,,"Từ 10.000.000 VNĐ Đến 15.000.000 VNĐ | 30/04/2026 | Hà Nội | Nhân sự, Việc làm bán hàng, Vật tư - Thiết bị | Quyền lợi: 💰 Mức lương: 10 – 15 triệu/tháng 📄 Được đóng bảo hiểm theo quy định của Nhà nước 🏖️ Nghỉ mát hàng năm 🎁 Thưởng theo quy định💰 Mức lương: 10 – 15 triệu/tháng📄 Được đóng bảo hiểm theo quy định của Nhà nước🏖️ Nghỉ mát hàng năm🎁 Thưởng theo quy định | Yêu cầu: - Có tối thiểu 1 năm kinh nghiệm ở vị trí tương đương - Có khả năng làm việc độc lập và phối hợp tốt với các phòng ban- Có ",ban_hang,TimViec365,https://timviec365.vn/tuyen-dung-nhan-vien-djat-hang-lam-o-quoc-oai-p2066626.html,2026-04-15T08:18:58.501282,medium,0.8,trung_binh,False,True,working,OK (200)
labor_timviec365_2065947,TUYỂN NHÂN VIÊN BÁN HÀNG MỸ PHẨM NV NAM KHO lương hấp dẫn,Xuka shop,,Hồ Chí Minh,10000000,10000000,full-time,any,0,,Từ 10.000.000 VNĐ | 20/04/2026 | Hồ Chí Minh | Việc làm bán hàng | Quyền lợi: - ✨ Thu nhập hấp dẫn – ổn định Nhân viên bán hàng: Lương thử việc: 10.000.000đ Sau 2 tháng thử việc: 12.000.000đ – 17.000.000đ tùy năng lực Thưởng doanh số hàng tháng Nhân viên nam kho: Lương thử việc: 10.000.000đ Lương chính thức: 11.000.000đ 📈 Tăng lương định kỳ Mỗi năm tăng lương thêm 500.000đ 💄 Ưu đãi cho nhân viên Được mua mỹ phẩm với giá ưu đãi để sử dụng cá nhân. 💋 Hỗ trợ phát triển nghề nghiệp Hỗ trợ thợ make u,ban_hang,TimViec365,https://timviec365.vn/tuyen-nhan-vien-ban-hang-my-pham-nv-nam-kho-luong-hap-dan-p2065947.html,2026-04-15T08:18:58.508279,easy,0.8,trung_binh,False,True,working,OK (200)
labor_timviec365_2067087,Nhân Viên Kinh Doanh,Công ty CP Đầu tư & Phát triển Thế Giới Đất Việt,Giao Tiếp,Hồ Chí Minh,15000000,20000000,full-time,any,0,,"15 - 20 triệu | 14/05/2026 | Hồ Chí Minh | Nhân viên kinh doanh, Tư vấn, Việc làm bán hàng | Quyền lợi: • Lương Thử việc: 6.500.000đ/tháng (6.000.000đ + 500.000đ tiền chuyên cần) • Lương Chính thức: 7.500.000đ (7.500.000đ + 500.000đ tiền chuyên cần) + 1.000.000đ/tháng hỗ trợ Marketing + Chế độ BHXH theo chính sách công ty • Hoa hồng kinh doanh: Tùy theo từng dự án • Các khoản thưởng khác : Tùy theo dự án & tùy thời điểm• Lương Thử việc: 6.500.000đ/tháng (6.000.000đ + 500.000đ tiền chuyên cần)• L",ban_hang,TimViec365,https://timviec365.vn/nhan-vien-kinh-doanh-p2067087.html,2026-04-15T08:18:58.513039,medium,0.8,trung_binh,False,True,working,OK (200)
labor_timviec365_2066817,TUYỂN GẤP NHÂN VIÊN BÁN HÀNG - NHÂN VIÊN CONTENT MEDIA,CÔNG TY TNHH SHOP CÔNG NGHỆ,,,8000000,8000000,full-time,any,0,,"Từ 8.000.000 VNĐ | 14/05/2026 | Lâm Đồng | Việc làm bán hàng | Quyền lợi: - Thưởng tết, đóng BHXH, đầy đủ theo các chế độ của nhà nước - Tất cả ngày lễ đi làm đều 300% lương- Thưởng tết, đóng BHXH, đầy đủ theo các chế độ của nhà nước- Tất cả ngày lễ đi làm đều 300% lương | Yêu cầu: - Làm việc xoay ca, 2 tuần đổi ca 1 lần Ca1: 7g30-14g30 Ca2: 13:30- 20g30 Tháng được nghỉ 3 ngày- Làm việc xoay ca, 2 tuần đổi ca 1 lầnCa1: 7g30-14g30Ca2: 13:30- 20g30Tháng được nghỉ 3 ngày+ Xem thêm | Từ 8.000.000 VN",ban_hang,TimViec365,https://timviec365.vn/tuyen-gap-nhan-vien-ban-hang-nhan-vien-content-media-p2066817.html,2026-04-15T08:18:58.517516,easy,0.8,trung_binh,False,True,working,OK (200)
labor_timviec365_2066993,TUYỂN NHÂN VIÊN BÁN HÀNG BIẾT TIẾNG ANH -PHÁP-NHẬT-TRUNG LƯƠNG TỪ 9-13 TRIỆU,CÔNG TY TNHH MỘT THÀNH VIÊN HƯNG PHÁT AN,Tiếng Anh|Giao Tiếp,Ninh Bình,9000000,13000000,full-time,any,0,,"Từ 9.000.000 VNĐ Đến 13.000.000 VNĐ | 08/05/2026 | Ninh Bình | Việc làm bán hàng | Quyền lợi: -Lương : từ 9-13 triệu  -Được đào tạo kỹ năng bán hàng -Môi trường làm việc trẻ trung, năng động -Có cơ hội thăng tiến lên trưởng nhóm/quản lý-Lương : từ 9-13 triệu-Được đào tạo kỹ năng bán hàng-Môi trường làm việc trẻ trung, năng động-Có cơ hội thăng tiến lên trưởng nhóm/quản lý | Yêu cầu: -Nam/Nữ, không yêu cầu kinh nghiệm (có đào tạo) -Giao tiếp tốt, nhanh nhẹn, thân thiện -Có tinh thần trách nhiệm, ",ban_hang,TimViec365,https://timviec365.vn/tuyen-nhan-vien-ban-hang-luong-tu-trieu-p2066993.html,2026-04-15T08:18:58.523911,easy,0.8,trung_binh,False,True,working,OK (200)
labor_timviec365_2066744,NHÂN VIÊN KINH DOANH XE OTÔ CŨ,AN ĐÔ FORD - ĐẠI LÝ ỦY QUYỀN FORD VIỆT NAM,,Hà Nội,15000000,20000000,full-time,any,0,,"15 - 20 triệu | 02/05/2026 | Hà Nội, Phú Thọ | Nhân viên kinh doanh, Tư vấn, Việc làm bán hàng | Quyền lợi: Lương cứng + Doanh thu / Doanh số (trao đổi cụ thể khi phỏng vấn): trung bình 15-20 triệu, bán tốt lương cao hơn rất nhiều. Được đào tạo bài bản về sản phẩm & kỹ năng bán hàng Chế độ đầy đủ: BHYT, BHXH, thưởng Lễ – Tết, thưởng theo năng lực Môi trường chuyên nghiệp, lộ trình phát triển sự nghiệp rõ ràngLương cứng + Doanh thu / Doanh số (trao đổi cụ thể khi phỏng vấn): trung bình 15-20 triệ",ban_hang,TimViec365,https://timviec365.vn/nhan-vien-kinh-doanh-xe-oto-cu-p2066744.html,2026-04-15T08:18:58.528610,medium,0.8,trung_binh,False,True,working,OK (200)
labor_timviec365_2067079,NHÂN VIÊN KINH DOANH THIẾT BỊ Y TẾ,Công ty TNHH Thiết bị và Công nghệ Thú Y Việt Nam,,Cần Thơ,10000000,30000000,full-time,any,0,,"Từ 10.000.000 VNĐ Đến 30.000.000 VNĐ | 14/05/2026 | Cần Thơ | Nhân viên kinh doanh, Tư vấn, Việc làm bán hàng | Quyền lợi: • Thu nhập: 10 - 30tr (có thưởng doanh số và hiệu suất làm việc) • Làm việc giờ hành chính 8h00-17h30, nghỉ chiều T7, CN • Tham gia BHXH, nghỉ phép, thưởng lễ Tết, teambulding, khám sức khỏe định kỳ,…theo quy định • Hưởng các loại phụ cấp điện thoại, công tác phí, theo quy định Công ty • Chế độ tăng lương thưởng đột xuất hoặc định kỳ theo năng lực làm việc • Được làm việc tr",ban_hang,TimViec365,https://timviec365.vn/nhan-vien-kinh-doanh-thiet-bi-y-te-p2067079.html,2026-04-15T08:18:58.533580,hard,0.8,trung_binh,False,True,working,OK (200)
labor_timviec365_2067058,Nhân Viên Kinh Doanh,công ty TNHH thương mại dịch vụ điện mặt trời hải phát solar việt nam,,Hà Nội,6000000,6000000,temporary,any,0,,"Từ 6.000.000 VNĐ | 14/05/2026 | Hà Nội | Việc làm bán hàng | Quyền lợi: Được thường lương doanh số, làm tốt và gắn bó với công ty sẽ ký hợp đồng chính thước. đóng BHXH, BHYT, BHTN… và các chế độ phúc lợiĐược thường lương doanh số, làm tốt và gắn bó với công ty sẽ ký hợp đồng chính thước. đóng BHXH, BHYT, BHTN… và các chế độ phúc lợi | Yêu cầu: Không có+ Xem thêm | Từ 6.000.000 VNĐ | 14/05/2026 | Hà Nội | Việc làm bán hàng | Quyền lợi: Được thường lương doanh số, làm tốt và gắn bó với công ty sẽ ",ban_hang,TimViec365,https://timviec365.vn/nhan-vien-kinh-doanh-p2067058.html,2026-04-15T08:18:58.537788,easy,0.3,trung_binh,False,True,working,OK (200)
labor_timviec365_2067044,NHÂN VIÊN CỬA HÀNG,CÔNG TY TRÁCH NHIỆM HỮU HẠN PELO,Phục Vụ,Hà Nội,0,0,full-time,any,0,,"Từ 0 VNĐ Đến 0 VNĐ | 13/05/2026 | Hà Nội, Hồ Chí Minh | Phục vụ - Tạp vụ, Việc làm bán hàng | Quyền lợi: - Đánh giá tăng lương sau 6 tháng - Thưởng doanh thu, thưởng chuyên cần, thưởng top nhân viên - Thưởng cuối năm: thâm niên + lương tháng 13 (mức thưởng căn cứ theo doanh thu cửa hàng) + quà tết- Đánh giá tăng lương sau 6 tháng- Thưởng doanh thu, thưởng chuyên cần, thưởng top nhân viên- Thưởng cuối năm: thâm niên + lương tháng 13 (mức thưởng căn cứ theo doanh thu cửa hàng) + quà tết | Yêu cầu:",ban_hang,TimViec365,https://timviec365.vn/nhan-vien-cua-hang-p2067044.html,2026-04-15T08:18:58.542207,easy,0.8,trung_binh,False,True,working,OK (200)
labor_timviec365_2067033,Nhân Viên Sales (bán Hàng Gỗ Nội Thất),CÔNG TY TRÁCH NHIỆM HỮU HẠN GỖ VIỆT TÚ,Tiếng Anh,Hồ Chí Minh,20000000,35000000,full-time,any,1,,"Từ 20.000.000 VNĐ Đến 35.000.000 VNĐ | 13/05/2026 | Hồ Chí Minh | Việc làm bán hàng | Quyền lợi: -	Thu nhập: từ 20 – 35 triệu (Lương thỏa thuận + Phụ Cấp + Năng Suất)-	Làm việc 26 ngày công/tháng-	Ngày nghỉ: Lễ, Tết, Phép theo quy định nhà nước -	Tham gia BH theo Luật LĐ Việt Nam (BHXH, BHYT, BHTN)-	Lương tháng 13 (theo quy định công ty) + thưởng KPI-	Tăng lương định kỳ hàng năm.-	Môi trường làm việc thân thiện, năng động, thoải mái.-	Thu nhập: từ 20 – 35 triệu (Lương thỏa thuận + Phụ Cấp + Năng",ban_hang,TimViec365,https://timviec365.vn/nhan-vien-sales-ban-hang-go-noi-that-p2067033.html,2026-04-15T08:18:58.545526,hard,0.8,trung_binh,False,True,working,OK (200)
labor_timviec365_2067026,Trưởng Phòng Kinh Doanh,CÔNG TY TNHH MTV NAM GIA PHÁT,,Hồ Chí Minh,30000000,30000000,full-time,any,0,,"Từ 30.000.000 VNĐ | 13/05/2026 | Hồ Chí Minh | Việc làm bán hàng | Quyền lợi: Thu nhập từ 30 triệu/tháng trở lên (không giới hạn)Hỗ trợ tài chính xây dựng đội ngũ (181 triệu)Môi trường phát triển lên cấp quản lý cao hơnThu nhập từ 30 triệu/tháng trở lên (không giới hạn)Hỗ trợ tài chính xây dựng đội ngũ (181 triệu)Môi trường phát triển lên cấp quản lý cao hơn | Yêu cầu: Có kinh nghiệm kinh doanh/quản lý là lợi thếCó tư duy phát triển đội nhóm, nghiêm túc với thu nhậpCó kinh nghiệm kinh doanh/quản",ban_hang,TimViec365,https://timviec365.vn/truong-phong-kinh-doanh-p2067026.html,2026-04-15T08:18:58.550027,hard,0.8,trung_binh,False,True,working,OK (200)
labor_timviec365_2066988,Nhân viên Livestream,CÔNG TY TNHH XUẤT NHẬP KHẨU HẰNG LÊ,Giao Tiếp,Hồ Chí Minh,9000000,12000000,full-time,any,0,,"Từ 9.000.000 VNĐ Đến 12.000.000 VNĐ | 10/05/2026 | Hồ Chí Minh | Việc làm bán hàng | Quyền lợi: THU NHẬPThu nhập: 9 - 12 triệu VNDLương cứng không phụ thuộc doanh sốQUYỀN LỢILương 9.000.000 – 12.000.000 đồng/tháng hoặc có thể thỏa thuận theo năng lực.Làm tốt sẽ hỗ trợ trách nhiệm: 1.8400******.000 đồng theo năng lựcHỗ trợ cơm: 30.000 đồng/ngàyThưởng KPI hằng thángThưởng Tháng 13, Thưởng riêng của BGĐXét tăng lương 1 lần/nămQuà sinh nhật, ốm đau, hiếu hỉChế độ lương thưởng và chế độ phúc lợi, tha",ban_hang,TimViec365,https://timviec365.vn/nhan-vien-livestream-p2066988.html,2026-04-15T08:18:58.554365,easy,0.8,trung_binh,False,True,working,OK (200)
labor_timviec365_2066971,Nhân viên kinh doanh căn hộ cao cấp,Công ty cổ phần Bất động sản Phoenix Property,,Đà Nẵng,0,0,full-time,any,0,,"Thỏa Thuận | 10/05/2026 | Đà Nẵng | Việc làm bán hàng | Quyền lợi: •Tham gia teambuilding, du lịch, sự kiện,.. •Thưởng lễ, tết, đóng BHXH theo quy định Nhà nước. •Môi trường thân thiện – năng động – chuyên nghiệp – hiện đại.•Tham gia teambuilding, du lịch, sự kiện,..•Thưởng lễ, tết, đóng BHXH theo quy định Nhà nước.•Môi trường thân thiện – năng động – chuyên nghiệp – hiện đại. | Yêu cầu: •Ưu tiên ứng viên có kinh nghiệm trong lĩnh vực Sales•Ưu tiên ứng viên có kinh nghiệm trong lĩnh vực Sales+ X",ban_hang,TimViec365,https://timviec365.vn/nhan-vien-kinh-doanh-can-ho-cao-cap-p2066971.html,2026-04-15T08:18:58.560646,easy,0.8,trung_binh,False,True,working,OK (200)
labor_timviec365_2066959,Nhân viên Kinh doanh,CÔNG TY TNHH PEONY VIỆT NAM,,Hồ Chí Minh,0,0,full-time,any,0,,"Thỏa Thuận | 09/05/2026 | Hồ Chí Minh | Việc làm bán hàng | Quyền lợi: QUYỀN LỢI CHUNG- Được hưởng lương + thưởng hấp dẫn- Được mua hàng với giá nhân viên- Được xét duyệt tăng lương 1 lần/năm.CƠ SỞ LÀM VIỆC: 330 Phan Xích Long, Phường 7, Quận Phú NhuậnQUYỀN LỢI CHUNG- Được hưởng lương + thưởng hấp dẫn- Được mua hàng với giá nhân viên- Được xét duyệt tăng lương 1 lần/năm.CƠ SỞ LÀM VIỆC: 330 Phan Xích Long, Phường 7, Quận Phú Nhuận | Yêu cầu: YÊU CẦU CÔNG VIỆC- Thời gian làm việc:+ Fulltime: 9 tiế",ban_hang,TimViec365,https://timviec365.vn/nhan-vien-kinh-doanh-p2066959.html,2026-04-15T08:18:58.565553,easy,0.8,trung_binh,False,True,working,OK (200)
labor_timviec365_2066924,Telesales Bất Động Sản,Công ty TNHH TMDV MHREAL,,Hồ Chí Minh,0,0,full-time,any,0,,"Thỏa Thuận | 08/05/2026 | Hồ Chí Minh | Việc làm bán hàng | Quyền lợi: Thu nhập: 6–8 triệu/tháng + 200k/cuộc hẹn thành công + hoa hồngCó sẵn data, không cần tìm kháchBao suất ăn trưaĐược hỗ trợ trong quá trình làm việcThu nhập: 6–8 triệu/tháng + 200k/cuộc hẹn thành công + hoa hồngCó sẵn data, không cần tìm kháchBao suất ăn trưaĐược hỗ trợ trong quá trình làm việc | Yêu cầu: Giọng rõ ràng, nhanh nhạy, chăm chỉ (có kinh nghiệm là lợi thế)Giọng rõ ràng, nhanh nhạy, chăm chỉ (có kinh nghiệm là lợi t",ban_hang,TimViec365,https://timviec365.vn/telesales-bat-djong-san-p2066924.html,2026-04-15T08:18:58.571274,easy,0.8,trung_binh,False,True,working,OK (200)
labor_timviec365_2066915,Tuyển Nhân Viên Bán Hàng,CÔNG TY CỔ PHẦN THỜI TRANG WINNY,,Hải Phòng,10000000,10000000,full-time,any,0,,"Đến 10.000.000 VNĐ | 08/05/2026 | Hải Phòng | Việc làm bán hàng | Quyền lợi: - Thu nhập hấp dẫn lên đến 10.000.000 đồng/tháng.- Ngày nghỉ: 02 ngày/tháng, 12 ngày phép/năm.- Tham gia BHXH, BHYT theo đúng quy định của Nhà nước.- Chế độ phúc lợi theo chính sách nội bộ của công ty.- Được đào tạo nâng cao nghiệp vụ trong suốt quá trình làm việc.- Thu nhập hấp dẫn lên đến 10.000.000 đồng/tháng.- Ngày nghỉ: 02 ngày/tháng, 12 ngày phép/năm.- Tham gia BHXH, BHYT theo đúng quy định của Nhà nước.- Chế độ p",ban_hang,TimViec365,https://timviec365.vn/tuyen-nhan-vien-ban-hang-p2066915.html,2026-04-15T08:18:58.583044,easy,0.8,trung_binh,False,True,working,OK (200)
labor_timviec365_2066863,Nhân viên Kinh doanh,CÔNG TY CỔ PHẦN PHÁT TRIỂN ĐỊA ỐC THÀNH ĐẠT,Giao Tiếp,Hồ Chí Minh,0,0,full-time,any,0,,"Thỏa Thuận | 07/05/2026 | Hồ Chí Minh | Việc làm bán hàng | Quyền lợi: Quyền lợi được hưởng:- Lương cứng: từ 6.000.000 VNĐ/tháng.- Hoa hồng: 30 – 70 triệu/giao dịch (chi trả nhanh, minh bạch).- Thưởng nóng theo từng dự án.- Đào tạo bài bản từ sản phẩm đến kỹ năng chốt sale.- Lộ trình thăng tiến rõ ràng.- Du lịch, team building, thưởng lễ Tết.- BHXH + Quyền lợi đầy đủ theo PLQuyền lợi được hưởng:- Lương cứng: từ 6.000.000 VNĐ/tháng.- Hoa hồng: 30 – 70 triệu/giao dịch (chi trả nhanh, minh bạch).- ",ban_hang,TimViec365,https://timviec365.vn/nhan-vien-kinh-doanh-p2066863.html,2026-04-15T08:18:58.591338,easy,0.8,trung_binh,False,True,working,OK (200)
labor_timviec365_2066838,Nhân viên bán hàng TTTM GO Mall Bà Rịa,Công ty TNHH Thương mại KEEP RISE,,Hồ Chí Minh,0,0,full-time,any,0,,"Thỏa Thuận | 06/05/2026 | Hồ Chí Minh | Việc làm bán hàng | Quyền lợi: Lương thưởng hấp dẫn + Thưởng doanh số hàng tháng.Môi trường làm việc trẻ trung, năng động tại The Green Party.Được đào tạo bài bản về kỹ năng bán hàng và kiến thức sản phẩm.Cơ hội thăng tiến lên các vị trí quản lý (Cửa hàng trưởng/phó) cho các bạn gắn bó lâu dài.Lương thưởng hấp dẫn + Thưởng doanh số hàng tháng.Môi trường làm việc trẻ trung, năng động tại The Green Party.Được đào tạo bài bản về kỹ năng bán hàng và kiến thức ",ban_hang,TimViec365,https://timviec365.vn/nhan-vien-ban-hang-tttm-go-mall-ba-ria-p2066838.html,2026-04-15T08:18:58.600939,easy,0.8,trung_binh,False,True,working,OK (200)
labor_timviec365_2066808,Nhân viên Thu ngân,Công ty TNHH Hai thành viên Thể thao An Khánh,,Hồ Chí Minh,7500000,7500000,full-time,any,0,,"Từ 7.500.000 VNĐ | 04/05/2026 | Hồ Chí Minh | Việc làm bán hàng | Quyền lợi: Sau 2 tháng thử việc, nhân viên được tham gia BHXH đầy đủ theo quy định của Nhà nước.Sau 2 tháng thử việc, nhân viên được tham gia BHXH đầy đủ theo quy định của Nhà nước. | Yêu cầu: Không có+ Xem thêm | Từ 7.500.000 VNĐ | 04/05/2026 | Hồ Chí Minh | Việc làm bán hàng | Quyền lợi: Sau 2 tháng thử việc, nhân viên được tham gia BHXH đầy đủ theo quy định của Nhà nước.Sau 2 tháng thử việc, nhân viên được tham gia BHXH đầy đủ ",ban_hang,TimViec365,https://timviec365.vn/nhan-vien-thu-ngan-p2066808.html,2026-04-15T08:18:58.609394,easy,0.8,trung_binh,False,True,working,OK (200)
labor_timviec365_2066799,Nhân Viên Kinh Doanh Phát Triển Thị Trường Ngành Thực Phẩm Đông Lạnh - Giờ Giấc Linh Hoạt (Nhận Việc Ngay),Công ty TNHH Dream Talent,Giao Tiếp,Hồ Chí Minh,0,0,full-time,any,2,,"Thỏa thuận | 03/05/2026 | Hồ Chí Minh, Tây Ninh | Nhân viên kinh doanh, Tư vấn, Việc làm bán hàng | Quyền lợi: ● Lương: Thỏa thuận theo năng lực và kinh nghiệm ● Chế độ đãi ngộ hấp dẫn, trao đổi cụ thể khi phỏng vấn ● Cơ hội mở rộng thu nhập và thăng tiến trong lĩnh vực kinh doanh thực phẩm đông lạnh● Lương: Thỏa thuận theo năng lực và kinh nghiệm● Chế độ đãi ngộ hấp dẫn, trao đổi cụ thể khi phỏng vấn● Cơ hội mở rộng thu nhập và thăng tiến trong lĩnh vực kinh doanh thực phẩm đông lạnh | Yêu cầu:",ban_hang,TimViec365,https://timviec365.vn/nhan-vien-ban-hang-kho-thuc-pham-p2066799.html,2026-04-15T08:18:58.614760,medium,0.8,trung_binh,False,True,working,OK (200)
labor_timviec365_2066762,Cửa Hàng Trưởng & Cửa Hàng Phó (Full-Time),Công ty TNHH Thương mại KEEP RISE,,Hà Nội,0,0,full-time,any,0,,"Thỏa Thuận | 03/05/2026 | Hà Nội | Việc làm bán hàng | Quyền lợi: Thu nhập cạnh tranh: Lương cứng + Phụ cấp trách nhiệm + Thưởng doanh số (KPI) hàng tháng.Được làm việc trong môi trường hiện đại, năng động và có nhiều cơ hội khẳng định bản thân.Chế độ bảo hiểm, nghỉ phép và thưởng lễ, Tết theo quy định của pháp luật và công ty.Lộ trình thăng tiến rõ ràng lên các vị trí quản lý khu vực (Area Manager) cho những cá nhân xuất sắc.Thu nhập cạnh tranh: Lương cứng + Phụ cấp trách nhiệm + Thưởng doanh s",ban_hang,TimViec365,https://timviec365.vn/cua-hang-truong-and-cua-hang-pho-full-time-p2066762.html,2026-04-15T08:18:58.622067,easy,0.8,trung_binh,False,True,working,OK (200)
labor_timviec365_2066690,Tuyển Chuyên Viên Sales May Mặc,Công ty TNHH Đầu tư Fresco,,Hà Nội,0,0,full-time,any,0,,"Thỏa Thuận | 01/05/2026 | Hà Nội | Việc làm bán hàng | Quyền lợi: Môi trường làm việc chuyên nghiệp và thân thiện.- Cơ hội phát triển bản thân và nâng cao kỹ năng chuyên môn.- Chế độ đãi ngộ hấp dẫn và các khác theo quy định của công ty.Môi trường làm việc chuyên nghiệp và thân thiện.- Cơ hội phát triển bản thân và nâng cao kỹ năng chuyên môn.- Chế độ đãi ngộ hấp dẫn và các khác theo quy định của công ty. | Yêu cầu: Tốt nghiệp Cao đẳng hoặc Đại học.- Ngoại hình ưa nhìn, nhanh nhẹn và chịu khó.- ",ban_hang,TimViec365,https://timviec365.vn/tuyen-chuyen-vien-sales-may-mac-p2066690.html,2026-04-15T08:18:58.631467,easy,0.8,trung_binh,False,True,working,OK (200)
labor_timviec365_2066661,"Nhân viên bán hàng, thiết kế và kho",Công ty CP LMBV,Giao Tiếp,Hà Nội,7000000,10000000,full-time,any,0,,"Từ 7.000.000 VNĐ Đến 10.000.000 VNĐ | 01/05/2026 | Hà Nội | Việc làm bán hàng | Quyền lợi: Lương khởi điểm: 7.000.000 – 9.000.000 VNĐ/tháng.Thưởng: Các ngày lễ, Tết theo quy định của công ty.Hỗ trợ: Phụ cấp ăn trưa tại nơi làm việc.Đào tạo: Được đào tạo nghề chuyên sâu, bài bản (không yêu cầu kinh nghiệm đầu vào).Môi trường: Làm việc trong môi trường thân thiện, chuyên nghiệp và ổn định.Lương khởi điểm: 7.000.000 – 9.000.000 VNĐ/tháng.Thưởng: Các ngày lễ, Tết theo quy định của công ty.Hỗ trợ: Ph",ban_hang,TimViec365,https://timviec365.vn/nhan-vien-ban-hang-thiet-ke-va-kho-p2066661.html,2026-04-15T08:19:06.395345,easy,0.8,trung_binh,False,True,working,OK (200)
labor_timviec365_2066659,CẦN TÌM ĐỒNG ĐỘI PHỤ BÁN HÀNG - TPHCM,Memory Store,Giao Tiếp,Hồ Chí Minh,7000000,10000000,full-time,any,0,,"7 - 10 triệu | 01/05/2026 | Hồ Chí Minh | Việc làm bán hàng | Quyền lợi: 🔥 :• Hỗ trợ chỉ việc, được chỉ dẫn những thông tin về sản phẩm• Môi trường hoạt bát, thân thiện• Không gian máy lạnh, đẹp, sạch đẹp• Có thưởng nếu làm việc tốt từ (300k - 700k)🔥 :• Hỗ trợ chỉ việc, được chỉ dẫn những thông tin về sản phẩm• Môi trường hoạt bát, thân thiện• Không gian máy lạnh, đẹp, sạch đẹp• Có thưởng nếu làm việc tốt từ (300k - 700k) | Yêu cầu: 👉🏻 công việc:- Từ 22 tuổi trở lên (không nhận sinh viên)- Có kỹ",ban_hang,TimViec365,https://timviec365.vn/can-tim-djong-djoi-phu-ban-hang-tphcm-p2066659.html,2026-04-15T08:19:06.398748,easy,0.8,trung_binh,False,True,working,OK (200)
labor_timviec365_2066644,Nhân Viên Telesales Múi Giờ Mỹ (Thu Nhập Cao),Công ty TNHH Dream Talent,,Cần Thơ,8800000,8800000,full-time,any,0,,"Từ 8.800.000 VNĐ | 01/05/2026 | Cần Thơ | Việc làm bán hàng | Quyền lợi: Chi nhánh Cần Thơ: Lương CB: 8.800.000 VNĐ  (chưa tính hoa hồng + chính sách thưởng nóng....)Văn phòng HCM: Lương CB: 10.200.000 VNĐ  (chưa tính hoa hồng + chính sách thưởng nóng....)• Không giới hạn thu nhập, có thể lên đến 60 +++ triệu VND• Nếu thành tích sale tốt hơn, bạn có thể kiếm được số tiền hơn 60 triệu+++/tháng.• Được đào tạo các kỹ năng phát triển bản thân, được training đầy đủ kiến thức về sản phẩm, kỹ năng sale",ban_hang,TimViec365,https://timviec365.vn/nhan-vien-telesales-mui-gio-my-thu-nhap-cao-p2066644.html,2026-04-15T08:19:06.404538,easy,0.8,trung_binh,False,True,working,OK (200)
labor_timviec365_2066630,NHÂN VIÊN TƯ VẤN CHỐT ĐƠN SỈ THỜI TRANG,TỔNG KHO ĐỒ LÓT MIỀN BẮC,,Hà Nội,8000000,8000000,full-time,any,0,,"Từ 8.000.000 VNĐ | 01/05/2026 | Hà Nội, Phú Thọ | Nhân viên kinh doanh, Tư vấn, Việc làm bán hàng | Quyền lợi: - Lương cứng 6,5 triệu + % Hoa hồng + Thưởng KPI tuần/tháng - Thu nhập từ 7,5 - 15 triệu++ (Không giới hạn) - Tham gia BHXH - Phụ cấp ăn trưa - Thời gian làm việc 7 tiếng/ngày: Từ thứ 2 - Thứ 7- Lương cứng 6,5 triệu + % Hoa hồng + Thưởng KPI tuần/tháng- Thu nhập từ 7,5 - 15 triệu++ (Không giới hạn)- Tham gia BHXH- Phụ cấp ăn trưa- Thời gian làm việc 7 tiếng/ngày: Từ thứ 2 - Thứ 7 | Yêu ",ban_hang,TimViec365,https://timviec365.vn/nhan-vien-tu-van-chot-djon-si-thoi-trang-p2066630.html,2026-04-15T08:19:06.410340,easy,0.8,trung_binh,False,True,working,OK (200)
labor_timviec365_2066612,Nhân viên SALE AI Mảng Chatbot bán hàng,CÔNG TY CỔ PHẦN CÔNG NGHỆ AIBUS,Giao Tiếp,Hà Nội,10000000,15000000,full-time,any,0,,"Từ 10.000.000 VNĐ Đến 15.000.000 VNĐ | 30/04/2026 | Hà Nội | Nhân viên kinh doanh, Tư vấn, Việc làm bán hàng | Quyền lợi: Tổng thu nhập: 10.000.000 – 15.000.000 VNĐ/tháng (Và không giới hạn theo năng lực). Lương cứng: 6.000.000 – 8.000.000 VNĐ. Thử việc full 100% lương Thưởng nóng: KPI + % Hoa hồng doanh số (Áp dụng cho cả khách ký mới và khách gia hạn). Nguồn lực hỗ trợ: Công ty cấp nguồn Lead, AE chỉ tập trung vào việc tư vấn và chốt đơn. Tệp khách hàng chất: Làm việc trực tiếp với các chủ doa",ban_hang,TimViec365,https://timviec365.vn/nhan-vien-sale-ai-mang-chatbot-ban-hang-p2066612.html,2026-04-15T08:19:06.416481,medium,0.8,trung_binh,False,True,working,OK (200)
labor_timviec365_2066554,Nhân viên kinh doanh thực phẩm đông lạnh,Công ty TNHH SX và DV Thực phẩm Merci Việt Nam,Giao Tiếp|Internet,Hà Nội,10000000,30000000,full-time,any,1,,"Từ 10.000.000 VNĐ Đến 30.000.000 VNĐ | 27/04/2026 | Hà Nội | Nhân viên kinh doanh, Tư vấn, Việc làm bán hàng | Quyền lợi: • Thu nhập: 10,000,000đ – 30,000,000đ/tháng tùy theo năng lực và kinh nghiệm (Bao gồm lương cơ bản + các khoản phụ cấp + thưởng) • Hoa hồng kinh doanh: Hàng tháng • Thưởng theo quý, tháng 13, các kỳ nghỉ lễ/tết trong năm • Được đóng BHXH, BHYT, BHTN ngay sau 01 tháng thử việc • Được hưởng các chính sách phúc lợi của công ty theo quy định (Teambuilding, du lịch, teabreak) • Đư",ban_hang,TimViec365,https://timviec365.vn/nhan-vien-kinh-doanh-thuc-pham-djong-lanh-p2066554.html,2026-04-15T08:19:06.423018,hard,0.8,trung_binh,False,True,working,OK (200)
labor_timviec365_2066549,"Nhân Viên Bán Hàng - Nhân viên Thu Ngân (Phủ Lý, Hà Nam)",Công TY CỔ PHẦN TẬP ĐOÀN THÁI TUẤN,Giao Tiếp,Ninh Bình,8000000,15000000,full-time,any,0,,"Từ 8.000.000 VNĐ Đến 15.000.000 VNĐ | 27/04/2026 | Ninh Bình | Việc làm bán hàng | Quyền lợi: Thu nhập: 10 – 15 triệu/tháng• Lương cứng + % doanh số + Phụ cấp cơm• Thưởng: lương tháng 13, Hiệu quả công việc, các dịp Lễ, Tết,…• BHXH, chế độ hiếu hỷ, khám sức khỏe định kỳ, du lịch/ teambuilding, ...- Địa điểm làm việc: Cửa hàng tại Tập đoàn Thái Tuấn, 53 Biên Hòa, Phường Lương Khánh Thiện, Thành Phố Phủ Lý, Hà Nam.Thu nhập: 10 – 15 triệu/tháng• Lương cứng + % doanh số + Phụ cấp cơm• Thưởng: lương ",ban_hang,TimViec365,https://timviec365.vn/nhan-vien-ban-hang-nhan-vien-thu-ngan-phu-ly-ha-nam-p2066549.html,2026-04-15T08:19:06.425843,medium,0.8,trung_binh,False,True,working,OK (200)
labor_timviec365_2066528,NHÂN VIÊN BÁN HÀNG tại BÀ RỊA - VŨNG TÀU,Công ty CP Gốm Sứ Sáng Tạo Việt Nam,Giao Tiếp,Hồ Chí Minh,6000000,6000000,full-time,any,0,,"Từ 6.000.000 VNĐ | 26/04/2026 | Hồ Chí Minh | Việc làm bán hàng | Quyền lợi: •	Thu nhập: 6 triệu + thưởng + hoa hồng•	Thưởng lễ/Tết, lương tháng 13 •	Đóng BHXH, BHYT đầy đủ •	Phụ cấp điện thoại, chi phí công tác •	Du lịch, team building hàng năm •	Được đào tạo chuyên môn và kỹ năng •	Cơ hội thăng tiến rõ ràng•	Thu nhập: 6 triệu + thưởng + hoa hồng•	Thưởng lễ/Tết, lương tháng 13•	Đóng BHXH, BHYT đầy đủ•	Phụ cấp điện thoại, chi phí công tác•	Du lịch, team building hàng năm•	Được đào tạo chuyên môn",ban_hang,TimViec365,https://timviec365.vn/nhan-vien-ban-hang-tai-ba-ria-vung-tau-p2066528.html,2026-04-15T08:19:06.429269,easy,0.8,trung_binh,False,True,working,OK (200)
labor_timviec365_2066516,NHÂN VIÊN KINH DOANH,CÔNG TY TNHH DƯỢC PHẨM - MỸ PHẨM & TRANG THIẾT BỊ Y TẾ AN PHÁT,Giao Tiếp,Hồ Chí Minh,8000000,8000000,full-time,any,0,,"Từ 8.000.000 VNĐ | 26/04/2026 | Hồ Chí Minh | Nhân viên kinh doanh, Tư vấn, Việc làm bán hàng | Quyền lợi: Lương từ 8tr trở lên - Hưởng các chế độ theo quy định công ty và nhà nướcLương từ 8tr trở lên- Hưởng các chế độ theo quy định công ty và nhà nước | Yêu cầu: Tốt nghiệp trung cấp dược trở lên - Giao tiếp tốt, có kinh nghiệm telesale là lợi thế - Nhanh nhẹn linh hoạt trong công việc, nắm bắt sản phẩm tốtTốt nghiệp trung cấp dược trở lên- Giao tiếp tốt, có kinh nghiệm telesale là lợi thế- Nhan",ban_hang,TimViec365,https://timviec365.vn/nhan-vien-kinh-doanh-p2066516.html,2026-04-15T08:19:06.431943,easy,0.8,trung_binh,False,True,working,OK (200)
labor_timviec365_2066497,Tuyển nhân viên kinh doanh,Công Ty  TNHH Trung Lợi,Giao Tiếp,Hồ Chí Minh,0,0,full-time,any,0,,Thỏa Thuận | 26/04/2026 | Hồ Chí Minh | Việc làm bán hàng | Quyền lợi: - Lương cơ bản hấp dẫn kèm theo hoa hồng doanh số.- Tham gia đầy đủ bảo hiểm xã hội và các chế độ phúc lợi theo quy định của nhà nước.- Được làm việc trong môi trường chuyên nghiệp với nhiều cơ hội thăng tiến trong sự nghiệp.- Lương cơ bản hấp dẫn kèm theo hoa hồng doanh số.- Tham gia đầy đủ bảo hiểm xã hội và các chế độ phúc lợi theo quy định của nhà nước.- Được làm việc trong môi trường chuyên nghiệp với nhiều cơ hội thăng ,ban_hang,TimViec365,https://timviec365.vn/tuyen-nhan-vien-kinh-doanh-p2066497.html,2026-04-15T08:19:06.434470,easy,0.8,trung_binh,False,True,working,OK (200)
labor_timviec365_2065320,CÔNG NHÂN NAM LÀM VIỆC TẠI XƯỞNG và NHÂN VIÊN BÁN HÀNG NỮ (FULL-TIME & PART-TIME),Quoc Te Tin Van,Giao Tiếp|Chăm Sóc,Hồ Chí Minh,8000000,10000000,part-time,any,0,,"Từ 8.000.000 VNĐ Đến 10.000.000 VNĐ | 25/04/2026 | Hồ Chí Minh | Lao động phổ thông, Việc làm bán hàng | Quyền lợi: - Lương trao đổi khi phỏng vấn Công việc ổn định, lâu dài Môi trường làm việc thân thiện 2️⃣ NHÂN VIÊN BÁN HÀNG NỮ (FULL-TIME & PART-TIME) FULL-TIME : 3 người PART-TIME: 15 người  Địa điểm làm việc: Quận 3 – TP.HCM Quận 5 – TP.HCM Quận 6 – TP.HCM Quận Bình Tân – TP.HCM 🔹 VỊ TRÍ FULL-TIME Thời gian làm việc: 10h00 – 22h00 Lương khởi điểm: 8.000.000 VNĐ/tháng Phụ cấp: 30.000 VNĐ/ngày",ban_hang,TimViec365,https://timviec365.vn/cong-nhan-nam-lam-viec-tai-xuong-p2065320.html,2026-04-15T08:19:06.443324,easy,0.5,trung_binh,False,True,working,OK (200)
labor_timviec365_2066374,Trưởng Nhóm Sale Online,CÔNG TY TNHH MIDETU,Phục Vụ,Hồ Chí Minh,15000000,20000000,full-time,any,2,,"Từ 15.000.000 VNĐ Đến 20.000.000 VNĐ | 23/04/2026 | Hồ Chí Minh | Việc làm bán hàng | Quyền lợi: -Được hưởng các chế độ Phúc lợi theo quy định của Công ty-Chế độ lương thưởng phù hợp với năng lực-Được tham gia các hoạt động và ưu đãi đặc biệt của công ty dành cho nhân viên-Môi trường làm việc năng động, trẻ trung, cơ hội phát triển và thăng tiến-Được hưởng các chế độ Phúc lợi theo quy định của Công ty-Chế độ lương thưởng phù hợp với năng lực-Được tham gia các hoạt động và ưu đãi đặc biệt của côn",ban_hang,TimViec365,https://timviec365.vn/truong-nhom-sale-online-p2066374.html,2026-04-15T08:19:06.447256,medium,0.8,trung_binh,False,True,working,OK (200)
labor_timviec365_2066365,Tuyển nhân viên kinh doanh,Công Ty Cổ Phần SSQC,Giao Tiếp|Chăm Sóc,Hồ Chí Minh,0,0,full-time,any,0,,"Thỏa Thuận | 23/04/2026 | Hồ Chí Minh | Việc làm bán hàng | Quyền lợi: - Thu nhập hấp dẫn gồm lương, hoa hồng và thưởng KPIs, tổng thu nhập có thể từ 50 triệu đến 200 triệu đồng.- Thưởng nóng và các hoạt động team building, du lịch hấp dẫn với giá trị từ 10 triệu đến 50 triệu đồng/giao dịch hoặc chuyến du lịch châu Á - Âu; thưởng hiệu suất hàng quý và hàng năm.- Hoa hồng cao, từ 25% đến 80% trên mỗi giao dịch mà công ty thu về, chi trả nhanh chóng và đúng hạn.- Được đào tạo bài bản từ kiến thức ",ban_hang,TimViec365,https://timviec365.vn/tuyen-nhan-vien-kinh-doanh-p2066365.html,2026-04-15T08:19:06.453018,easy,0.8,trung_binh,False,True,working,OK (200)
labor_timviec365_2066337,"nhân viên kinh doanh, tư vấn bán hàng keo dán và sơn",Cong ty CP  An Thái Khang,Giao Tiếp,Hồ Chí Minh,8000000,8000000,full-time,any,1,,"Từ 8.000.000 VNĐ | 21/04/2026 | Hồ Chí Minh | Việc làm bán hàng | Quyền lợi: hỗ trợ ăn trưa + trợ cấp công tác phí.+ đóng đầy đủ bhxh, bhyt, bhtn.+ thưởng lễ, tết, du lịch hàng năm.hỗ trợ ăn trưa + trợ cấp công tác phí.+ đóng đầy đủ bhxh, bhyt, bhtn.+ thưởng lễ, tết, du lịch hàng năm. | Yêu cầu: kinh nghiệm sales thị trường từ 1 năm (ưu tiên ứng viên có kinh nghiệm sales hoặc phát triển kênh phân phối)+ năng động, giao tiếp tốt, không ngại đi thị trường.kinh nghiệm sales thị trường từ 1 năm (ưu ",ban_hang,TimViec365,https://timviec365.vn/nhan-vien-kinh-doanh-tu-van-ban-hang-keo-dan-va-son-p2066337.html,2026-04-15T08:19:06.458130,easy,0.8,trung_binh,False,True,working,OK (200)
labor_timviec365_2066297,Nhân Viên kinh Doanh,CÔNG TY TNHH GIẢI PHÁP CHĂM SÓC XE TOÀN DIỆN CAROLINE,,Hồ Chí Minh,0,0,full-time,any,0,,"Thỏa Thuận | 20/04/2026 | Hồ Chí Minh | Việc làm bán hàng | Quyền lợi: TỐT NHẤTCơ chế thu nhập minh bạch, làm tốt hưởng cao.Được trao quyền mở thị trường, cộng đồng thật.Lộ trình thăng tiến rõ ràng lên B2B Senior Sales khi xây dựng được tệp khách hàng ổn định.📩 ỨNG TUYỂN NGAY:📞 Hotline/Zalo: 8486📍 Địa điểm làm việc: Quận 3 TP HỒ Chí MinhTỐT NHẤTCơ chế thu nhập minh bạch, làm tốt hưởng cao.Được trao quyền mở thị trường, cộng đồng thật.Lộ trình thăng tiến rõ ràng lên B2B Senior Sales khi xây dựng ",ban_hang,TimViec365,https://timviec365.vn/nhan-vien-kinh-doanh-p2066297.html,2026-04-15T08:19:06.462761,easy,0.8,trung_binh,False,True,working,OK (200)
labor_timviec365_2066291,Tuyển Nhân Viên Kinh Doanh,CÔNG TY CỔ PHẦN THÉP ĐẶC BIỆT SANHO,Tiếng Anh|Giao Tiếp,Hồ Chí Minh,0,0,full-time,any,1,,"Thỏa Thuận | 20/04/2026 | Hồ Chí Minh | Việc làm bán hàng | Quyền lợi: - Mức lương cứng: Thỏa thuận và được điều chỉnh định kỳ hàng năm dựa trên năng lực cá nhân.- Có cơ hội nhận thưởng lương tháng 13 dựa trên hiệu suất công việc.- Cơ chế xét thưởng doanh số hàng quý hấp dẫn.- Được đóng bảo hiểm xã hội theo quy định của pháp luật.- Môi trường làm việc thân thiện, chuyên nghiệp và đầy cơ hội phát triển nghề nghiệp lâu dài.- Thời gian làm việc: từ thứ 2 đến thứ 7.- Mức lương cứng: Thỏa thuận và đư",ban_hang,TimViec365,https://timviec365.vn/tuyen-nhan-vien-kinh-doanh-p2066291.html,2026-04-15T08:19:06.468379,easy,0.8,trung_binh,False,True,working,OK (200)
labor_timviec365_2066288,Cửa hàng trưởng,Công ty Cổ phần Sâm và Dược liệu quý Thái Minh,,Hà Nội,11000000,15000000,full-time,any,0,,"Từ 11.000.000 VNĐ Đến 15.000.000 VNĐ | 20/04/2026 | Hà Nội | Việc làm bán hàng | Quyền lợi: Quyền lợi •	Thu nhập từ 11.000.000 – 15.000.000/tháng•	Phụ cấp ăn trưa: 30.000/ca làm việc•	Tham gia BHXH, BHYT, BHTN, BHTNLĐ – BNN •	Được đào tạo nâng cao năng lực nghiệp vụ Công ty phát triển nhanh và mạnh, công việc ổn định, nhiều cơ hội thăng tiến•	 Môi trường làm việc năng động, chuyên nghiệp, hưởng các chế độ phúc lợi về ngày lễ theo quy định của Nhà nước và theo quy định của công ty •	Tham gia các ",ban_hang,TimViec365,https://timviec365.vn/cua-hang-truong-p2066288.html,2026-04-15T08:19:06.473970,medium,0.8,trung_binh,False,True,working,OK (200)
labor_timviec365_2066265,NHÂN VIÊN KINH DOANH,CÔNG TY TNHH MÁY VĂN PHÒNG MINH THƯ,Giao Tiếp,Hà Nội,15000000,17000000,full-time,any,0,,"Từ 15.000.000 VNĐ Đến 17.000.000 VNĐ | 19/04/2026 | Hà Nội | Nhân viên kinh doanh, Tư vấn, Việc làm bán hàng | Quyền lợi: - Thu nhập hấp dẫn tối thiểu từ 15-17 triệu trở lên. (chi tiết cụ thể trao đổi khi phỏng vấn).  - Tham gia đầy đủ bhxh – bhyt – bhtn theo quy định.  - Nghỉ phép, nghỉ lễ theo luật lao động.  - Hoa hồng rõ ràng, chi trả đúng hạn -môi trường làm việc chuyên nghiệp, ổn định  - Lộ trình thăng tiến rõ ràng lên trưởng nhóm/trưởng phòng  - Thưởng lễ, tết, du lịch, team building hằng",ban_hang,TimViec365,https://timviec365.vn/nhan-vien-kinh-doanh-p2066265.html,2026-04-15T08:19:06.478810,medium,0.8,trung_binh,False,True,working,OK (200)
labor_timviec365_2066258,Nhân Viên Sale Marketing,CÔNG TY TNHH THƯƠNG MẠI DỊCH VỤ ANHI SOLUTION,,Hồ Chí Minh,3000000,15000000,full-time,any,0,,Từ 3.000.000 VNĐ Đến 15.000.000 VNĐ | 18/04/2026 | Hồ Chí Minh | Việc làm bán hàng | Quyền lợi: Làm việc trong môi trường hòa đồng năng độngPhát triển các kỹ năng của bản thânSự hỗ trợ tận tình của quản lýThu nhập tốtThưởng đạt KPIĐược học hỏi nhiều kiến thức mới và làm việc trực tiếp với các chủ doanh nghiệpLàm việc trong môi trường hòa đồng năng độngPhát triển các kỹ năng của bản thânSự hỗ trợ tận tình của quản lýThu nhập tốtThưởng đạt KPIĐược học hỏi nhiều kiến thức mới và làm việc trực tiếp ,ban_hang,TimViec365,https://timviec365.vn/nhan-vien-sale-marketing-p2066258.html,2026-04-15T08:19:06.483636,medium,0.8,trung_binh,False,True,working,OK (200)
labor_timviec365_2066252,"Nhân Viên Bán Hàng - Cửa Hàng Thời Trang Thái Tuấn (Phố Huế, Hà Nội)",Công TY CỔ PHẦN TẬP ĐOÀN THÁI TUẤN,Giao Tiếp,Hà Nội,10000000,15000000,full-time,any,0,,"Từ 10.000.000 VNĐ Đến 15.000.000 VNĐ | 18/04/2026 | Hà Nội | Việc làm bán hàng | Quyền lợi: - THU NHẬP: Lương + % doanh số + Phụ cấp Cơm (trung bình từ 10 – 15 triệu/tháng)- Công việc ổn định, môi trường thân thiện  - Thưởng: lương tháng 13, Hiệu quả công việc, các dịp Lễ, Tết,… - BHXH, chế độ hiếu hỷ, khám sức khỏe định kỳ, du lịch/ teambuilding, ...- Có cơ hội thăng tiến.- THU NHẬP: Lương + % doanh số + Phụ cấp Cơm (trung bình từ 10 – 15 triệu/tháng)- Công việc ổn định, môi trường thân thiện- ",ban_hang,TimViec365,https://timviec365.vn/nhan-vien-ban-hang-cua-hang-thoi-trang-thai-tuan-ha-nam-ha-noi-p2066252.html,2026-04-15T08:19:06.490800,medium,0.8,trung_binh,False,True,working,OK (200)
labor_timviec365_2062581,TELESALE - CHĂM SÓC KHÁCH HÀNG,CÔNG TY LUẬT TRÁCH NHIỆM HỮU HẠN LIÊN PHÁT,Giao Tiếp|Chăm Sóc,Ninh Bình,15000000,15000000,temporary,any,0,,"15.000.000 VNĐ | 15/05/2026 | Ninh Bình | Chăm sóc khách hàng, Nhân viên kinh doanh, Việc làm bán hàng | Quyền lợi: - Lương thu nhập từ 10.000.000 VNĐ đến 15.000.000 VNĐ. Sau 02 tháng sẽ được kí hợp đồng lao động và đóng BHXH - Được thưởng doanh số hàng tháng/quý/năm nếu doanh số bán hàng vượt chỉ tiêu. - Có 12 ngày phép năm/năm, không sử dụng sẽ được trả bằng tiền mặt. - Thưởng tháng 13. - Các ngày lễ tết trong năm đều được nghỉ và thưởng theo quy định công ty. - Được làm việc trong môi trường ",ban_hang,TimViec365,https://timviec365.vn/nhan-vien-tu-van-p2062581.html,2026-04-15T08:19:06.496533,medium,0.3,trung_binh,False,True,working,OK (200)
labor_timviec365_2066067,Nhân viên tư vấn bán hàng,Memory Store,,Hồ Chí Minh,8000000,8000000,full-time,any,0,,"8.000.000 VNĐ | 13/05/2026 | Hồ Chí Minh | Việc làm bán hàng | Quyền lợi: 🔥 :• Hỗ trợ chỉ việc, được chỉ dẫn những thông tin về sản phẩm• Môi trường hoạt bát, thân thiện• Không gian máy lạnh, đẹp, sạch sẽ• Có thưởng nếu làm việc tốt từ (300k - 500k)🔥 :• Hỗ trợ chỉ việc, được chỉ dẫn những thông tin về sản phẩm• Môi trường hoạt bát, thân thiện• Không gian máy lạnh, đẹp, sạch sẽ• Có thưởng nếu làm việc tốt từ (300k - 500k) | Yêu cầu: Không có+ Xem thêm | 8.000.000 VNĐ | 13/05/2026 | Hồ Chí Minh | ",ban_hang,TimViec365,https://timviec365.vn/nhan-vien-tu-van-ban-hang-p2066067.html,2026-04-15T08:19:06.500038,easy,0.8,trung_binh,False,True,working,OK (200)
labor_timviec365_2066062,Nhân viên sale thị trường máy bơm công nghiệp,CÔNG TY TNHH VIMEX,Giao Tiếp,Hà Nội,30000000,30000000,temporary,any,1,,"30.000.000 VNĐ | 13/05/2026 | Hà Nội | Việc làm bán hàng | Quyền lợi: -	Lương 25tr - 30tr, trong đó có lương cơ bản 15tr và % hoa hồng bán hàng, thưởng. -	Thu nhập: Theo năng lực có thể lên đến trên 30 - 35 triệu/ tháng-	Thưởng các dịp lễ Tết - Phụ cấp công tác, cơm trưa, xăng xe, dt, du lịch, nghỉ phép, hiếu hỉ, ốm đau-	Đào tạo kỹ thuật & kỹ năng bán hàng chuyên sâu định kỳ -	Lộ trình thăng tiến: từ NV → Trưởng nhóm → Giám sát Kinh doanh 🎁 Chế độ hấp dẫn:•	BHXH, BHYT, nghỉ phép, lễ tết đầy đủ, ",ban_hang,TimViec365,https://timviec365.vn/nhan-vien-sale-thi-truong-may-bom-cong-nghiep-p2066062.html,2026-04-15T08:19:06.506246,hard,0.3,trung_binh,False,True,working,OK (200)
labor_timviec365_2066058,Nhân viên Kinh doanh,CÔNG TY TNHH NGHIÊN CỨU VÀ PHÁT TRIỂN CÔNG NGHỆ CHTLab,,Hà Nội,30000000,30000000,full-time,any,0,,"30.000.000 VNĐ | 13/05/2026 | Hà Nội | Việc làm bán hàng | Quyền lợi: - LCB từ 6 triệu - 8 triệu + thưởng theo dự án + hoa hồng 10% doanh thu. Tổng thu nhập không giới hạn. - Làm việc từ 8h30 – 18h từ thứ 2 đến thứ 6, nghỉ thứ 7 và CN- Tham gia các chuyến du lịch, team building tối thiểu 2 lần/năm (sẽ có những chuyến đi dài ngày để thay đổi không khí làm việc).- Có cơ hội được tham gia các khóa học chất lượng để phát triển bản thân.- Môi trường làm việc trẻ, năng động, được làm việc về các dự án",ban_hang,TimViec365,https://timviec365.vn/nhan-vien-kinh-doanh-p2066058.html,2026-04-15T08:19:06.514355,hard,0.8,trung_binh,False,True,working,OK (200)
labor_timviec365_2066782,Chuyên viên Thương mại,Công ty cổ phần Crystal Bay Airlines,Excel|Tiếng Anh|Giao Tiếp,Hồ Chí Minh,18000000,18000000,full-time,any,0,,"18.000.000 VNĐ | 12/05/2026 | Hồ Chí Minh | Việc làm bán hàng | Quyền lợi: Thu nhập = Lương cạnh tranh + lương tháng 13 + các khoản phụ cấp.Cơ hội phát triển ổn định lâu dài với ngành hàng không.Cơ hội phát triển lên các vị trí: Product, Contracting, Pricing, Revenue, Operations.Thu nhập = Lương cạnh tranh + lương tháng 13 + các khoản phụ cấp.Cơ hội phát triển ổn định lâu dài với ngành hàng không.Cơ hội phát triển lên các vị trí: Product, Contracting, Pricing, Revenue, Operations. | Yêu cầu: Có ",ban_hang,TimViec365,https://timviec365.vn/chuyen-vien-thuong-mai-p2066782.html,2026-04-15T08:19:06.521682,medium,0.8,trung_binh,False,True,working,OK (200)
labor_timviec365_2066011,bán hàng sữa Yakult,Công Ty TNHH Yakult Việt Nam tại Daklak,,,9000000,9000000,full-time,any,0,,"9.000.000 VNĐ | 12/05/2026 | Đắk Lắk | Việc làm bán hàng | Quyền lợi: Được làm ở khu vực gần nhà mình.Được cấp phát trang thiết bị và đồng phục miễn phí.Thời gian bán hàng : 5 tiếng (ngoài khu vực), phù hợp phụ nữ có gia đình.Được làm ở khu vực gần nhà mình.Được cấp phát trang thiết bị và đồng phục miễn phí.Thời gian bán hàng : 5 tiếng (ngoài khu vực), phù hợp phụ nữ có gia đình. | Yêu cầu: Có thể đi bộ bán hàngCó thể đi bộ bán hàng+ Xem thêm | 9.000.000 VNĐ | 12/05/2026 | Đắk Lắk | Việc làm bán",ban_hang,TimViec365,https://timviec365.vn/ban-hang-sua-yakult-p2066011.html,2026-04-15T08:19:17.349570,easy,0.8,trung_binh,False,True,working,OK (200)
labor_timviec365_2065963,Sales & Marketing Manager,CÔNG TY CỔ PHẦN XUẤT NHẬP KHẨU BAO BÌ ASEAN,,Hồ Chí Minh,50000000,50000000,temporary,any,3,,"50.000.000 VNĐ | 11/05/2026 | Hồ Chí Minh | Việc làm bán hàng | Quyền lợi: Ký hợp đồng lao động chính thức sau khi kết thúc thời gian thử việc.Hưởng các chính sách phúc lợi theo quy định của công ty; xét tăng lương định kỳ.Tham gia đầy đủ BHXH, BHYT, BHTN theo quy định pháp luật.Lương tháng 13, quà tặng vào các dịp lễ, Tết và các chương trình phúc lợi khác trong năm.Ký hợp đồng lao động chính thức sau khi kết thúc thời gian thử việc.Hưởng các chính sách phúc lợi theo quy định của công ty; xét tă",ban_hang,TimViec365,https://timviec365.vn/marketing-manager-p2065963.html,2026-04-15T08:19:17.356841,hard,0.3,trung_binh,False,True,working,OK (200)
labor_timviec365_2066456,Tuyển Nhân viên bán hàng,HỘ KINH DOANH PHÚC HẬU 1,,Hà Nội,7000000,7000000,full-time,any,0,,"7.000.000 VNĐ | 10/05/2026 | Hà Nội | Nhân viên kinh doanh, Tư vấn, Việc làm bán hàng | Quyền lợi: - 25.000đ/giờ trong tháng đầu thử việc - Sau thử việc: 28.000đ/giờ (áp dụng với sinh viên) - Làm đủ 8 tiếng/ngày: • Thử việc: 6.500.000đ/tháng • Chính thức: 7.000.000đ/tháng - Hỗ trợ ăn trưa - Sau 3–6 tháng xem xét đóng BHXH - Môi trường làm việc thân thiện, lâu dài, ổn định- 25.000đ/giờ trong tháng đầu thử việc- Sau thử việc: 28.000đ/giờ (áp dụng với sinh viên)- Làm đủ 8 tiếng/ngày:• Thử việc: 6.5",ban_hang,TimViec365,https://timviec365.vn/tuyen-nhan-vien-ban-hang-p2066456.html,2026-04-15T08:19:17.360888,easy,0.8,trung_binh,False,True,working,OK (200)
labor_timviec365_2066359,Nhân Viên Cửa Hàng Hoa Trái Cây (Part-time),CÔNG TY TNHH KINH DOANH XUẤT NHẬP KHẨU CICIN,,Hồ Chí Minh,7000000,7000000,full-time,any,0,,"7 triệu | 10/05/2026 | Hồ Chí Minh | Việc làm bán hàng | Quyền lợi: Thu nhập: 25.000 – 35.000đ/giờ + thưởng KPI- Môi trường làm việc năng động, chuyên nghiệp.Thu nhập: 25.000 – 35.000đ/giờ + thưởng KPI- Môi trường làm việc năng động, chuyên nghiệp. | Yêu cầu: Khéo tay, thẩm mỹ tốt- chỉ, siêng năng- Sẵn sàng tăng ca dịp Lễ- Làm việc nhóm tốtKhéo tay, thẩm mỹ tốt- chỉ, siêng năng- Sẵn sàng tăng ca dịp Lễ- Làm việc nhóm tốt+ Xem thêm | 7 triệu | 10/05/2026 | Hồ Chí Minh | Việc làm bán hàng | Quyền ",ban_hang,TimViec365,https://timviec365.vn/nhan-vien-cua-hang-hoa-trai-cay-part-time-p2066359.html,2026-04-15T08:19:17.371053,easy,0.8,trung_binh,False,True,working,OK (200)
labor_timviec365_2065854,Tuyển nhân viên bán hàng,Cửa hàng tự chọn Khánh Linh,Giao Tiếp,Hồ Chí Minh,11200000,11200000,full-time,any,0,,"11.200.000 VNĐ | 09/05/2026 | Hồ Chí Minh | Việc làm bán hàng | Quyền lợi: - Được hưởng lương tháng 13, khích lệ tinh thần làm việc.- Được nghỉ 4 ngày trong tháng, đảm bảo thời gian nghỉ ngơi hợp lý.- Được phát đồng phục miễn phí, tạo sự đồng bộ và chuyên nghiệp.- Không thu phí trong quá trình tuyển dụng, đảm bảo quyền lợi cho ứng viên.- Được hưởng lương tháng 13, khích lệ tinh thần làm việc.- Được nghỉ 4 ngày trong tháng, đảm bảo thời gian nghỉ ngơi hợp lý.- Được phát đồng phục miễn phí, tạo sự",ban_hang,TimViec365,https://timviec365.vn/tuyen-nhan-vien-ban-hang-p2065854.html,2026-04-15T08:19:17.378582,easy,0.8,trung_binh,False,True,working,OK (200)
labor_timviec365_2065851,Nhân viên Sales Showroom,CÔNG TY CP DV TRỢ LÝ NHÂN SỰ,,Hồ Chí Minh,8000000,8000000,full-time,any,1,,"8.000.000 VNĐ | 09/05/2026 | Hồ Chí Minh | Việc làm bán hàng | Quyền lợi: Thu nhập 8,000,000đ + % hoa hồng Phụ cấp cơm trưa Thưởng chuyên cần, thưởng đạt doanh số, thưởng lễ  Team building, 8/3, 20/10  Tham gia đầy đủ BHXH theo luật. Các chế độ nghỉ phép, nghỉ lễ theo quy địnhThu nhập 8,000,000đ + % hoa hồngPhụ cấp cơm trưaThưởng chuyên cần, thưởng đạt doanh số, thưởng lễTeam building, 8/3, 20/10Tham gia đầy đủ BHXH theo luật. Các chế độ nghỉ phép, nghỉ lễ theo quy định | Yêu cầu: Tốt nghiệp cao",ban_hang,TimViec365,https://timviec365.vn/nhan-vien-admin-p2065851.html,2026-04-15T08:19:17.387116,easy,0.8,trung_binh,False,True,working,OK (200)
labor_timviec365_2065700,Nhân viên Tư vấn nội thất (10-50tr),CÔNG TY NỘI THẤT ZITO,Giao Tiếp,Hà Nội,50000000,50000000,full-time,any,0,,"50.000.000 VNĐ | 06/05/2026 | Hà Nội | Nhân viên kinh doanh, Tư vấn, Việc làm bán hàng | Quyền lợi: Thu nhập từ 10-50tr/tháng (lương cứng 6,5-15tr + hoa hồng), năng lực càng tốt lương càng cao Môi trường chuyên nghiệp – trẻ trung – năng động, cơ hội học hỏi và phát triển sự nghiệp bền vững. Chính sách phúc lợi đầy đủ: BHXH, thưởng lễ Tết, du lịch, team building hàng năm. Cơ hội thăng tiến rõ ràng, làm việc trực tiếp với khách hàng cao cấp, nâng cao kỹ năng giao tiếp và tư duy dịch vụ. Nên bạn có",ban_hang,TimViec365,https://timviec365.vn/nhan-vien-tu-van-noi-that-1015tr-thang-p2065700.html,2026-04-15T08:19:17.391502,hard,0.8,trung_binh,False,True,working,OK (200)
labor_timviec365_2065705,Nhân viên kinh doanh,Công ty TNHH Phát Triển Shun De Xing,Giao Tiếp,Hồ Chí Minh,30000000,30000000,full-time,any,2,,"30 VNĐ | 06/05/2026 | Hồ Chí Minh | Việc làm bán hàng | Quyền lợi: •Được đào tạo về sản phẩm, định hướng phát triển khách hàng theo từng kế hoạch kinh doanh cụ thể;•Lương cứng: 13.8400******0.000 VND•Mức hoa hồng: 3-5%•Chế độ thưởng lễ, tết, hiệu quả công việc theo Quy định của công ty;•Được đào tạo về sản phẩm, định hướng phát triển khách hàng theo từng kế hoạch kinh doanh cụ thể;•Lương cứng: 13.8400******0.000 VND•Mức hoa hồng: 3-5%•Chế độ thưởng lễ, tết, hiệu quả công việc theo Quy định của c",ban_hang,TimViec365,https://timviec365.vn/nhan-vien-kinh-doanh-p2065705.html,2026-04-15T08:19:17.394782,hard,0.8,trung_binh,False,True,working,OK (200)
labor_timviec365_2065662,"Nhân viên bán hàng không yêu cầu kinh nghiệm, bằng cấp, ngoại hình",Công ty TNHH sản xuất và đầu tư Minh Phong,,Hà Nội,0,0,full-time,any,0,,"Thỏa thuận | 05/05/2026 | Hà Nội | Việc làm bán hàng | Quyền lợi: *Quyền lợi được hưởng: - Lương cứng thử việc: 5.750.000VNĐ  (Thử việc: 1-2 tháng tính tròn tháng)- Lương cứng chính thức: 6.000.000VNĐ - Tiền ăn (trả cùng lương tháng): 35.000đ/1 bữa, ngày 2 bữa (trưa, tối): 70.000đ/ 1 ngày- Hỗ trợ tiền trọ đối với trường hợp không ở lại cửa hàng: 600.000đ/tháng (Tính theo số ngày công thực tế đi làm)- Thưởng bán hàng: Có bảng thưởng cụ thể, bán được sp nào thưởng sp đó - Thưởng chuyên cần 300.000",ban_hang,TimViec365,https://timviec365.vn/nhan-vien-ban-hang-khong-yeu-cau-kinh-nghiem-bang-cap-ngoai-hinh-p2065662.html,2026-04-15T08:19:17.399062,easy,0.8,trung_binh,False,True,working,OK (200)
labor_timviec365_2065642,Tuyển Nhân Viên Kinh Doanh Nhựa Đường,CÔNG TY CỔ PHẦN AGRICHEM DANIEL & VINH,Giao Tiếp,Hải Phòng,0,0,full-time,any,0,,"Thỏa thuận | 05/05/2026 | Hải Phòng | Việc làm bán hàng | Quyền lợi: - Mức thu nhập hấp dẫn theo thoả thuận (bao gồm lương cứng, hoa hồng và thưởng theo kết quả kinh doanh).- Chính sách thưởng hấp dẫn dựa trên doanh số đạt được.- Được đào tạo bài bản về kiến thức sản phẩm và kỹ năng bán hàng.- Môi trường làm việc chuyên nghiệp với sự hỗ trợ tối đa từ đội ngũ vận hành.- Cơ hội thăng tiến rõ ràng dựa trên năng lực và kết quả làm việc.- Mức thu nhập hấp dẫn theo thoả thuận (bao gồm lương cứng, hoa ",ban_hang,TimViec365,https://timviec365.vn/tuyen-nhan-vien-kinh-doanh-nhua-djuong-p2065642.html,2026-04-15T08:19:17.404991,easy,0.8,trung_binh,False,True,working,OK (200)
labor_timviec365_2066315,Nhân viên bán hàng (Full-time),CÔNG TY TRÁCH NHIỆM HỮU HẠN COPENHAGEN DELIGHTS,Tiếng Anh|Giao Tiếp,Hà Nội,0,0,full-time,any,0,,"Thỏa thuận | 04/05/2026 | Hà Nội | Việc làm bán hàng | Quyền lợi: • Xoay ca 8h/ngày, off 1 ngày/tuần, • Lương thỏa thuận + bonus + tăng ca• Xoay ca 8h/ngày, off 1 ngày/tuần,• Lương thỏa thuận + bonus + tăng ca | Yêu cầu: * Nhanh nhẹn, trung thực* Biết giao tiếp tiếng Anh cơ bản là 1 lợi thế* Nhanh nhẹn, trung thực* Biết giao tiếp tiếng Anh cơ bản là 1 lợi thế+ Xem thêm | Thỏa thuận | 04/05/2026 | Hà Nội | Việc làm bán hàng | Quyền lợi: • Xoay ca 8h/ngày, off 1 ngày/tuần, • Lương thỏa thuận + bon",ban_hang,TimViec365,https://timviec365.vn/nhan-vien-ban-hang-full-time-p2066315.html,2026-04-15T08:19:17.408984,easy,0.8,trung_binh,False,True,working,OK (200)
labor_timviec365_2065579,NHÂN VIÊN KINH DOANH,Công ty Hyundai CNS,Tiếng Anh|Giao Tiếp,Đồng Nai,25000000,25000000,full-time,any,3,,"25 VNĐ | 03/05/2026 | Đồng Nai | Việc làm bán hàng | Quyền lợi: •	Thời gian làm việc: Từ thứ Hai đến thứ Sáu, nghỉ thứ Bảy và Chủ nhật•	Lương dự kiến: gross 20-25 triệu/tháng•	Chế độ khác: Lương tháng 13, thưởng hiệu quả kinh doanh (lương tháng 14-15), thưởng hiệu quả hàng quý, thưởng thâm niên, thưởng lễ - tết, Tăng lương hàng năm,…•	Trợ cấp con nhỏ, quà tặng các dịp Lễ tết, chế độ hiếu hỉ,….•	Tham gia đầy đủ Bảo Hiểm theo quy định và Bảo hiểm tai nạn 24/7•	Phúc lợi khác: Công ty bao ăn bữa sán",ban_hang,TimViec365,https://timviec365.vn/nhan-vien-kinh-doanh-p2065579.html,2026-04-15T08:19:17.413053,medium,0.8,trung_binh,False,True,working,OK (200)
labor_timviec365_2065520,Tuyển nhân viên kinh doanh,CÔNG TY TNHH BES PHONG CÁCH Ý,Chăm Sóc,,0,0,full-time,any,0,,"Thỏa thuận | 03/05/2026 | Toàn quốc | Việc làm bán hàng | Quyền lợi: - Mức lương thưởng cạnh tranh, xứng đáng với năng lực và đóng góp của nhân viên.- Thưởng định kỳ theo quý, tháng, năm cùng với lương tháng 13 cho nhân viên xuất sắc.- Cơ hội thăng tiến rõ ràng trong công việc.- Được tham gia đầy đủ chế độ BHXH, nghỉ lễ tết theo quy định của pháp luật.- Làm việc trong môi trường thân thiện, chuyên nghiệp và thoải mái.- Mức lương thưởng cạnh tranh, xứng đáng với năng lực và đóng góp của nhân viên",ban_hang,TimViec365,https://timviec365.vn/tuyen-nhan-vien-kinh-doanh-p2065520.html,2026-04-15T08:19:17.421324,easy,0.8,trung_binh,False,True,working,OK (200)
labor_timviec365_2065488,Nhân Viên Kinh Doanh,Công ty cổ phần phát triển năng lượng mặt trời Visun,,Hải Phòng,25000000,25000000,full-time,any,0,,"25.000.000 VNĐ | 02/05/2026 | Hải Phòng | Việc làm bán hàng | Quyền lợi: Đóng Bảo hiểm xã hội, đóng bảo hiểm y tế, nghỉ lễ tết, thưởng lương tháng thứ 13 và tặng quà sinh nhậtĐóng Bảo hiểm xã hội, đóng bảo hiểm y tế, nghỉ lễ tết, thưởng lương tháng thứ 13 và tặng quà sinh nhật | Yêu cầu: Không có+ Xem thêm | 25.000.000 VNĐ | 02/05/2026 | Hải Phòng | Việc làm bán hàng | Quyền lợi: Đóng Bảo hiểm xã hội, đóng bảo hiểm y tế, nghỉ lễ tết, thưởng lương tháng thứ 13 và tặng quà sinh nhậtĐóng Bảo hiểm x",ban_hang,TimViec365,https://timviec365.vn/nhan-vien-kinh-doanh-p2065488.html,2026-04-15T08:19:17.425542,medium,0.8,trung_binh,False,True,working,OK (200)
labor_timviec365_2065480,Nhân viên Kế toán,CÔNG TY CỔ PHẦN PHÂN PHỐI CÔNG NGHỆ KM,,Đà Nẵng,10000000,10000000,full-time,any,1,,"10 VNĐ | 02/05/2026 | Đà Nẵng | Việc làm bán hàng | Quyền lợi:  - Lương cơ bản + Phụ cấp + Hoa hồng theo doanh số.  - Tham gia đầy đủ BHXH, BHYT, BHTN theo quy định của pháp luật.  - Môi trường làm việc ổn định, chuyên nghiệp, có cơ hội phát triển lâu dài.  - Được đào tạo, hỗ trợ nâng cao nghiệp vụ chuyên môn.- Lương cơ bản + Phụ cấp + Hoa hồng theo doanh số.- Tham gia đầy đủ BHXH, BHYT, BHTN theo quy định của pháp luật.- Môi trường làm việc ổn định, chuyên nghiệp, có cơ hội phát triển lâu dài.-",ban_hang,TimViec365,https://timviec365.vn/nhan-vien-ke-toan-p2065480.html,2026-04-15T08:19:17.430707,easy,0.8,trung_binh,False,True,working,OK (200)
labor_timviec365_2065475,Nhân viên bán hàng,Công ty TNHH Macie,,Hồ Chí Minh,8000000,8000000,full-time,any,0,,"8.000.000 VNĐ | 02/05/2026 | Hồ Chí Minh | Việc làm bán hàng | Quyền lợi: - Thu nhập: Lương từ 6.000.000 – 7.000.000 VNĐ + Hoa hồng: doanh thu- Đóng đầy đủ BHXH, phúc lợi theo quy định Luật lao động.- Môi trường làm việc chuyên nghiệp, trẻ trung, năng động, thân thiện.- Cơ hội thăng tiến lên làm Supervisor, Quản lý cửa hàng,...Thời gian làm việc linh hoạt, có thể xoay ca- Ca 1: 8h30 - 16h00- Ca 2: 14h30 - 22h00- Thu nhập: Lương từ 6.000.000 – 7.000.000 VNĐ + Hoa hồng: doanh thu- Đóng đầy đủ BHXH",ban_hang,TimViec365,https://timviec365.vn/nhan-vien-ban-hang-p2065475.html,2026-04-15T08:19:17.438798,easy,0.8,trung_binh,False,True,working,OK (200)
labor_timviec365_2066138,tuyển nhân viên bán hàng (thời vụ 2 tháng),CÔNG TY TNHH KINH DOANH MIỄN THUẾ LOTTE PHÚ KHÁNH - CHI NHÁNH KHÁNH HÒA,Tiếng Anh|Giao Tiếp,Khánh Hòa,0,0,full-time,any,0,,"Thỏa thuận | 31/05/2026 | Khánh Hòa | Việc làm bán hàng | Quyền lợi: - mức lương thỏa thuận hấp dẫn, tương xứng với năng lực.- phụ cấp ăn uống hỗ trợ cho nhân viên.- được đóng bảo hiểm xã hội đầy đủ theo quy định, cùng với bảo hiểm tai nạn từ pvi.- làm việc trong môi trường quốc tế, chuyên nghiệp và thân thiện.- cơ hội được đào tạo kiến thức và kỹ năng từ những nhãn hàng hàng đầu thế giới.- hưởng trợ cấp cho ca làm việc đêm và các dịp lễ tết.- mức lương thỏa thuận hấp dẫn, tương xứng với năng lự",ban_hang,TimViec365,https://timviec365.vn/tuyen-nhan-vien-ban-hang-thoi-vu-2-thang-p2066138.html,2026-04-15T08:19:17.449291,easy,0.8,trung_binh,False,True,working,OK (200)
labor_timviec365_2065695,Tuyển Nhân Viên Kinh Doanh - Chăm Sóc Khách Hàng,CÔNG TY CỔ PHẦN ĐẦU TƯ VÀ PHÁT TRIỂN KHÔI NGUYÊN HOLDING,,,1200000,1200000,full-time,any,0,,1.200.000 VNĐ | 31/05/2026 | Toàn quốc | Việc làm bán hàng | Quyền lợi: Nhận lương tháng 13 hấp dẫn.- Được tham gia bảo hiểm lao động đầy đủ.- Cơ hội tham gia các chuyến du lịch 2-3 lần trong năm để thư giãn và kết nối với đồng nghiệp.Nhận lương tháng 13 hấp dẫn.- Được tham gia bảo hiểm lao động đầy đủ.- Cơ hội tham gia các chuyến du lịch 2-3 lần trong năm để thư giãn và kết nối với đồng nghiệp. | Yêu cầu: Có trách nhiệm cao trong công việc và luôn hoàn thành nhiệm vụ được giao.- Thái độ tích cự,ban_hang,TimViec365,https://timviec365.vn/tuyen-nhan-vien-kinh-doanh-cham-soc-khach-hang-p2065695.html,2026-04-15T08:19:17.460482,easy,0.8,trung_binh,False,True,working,OK (200)
labor_timviec365_2065437,[HCM] Nhân viên Kinh doanh tại showroom Quận 6,CÔNG TY TNHH THIẾT BỊ CHĂM SÓC SỨC KHỎE ASAMA,Giao Tiếp|Chăm Sóc,Hồ Chí Minh,15000000,15000000,full-time,any,1,,"15.000.000 VNĐ | 28/05/2026 | Hồ Chí Minh | Việc làm bán hàng | Quyền lợi: Được tham gia Bảo hiểm xã hội, bảo hiểm y tế, bảo hiểm thất nghiệp theo quy định pháp luật.Được hưởng 12 ngày phép/năm theo quy định pháp luật.Được thưởng các ngày lễ, tết theo quy định pháp luật. Được thưởng theo chính sách của Công tyCơ hội thăng tiến trong công việcMôi trường làm việc năng độngĐược tham gia các hoạt động team building, du lịch hàng nămĐược tham gia Bảo hiểm xã hội, bảo hiểm y tế, bảo hiểm thất nghiệp t",ban_hang,TimViec365,https://timviec365.vn/hcm-nhan-vien-kinh-doanh-tai-showroom-quan-6-p2065437.html,2026-04-15T08:19:17.471709,medium,0.8,trung_binh,False,True,working,OK (200)
labor_timviec365_2065431,Nhân Viên Kinh Doanh,Công Ty Tnhh Sản Xuất TM DV XNK Haixima,Phục Vụ,Hồ Chí Minh,12000000,12000000,full-time,any,0,,"12.000.000 VNĐ | 28/05/2026 | Hồ Chí Minh | Việc làm bán hàng | Quyền lợi: - Môi trường làm việc chuyên nghiệp, năng động.- Được rèn luyện và trao dồi kinh nghiệm và kỹ năng- Đóng đầy đủ BHXH, BHYT, BHTN theo quy định của Nhà nước sau 2 tháng làm việc.- Hưởng đầy đủ chính sách phúc lợi của công ty:  Thưởng các dịp lễ, tết, lương tháng thứ 13; Teambuilding, du lịch thường niên.- Được cấp trang thiết bị đầy đủ để phục vụ và nâng cao hiệu quả công việc.- Được đề xuất ý kiến trao đổi với cấp quản lý",ban_hang,TimViec365,https://timviec365.vn/nhan-vien-kinh-doanh-p2065431.html,2026-04-15T08:19:17.481044,easy,0.8,trung_binh,False,True,working,OK (200)
labor_timviec365_2063950,NHÂN VIÊN KINH DOANH THỊ TRƯỜNG (NAM) Lương cứng 10-12 triệu,CÔNG TY CỔ PHẦN VẬT LIỆU XÂY DỰNG TYT VIỆT NAM,Giao Tiếp|Lái Xe,Hà Nội,15000000,15000000,full-time,any,2,,"15.000.000 VNĐ | 27/05/2026 | Hà Nội | Kỹ thuật, Nhân viên kinh doanh, Việc làm bán hàng | Quyền lợi: - Lương cứng: 10.000.000 – 12.000.000 VNĐ/tháng - Thu nhập thêm: %KPIs + phụ cấp theo quy định công ty, lương thực nhận từ 15.000.000 trở lên, thu nhập cao không giới hạn. - Cơ hội gắn bó lâu dài và phát triển lên vị trí cao hơn. - Thời gian làm việc: - 7h30/ngày - Sáng: 8h00 – 11h45 - Chiều: 13h15 – 17h00 - Làm việc 5,5 ngày/tuần, nghỉ chiều Thứ 7 và Chủ nhật. - Chế độ đầy đủ: - Đóng BHXH, BHYT",ban_hang,TimViec365,https://timviec365.vn/nhan-vien-kinh-doanh-thi-truong-nam-luong-cung-1012-trieu-p2063950.html,2026-04-15T08:19:17.490567,medium,0.8,trung_binh,False,True,working,OK (200)
labor_timviec365_2065342,Nhân Viên Tư Vấn Khách Hàng,CÔNG TY TNHH THƯƠNG MẠI VÀ DV CÔNG NGHỆ TLT,Giao Tiếp,Hồ Chí Minh,15000000,15000000,full-time,any,0,,"15 VNĐ | 26/05/2026 | Hồ Chí Minh | Việc làm bán hàng | Quyền lợi: - Thu nhập 6.000.000 => 15.000.000 (bao gồm lương cứng + phụ cấp + hoa hồng + thưởng thêm theo chương trình kinh doanh)- Chế độ bảo hiểm đầy đủ.- Du lịch trong năm, thưởng các dịp lễ tết, đãi ngộ tương xứng với năng lực.- Có cơ hội thăng tiến cao.- Được hỗ trợ đào tạo và nâng cao kỹ năng làm việc.- Thu nhập 6.000.000 => 15.000.000 (bao gồm lương cứng + phụ cấp + hoa hồng + thưởng thêm theo chương trình kinh doanh)- Chế độ bảo hiể",ban_hang,TimViec365,https://timviec365.vn/nhan-vien-tu-van-khach-hang-p2065342.html,2026-04-15T08:19:17.497591,medium,0.8,trung_binh,False,True,working,OK (200)
labor_timviec365_2065273,Nhân Viên Kinh Doanh – Marketing,Công ty TNHH THIẾT BỊ KỸ THUẬT RESTEK,Tiếng Anh|Giao Tiếp,Hồ Chí Minh,15000000,15000000,full-time,any,2,,"15 triệu | 25/05/2026 | Hồ Chí Minh, Bình Dương | Marketing - PR, Nhân viên kinh doanh, Việc làm bán hàng | Quyền lợi: • Mức lương từ 10 ~ 15 triệu đồng trở lên • Được làm việc trong môi trường năng động và thân thiện, cung cấp đầy đủ trang thiết bị. • Thu nhập ổn định: lương + các khoản thưởng theo doanh số.  • Chính sách HĐLĐ, BHXH, BHYT, BHTN, nghỉ phép, nghỉ lễ theo quy định của Luật Lao động. • Khám sức khỏe hàng năm dành cho công nhân viên. Du lịch cùng công ty.• Mức lương từ 10 ~ 15 triệu",ban_hang,TimViec365,https://timviec365.vn/nhan-vien-kinh-doanh-marketing-p2065273.html,2026-04-15T08:19:17.506616,medium,0.8,trung_binh,False,True,working,OK (200)
labor_timviec365_2065216,Nhân Viên Bán Hàng Thương hiệu thời trang Nam Generos,Công ty TNHH Thương mại Dịch vụ và Thời trang May 10,Excel|Word|Giao Tiếp|Word|Chăm Sóc,Hà Nội,10000000,10000000,temporary,any,0,,"10.000.000 VNĐ | 24/05/2026 | Hà Nội | Việc làm bán hàng | Quyền lợi: Lương cứng + % hoa hồng theo doanh thu.Thưởng doanh số, lễ tết, tháng 13.Được đóng BHXH đầy đủ sau thử việc.Môi trường làm việc trẻ trung, thân thiện, có cơ hội học hỏi và phát triển lên vị trí quản lý.Được đào tạo kỹ năng bán hàng, chăm sóc khách hàng, quản lý tồn kho.Làm việc ổn định, lâu dài, có hợp đồng rõ ràng.Lương cứng + % hoa hồng theo doanh thu.Thưởng doanh số, lễ tết, tháng 13.Được đóng BHXH đầy đủ sau thử việc.Môi t",ban_hang,TimViec365,https://timviec365.vn/nhan-vien-ban-hang-thuong-hieu-thoi-trang-nam-generos-p2065216.html,2026-04-15T08:19:17.514741,easy,0.3,trung_binh,False,True,working,OK (200)
labor_timviec365_2065208,Nhân Viên Kinh Doanh/ Bán Hàng - Không Kinh Nghiệm,Thắm Đặng Store,Giao Tiếp,Hồ Chí Minh,10000000,10000000,full-time,any,0,,"10.000.000 VNĐ | 24/05/2026 | Hồ Chí Minh | Việc làm bán hàng | Quyền lợi: •	Lương cứng 6.8400******.000 + phụ cấp + hoa hồng (Tổng thu nhập 7.8400******0.000 VND)•	Phụ cấp ăn, gửi xe theo chính sách công ty•	Tham gia BHXH theo quy định•	Hỗ trợ đào tạo, nâng cao và hoàn thiện kiến thức, khả năng trong công việc•	Môi trường làm việc năng động, linh hoạt, được ghi nhận và đóng góp ý kiến•	Sinh nhật, ốm đau, hiếu hỉ, Team building...•	Lương cứng 6.8400******.000 + phụ cấp + hoa hồng (Tổng thu nhập ",ban_hang,TimViec365,https://timviec365.vn/nhan-vien-kinh-doanh-ban-hang-khong-kinh-nghiem-p2065208.html,2026-04-15T08:19:17.523587,easy,0.8,trung_binh,False,True,working,OK (200)
labor_timviec365_2051576,NHÂN VIÊN KINH DOANH,Công Ty TNHH Đtkd Xnk Hoàn Mỹ,Giao Tiếp,Hồ Chí Minh,0,0,full-time,any,1,,"Thỏa thuận | 17/05/2026 | Hồ Chí Minh | Nhân viên kinh doanh, Phát triển thị trường, Việc làm bán hàng | Quyền lợi: *  Lương: Thỏa thuận (Lương cứng + % hoa hồng doanh thu).*  Thưởng tháng 13.*  Xét tăng lương hàng năm.*  Đầy đủ chế độ BHXH, BHYT, BHTN theo quy định.*  Lương: Thỏa thuận (Lương cứng + % hoa hồng doanh thu).*  Thưởng tháng 13.*  Xét tăng lương hàng năm.*  Đầy đủ chế độ BHXH, BHYT, BHTN theo quy định. | Yêu cầu:  Nam/ Nữ, tuổi từ 22 - 35.
- Trình độ cao đẳng trở lên chuyên ngành qu",ban_hang,TimViec365,https://timviec365.vn/nhan-vien-kinh-doanh-hoa-trai-cay-p2051576.html,2026-04-15T08:19:28.346012,easy,0.8,trung_binh,False,True,working,OK (200)
labor_timviec365_2065156,NHÂN VIÊN KINH DOANH (SALES EXECUTIVE),CÔNG TY TNHH PIMRY LAMSUM (VIỆT NAM),English,Hồ Chí Minh,20000000,20000000,full-time,any,2,,"20.000.000 VNĐ | 12/05/2026 | Hồ Chí Minh | Việc làm bán hàng | Quyền lợi: Basic salary: 12,550,000 VND/monthTravel allowance: 2,500,000 VND/monthTelephone allowance: 840,000 VND/monthMeal allowance: 84,000 VND/dayKPI-based commissionFull social insurance and health insurance as per Labor Law13th-month salary, monthly & annual bonuses, periodic salary review based on performanceBasic salary: 12,550,000 VND/monthTravel allowance: 2,500,000 VND/monthTelephone allowance: 840,000 VND/monthMeal allow",ban_hang,TimViec365,https://timviec365.vn/nhan-vien-kinh-doanh-sales-executive-p2065156.html,2026-04-15T08:19:28.348658,medium,0.8,trung_binh,False,True,working,OK (200)
labor_timviec365_2065101,Tổ trưởng Nhà hàng,CÔNG TY TRÁCH NHIỆM HỮU HẠN MỘT THÀNH VIÊN THƯƠNG MẠI DỊCH VỤ MOON UP,Giao Tiếp|Phục Vụ,,0,0,full-time,any,0,,"Thỏa thuận | 05/05/2026 | Kiên Giang | Việc làm bán hàng | Quyền lợi: * Mức lương: Thỏa thuận* Được tham gia BHXH, thưởng KPIs, các ngày lễ, lương tháng 13,…* Phụ cấp cơm trong ca làm việc* Phụ cấp nhà ở* Phí phục vụ trong thời gian thử việc* Môi trường làm việc năng động và hòa đồng* Mức lương: Thỏa thuận* Được tham gia BHXH, thưởng KPIs, các ngày lễ, lương tháng 13,…* Phụ cấp cơm trong ca làm việc* Phụ cấp nhà ở* Phí phục vụ trong thời gian thử việc* Môi trường làm việc năng động và hòa đồng |",ban_hang,TimViec365,https://timviec365.vn/to-truong-nha-hang-p2065101.html,2026-04-15T08:19:28.353730,easy,0.8,trung_binh,False,True,working,OK (200)
labor_timviec365_2063952,Nhân Viên Kinh Doanh/Sales - TP. HCM & Hà Nội,Công Ty TNHH Kamereo,Giao Tiếp,Hồ Chí Minh,40000000,40000000,full-time,any,5,,"40.000.000 VNĐ | 04/05/2026 | Hồ Chí Minh | Việc làm bán hàng | Quyền lợi: - Mức lương: 7.000.000 VNĐ (lương cứng) + Thưởng KPIs. Thu nhập lên đến 40tr/tháng (có thể cao hơn tùy theo năng lực) - Lương thử việc 100%. Cung cấp laptop, công cụ dụng cụ cần thiết - Môi trường làm việc thoải mái, trẻ trung, năng động và đề cao sự phát triển mỗi cá nhân - Chế độ thưởng hiệu quả công việc hàng tháng và chế độ thưởng năm - Được hưởng trợ cấp làm việc theo chế độ: BHXH-BHYT-BHTN sau khi trở thành nhân viê",ban_hang,TimViec365,https://timviec365.vn/nhan-vien-kinh-doanhsales-tp-hcm-and-ha-noi-p2063952.html,2026-04-15T08:19:28.356416,hard,0.8,trung_binh,False,True,working,OK (200)
labor_timviec365_2065067,Nhân viên Kinh doanh online - Cộng tác viên Kinh doanh online,CÔNG TY CP DƯỢC MỸ PHẨM DEO PURE,Giao Tiếp,,0,0,full-time,any,0,,"Thỏa thuận | 02/05/2026 | Toàn quốc | Việc làm bán hàng | Quyền lợi: - Thu nhập theo hoa hồng, không giới hạn theo năng lực- Thời gian làm việc linh hoạt, không yêu cầu online giờ hành chính- Làm việc từ xa 100%, không cần đến công ty- Được cung cấp sản phẩm / tài liệu / kịch bản bán hàng- Được hướng dẫn ban đầu, hỗ trợ trong quá trình làm việc- Thanh toán minh bạch, đúng hẹn theo thỏa thuận- Thu nhập theo hoa hồng, không giới hạn theo năng lực- Thời gian làm việc linh hoạt, không yêu cầu online",ban_hang,TimViec365,https://timviec365.vn/nhan-vien-kinh-doanh-online-cong-tac-vien-kinh-doanh-online-p2065067.html,2026-04-15T08:19:28.359297,easy,0.8,trung_binh,False,True,working,OK (200)
labor_timviec365_2065066,Nhân viên tiếp thị,CÔNG TY CPTM BIA SÀI GÒN MIỀN TRUNG,Giao Tiếp,,10000000,10000000,full-time,any,0,,"10 triệu | 02/05/2026 | Toàn quốc | Việc làm bán hàng | Quyền lợi: - Thu nhập cạnh tranh từ 9 – 12 triệu (gồm lương, phụ cấp, thưởng KPI)- Làm chính thức, gắn bó lâu dài.- Tham gia BHXH theo Luật định, BH tai nạn.- Có các phúc lợi lễ, Tết, lương tháng 13.- Được đào tạo các kỹ năng bán hàng chuyên nghiệp- Thu nhập cạnh tranh từ 9 – 12 triệu (gồm lương, phụ cấp, thưởng KPI)- Làm chính thức, gắn bó lâu dài.- Tham gia BHXH theo Luật định, BH tai nạn.- Có các phúc lợi lễ, Tết, lương tháng 13.- Được đ",ban_hang,TimViec365,https://timviec365.vn/nhan-vien-tiep-thi-pgpa-p2065066.html,2026-04-15T08:19:28.361968,easy,0.8,trung_binh,False,True,working,OK (200)
labor_timviec365_2065020,nhân viên kinh doanh,Công Ty Cổ phần Sản Xuất Vietplastic Global,Giao Tiếp,Vĩnh Phúc,15000000,15000000,full-time,any,0,,"15.000.000 VNĐ | 28/05/2026 | Vĩnh Phúc | Việc làm bán hàng | Quyền lợi: Mức lương: Từ 15.000.000 VNĐĐược hưởng đầy đủ các chế độ theo Luật Lao độngMôi trường làm việc chuyên nghiệp, năng độngCơ hội học hỏi, phát triển và thăng tiến trong công việcMức lương: Từ 15.000.000 VNĐĐược hưởng đầy đủ các chế độ theo Luật Lao độngMôi trường làm việc chuyên nghiệp, năng độngCơ hội học hỏi, phát triển và thăng tiến trong công việc | Yêu cầu: - Độ tuổi: 25 - 40 tuổi- Tốt nghiệp Cao đẳng/Đại học chuyên ngành",ban_hang,TimViec365,https://timviec365.vn/nhan-vien-kinh-doanh-p2065020.html,2026-04-15T08:19:28.364581,medium,0.8,trung_binh,False,True,working,OK (200)
labor_timviec365_2065001,Tư vấn bán hàng xe ô tô BYD,Công Ty Cổ Phần Ô Tô Năng Lượng Mới,Lái Xe|Bằng Lái,,6000000,6000000,full-time,any,0,,"6.000.000 VNĐ | 27/05/2026 | Tiền Giang | Việc làm bán hàng | Quyền lợi: Thu nhập không giới hạn, lương cứng không phụ thuộc doanh sốĐược tham gia BHXH, BHYT đầy đủ.Cam kết lương, thưởng thanh toán đúng thời hạn.Môi trường làm việc chuyên nghiệp, năng động, cơ hội thăng tiến.Được đào tạo theo tiêu chuẩn bán hàng, đào tạo những kiến thức chuyên sâu theo tiêu chuẩn thương hiệu.Thu nhập không giới hạn, lương cứng không phụ thuộc doanh sốĐược tham gia BHXH, BHYT đầy đủ.Cam kết lương, thưởng thanh to",ban_hang,TimViec365,https://timviec365.vn/tu-van-ban-hang-xe-o-to-byd-p2065001.html,2026-04-15T08:19:28.372125,easy,0.8,trung_binh,False,True,working,OK (200)
labor_timviec365_2064980,Nhân Viên Telesale,Công ty TNHH nông nghiệp Easy Farm Việt Nam,Giao Tiếp,Hà Nội,10000000,10000000,full-time,any,1,,"10.000.000 VNĐ | 27/05/2026 | Hà Nội | Việc làm bán hàng | Quyền lợi: Quyền lợiThu nhập hấp dẫn = Lương cơ bản (6-8 triệu)/tháng + thưởng doanh số + thưởng nóngThu nhập: 18.000.000 – 25.000.000 VND/tháng- Được đào tạo chuyên sâu về kiến thức sản phẩm, kỹ năng Telesale và kỹ năng mềm liên quan.- Môi trường làm việc trẻ trung, năng động, chuyên nghiệp, có cơ hội thăng tiến rõ ràng lên vị trí Trưởng nhóm, Quản lý.- Hưởng đầy đủ các chế độ BHXH, BHYT, BHTN theo quy định của pháp luật khi trở thành n",ban_hang,TimViec365,https://timviec365.vn/nhan-vien-telesale-thu-nhap-hap-dan-p2064980.html,2026-04-15T08:19:28.375610,easy,0.8,trung_binh,False,True,working,OK (200)
labor_timviec365_2064979,Nhân viên kinh doanh,Công ty TNHH Tổng Đại Lý Kim Nhật - Gencasa Tân Phú,Giao Tiếp,Hồ Chí Minh,0,0,full-time,any,1,,"Thỏa thuận | 27/05/2026 | Hồ Chí Minh | Việc làm bán hàng | Quyền lợi: Lương tỷ lệ thuận với doanh số (trao đổi thêm trong quá trình phỏng vấn).Thu nhập: hoa hồng tỷ lệ thuận với doanh số (25% - 35%) và thưởng hàng tháng, quý, năm theo doanh thu đạt được.Nhận thưởng vinh danh và các contest thưởng thu nhập liên tục hấp dẫn.Được đóng BHXH, BHYT, nghỉ lễ tết và nghỉ phép theo quy định pháp luậtLộ trình thăng tiến rõ ràng theo quy định, được đào tạo, hỗ trợ phát triển kỹ năng và nghiệp vụ lên quản ",ban_hang,TimViec365,https://timviec365.vn/nhan-vien-kinh-doanh-p2064979.html,2026-04-15T08:19:28.378732,easy,0.8,trung_binh,False,True,working,OK (200)
labor_timviec365_2064830,Nhân viên kinh doanh,CÔNG TY TNHH AQUA SHIELD BIOTECH,Giao Tiếp|Chăm Sóc,Hồ Chí Minh,10000000,10000000,full-time,any,1,,"10.000.000 VNĐ | 19/05/2026 | Hồ Chí Minh | Việc làm bán hàng | Quyền lợi: Thu nhậpThu nhập khi đạt 100% KPI: Thoả thuậnThu nhập tính theo tỷ lệ đạt KPILương cứng: 10 - 15 triệu VNDLương cứng không phụ thuộc doanh sốQuyền lợiMức lương: 18400******00.000 vnđ/tháng (+Hoa hồng theo doanh thu)Thưởng Lễ, Tết.Lương thâm niên.Cam kết lương tháng 13.HĐLĐ theo quy địnhSinh nhật, hiếu hỉ,....Thu nhậpThu nhập khi đạt 100% KPI: Thoả thuậnThu nhập tính theo tỷ lệ đạt KPILương cứng: 10 - 15 triệu VNDLương cứn",ban_hang,TimViec365,https://timviec365.vn/nhan-vien-kinh-doanh-p2064830.html,2026-04-15T08:19:28.381552,easy,0.8,trung_binh,False,True,working,OK (200)
labor_timviec365_2064821,Sales Staff,CÔNG TY TNHH KINH DOANH MIỄN THUẾ LOTTE PHÚ KHÁNH,Tiếng Anh|Giao Tiếp,Khánh Hòa,0,0,full-time,any,0,,"Thỏa thuận | 19/05/2026 | Khánh Hòa | Việc làm bán hàng | Quyền lợi: Lương cạnh tranhThưởng doanh sốLương tháng 13, thưởng lễPhụ cấp tiền cơm, điện thoạiChế độ BHXH 100% lương + Bảo hiểm sức khỏeMôi trường làm việc quốc tếLương cạnh tranhThưởng doanh sốLương tháng 13, thưởng lễPhụ cấp tiền cơm, điện thoạiChế độ BHXH 100% lương + Bảo hiểm sức khỏeMôi trường làm việc quốc tế | Yêu cầu: Kinh nghiệm: ứng viên có kinh nghiệm bán hàng trong lĩnh vực bán lẻ, dịch vụ khách hàng, khách sạn hoặc cửa hàng ",ban_hang,TimViec365,https://timviec365.vn/sales-staff-p2064821.html,2026-04-15T08:19:28.386904,easy,0.8,trung_binh,False,True,working,OK (200)
labor_timviec365_2064816,Tuyển Nhân Viên Bán Hàng Trang Sức,Công ty TNHH Vĩnh Cara Diamond Jewelry,Excel|Word|Tiếng Anh|Giao Tiếp|Word|Phục Vụ,Hồ Chí Minh,0,0,full-time,any,0,,"Thỏa thuận | 19/05/2026 | Hồ Chí Minh | Việc làm bán hàng | Quyền lợi: - Thu nhập lên đến 25 triệu/tháng bao gồm lương cơ bản theo năng lực và hoa hồng kinh doanh.- Thưởng hiệu quả kinh doanh, lương tháng 13, quà tặng sinh nhật/ thưởng các ngày lễ lớn trong năm.- Xét tăng lương 12 tháng/lần (đột xuất 6 tháng/lần).- Ngày nghỉ theo quy định của luật lao động.- Tham gia BHXH, BHYT, BHTN và BH tai nạn 24/24.- Tham gia các khóa đào tạo trong và ngoài nước phục vụ cho công việc.- Môi trường làm việc t",ban_hang,TimViec365,https://timviec365.vn/tuyen-nhan-vien-ban-hang-trang-suc-p2064816.html,2026-04-15T08:19:28.390237,easy,0.8,trung_binh,False,True,working,OK (200)
labor_timviec365_2064792,Nhân viên Kinh doanh tại showroom Nghệ An,CÔNG TY TNHH THIẾT BỊ CHĂM SÓC SỨC KHỎE ASAMA,Giao Tiếp|Chăm Sóc,Nghệ An,15000000,15000000,full-time,any,0,,"15.000.000 VNĐ | 16/05/2026 | Nghệ An | Việc làm bán hàng | Quyền lợi: Lương cứng không phụ thuộc doanh sốĐược tham gia Bảo hiểm xã hội, bảo hiểm y tế, bảo hiểm thất nghiệp theo quy định pháp luật.Được hưởng 12 ngày phép/năm theo quy định pháp luật.Được thưởng các ngày lễ, tết theo quy định pháp luật. Được thưởng theo chính sách của Công tyCơ hội thăng tiến trong công việcMôi trường làm việc năng độngĐược tham gia các hoạt động team building, du lịch hàng nămLương cứng không phụ thuộc doanh sốĐư",ban_hang,TimViec365,https://timviec365.vn/nhan-vien-kinh-doanh-tai-showroom-nghe-an-p2064792.html,2026-04-15T08:19:28.392921,medium,0.8,trung_binh,False,True,working,OK (200)
labor_timviec365_2064791,Nhân viên bán hàng kiêm kỹ thuật,CÔNG TY TNHH VÒNG XANH,Giao Tiếp,Hồ Chí Minh,10000000,10000000,full-time,any,0,,"10.000.000 VNĐ | 16/05/2026 | Hồ Chí Minh | Việc làm bán hàng | Quyền lợi: Hỗ trợ đào tạo kỹ năng bán hàng và kỹ thuật chuyên môn liên quan đến xe đạpĐược hưởng đủ các quyền lợi như: Bảo hiểm (BHXH, BHYT, BHTN), lương tháng 13, phép năm,...Thưởng lễ/tết, thường niên: 30/04, 01/05,…Làm việc vào các ngày lễ, tết hệ số nhân theo quy địnhĐược khám sức khỏe định kỳ.Cơ hội thăng tiến lên cấp cao hơn: Cửa hàng trưởng, quản lý cửa hàng, quản lý khu vực,..Lương cứng từ 6.500.000 VNĐ => Tổng thu nhập từ 8",ban_hang,TimViec365,https://timviec365.vn/nhan-vien-ban-hang-kiem-ky-thuat-p2064791.html,2026-04-15T08:19:28.396491,easy,0.8,trung_binh,False,True,working,OK (200)
labor_timviec365_2064773,TUYỂN DỤNG NHÂN VIÊN SALE – BÁN HÀNG,CÔNG TY TNHH THƯƠNG MẠI VÀ DỊCH VỤ PHÁT TRIỂN ECO TECH,Giao Tiếp,Hòa Bình,7000000,7000000,full-time,any,0,,"7.000.000 VNĐ | 16/05/2026 | Hòa Bình | Việc làm bán hàng | Quyền lợi: Lương cơ bản + % hoa hồng bán hàng (thu nhập ổn định).Thưởng theo doanh số.Được đào tạo sản phẩm và kỹ năng bán hàng.Môi trường làm việc thân thiện, lâu dài.Lương cơ bản + % hoa hồng bán hàng (thu nhập ổn định).Thưởng theo doanh số.Được đào tạo sản phẩm và kỹ năng bán hàng.Môi trường làm việc thân thiện, lâu dài. | Yêu cầu: Nam/Nữ, nhanh nhẹn, giao tiếp tốt.Ưu tiên biết về máy móc nông nghiệp, máy cưa, máy cắt cỏ (chưa biết s",ban_hang,TimViec365,https://timviec365.vn/tuyen-dung-nhan-vien-sale-ban-hang-p2064773.html,2026-04-15T08:19:28.399683,easy,0.8,trung_binh,False,True,working,OK (200)
labor_timviec365_2064751,Nhân viên Bán hàng - Nhận việc ngay,CÔNG TY TNHH MIYAKIWA VIETNAM,Giao Tiếp|Chăm Sóc,,15000000,15000000,full-time,any,1,,"15.000.000 VNĐ | 15/05/2026 | Toàn quốc | Việc làm bán hàng | Quyền lợi: Được tham gia Bảo hiểm xã hội, bảo hiểm y tế, bảo hiểm thất nghiệp theo quy định pháp luật.Được hưởng 12 ngày phép/năm theo quy định pháp luật.Được thưởng các ngày lễ, tết theo quy định pháp luật. Được thưởng theo chính sách của Công tyCơ hội thăng tiến trong công việcMôi trường làm việc năng độngĐược tham gia các hoạt động team building, du lịch hàng nămĐược tham gia Bảo hiểm xã hội, bảo hiểm y tế, bảo hiểm thất nghiệp the",ban_hang,TimViec365,https://timviec365.vn/nhan-vien-ban-hang-nhan-viec-ngay-p2064751.html,2026-04-15T08:19:28.403459,medium,0.8,trung_binh,False,True,working,OK (200)
labor_timviec365_2064726,NHÂN VIÊN KINH DOANH - HCM801,CÔNG TY CỔ PHẦN KẾT NỐI NHÂN LỰC WORKLINK VIỆT NAM,Tiếng Anh|Giao Tiếp,Hồ Chí Minh,30000000,30000000,full-time,any,0,,"30 VNĐ | 14/05/2026 | Hồ Chí Minh | Việc làm bán hàng | Quyền lợi: - Mức lương: 20–30 triệu VND (thỏa thuận theo năng lực)- Thời gian làm việc: Thứ Hai -Thứ Bảy (nghỉ 2 Thứ Bảy/tháng, nghỉ Chủ Nhật và ngày lễ theo quyđịnh)- Giờ làm việc: 7:30 – 16:30 (nghỉ trưa 01 tiếng)- Ăn trưa tại công ty- Tham gia đầy đủ các chế độ theo Luật Lao động Việt Nam- Môi trường làm việc chuyên nghiệp, ổn định, định hướng phát triển lâu dài- Có cơ hội phát triển lên vị trí quản lý trong tương lai- Được tham gia team",ban_hang,TimViec365,https://timviec365.vn/nhan-vien-kinh-doanh-hcm801-p2064726.html,2026-04-15T08:19:28.406649,hard,0.8,trung_binh,False,True,working,OK (200)
labor_timviec365_2064712,nhân viên kinh doanh,Công ty TNHH Thương Mại và Dịch Vụ Bất Động Sản Chiến Thắng,Giao Tiếp,Nghệ An,4000000,4000000,full-time,any,0,,"4.000 VNĐ | 13/05/2026 | Nghệ An | Việc làm bán hàng | Quyền lợi: Lương cơ bản + Hoa hồng + Thưởng hấp dẫn.Thu nhập không giới hạn theo năng lực.Được đào tạo kỹ năng bán hàng, kỹ năng phát triển bản thân.Môi trường làm việc năng động, cơ hội thăng tiến rõ ràng.Được hưởng đầy đủ chế độ BHXH, BHYT, du lịch, team building,…Lương cơ bản + Hoa hồng + Thưởng hấp dẫn.Thu nhập không giới hạn theo năng lực.Được đào tạo kỹ năng bán hàng, kỹ năng phát triển bản thân.Môi trường làm việc năng động, cơ hội th",ban_hang,TimViec365,https://timviec365.vn/nhan-vien-kinh-doanh-p2064712.html,2026-04-15T08:19:28.413029,easy,0.8,trung_binh,False,True,working,OK (200)
labor_timviec365_2064701,Nhân Viên Bán Hàng,CÔNG TY CỔ PHẦN THƯƠNG MẠI VÀ DỊCH VỤ EMALL,,Bình Dương,0,0,full-time,any,0,,"Thỏa thuận | 13/05/2026 | Bình Dương | Việc làm bán hàng | Quyền lợi: Mức lương cạnh tranh, lương cứng + Bonus/ Thưởng (thưởng nóng, thưởng training, thưởng target, thưởng VM,....)Cơ hội phát triển thăng tiếnTham gia các chương trình đào tạo nâng cao nghiệp vụ Môi trường làm việc hòa đồng, thân thiệnMức lương cạnh tranh, lương cứng + Bonus/ Thưởng (thưởng nóng, thưởng training, thưởng target, thưởng VM,....)Cơ hội phát triển thăng tiếnTham gia các chương trình đào tạo nâng cao nghiệp vụMôi trườn",ban_hang,TimViec365,https://timviec365.vn/nhan-vien-ban-hang-p2064701.html,2026-04-15T08:19:28.418985,easy,0.8,trung_binh,False,True,working,OK (200)
labor_timviec365_2064699,Tuyển Nhân viên Bán hàng Thời trang,Công ty TNHH Đức Trung,Giao Tiếp|Phục Vụ,Hà Nội,10000000,10000000,full-time,any,0,,"10 triệu | 13/05/2026 | Hà Nội | Việc làm bán hàng | Quyền lợi: - Mức thu nhập hấp dẫn từ 6 - 10 triệu (bao gồm lương cứng, doanh thu và thưởng); trong thời gian thử việc được hưởng 100% lương.- Cơ hội làm việc trong môi trường năng động, sáng tạo và có khả năng thăng tiến.- Được hưởng đầy đủ các chế độ bảo hiểm xã hội theo quy định của Nhà nước.- Các chế độ phúc lợi hấp dẫn: hiếu hỉ, sinh nhật cán bộ nhân viên, nghỉ mát, du xuân,...- Tham gia các khóa đào tạo nội bộ và bên ngoài để nâng cao kiế",ban_hang,TimViec365,https://timviec365.vn/tuyen-nhan-vien-ban-hang-thoi-trang-p2064699.html,2026-04-15T08:19:28.423095,easy,0.8,trung_binh,False,True,working,OK (200)
labor_timviec365_2064680,Nhân viên Bán vé Part-time,Công Ty Cổ Phần Tập đoàn BT VIETNAM,Giao Tiếp,Vũng Tàu,0,0,full-time,any,0,,"Thỏa thuận | 12/05/2026 | Bà Rịa Vũng Tàu | Việc làm bán hàng | Quyền lợi: – Được làm việc trong một tổ chức chuyên nghiệp, năng động;– Một tháng được nghỉ 2 ngày (trừ thứ bảy, chủ nhật và các ngày Lễ Tết);– Hỗ trợ chỗ ở và chi phí đi lại (tùy từng trường hợp);– Cấp đồng phục sau khi hoàn thành thử việc;– Thưởng theo hiệu quả công việ– Được làm việc trong một tổ chức chuyên nghiệp, năng động;– Một tháng được nghỉ 2 ngày (trừ thứ bảy, chủ nhật và các ngày Lễ Tết);– Hỗ trợ chỗ ở và chi phí đi lại ",ban_hang,TimViec365,https://timviec365.vn/nhan-vien-ban-ve-part-time-p2064680.html,2026-04-15T08:19:28.427697,easy,0.8,trung_binh,False,True,working,OK (200)
labor_timviec365_2064644,Trưởng nhóm kinh doanh miền Bắc,Công ty CP Toshiko Việt Nam,Giao Tiếp|Chăm Sóc,,17000000,17000000,full-time,any,2,,"17.000.000 VNĐ | 09/05/2026 | Toàn quốc | Việc làm bán hàng | Quyền lợi: Thu nhập 17-30 triệu (LCB + Thưởng KPIs)Thưởng Cuối năm + thưởng các dịp lễ.Được đào tạo, tham gia các khóa học nâng cao trình độ chuyên môn.Được làm việc trong môi trường năng động, chuyên nghiệp;Được hưởng các chính sách phúc lợi theo quy định của Công ty: sinh nhật cá nhân, cưới - hỏi, thăm hỏi ốm đau, nghỉ mát,..Thu nhập 17-30 triệu (LCB + Thưởng KPIs)Thưởng Cuối năm + thưởng các dịp lễ.Được đào tạo, tham gia các khóa h",ban_hang,TimViec365,https://timviec365.vn/truong-nhom-kinh-doanh-mien-bac-p2064644.html,2026-04-15T08:19:28.437044,medium,0.8,trung_binh,False,True,working,OK (200)
labor_timviec365_2064622,Nhân viên kinh doanh,Công ty TNHH Xây dựng Cơ khí Chế tạo Máy Miền Nam,Giao Tiếp,Hồ Chí Minh,0,0,full-time,any,0,,"Thỏa thuận | 08/05/2026 | Hồ Chí Minh | Việc làm bán hàng | Quyền lợi: - Mức lương cứng từ 8.000.000 – 15.000.000/tháng (mức lương cụ thể sẽ thỏa thuận theo năng lực, chưa bao gồm thưởng và hoa hồng).- Được hưởng đầy đủ chế độ bảo hiểm xã hội, bảo hiểm y tế, bảo hiểm thất nghiệp, ngày phép, cũng như các chế độ thưởng vào các dịp lễ tết, thưởng theo hiệu quả kinh doanh và lương tháng 13 theo quy định của pháp luật Việt Nam.- Nhận hoa hồng theo doanh số và các chế độ thưởng doanh thu, thưởng hàng ",ban_hang,TimViec365,https://timviec365.vn/nhan-vien-kinh-doanh-p2064622.html,2026-04-15T08:19:28.443479,easy,0.8,trung_binh,False,True,working,OK (200)
labor_timviec365_2064608,Nhân viên Support (Support saler),Công ty CP Tập Đoàn LENFUL,Tiếng Anh|Giao Tiếp,Hà Nội,25000000,25000000,full-time,any,0,,"25.000.000 VNĐ | 08/05/2026 | Hà Nội | Việc làm bán hàng | Quyền lợi: - Tổng thu nhập từ 12-25 triệu- Lương cứng 8-10 triệu- Thưởng kinh doanh hưởng % trên doanh số phụ trách - Phụ cấp ăn trưa: 30.000 đồng/ngày- Phụ cấp gửi xe: công ty thanh toán chi phí gửi xe hàng tháng- Thưởng các ngày lễ, tết, sinh nhật- Lương tháng 13- Teambuilding, du lịch hằng năm- Môi trường làm việc thoải mái, năng động- Các chế độ khác theo quy định của luật lao động- Tổng thu nhập từ 12-25 triệu- Lương cứng 8-10 triệu",ban_hang,TimViec365,https://timviec365.vn/nhan-vien-support-support-saler-p2064608.html,2026-04-15T08:19:28.455056,medium,0.8,trung_binh,False,True,working,OK (200)
labor_timviec365_2064458,Nhân viên kinh doanh thiết bị điện,Công ty cổ phần thiết bị điện Cẩm Phả,Excel|Word|Powerpoint|Giao Tiếp|Word,Hà Nội,0,0,full-time,any,2,,"Thỏa thuận | 26/05/2026 | Hà Nội | Việc làm bán hàng | Quyền lợi: Mức lương: Lương cơ bản 15.000.000/ tháng + hoa hồng theo doanh số (trao đổi cụ thể khi phỏng vấn).Phúc lợi:Được tham gia đầy đủ các chế độ BHXH, BHYT, BHTN theo quy định pháp luật.Thưởng hiệu suất, thưởng lễ Tết, và các chính sách đãi ngộ khác.Cơ hội tham gia các khóa đào tạo kỹ thuật và kỹ năng bán hàng.Cơ hội thăng tiến: Được xem xét thăng tiến lên các vị trí quản lý nếu đạt thành tích tốt.Mức lương: Lương cơ bản 15.000.000/ th",ban_hang,TimViec365,https://timviec365.vn/nhan-vien-kinh-doanh-thiet-bi-djien-p2064458.html,2026-04-15T08:19:39.154783,medium,0.8,trung_binh,False,True,working,OK (200)
labor_timviec365_2064238,Nhân viên Bán hàng Trực tuyến Biết Tiếng Anh,Công ty TNHH Thương mại điện tử Dân Tín,Tiếng Anh|Giao Tiếp,Bình Dương,30000000,30000000,temporary,any,0,,"30.000.000 VNĐ | 23/05/2026 | Bình Dương | Biên - Phiên dịch, Tư vấn, Việc làm bán hàng | Quyền lợi: Thu nhập : 15 &ndash; 30 triệu VNĐ/tháng (lương cứng: 10 - 12 triệu) + % hoa hồng)K&yacute; hợp đồng lao động theo quy định của pháp luật.Tham gia đầy đủ BHXH, BHYT, BHTN theo luật Nhà nước.Hưởng nghỉ lễ, Tết, phép năm theo quy định.Môi trường làm việc ổn định, chuyên nghiệp.Được đào tạo và hỗ trợ trong quá trình làm việc.Cơ hội gắn bó lâu dài và phát triển cùng công ty.Thu nhập : 15 – 30 triệu V",ban_hang,TimViec365,https://timviec365.vn/nhan-vien-ban-hang-truc-tuyen-p2064238.html,2026-04-15T08:19:39.157619,hard,0.3,trung_binh,False,True,working,OK (200)
labor_timviec365_2064898,Trưởng Nhóm Direct Sale/ Bán Hàng Trực Tiếp,MSB,Giao Tiếp,Hồ Chí Minh,15000000,15000000,full-time,any,0,,"15.000.000 VNĐ | 22/05/2026 | Hồ Chí Minh | Việc làm bán hàng | Quyền lợi: Mức lương cạnh tranh theo năng lực và kinh nghiệmThưởng theo hiệu suất công việc và doanh số của nhómĐược đóng BHXH, BHYT, BHTN đầy đủ theo quy định của pháp luậtChế độ nghỉ phép, nghỉ lễ theo quy địnhMôi trường làm việc chuyên nghiệp, năng động tại công ty tài chính/ngân hàng hàng đầuCơ hội học hỏi, phát triển kỹ năng quản lý và nghiệp vụ ngân hàngĐược đào tạo chuyên sâu về sản phẩm, kỹ năng bán hàng và quản lýCó cơ hội ",ban_hang,TimViec365,https://timviec365.vn/truong-nhom-direct-sale-ban-hang-truc-tiep-p2064898.html,2026-04-15T08:19:39.160886,medium,0.8,trung_binh,False,True,working,OK (200)
labor_timviec365_2064306,Tuyển nhân viên tư vấn bán hàng,Hộ kinh doanh Havana store,Giao Tiếp,Đà Nẵng,0,0,full-time,any,0,,"Thỏa thuận | 19/05/2026 | Đà Nẵng | Việc làm bán hàng | Quyền lợi: - Mức lương cạnh tranh, xứng đáng với năng lực của bạn.- Xét tăng lương định kỳ, không để công sức của bạn trôi qua lãng phí.- Môi trường làm việc trẻ trung, thân thiện và năng động.- Làm việc trong không gian điều hoà mát rượi quanh năm.- Mức lương cạnh tranh, xứng đáng với năng lực của bạn.- Xét tăng lương định kỳ, không để công sức của bạn trôi qua lãng phí.- Môi trường làm việc trẻ trung, thân thiện và năng động.- Làm việc tr",ban_hang,TimViec365,https://timviec365.vn/tuyen-nhan-vien-tu-van-ban-hang-p2064306.html,2026-04-15T08:19:39.163725,easy,0.8,trung_binh,False,True,working,OK (200)
labor_timviec365_2064277,Nhân viên kinh doanh,CÔNG TY TNHH YI FAN QUỐC TẾ,Giao Tiếp,Hồ Chí Minh,0,0,full-time,any,1,,"Thỏa thuận | 18/05/2026 | Hồ Chí Minh | Việc làm bán hàng | Quyền lợi: Thu nhập: THỎA THUẬN + Thưởng doanh sốĐược hưởng đầy đủ mọi quyền lợi và các chế độ theo chính sách của Công ty và Luật lao động : BHXH, BHYT, BHTN...Lương tháng thứ 13, Thưởng hiệu quả kinh doanh,du lịch 1-2 lần/ nămThưởng Lễ, Tết theo Quy định của công ty.Thu nhập:THỎA THUẬN+ Thưởng doanh sốĐược hưởng đầy đủ mọi quyền lợi và các chế độ theo chính sách của Công ty và Luật lao động : BHXH, BHYT, BHTN...Lương tháng thứ 13, Thư",ban_hang,TimViec365,https://timviec365.vn/nhan-vien-kinh-doanh-p2064277.html,2026-04-15T08:19:39.172111,easy,0.8,trung_binh,False,True,working,OK (200)
labor_timviec365_2064269,Nhân viên bán hàng,Công ty Cổ phần Midomax Việt Nam,Giao Tiếp|Phục Vụ,Hà Nội,12000000,12000000,full-time,any,0,,"12.000.000 VNĐ | 17/05/2026 | Hà Nội | Việc làm bán hàng | Quyền lợi:  - Lương cứng 7 - 9 triệu + % doanh số  - Lương tháng 13 & thưởng hiệu quả  - Hưởng đầy đủ chế độ BHXH, BHYT, BHTN, thưởng Lễ Tết, chính sách phúc lợi của công ty, Teambuilding, party, du lịch hàng năm  - Được xét nâng lương 1 lần/ năm  - Được tham gia vào các khóa đào tạo để nâng cao chuyên môn, kiến thức, kỹ năng  - Làm việc trong môi trường thể thao năng động, thường xuyên tham dự sự kiện lớn với sự góp mặt của nhiều ngôi s",ban_hang,TimViec365,https://timviec365.vn/nhan-vien-ban-hang-p2064269.html,2026-04-15T08:19:39.182100,easy,0.8,trung_binh,False,True,working,OK (200)
labor_timviec365_2064500,Nhân viên bán hàng,HALALMART,Tiếng Anh|Giao Tiếp|Phục Vụ,Hà Nội,0,0,full-time,any,0,,"Thỏa thuận | 15/05/2026 | Hà Nội | Việc làm bán hàng | Quyền lợi: QUYỀN LỢILương cơ bản + đầy đủ chế độ phúc lợi theo Luật Lao độngĐược đào tạo bài bản về kiến thức sản phẩm Halal và kỹ năng bán hàngMôi trường làm việc thân thiện, cơ hội gắn bó lâu dàiQUYỀN LỢILương cơ bản + đầy đủ chế độ phúc lợi theo Luật Lao độngĐượcđào tạo bài bảnvề kiến thức sản phẩm Halal và kỹ năng bán hàngMôi trường làm việc thân thiện, cơ hội gắn bó lâu dài | Yêu cầu: YÊU CẦU ỨNG VIÊNƯu tiên ứng viên giao tiếp tốt bằng ",ban_hang,TimViec365,https://timviec365.vn/nhan-vien-ban-hang-p2064500.html,2026-04-15T08:19:39.187783,easy,0.8,trung_binh,False,True,working,OK (200)
labor_timviec365_2064486,Sales Intern,CÔNG TY TNHH KINH DOANH MIỄN THUẾ LOTTE PHÚ KHÁNH,Giao Tiếp,Đà Nẵng,3000000,3000000,full-time,any,0,,3 triệu | 15/05/2026 | Đà Nẵng | Việc làm bán hàng | Quyền lợi: Hỗ trợ xác nhận và đóng dấu thực tập.Trợ cấp thực tập hằng tháng.Phụ cấp ăn ca.Bảo hiểm tai nạn 24/24.Cơ hội rèn luyện và nâng cao kỹ năng ngoại ngữ trong môi trường làm việc quốc tế.Hỗ trợ xác nhận và đóng dấu thực tập.Trợ cấp thực tập hằng tháng.Phụ cấp ăn ca.Bảo hiểm tai nạn 24/24.Cơ hội rèn luyện và nâng cao kỹ năng ngoại ngữ trong môi trường làm việc quốc tế. | Yêu cầu: Có thể giao tiếp cơ bản tiếng HànYêu thích công việc bán h,ban_hang,TimViec365,https://timviec365.vn/sales-intern-p2064486.html,2026-04-15T08:19:39.192718,easy,0.8,trung_binh,False,True,working,OK (200)
labor_timviec365_2064193,CẦN ĐỒNG ĐỘI ĐĂNG TIN NHÀ PHỐ - LÀM VIỆC TẠI HCM - ĐÀO TẠO MIỄN PHÍ,Trí Phát Land,,Hồ Chí Minh,0,0,full-time,any,0,,"Thỏa thuận | 15/05/2026 | Hồ Chí Minh | Việc làm bán hàng | Quyền lợi: - Hỗ trợ Marketing 90%- Đăng tin 2 triệu/tháng- Đào tạo thực chiến A-Z- Môi trường chuyên nghiệp, thu nhập từ 40-100tr/tháng- Kho hàng hơn 60.000+ căn, lộ trình thăng tiến rõ ràng- Hỗ trợ Marketing 90%- Đăng tin 2 triệu/tháng- Đào tạo thực chiến A-Z- Môi trường chuyên nghiệp, thu nhập từ 40-100tr/tháng- Kho hàng hơn 60.000+ căn, lộ trình thăng tiến rõ ràng | Yêu cầu: Có laptop hoặc smartphonePhương tiện di chuyển là 1 lợi thế",ban_hang,TimViec365,https://timviec365.vn/can-djong-djoi-djang-tin-nha-pho-lam-viec-tai-hcm-djao-tao-mien-phi-p2064193.html,2026-04-15T08:19:39.198618,easy,0.8,trung_binh,False,True,working,OK (200)
labor_timviec365_2064169,Leader Sale Marketing,CÔNG TY TNHH DALU,Excel|Giao Tiếp|Chăm Sóc,Hà Nội,30000000,30000000,full-time,any,0,,"30.000.000 VNĐ | 13/05/2026 | Hà Nội | Việc làm bán hàng | Quyền lợi: - Thu nhập: Lương cứng 15.000.000 (lương gross) + Lương doanh số ( 0,5%- 1,5% Tổng DT team )Phụ cấp: PC ăn: 500.000/1 tháng+ PC gửi xe- Chế độ phúc lợi:Cung cấp thiết bị làm việcLương tháng 13 (tùy theo năng lực làm việc & tình hình tài chính công ty).Nghỉ lễ, Tết theo quy định của bộ lao động.Thưởng lễ, Tết (tùy theo tình hình tài chính của công ty)Hàng tháng tổ chức các buổi để CBNV gặp gỡ giao lưu, chia sẻ kiến thức, giúp đ",ban_hang,TimViec365,https://timviec365.vn/leader-sale-marketing-p2064169.html,2026-04-15T08:19:39.203911,hard,0.8,trung_binh,False,True,working,OK (200)
labor_timviec365_2064155,Nhân viên Trực page/Sale inbox,Công ty TNHH Rosslyn Việt Nam,,Hà Nội,15000000,15000000,full-time,any,0,,"15.000.000 VNĐ | 12/05/2026 | Hà Nội | Việc làm bán hàng | Quyền lợi: Thu nhập: Từ 9.000.000 VND – 20.000.000 VND(Lương cơ bản 6.000.000 VND + phụ cấp + thưởng KPI)Phụ cấp 35.000 VND/ngày công, chuyên cần 300.000VNDĐược đề xuất đi học để nâng cao kỹ năng chuyên môn & quản lýCơ hội học tập từ những buổi chia sẻ hàng tuần của các nhân sự có chuyên môn cao và các chuyên gia ngoài ctyLàm việc trong môi trường thân thiện, thoải mái thẳng thắn để phát huy khả năng của mình.Hoạt động nội bộ: du lịch hà",ban_hang,TimViec365,https://timviec365.vn/nhan-vien-truc-pagesale-inbox-p2064155.html,2026-04-15T08:19:39.207063,medium,0.8,trung_binh,False,True,working,OK (200)
labor_timviec365_2064038,Tuyển nhân viên kinh doanh B2B,Công ty cổ phần La Gougah,Giao Tiếp,Hồ Chí Minh,0,0,temporary,any,2,,"Thỏa thuận | 09/05/2026 | Hồ Chí Minh | Việc làm bán hàng | Quyền lợi: - Mức thu nhập hấp dẫn từ 12 – 20 triệu/tháng bao gồm lương cơ bản, thưởng doanh số và các khoản phụ cấp.- Thưởng nóng hấp dẫn khi đạt được mục tiêu hợp đồng hàng tháng.- Cơ hội được đào tạo kỹ năng bán hàng chuyên nghiệp và phát triển lên vị trí Sales Leader.- Các chế độ bảo hiểm, nghỉ phép và Tham gia BHXH, BHTN, BHYT phúc lợi đầy đủ theo quy định pháp luật.- Mức thu nhập hấp dẫn từ 12 – 20 triệu/tháng bao gồm lương cơ bản,",ban_hang,TimViec365,https://timviec365.vn/tuyen-nhan-vien-kinh-doanh-b2b-p2064038.html,2026-04-15T08:19:39.209980,medium,0.3,trung_binh,False,True,working,OK (200)
labor_timviec365_2064037,NHÂN VIÊN SALE ONLINE,CÔNG TY TNHH DỊCH VỤ KỸ THUẬT CƠ ĐIỆN LẠNH SỐ ĐỎ,Tiếng Anh|Giao Tiếp|Chăm Sóc,Hồ Chí Minh,0,0,full-time,any,1,,"Thỏa thuận | 09/05/2026 | Hồ Chí Minh | Việc làm bán hàng | Quyền lợi: - Tăng ca được tính 200% lương.- Tăng ca đến 19h30 sẽ được tính 200% lương cộng thêm 100k hỗ trợ cho mỗi lần.- Nhân viên xuất sắc sẽ được xem xét tăng lương.- Hỗ trợ nhà trọ và ăn trưa tại công ty (50.000đ/ suất).- Các chế độ đãi ngộ như du lịch, thưởng lễ, Tết, sinh nhật….- Công ty cung cấp dữ liệu khách hàng, bạn không cần đi thị trường và chỉ làm việc tại văn phòng.- Nhân viên mới sẽ được đào tạo và hướng dẫn tận tình.- Bả",ban_hang,TimViec365,https://timviec365.vn/nhan-vien-sale-online-p2064037.html,2026-04-15T08:19:39.214476,easy,0.8,trung_binh,False,True,working,OK (200)
labor_timviec365_2063899,Nhân Viên Kinh Doanh Ngành F&B,Công ty TNHH Vận Tải Sản Xuất Thương Mại Dịch vụ Xuất Nhập Khẩu Thống Đạt,Chăm Sóc,Hồ Chí Minh,8000000,8000000,full-time,any,1,,"8.000.000 VNĐ | 03/05/2026 | Hồ Chí Minh | Việc làm bán hàng | Quyền lợi: Lương cứng + Thưởng theo doanh số và hiệu quả công việcLàm việc linh hoạt.Phụ cấp: xăng xe, ăn trưa.Bảo hiểm xả hội đầy đủ theo quy định pháp luật.Cơ hội phát triển nghề nghiệp.Lương cứng + Thưởng theo doanh số và hiệu quả công việcLàm việc linh hoạt.Phụ cấp: xăng xe, ăn trưa.Bảo hiểm xả hội đầy đủ theo quy định pháp luật.Cơ hội phát triển nghề nghiệp. | Yêu cầu: Tối thiểu 01 năm kinh nghiệm bán hàng trong lĩnh vực F&B, FM",ban_hang,TimViec365,https://timviec365.vn/nhan-vien-kinh-doanh-nganh-fandb-p2063899.html,2026-04-15T08:19:39.220905,easy,0.8,trung_binh,False,True,working,OK (200)
labor_timviec365_2063897,Nhân Viên Kinh Doanh Ngành Mỹ Phẩm Và TPBS,Công ty TNHH Jumax Vina,Excel|Tiếng Anh|Giao Tiếp|Chăm Sóc,Hồ Chí Minh,10000000,10000000,full-time,any,5,,"10.000.000 VNĐ | 02/05/2026 | Hồ Chí Minh | Việc làm bán hàng | Quyền lợi: Lương: 10–14 triệu grossThời gian làm việc: Thứ 2 – Thứ 7, 8:30–17:30 (thứ 7 linh hoạt)Thời gian thử việc: 2 tháng (85% lương)Địa điểm: 74 Quốc Hương, P. An Khánh, TP. Thủ ĐứcNghỉ phép nămĐóng BHXH, BHYT, BHTNCơ hội được đào tạo và phát triển nghề nghiệpLương: 10–14 triệu grossThời gian làm việc:Thứ 2 – Thứ 7, 8:30–17:30 (thứ 7 linh hoạt)Thời gian thử việc:2 tháng (85% lương)Địa điểm:74 Quốc Hương, P. An Khánh, TP. Thủ Đứ",ban_hang,TimViec365,https://timviec365.vn/nhan-vien-kinh-doanh-nganh-my-pham-va-tpbs-p2063897.html,2026-04-15T08:19:39.226208,hard,0.8,trung_binh,False,True,working,OK (200)
labor_timviec365_2063878,Tuyển Nhân Viên Kinh Doanh,CÔNG TY TNHH Trang Kim Jewelry,Giao Tiếp,Hà Nội,25000000,25000000,full-time,any,0,,"25.000.000 VNĐ | 02/05/2026 | Hà Nội | Việc làm bán hàng | Quyền lợi: - Thu nhập hấp dẫn từ 15.000.000 đến 30.000.000 VND/tháng, không giới hạn hoa hồng và thưởng (bao gồm lương cơ bản 6.500.000 VND + % hoa hồng cao + thưởng).- Môi trường làm việc chuyên nghiệp và đẳng cấp trong không gian showroom sang trọng, theo mô hình tư vấn riêng tư.- Được đào tạo bài bản về kỹ năng tư vấn, giao tiếp với khách hàng thượng lưu và cách xây dựng thương hiệu cá nhân trên mạng xã hội.- Cơ hội tham gia các sự ki",ban_hang,TimViec365,https://timviec365.vn/tuyen-nhan-vien-kinh-doanh-p2063878.html,2026-04-15T08:19:39.230470,medium,0.8,trung_binh,False,True,working,OK (200)
labor_timviec365_2064342,Nhân viên Bán vé Part-time,CÔNG TY TNHH LAKEVILLE SUỐI RAO,Giao Tiếp,Vũng Tàu,0,0,full-time,any,0,,"Thỏa thuận | 31/05/2026 | Bà Rịa Vũng Tàu | Việc làm bán hàng | Quyền lợi: – Được làm việc trong một tổ chức chuyên nghiệp, năng động;– Một tháng được nghỉ 2 ngày (trừ thứ bảy, chủ nhật và các ngày Lễ Tết);– Hỗ trợ chỗ ở và chi phí đi lại (tùy từng trường hợp) nếu ứng viên không cư trú tại địa phương;– Cấp đồng phục sau khi hoàn thành thử việc;– Thưởng theo hiệu quả công việc.– Được làm việc trong một tổ chức chuyên nghiệp, năng động;– Một tháng được nghỉ 2 ngày (trừ thứ bảy, chủ nhật và các ngà",ban_hang,TimViec365,https://timviec365.vn/nhan-vien-ban-ve-part-time-p2064342.html,2026-04-15T08:19:39.237423,easy,0.8,trung_binh,False,True,working,OK (200)
labor_timviec365_2064030,Sales B2B (Sản Phẩm Mẹ & Bé / Chăm Sóc Sức Khỏe / Làm Đẹp),"itworks.asia [AnyWork Co., Ltd]",English,Hồ Chí Minh,13000000,13000000,full-time,any,0,,"13.000.000 VNĐ | 31/05/2026 | Hồ Chí Minh | Việc làm bán hàng | Quyền lợi: Why Candidate should apply this position• Negotiable (expected base range: 10,000,000 – 13,000,000 VND/month) + incentive• 13th-month salary + annual bonus• Social, health, and unemployment insurance. 100% coverage of SHUI.• 12 annual leave days per year• Annual health check-up Career Growth• Opportunities for promotion and annual salary review• Direct collaboration with Korean HQ and brand teams• Chance to grow into a Ke",ban_hang,TimViec365,https://timviec365.vn/sales-b2b-san-pham-me-and-be-cham-soc-suc-khoe-lam-djep-p2064030.html,2026-04-15T08:19:39.242368,easy,0.8,trung_binh,False,True,working,OK (200)
labor_timviec365_2063795,NHÂN VIÊN SALE - ADMIN MỚI RA TRƯỜNG HOẶC 1-2 NĂM KN,công ty TNHH Wakyo Magall,Excel|Tiếng Anh|Giao Tiếp,Hồ Chí Minh,15000000,15000000,full-time,any,0,,"15.000.000 VNĐ | 28/05/2026 | Hồ Chí Minh | Việc làm bán hàng | Quyền lợi: - Được hưởng đầy đủ các chính sách theo Luật lao động và chế độ BHXH, BHYT- Nghỉ phép, nghỉ lễ theo đúng quy định.- Được thưởng lương tháng 13, thưởng lễ tết.- Thử việc 2 tháng, 90% lương- Được đào tạo trước khi bắt đầu công việc- Được hưởng đầy đủ các chính sách theo Luật lao động và chế độ BHXH, BHYT- Nghỉ phép, nghỉ lễ theo đúng quy định.- Được thưởng lương tháng 13, thưởng lễ tết.- Thử việc 2 tháng, 90% lương- Được đà",ban_hang,TimViec365,https://timviec365.vn/nhan-vien-sale-admin-moi-ra-truong-hoac-1-2-nam-kn-p2063795.html,2026-04-15T08:19:39.248748,medium,0.8,trung_binh,False,True,working,OK (200)
labor_timviec365_2063770,CỘNG TÁC VIÊN / CHUYÊN VIÊN KINH DOANH,Trí Phát Land,,Hồ Chí Minh,0,0,full-time,any,0,,"Thỏa thuận | 28/05/2026 | Hồ Chí Minh | Việc làm bán hàng | Quyền lợi: *  Nguồn hàng dồi dào, có sẵn.*  Lộ trình thăng tiến rõ ràng, minh bạch.*  Được đội nhóm hỗ trợ từ A-Z, kèm cặp 1:1.*  Hỗ trợ chi phí đăng tin lên đến 2 triệu/tháng.*  Thưởng du lịch, thưởng nóng hiện vật và tiền mặt hấp dẫn.*  Mức lương: Thỏa thuận.*  Nguồn hàng dồi dào, có sẵn.*  Lộ trình thăng tiến rõ ràng, minh bạch.*  Được đội nhóm hỗ trợ từ A-Z, kèm cặp 1:1.*  Hỗ trợ chi phí đăng tin lên đến 2 triệu/tháng.*  Thưởng du l",ban_hang,TimViec365,https://timviec365.vn/cong-tac-vien-chuyen-vien-kinh-doanh-p2063770.html,2026-04-15T08:19:39.257249,easy,0.8,trung_binh,False,True,working,OK (200)
labor_timviec365_2063763,"NHÂN VIÊN KINH DOANH ỐC, VÍT",Công Ty TNHH Eagle Viet Nam Screws And Fasteners,Tiếng Anh|Giao Tiếp,Đồng Nai,0,0,full-time,any,0,,"Thỏa thuận | 27/05/2026 | Đồng Nai | Việc làm bán hàng | Quyền lợi: - Mức lương cạnh tranh theo năng lực.- Được tham gia bảo hiểm xã hội, bảo hiểm y tế và bảo hiểm thất nghiệp theo quy định của pháp luật.- Hỗ trợ chi phí ăn trưa và các khoản phụ cấp khác tùy theo vị trí công việc.- Được nghỉ phép năm theo quy định, tối thiểu 12 ngày/năm và các ngày lễ theo luật lao động.- Cơ hội tham gia các khóa đào tạo nâng cao kỹ năng và phát triển nghề nghiệp.- Môi trường làm việc thân thiện, năng động, có c",ban_hang,TimViec365,https://timviec365.vn/nhan-vien-kinh-doanh-oc-vit-p2063763.html,2026-04-15T08:19:39.264709,easy,0.8,trung_binh,False,True,working,OK (200)
labor_timviec365_2063760,Tuyển nhân viên kinh doanh,CÔNG TY CP XUẤT NHẬP KHẨU VI NA ĐẠI VIỆT,Excel|Giao Tiếp,Đồng Nai,0,0,full-time,any,0,,"Thỏa thuận | 27/05/2026 | Đồng Nai | Việc làm bán hàng | Quyền lợi: - Lương được thỏa thuận theo năng lực và kinh nghiệm của ứng viên.- Thưởng vào các dịp lễ, tết, thưởng tháng 13, thưởng nóng và thưởng quý theo quy định của công ty.- Môi trường làm việc năng động, sáng tạo và chuyên nghiệp.- Được hưởng đầy đủ các chính sách và quy định về quyền lợi của người lao động.- Lương được thỏa thuận theo năng lực và kinh nghiệm của ứng viên.- Thưởng vào các dịp lễ, tết, thưởng tháng 13, thưởng nóng và t",ban_hang,TimViec365,https://timviec365.vn/tuyen-nhan-vien-kinh-doanh-p2063760.html,2026-04-15T08:19:39.271661,easy,0.8,trung_binh,False,True,working,OK (200)
labor_timviec365_2063755,Tuyển Nhân Viên Bán Hàng,CÔNG TY TNHH XE MÁY NHẬP KHẨU BẢO MIỀN TÂY,,Bình Dương,60000000,60000000,full-time,any,0,,"60.000.000 VNĐ | 27/05/2026 | Bình Dương | Việc làm bán hàng | Quyền lợi: - Mức lương cứng hấp dẫn cộng với hoa hồng theo doanh số bán hàng.- Cơ hội tham gia bảo hiểm xã hội theo quy định của pháp luật.- Được hỗ trợ chỗ ở cho nhân viên nếu cần thiết, tạo điều kiện thuận lợi cho công việc.- Mức lương cứng hấp dẫn cộng với hoa hồng theo doanh số bán hàng.- Cơ hội tham gia bảo hiểm xã hội theo quy định của pháp luật.- Được hỗ trợ chỗ ở cho nhân viên nếu cần thiết, tạo điều kiện thuận lợi cho công v",ban_hang,TimViec365,https://timviec365.vn/tuyen-nhan-vien-ban-hang-p2063755.html,2026-04-15T08:19:39.276677,hard,0.8,trung_binh,False,True,working,OK (200)
labor_timviec365_2063700,CỘNG TÁC VIÊN / CHUYÊN VIÊN KINH DOANH,Thiên Khôi Group,,Hồ Chí Minh,0,0,full-time,any,0,,"Thỏa thuận | 26/05/2026 | Hồ Chí Minh | Việc làm bán hàng | Quyền lợi: *  Hỗ trợ chi phí đăng tin lên đến 2 triệu đồng.*  Thưởng du lịch, thưởng nóng hiện vật và hiện kim.*  Được đội nhóm hỗ trợ sát sao, kèm cặp 1:1.*  Hỗ trợ chi phí đăng tin lên đến 2 triệu đồng.*  Thưởng du lịch, thưởng nóng hiện vật và hiện kim.*  Được đội nhóm hỗ trợ sát sao, kèm cặp 1:1. | Yêu cầu: *  Có smartphone hoặc laptop.*  Có phương tiện di chuyển.*  Có smartphone hoặc laptop.*  Có phương tiện di chuyển.+ Xem thêm | ",ban_hang,TimViec365,https://timviec365.vn/cong-tac-vien-chuyen-vien-kinh-doanh-p2063700.html,2026-04-15T08:19:39.280357,easy,0.8,trung_binh,False,True,working,OK (200)
labor_timviec365_2063683,Sale Food Service (Sale Horeca),Công Ty TNHH VIETSEIKO,,Hồ Chí Minh,17000000,17000000,full-time,any,2,,"17.000.000 VNĐ | 25/05/2026 | Hồ Chí Minh | Việc làm bán hàng | Quyền lợi: - Đầy đủ BHYT + BHXH + BHTN theo quy định nhà nước- Hưởng thêm các loại BH khác cho nhân viên như: BH tai nạn 24h, BH công tác- Nghỉ thứ 7, CN- Các trợ cấp và quyền lợi khác của công ty: Du lịch hằng năm, quà tặng sinh nhật, lương tháng 13, thưởng cuối năm tài chính, giao lưu team hằng quý…- Làm việc trong môi trường, văn hóa Nhật Bản- Thường xuyên có các khóa đào tạo kỹ năng mềm cho nhân viên- Đầy đủ BHYT + BHXH + BHTN ",ban_hang,TimViec365,https://timviec365.vn/sale-food-service-sale-horeca-p2063683.html,2026-04-15T08:19:39.285868,medium,0.8,trung_binh,False,True,working,OK (200)
labor_timviec365_2067055,Nhân Viên Phục Vụ,CÔNG TY TNHH DỊCH VỤ KẾ TOÁN - TƯ VẤN THUẾ TTL,Giao Tiếp|Phục Vụ,Hồ Chí Minh,0,0,full-time,any,0,,"Thỏa Thuận | 14/05/2026 | Hồ Chí Minh | Phục vụ - Tạp vụ | Quyền lợi: - Lương: trao đổi trực tiếp khi phỏng vấn - Thưởng chuyên cần: 300k/tháng- Hoàn thành công việc được giao thưởng: 200k/tháng- Được đào tạo kỹ năng phục vụ, giao tiếp khách hàng- Môi trường làm việc vui vẻ, tôn trọng, đồng nghiệp hỗ trợ lẫn nhau- Lương: trao đổi trực tiếp khi phỏng vấn- Thưởng chuyên cần: 300k/tháng- Hoàn thành công việc được giao thưởng: 200k/tháng- Được đào tạo kỹ năng phục vụ, giao tiếp khách hàng- Môi trườn",phuc_vu,TimViec365,https://timviec365.vn/nhan-vien-phuc-vu-p2067055.html,2026-04-15T08:19:53.360219,easy,0.8,trung_binh,False,True,working,OK (200)
labor_timviec365_2067044,NHÂN VIÊN CỬA HÀNG,CÔNG TY TRÁCH NHIỆM HỮU HẠN PELO,Phục Vụ,Hà Nội,0,0,full-time,any,0,,"Từ 0 VNĐ Đến 0 VNĐ | 13/05/2026 | Hà Nội, Hồ Chí Minh | Phục vụ - Tạp vụ, Việc làm bán hàng | Quyền lợi: - Đánh giá tăng lương sau 6 tháng - Thưởng doanh thu, thưởng chuyên cần, thưởng top nhân viên - Thưởng cuối năm: thâm niên + lương tháng 13 (mức thưởng căn cứ theo doanh thu cửa hàng) + quà tết- Đánh giá tăng lương sau 6 tháng- Thưởng doanh thu, thưởng chuyên cần, thưởng top nhân viên- Thưởng cuối năm: thâm niên + lương tháng 13 (mức thưởng căn cứ theo doanh thu cửa hàng) + quà tết | Yêu cầu:",phuc_vu,TimViec365,https://timviec365.vn/nhan-vien-cua-hang-p2067044.html,2026-04-15T08:19:53.369191,easy,0.8,trung_binh,False,True,working,OK (200)
labor_timviec365_2066044,NHÂN VIÊN PHỤC VỤ NHÀ HÀNG BAR,CÔNG TY CỔ PHẦN GAMI HỘI AN,Tiếng Anh|Giao Tiếp|Phục Vụ,Đà Nẵng,0,0,full-time,any,1,,"Thỏa thuận | 27/04/2026 | Đà Nẵng | Khách sạn - Nhà hàng, Lao động phổ thông, Phục vụ - Tạp vụ | Quyền lợi: - Lương co bản từ 6.000.000 đến 9.000.000 VNĐ - Thưởng SCV hàng tháng. - Than gia BHXH, BHYT, BHTN theo quy định luật lao động - Tham gia ngoại khóa định kỳ hàng năm ( Sinh nhật, Team Building...) - Thưởng lương tháng 13 tùy theo hoạt động kinh doanh - Làm việc trog môi trường chuyên nghiệp, nhiều cơ hội thăng tiến và phát triển bản thân- Lương co bản từ 6.000.000 đến 9.000.000 VNĐ- Thưởng",phuc_vu,TimViec365,https://timviec365.vn/nhan-vien-phuc-vu-nha-hang-bar-p2066044.html,2026-04-15T08:19:53.378087,easy,0.8,trung_binh,False,True,working,OK (200)
labor_timviec365_2066501,Nhân Viên Phục Vụ BLĐ BITI'S,TNHH SX HTD BÌNH TIÊN (BITI'S),Phục Vụ,Hồ Chí Minh,0,0,temporary,any,0,,"Thỏa Thuận | 26/04/2026 | Hồ Chí Minh | Phục vụ - Tạp vụ | Quyền lợi: - Thu nhập theo thỏa thuận và dựa trên cơ sở lương theo thị trường;- Được tham gia BHXH – BHYT theo quy định trên lương ký hợp đồng lao động;- Được nghỉ phép 12 ngày/năm, nghỉ Lễ Tết theo quy định;- Được tham gia các hoạt động ngoại khóa và phong trào của công ty;- Môi trường chuyên nghiệp, năng động với những đồng nghiệp thân thiện;- Có cơ hội hưởng tiêu chuẩn ưu đãi đối với cá nhân xuất sắc qua quá trình làm việc tại công ty",phuc_vu,TimViec365,https://timviec365.vn/nhan-vien-phuc-vu-bldj-bitis-p2066501.html,2026-04-15T08:19:53.382591,easy,0.3,trung_binh,False,True,working,OK (200)
labor_timviec365_2066439,NHÂN VIÊN PHỤC VỤ,CÔNG TY TNHH PT - TM XNK VIỆT ẤN,Tiếng Anh|Giao Tiếp|Phục Vụ,Hồ Chí Minh,5000000,12000000,full-time,any,0,,"Từ 5.000.000 VNĐ Đến 12.000.000 VNĐ | 24/04/2026 | Hồ Chí Minh | Khách sạn - Nhà hàng, Phục vụ - Tạp vụ | Quyền lợi: -Thu nhập từ 5-12trieu (tuỳ theo làm 1 hay 2 ca) -Được hỗ trợ tiền ăn theo ca -Được chia tiền tip (định kỳ hàng tháng) -Được thưởng thêm nếu doanh số vượt chỉ tiêu.  -Được x2 và x3 ngày công nếu làm ngày lễ, Tết.  -Được trau dồi tiếng anh nếu muốn nâng cao kỹ năng nghe + nói (thích hợp với sinh viên cần trau dồi tiếng anh). -BHXH theo quy định.-Thu nhập từ 5-12trieu (tuỳ theo làm ",phuc_vu,TimViec365,https://timviec365.vn/nhan-vien-phuc-vu-p2066439.html,2026-04-15T08:19:53.387187,easy,0.8,trung_binh,False,True,working,OK (200)
labor_timviec365_2066383,Nhân viên phục vụ nhà hàng ca đêm,SABINA HOTEL & VILLA,Excel|Tiếng Anh|Phục Vụ,Hồ Chí Minh,40000000,45000000,full-time,any,0,,"Từ 40.000 VNĐ Đến 45.000 VNĐ | 23/04/2026 | Hồ Chí Minh | Phục vụ - Tạp vụ | Quyền lợi: Chính thức: 48400******/giờHỗ trợ cơm ca: 25.000/ngày làm việcThời gian làm việc: 18:00 - 02:00 sáng hôm sau (không nghỉ Thứ 7, CN và ngày Lễ)Cơ hội học hỏi và phát triển nghề nghiệpCác chế độ làm việc ngày Lễ, TếtCấp phát đồng phục, training chuyên nghiệp theo phong cách Hàn Quốc.Môi trường làm việc tốt và năng động.Chính thức: 48400******/giờHỗ trợ cơm ca: 25.000/ngày làm việcThời gian làm việc: 18:00 - 02:",phuc_vu,TimViec365,https://timviec365.vn/nhan-vien-phuc-vu-nha-hang-ca-djem-p2066383.html,2026-04-15T08:19:53.391833,hard,0.8,trung_binh,False,True,working,OK (200)
labor_timviec365_2066232,HÀ NỘI TUYỂN DỤNG NỮ NHÂN VIÊN PHỤC VỤ CHO NHÀ HÀNG TOKYO RED GRILL,NHÀ HÀNG TOKYO RED GRILL,Tiếng Anh|Phục Vụ,Hà Nội,2700000,10000000,part-time,any,0,,"Từ 2.700.000 VNĐ Đến 10.000.000 VNĐ | 18/04/2026 | Hà Nội | Phục vụ - Tạp vụ, Tìm việc làm thêm | Quyền lợi: 1) Nhân viên Fulltime làm cả 2 ca sáng - tối:  - Lương cơ bản khởi điểm: 9.000.000 – 10.000.000 ( có thể thoả thuận theo năng lực) - Phụ cấp: phụ cấp bằng cấp, ngoại ngữ (nếu có) - Thưởng: Thưởng lễ, Tết, thưởng theo hiệu quả công việc và chính sách của công ty - Làm ca tăng cường x 1.5 lương - Tháng nghỉ 4-5 ngày 2) Nhân viên Part time:  - Lương cơ bản khởi điểm: 2.700.000 - 2 ( có thể t",phuc_vu,TimViec365,https://timviec365.vn/ha-noi-tuyen-dung-nu-nhan-vien-phuc-vu-cho-nha-hang-tokyo-red-grill-p2066232.html,2026-04-15T08:19:53.396868,easy,0.5,trung_binh,False,True,working,OK (200)
labor_timviec365_2065862,Nhân viên SHIPPER,CÔNG TY CỔ PHẦN VTD SPORT VIỆT NAM,Phục Vụ,Đà Nẵng,0,0,full-time,any,0,,"Thỏa thuận | 10/05/2026 | Đà Nẵng | Phục vụ - Tạp vụ, Vận chuyển giao nhận | Quyền lợi: • Quyền lợi: Hỗ trợ cơm ca, môi trường làm việc vui vẻ. • Mức lương từ 6-8 triệu  • Tháng được nghỉ 2 ngày • Đóng BHXH• Quyền lợi: Hỗ trợ cơm ca, môi trường làm việc vui vẻ.• Mức lương từ 6-8 triệu• Tháng được nghỉ 2 ngày• Đóng BHXH | Yêu cầu: Thật thà, sạch sẽ, tác phong nhanh nhẹn, có trách nhiệm với công việc. Không yêu cầu kinh nghiệm cao, sẽ được hướng dẫn cụ thể.Thật thà, sạch sẽ, tác phong nhanh nhẹn, ",phuc_vu,TimViec365,https://timviec365.vn/nhan-vien-phu-bep-tap-vu-shipper-p2065862.html,2026-04-15T08:19:53.402703,easy,0.8,trung_binh,False,True,working,OK (200)
labor_timviec365_2065903,NHÀ HÀNG VỢ CHỒNG A PHỦ TUYỂN DỤNG,Nhà hàng Vợ chồng A Phủ,Phục Vụ,Phú Thọ,10000000,10000000,full-time,any,0,,"10 triệu | 10/05/2026 | Phú Thọ | Kế toán - Kiểm toán, Phục vụ - Tạp vụ, Đầu bếp - phụ bếp | Quyền lợi: - Hỗ trợ ăn, ở tại nhà hàng.  - Môi trường làm việc ổn định, lâu dài.  - Thưởng theo hiệu quả công việc và các dịp lễ, Tết.- Hỗ trợ ăn, ở tại nhà hàng.- Môi trường làm việc ổn định, lâu dài.- Thưởng theo hiệu quả công việc và các dịp lễ, Tết. | Yêu cầu: - Chăm chỉ, nhanh nhẹn, có trách nhiệm.  - Ưu tiên có kinh nghiệm làm bếp, nhà hàng- Chăm chỉ, nhanh nhẹn, có trách nhiệm.- Ưu tiên có kinh ng",phuc_vu,TimViec365,https://timviec365.vn/nha-hang-vo-chong-a-phu-tuyen-dung-p2065903.html,2026-04-15T08:19:53.411121,easy,0.8,trung_binh,False,True,working,OK (200)
labor_timviec365_2065677,SNUG PUB TUYỂN GẤP NHÂN VIÊN NỮ PHỤC VỤ,CÔNG TY TNHH THƯƠNG MẠI DỊCH VỤ SNUG PUB,Giao Tiếp|Phục Vụ,Hồ Chí Minh,12000000,12000000,full-time,any,0,,"12.000.000 VNĐ | 05/05/2026 | Hồ Chí Minh | Phục vụ - Tạp vụ | Quyền lợi: 10 ngày sẽ được lấy lương 1 lần - Lương cơ bản: 6 – 12 triệu/tháng + hoa hồng 30% doanh thu nước - Thu nhập ổn định, cơ hội tăng thu nhập cao - Môi trường làm việc lành mạnh, năng động - Được đào tạo kỹ năng phục vụ & giao tiếp Liên hệ (call/zalo): 0908*870*91810 ngày sẽ được lấy lương 1 lần- Lương cơ bản: 6 – 12 triệu/tháng + hoa hồng 30% doanh thu nước- Thu nhập ổn định, cơ hội tăng thu nhập cao- Môi trường làm việc lành",phuc_vu,TimViec365,https://timviec365.vn/snug-pub-tuyen-gap-nhan-vien-nu-phuc-vu-p2065677.html,2026-04-15T08:19:53.421037,easy,0.8,trung_binh,False,True,working,OK (200)
labor_timviec365_2065586,"TUYỂN DỤNG PHA CHẾ BARISTA, PHỤC VỤ, BẾP TRƯỞNG VÀ PHỤ BẾP nấu vị Bắc",GALAXY COFFEE & TEA,Phục Vụ,Hồ Chí Minh,0,0,part-time,any,0,,"Thỏa thuận | 04/05/2026 | Hồ Chí Minh | Pha chế - Bar, Phục vụ - Tạp vụ, Đầu bếp - phụ bếp | Quyền lợi: Pha chế Barista, Phục vụ: - Đào tạo miễn phí - Làm quen máy móc hiện đại - Rèn kỹ năng mềm – luyện thần thái phục vụ - Part-time: 24.000 – 27.000 đồng/giờ + Tip + Thưởng - Full-time: Lương thỏa thuận (đừng ngại deal lương, tụi mình fair lắm) Lương Bếp trưởng, phụ bếp: Thỏa thuận theo năng lực ( Trao đổi trực tiếp rõ ràng khi phỏng vấn ) - Thưởng thêm nếu làm tốt, gắn bó lâu dài - Ăn bữa trưa v",phuc_vu,TimViec365,https://timviec365.vn/tuyen-dung-bep-truong-va-phu-bep-nau-vi-bac-p2065586.html,2026-04-15T08:19:53.431724,easy,0.5,trung_binh,False,True,working,OK (200)
labor_timviec365_2065587,Tuyển Pha chế Barista siêu chất Phục vụ,GALAXY COFFEE & TEA,Giao Tiếp|Phục Vụ,Hồ Chí Minh,0,0,part-time,any,0,,"Thỏa thuận | 04/05/2026 | Hồ Chí Minh | Pha chế - Bar, Phục vụ - Tạp vụ | Quyền lợi: Đào tạo miễn phí Làm quen máy móc hiện đại Rèn kỹ năng mềm – luyện thần thái phục vụ Part-time: 24.000 – 27.000 đồng/giờ + Tip + Thưởng Full-time: Lương thỏa thuận (đừng ngại deal lương, tụi mình fair lắm)Đào tạo miễn phíLàm quen máy móc hiện đạiRèn kỹ năng mềm – luyện thần thái phục vụPart-time: 24.000 – 27.000 đồng/giờ + Tip + ThưởngFull-time: Lương thỏa thuận (đừng ngại deal lương, tụi mình fair lắm) | Yêu cầ",phuc_vu,TimViec365,https://timviec365.vn/tuyen-pha-che-barista-sieu-chat-phuc-vu-p2065587.html,2026-04-15T08:19:53.440552,easy,0.5,trung_binh,False,True,working,OK (200)
labor_timviec365_2065219,TUYỂN DỤNG NHÂN VIÊN PHỤC VỤ / PHỤ BẾP,MO MO PARADISE,Tiếng Anh|Giao Tiếp|Phục Vụ|Bảo Vệ,Hồ Chí Minh,0,0,full-time,any,0,,"Thỏa thuận | 24/05/2026 | Hồ Chí Minh | Phục vụ - Tạp vụ, Đầu bếp - phụ bếp | Quyền lợi: • Lương x4 khi đi làm vào ngày Lễ, lương tháng 13, quà tặng các dịp Lễ, Tết. • Chế độ BHXH đầy đủ, phép năm. • Ưu đãi nội bộ: giảm giá 15% cho nhân viên khi sử dụng dịch vụ tại Nhà hàng • Được đào tạo nghiệp vụ, kiến thức món ăn, kỹ năng giao tiếp, phục vụ. • Cơ hội phát triển lâu dài và thăng tiến trong hệ thống nhà hàng.  • Môi trường làm việc chuyên nghiệp, ổn định • Phục vụ parttime : 27.000 / h + Tip • ",phuc_vu,TimViec365,https://timviec365.vn/tuyen-dung-nhan-vien-phuc-vu-nhan-vien-bep-salad-p2065219.html,2026-04-15T08:19:53.450404,easy,0.8,trung_binh,False,True,working,OK (200)
labor_timviec365_2065204,NHÂN VIÊN BUỒNG PHÒNG,CÔNG TY TNHH TƯ VẤN VÀ ĐÀO TẠO SPA TINH HOA VIỆT,Phục Vụ,Hà Nội,10000000,10000000,full-time,any,0,,10.000.000 VNĐ | 24/05/2026 | Hà Nội | Phục vụ - Tạp vụ | Quyền lợi: Ca 9 tiếng | Hỗ trợ ăn ca + tiền thuê nhà + bảo hiểmCa 9 tiếng | Hỗ trợ ăn ca + tiền thuê nhà + bảo hiểm | Yêu cầu: Trung thực – Chăm chỉ – Sạch sẽTrung thực – Chăm chỉ – Sạch sẽ+ Xem thêm | 10.000.000 VNĐ | 24/05/2026 | Hà Nội | Phục vụ - Tạp vụ | Quyền lợi: Ca 9 tiếng | Hỗ trợ ăn ca + tiền thuê nhà + bảo hiểmCa 9 tiếng | Hỗ trợ ăn ca + tiền thuê nhà + bảo hiểm | Yêu cầu: Trung thực – Chăm chỉ – Sạch sẽTrung thực – Chăm chỉ – ,phuc_vu,TimViec365,https://timviec365.vn/nhan-vien-buong-phong-p2065204.html,2026-04-15T08:19:53.455440,easy,0.8,trung_binh,False,True,working,OK (200)
labor_timviec365_2065115,NHÂN VIÊN PHỤC VỤ LƯƠNG 9-11TR/1 THÁNG,CÔNG TY TNHH J WON,Giao Tiếp|Chăm Sóc|Phục Vụ,Hồ Chí Minh,10600000,10600000,full-time,any,0,,"10.600.000 VNĐ | 06/05/2026 | Hồ Chí Minh | Khách sạn - Nhà hàng, Phục vụ - Tạp vụ, Tìm việc làm thêm | Quyền lợi: - THU NHẬP TỐI THIỂU: 10.600.000 VNĐ/THÁNG - Chưa bao gồm: Tip + Thưởng doanh số + Thưởng chuyên cần + Phụ cấp ca - Tuyển dụng cả full và part. Part 30k/1h - Thời gian làm việc linh động, được off 1 ngày bất kì trong tuần trừ thứ 7,chủ nhật. Trưa được nghỉ ngơi 2 tiếng.- THU NHẬP TỐI THIỂU: 10.600.000 VNĐ/THÁNG- Chưa bao gồm: Tip + Thưởng doanh số + Thưởng chuyên cần + Phụ cấp ca- T",phuc_vu,TimViec365,https://timviec365.vn/nhan-vien-phuc-vu-luong-911tr1-thang-p2065115.html,2026-04-15T08:19:53.461882,easy,0.8,trung_binh,False,True,working,OK (200)
labor_timviec365_2064591,Nhân viên Tiếp Thực,ELGAUCHO ARGENTINIAN STEAKHOUSE,Phục Vụ,Hà Nội,8500000,8500000,full-time,any,0,,"8.500.000 VNĐ | 08/05/2026 | Hà Nội | Lao động phổ thông, Phục vụ - Tạp vụ | Quyền lợi: Lương từ 6.000.000 VNĐ đến 8.500.000 VNĐ hoặc thỏa thuận khi phỏng vấn phù hợp với năng lực làm việcTip + Thưởng năm theo thâm niênCông ty đóng bảo hiểm (không khấu trừ lương)Môi trường làm việc vui vẻ, chuyên nghiệpCông việc ổn định – lâu dài – cơ hội thăng tiếnLương từ 6.000.000 VNĐ đến 8.500.000 VNĐ hoặc thỏa thuận khi phỏng vấn phù hợp với năng lực làm việcTip + Thưởng năm theo thâm niênCông ty đóng bảo h",phuc_vu,TimViec365,https://timviec365.vn/nhan-vien-tiep-thuc-food-checker-p2064591.html,2026-04-15T08:19:53.470261,easy,0.8,trung_binh,False,True,working,OK (200)
labor_timviec365_2064593,Nhân Viên Tạp Vụ và Nhân Viên Bảo Vệ,ELGAUCHO ARGENTINIAN STEAKHOUSE,Phục Vụ|Bảo Vệ,Hà Nội,6500000,6500000,full-time,any,0,,"6.500.000 VNĐ | 08/05/2026 | Hà Nội, Bà Rịa Vũng Tàu | Bảo vệ, Phục vụ - Tạp vụ | Quyền lợi: Lương từ 6.000.000 VNĐ đến 6.500.000 VNĐ hoặc thỏa thuận khi phỏng vấn phù hợp với năng lực làm việc Tip + Thưởng năm theo thâm niên Công ty đóng bảo hiểm (không khấu trừ lương) Môi trường làm việc vui vẻ, chuyên nghiệp Công việc ổn định – lâu dài – cơ hội thăng tiếnLương từ 6.000.000 VNĐ đến 6.500.000 VNĐ hoặc thỏa thuận khi phỏng vấn phù hợp với năng lực làm việcTip + Thưởng năm theo thâm niênCông ty đ",phuc_vu,TimViec365,https://timviec365.vn/nhan-vien-tap-vu-cleaner-va-nhan-vien-bao-ve-p2064593.html,2026-04-15T08:19:53.477110,easy,0.8,trung_binh,False,True,working,OK (200)
labor_timviec365_2064299,Nhân Viên Phục Vụ - Ca Gãy Full-Time Và Ca Part-Time - Hồ Chí Minh,CÔNG TY CỔ PHẦN THƯƠNG MẠI DỊCH VỤ DIM TU TAC,Phục Vụ,Hồ Chí Minh,0,0,part-time,any,0,,"Thỏa thuận | 18/05/2026 | Hồ Chí Minh | Phục vụ - Tạp vụ | Quyền lợi: Thu nhập:7.000.000 – 9.000.000đ /tháng (Full-time ca gãy) 30.000 đ/giờ + phụ cấp (Part-time)Cơm nhân viên ngon, xịn, mịn tại nhà hàng Nghỉ OFF: 1 ngày/ tuầnThưởng tháng 13, thường bonus, thưởng Tết,...Tham gia BHXH, BHYT, BHTN đầy đủCơ hội phát triển lên các vị trí Giám sát – Quản lý Nhà hàngThu nhập:7.000.000 – 9.000.000đ /tháng (Full-time ca gãy)30.000 đ/giờ + phụ cấp (Part-time)Cơm nhân viên ngon, xịn, mịn tại nhà hàngNghỉ ",phuc_vu,TimViec365,https://timviec365.vn/nhan-vien-phuc-vu-ca-gay-full-time-va-ca-part-time-ho-chi-minh-p2064299.html,2026-04-15T08:19:53.488083,easy,0.5,trung_binh,False,True,working,OK (200)
labor_timviec365_2063900,NHÀ HÀNG CUỐN SEN TUYỂN NHÂN VIÊN PHỤC VỤ FULLTIME,CÔNG TY TNHH DỊCH VỤ THƯƠNG MẠI NHÀ HÀNG ANH VŨ,Giao Tiếp|Phục Vụ,Hà Nội,8000000,8000000,full-time,any,0,,"8.000.000 VNĐ | 31/05/2026 | Hà Nội | Phục vụ - Tạp vụ | Quyền lợi: Lương cạnh tranh: 7&ndash;8 triệu/tháng + thưởng + tip (tự giữ) Tháng nghỉ 3 ngày Ngày lễ x2, ngày Tết x3 Tham gia BHXH theo quy địnhLương cạnh tranh: 7–8 triệu/tháng + thưởng + tip (tự giữ)Tháng nghỉ 3 ngàyNgày lễ x2, ngày Tết x3Tham gia BHXH theo quy định | Yêu cầu: Nam/Nữ tuổi từ 18 trở lên hanh nhẹn, chăm chỉ, thái độ lịch sự Giao tiếp tốt, có tinh thần phục vụ Có kinh nghiệm phục vụ nhà hàng là lợi thế (không bắt buộc)Nam/N",phuc_vu,TimViec365,https://timviec365.vn/nha-hang-cuon-sen-tuyen-nhan-vien-phuc-vu-fulltime-p2063900.html,2026-04-15T08:19:53.495632,easy,0.8,trung_binh,False,True,working,OK (200)
labor_timviec365_2063359,TUYỂN NHÂN VIÊN PHỤC VỤ BIẾT TIẾNG ANH,Nhà hàng Mekong Merchant Saigon,Tiếng Anh|Giao Tiếp|Phục Vụ,Hồ Chí Minh,0,0,temporary,any,0,,"Thỏa thuận | 14/05/2026 | Hồ Chí Minh | Phục vụ - Tạp vụ | Quyền lợi: Lương thử việc: Nhận 100%Thu nhập gồm: Lương cơ bản + tips + service chargeBao ăn trong ca, cấp đồng phục, hỗ trợ gửi xeGiảm giá 20% khi sử dụng dịch vụ tại nhà hàngThưởng sinh nhật, lì xì đầu nămK&yacute; Hợp đồng lao động, tham gia đầy đủ BHXH &ndash; BHYT &ndash; BHTNLương thử việc:Nhận 100%Thu nhập gồm:Lương cơ bản + tips + service chargeBao ăn trong ca, cấp đồng phục, hỗ trợ gửi xeGiảm giá20%khi sử dụng dịch vụ tại nhà hà",phuc_vu,TimViec365,https://timviec365.vn/tuyen-nhan-vien-phuc-vu-biet-tieng-anh-p2063359.html,2026-04-15T08:19:53.502993,easy,0.3,trung_binh,False,True,working,OK (200)
labor_timviec365_2062952,TUYỂN NHÂN VIÊN PHỤC VỤ TẠP VỤ,Quán 20,Phục Vụ,Hà Nội,9000000,9000000,full-time,any,0,,"9.000.000 VNĐ | 05/05/2026 | Hà Nội | Phục vụ - Tạp vụ | Quyền lợi: *  Mức lương: Từ 7.000.000 VNĐ Đến 9.000.000 VNĐ (tùy năng lực).*  Bao ăn ở.*  Môi trường làm việc năng động, thân thiện, ổn định.*  Mức lương: Từ 7.000.000 VNĐ Đến 9.000.000 VNĐ (tùy năng lực).*  Bao ăn ở.*  Môi trường làm việc năng động, thân thiện, ổn định. | Yêu cầu: *  Nam/Nữ nhanh nhẹn, trung thực, có trách nhiệm.*  Ưu tiên ứng viên có kinh nghiệm làm việc tại quán ăn, quán cafe.*  Chịu khó, hòa đồng, có thể làm việc lâu d",phuc_vu,TimViec365,https://timviec365.vn/tuyen-nhan-vien-phuc-vu-tap-vu-luong-7-9-trieuthang-bao-an-o-p2062952.html,2026-04-15T08:19:53.509281,easy,0.8,trung_binh,False,True,working,OK (200)
labor_timviec365_2062379,BẮC KIM THANG TUYỂN DỤNG NHÂN VIÊN PHỤC VỤ (KHÔNG CẦN KINH NGHIỆM),CÔNG TY TNHH THỰC PHẨM GIA KHÁNH VIỆT NAM,Tiếng Anh|Giao Tiếp|Phục Vụ,Hồ Chí Minh,9000000,9000000,temporary,any,0,,"9.000.000 VNĐ | 30/05/2026 | Hồ Chí Minh | Khách sạn - Nhà hàng, Phục vụ - Tạp vụ, Sinh viên làm thêm | Quyền lợi: - Lương + tip + chế độ đầy đủ theo pháp luật sau k&yacute; hợp đồng.- Phụ cấp cơm + gửi xe.- Lương + tip + chế độ đầy đủ theo pháp luật sau ký hợp đồng.- Phụ cấp cơm + gửi xe. | Yêu cầu: - Có kinh nghiệm làm dịch vụ nhà hàng là một lợi thế.- Tiếng Anh giao tiếp nhà hàng là một lợi thế.- Chưa có kinh nghiệm sẽ được đào tạo.- Có kinh nghiệm làm dịch vụ nhà hàng là một lợi thế.- Tiếng ",phuc_vu,TimViec365,https://timviec365.vn/bac-kim-thang-tuyen-dung-nhan-vien-phuc-vu-khong-can-kinh-nghiem-p2062379.html,2026-04-15T08:19:53.517207,easy,0.3,trung_binh,False,True,working,OK (200)
labor_timviec365_2062217,nhân viên nhà hàng,Công ty TNHH Thương mại dịch vụ Dòng Di Sản Hạ Long,Tiếng Anh|Giao Tiếp|Phục Vụ,Quảng Ninh,10000000,10000000,full-time,any,0,,"10.000.000 VNĐ | 30/05/2026 | Quảng Ninh | Khách sạn - Nhà hàng, Phục vụ - Tạp vụ | Quyền lợi: - mức lương: 8tr - 10tr theo năng lực + phí phục vụ (service charge)- được hưởng đầy đủ chế độ bhxh, bhyt, bhtn theo quy định.- ngày phép: 6 ngày nghỉ/tháng- hỗ trợ ăn ở trên tàu 100%- môi trường làm việc năng động, chuyên nghiệp, có cơ hội phát triển kỹ năng trong ngành dịch vụ cao cấp.- được đào tạo nội bộ nâng cao nghiệp vụ nếu chưa có kinh nghiệm- mức lương: 8tr - 10tr theo năng lực + phí phục vụ (",phuc_vu,TimViec365,https://timviec365.vn/nhan-vien-nha-hang-p2062217.html,2026-04-15T08:19:53.522436,easy,0.8,trung_binh,False,True,working,OK (200)
labor_timviec365_2062480,TUYỂN NAM NỮ LAO ĐỌNG PHỔ THÔNG -CÔNG NHÂN XƯỞNG BÚN,CÔNG TY CỔ PHẦN SẢN XUẤT THƯƠNG MẠI DỊCH VỤ NGUYỄN BÍNH,Phục Vụ,Hồ Chí Minh,10000000,10000000,full-time,any,0,,"10.000.000 VNĐ | 06/05/2026 | Hồ Chí Minh | Phục vụ - Tạp vụ | Quyền lợi: -Có đóng BHXH-Tùy theo khả năng làm việc của mỗi người mà có mức lương khác nhau . - Lương thử việc : 200.000 / ngày .-Sau thời gian thử việc sẽ tính lương chính thức - Làm tốt có thưởng thêm.-Có đóng BHXH-Tùy theo khả năng làm việc của mỗi người mà có mức lương khác nhau .- Lương thử việc : 200.000 / ngày .-Sau thời gian thử việc sẽ tính lương chính thức- Làm tốt có thưởng thêm. | Yêu cầu:  - Có sức khỏe tốt - Hiền lành, ",phuc_vu,TimViec365,https://timviec365.vn/tuyen-nam-nu-djong-goi-djong-hang-tap-vu-p2062480.html,2026-04-15T08:19:53.527742,easy,0.8,trung_binh,False,True,working,OK (200)
labor_timviec365_2059094,"Tuyển Nhân Viên Phục Vụ, Rửa Chén, Biết Nấu Ăn",Quán Cơm Nhà Tím,Phục Vụ,Hồ Chí Minh,0,0,full-time,any,0,,"Thỏa thuận | 21/05/2026 | Hồ Chí Minh | Phục vụ - Tạp vụ | Quyền lợi: Công việc ổn định, môi trường làm việc thân thiện.Thưởng lễ, Tết theo quy định.Có thời gian nghỉ ngơi 1-2 tiếng buổi trưa (10h-11h) nếu hoàn thành công việc.Mức lương: Thỏa thuận.Công việc ổn định, môi trường làm việc thân thiện.Thưởng lễ, Tết theo quy định.Có thời gian nghỉ ngơi 1-2 tiếng buổi trưa (10h-11h) nếu hoàn thành công việc.Mức lương: Thỏa thuận. | Yêu cầu: Chăm chỉ, chịu khó, có trách nhiệm với công việc.Ưu tiên ứng",phuc_vu,TimViec365,https://timviec365.vn/phuc-vu-quan-com-p2059094.html,2026-04-15T08:19:53.534432,easy,0.8,trung_binh,False,True,working,OK (200)
labor_timviec365_2058991,Tuyển nhân viên BếpTạp vụ,Vietnambooking,Phục Vụ,Hồ Chí Minh,10000000,10000000,full-time,any,0,,"10.000.000 VNĐ | 14/05/2026 | Hồ Chí Minh | Phục vụ - Tạp vụ, Đầu bếp - phụ bếp | Quyền lợi: Mức lương từ 8.000.000 VNĐ đến 10.000.000 VNĐ. Thưởng các ngày lễ, tết. Tips. Môi trường làm việc sang trọng, chuyên nghiệp và năng động. Đồng phục.Mức lương từ 8.000.000 VNĐ đến 10.000.000 VNĐ.Thưởng các ngày lễ, tết.Tips.Môi trường làm việc sang trọng, chuyên nghiệp và năng động.Đồng phục. | Yêu cầu: Ưu tiên nữ. Sức khỏe tốt, đảm bảo công việc. Có kinh nghiệm nấu bếp. Nhanh nhẹn, sạch sẽ và chăm chỉ. T",phuc_vu,TimViec365,https://timviec365.vn/tuyen-nhan-vien-beptap-vu-p2058991.html,2026-04-15T08:20:00.243984,easy,0.8,trung_binh,False,True,working,OK (200)
labor_timviec365_2057295,[Nữ] Nhân Viên Phục Vụ,CÔNG TY TNHH NHÀ HÀNG MARIA,Phục Vụ,Hồ Chí Minh,0,0,full-time,any,0,,"Thỏa thuận | 25/05/2026 | Hồ Chí Minh | Phục vụ - Tạp vụ, Sinh viên làm thêm, Sinh viên mới tốt nghiệp - Thực tập | Quyền lợi: Mức lương hấp dẫn, phù hợp với năng lực làm việcThưởng lương tháng 13( từ 10tr trở lên)Đi du lịch miễn phí cùng team.Có chỗ ở lại cho nhân viên, môi trường thân thiện, phát triển bản thân .Hỗ trợ tiền xăng cho nhân viênĐào tạo ngoại ngữ miễn phíMức lương hấp dẫn, phù hợp với năng lực làm việcThưởng lương tháng 13( từ 10tr trở lên)Đi du lịch miễn phí cùng team.Có chỗ ở lạ",phuc_vu,TimViec365,https://timviec365.vn/nhan-vien-phuc-vu-p2057295.html,2026-04-15T08:20:00.252332,easy,0.8,trung_binh,False,True,working,OK (200)
labor_timviec365_2055910,Tuyển Trưởng ca Phục vụ Floor Captain,CÔNG TY  TNHH HUFR,Giao Tiếp|Phục Vụ,Hồ Chí Minh,12000000,12000000,full-time,any,0,,"12.000.000 VNĐ | 16/05/2026 | Hồ Chí Minh | Khách sạn - Nhà hàng, Phục vụ - Tạp vụ | Quyền lợi: ● Thu nhập hấp dẫn lên đến 11 - 12 triệu/ tháng (gồm Bonus + Tips hàng tháng)● Thưởng lương tháng 13 và đánh giá tăng lương định kỳ hàng năm● Phụ cấp tiền giữ xe 10,000 vnd/ngày làm việc (theo quy định Công ty)● Tham gia đầy đủ BHXH, BHYT, BHTN và Bảo hiểm sức khỏe cá nhân PTI● Giảm giá ~50% dành cho nhân viên khi sử dụng dịch vụ của 4P&lsquo;s trên toàn quốc● Nhiều cơ hội thăng tiến trong nội bộ, gia",phuc_vu,TimViec365,https://timviec365.vn/tuyen-truong-ca-phuc-vu-floor-captain-p2055910.html,2026-04-15T08:20:00.258662,easy,0.8,trung_binh,False,True,working,OK (200)
labor_timviec365_2057186,Tuyển nhân viên phục vụ bàn,Nhà hàng BUFFET CHEF DZUNG,Giao Tiếp|Phục Vụ,Hà Nội,0,0,full-time,any,0,,"Thỏa thuận | 23/05/2026 | Hà Nội | Phục vụ - Tạp vụ | Quyền lợi: - Lương: 4,8 triệu &ndash; 6,8 triệu (theo khả năng/)- Nghỉ 4 ngày/tháng- Chu cấp cơm trưa và tối theo ca tại nhà hàng - Phụ cấp gửi xe, sinh nhật...- Được đóng BHXH, hưởng phép năm, thưởng tháng lương thứ 13...-Lương: 4,8 triệu – 6,8 triệu (theo khả năng/)-Nghỉ 4 ngày/tháng-Chu cấp cơm trưa và tối theo ca tại nhà hàng-Phụ cấp gửi xe, sinh nhật...-Được đóng BHXH, hưởng phép năm, thưởng tháng lương thứ 13... | Yêu cầu: Y&Ecirc;U CẦU",phuc_vu,TimViec365,https://timviec365.vn/tuyen-nhan-vien-phuc-vu-ban-p2057186.html,2026-04-15T08:20:00.267576,easy,0.8,trung_binh,False,True,working,OK (200)
labor_timviec365_2057028,Nhân viên phục vụ Nhân viên pha chế,Hương Cà phê,Phục Vụ,Hà Nội,0,0,full-time,any,0,,"Thỏa thuận | 19/05/2026 | Hà Nội | Pha chế - Bar, Phục vụ - Tạp vụ | Quyền lợi: Mức lương:
Phục vụ: 18k-4 triệu/tháng
Pha chế: 20k-5 triệu/tháng
Quyền lợi:
Những ngày lễ tết được thưởng
Được đào tạo kỹ năng phục vụ, pha chế.
Mở rộng kiến thức ngành dịch vụ F&B
Môi trường trẻ trung, năng động,&hellip;Mức lương:Phục vụ: 18k-4 triệu/thángPha chế: 20k-5 triệu/thángQuyền lợi:Những ngày lễ tết được thưởngĐược đào tạo kỹ năng phục vụ, pha chế.Mở rộng ",phuc_vu,TimViec365,https://timviec365.vn/nhan-vien-phuc-vu-nhan-vien-pha-che-p2057028.html,2026-04-15T08:20:00.274816,easy,0.8,trung_binh,False,True,working,OK (200)
labor_timviec365_2054717,Phục vụ quán nhậu bình dân,Má heo nướng muối ớt,Phục Vụ,Đồng Nai,0,0,full-time,any,0,,Thỏa thuận | 15/05/2026 | Đồng Nai | Phục vụ - Tạp vụ | Quyền lợi: Thoả thuậnThoả thuận | Yêu cầu: Không có+ Xem thêm | Thỏa thuận | 15/05/2026 | Đồng Nai | Phục vụ - Tạp vụ | Quyền lợi: Thoả thuậnThoả thuận | Yêu cầu: Không có+ Xem thêm,phuc_vu,TimViec365,https://timviec365.vn/phuc-vu-quan-nhau-binh-dan-p2054717.html,2026-04-15T08:20:00.282404,easy,0.8,trung_binh,False,True,working,OK (200)
labor_timviec365_2053393,NHÂN VIÊN PHA CHẾ PHỤC VỤ VÀ THU NGÂN,CAFE TRUNG NGUYÊN E - COFFEE,Giao Tiếp|Phục Vụ,Hồ Chí Minh,0,0,full-time,any,0,,"Thỏa thuận | 06/05/2026 | Hồ Chí Minh | Khách sạn - Nhà hàng, Phục vụ - Tạp vụ | Quyền lợi: lương 7tr + thưởng
Các chế độ khác theo quy địnhlương 7tr + thưởngCác chế độ khác theo quy định | Yêu cầu: Làm việc Fulltime
Ngoại hình ưa nhìn, nhanh nhẹn hoạt bát, giao tiếp tốt.Làm việc FulltimeNgoại hình ưa nhìn, nhanh nhẹn hoạt bát, giao tiếp tốt.+ Xem thêm | Thỏa thuận | 06/05/2026 | Hồ Chí Minh | Khách sạn - Nhà hàng, Phục vụ - Tạp vụ | Quyền lợi: lương 7tr + thưởng
Các chế độ khác theo quy địnhlươ",phuc_vu,TimViec365,https://timviec365.vn/nhan-vien-pha-che-phuc-vu-va-thu-ngan-p2053393.html,2026-04-15T08:20:00.289992,easy,0.8,trung_binh,False,True,working,OK (200)
labor_timviec365_2053649,Tuyển dụng Nhân viên buồng phòng,công ty TNHH thương mại và dịch vụ Euphoria,Tiếng Anh|Phục Vụ,Hà Nội,12000000,12000000,full-time,any,0,,"12.000.000 VNĐ | 19/05/2026 | Hà Nội | Khách sạn - Nhà hàng, Phục vụ - Tạp vụ | Quyền lợi: LƯƠNG, CHẾ ĐỘ:
Lương 8 triệu - 12 triệu / tháng 
Có bao ăn ở (nếu có nhu cầu).LƯƠNG, CHẾ ĐỘ:Lương 8 triệu - 12 triệu / thángCó bao ăn ở (nếu có nhu cầu). | Yêu cầu: Có sức khỏe tốt
Chăm chí, năng động, thân thiện, làm việc độc lập
Biết cơ bản Tiếng Anh (khuyến khích)
Không yêu cầu bằng cấpCó sức khỏe tốtChăm chí, năng động, thân thiện, làm việc độc lậpBiết cơ bản Tiếng Anh (khuyến khích)Không yêu cầu bằng ",phuc_vu,TimViec365,https://timviec365.vn/tuyen-dung-nhan-vien-buong-phong-p2053649.html,2026-04-15T08:20:00.297989,easy,0.8,trung_binh,False,True,working,OK (200)
labor_timviec365_2052617,Nhân viên phục vụ [Waitress/Waiter],ORIENTAL SAIGON (Nhà Hàng OPUS Saigon - Nhà Hàng Hội An Sense),Tiếng Anh|Giao Tiếp|Phục Vụ,Hồ Chí Minh,0,0,temporary,any,0,,"Thỏa thuận | 28/05/2026 | Hồ Chí Minh | Phục vụ - Tạp vụ | Quyền lợi: - Thu nhập theo năng lực. Xét đánh giá điều chỉnh thu nhập định kỳ 12 tháng/lần.-Hỗ trợ miễn phí: Cơm theo ca làm việc, để xe tại Toà nhà.-Chế độ thăm hỏi, hiếu hỉ, sinh nhật.-Ký hợp đồng lao động, tham gia BHXH, BHYT, BHTN đầy đủ.-Môi trường thân thiện, năng động, chuyên nghiệp, cởi mở và sáng tạo.- Thu nhập theo năng lực. Xét đánh giá điều chỉnh thu nhập định kỳ 12 tháng/lần.-Hỗ trợ miễn phí: Cơm theo ca làm việc, để xe tại ",phuc_vu,TimViec365,https://timviec365.vn/nhan-vien-phuc-vu-waitresswaiter-p2052617.html,2026-04-15T08:20:00.303747,easy,0.3,trung_binh,False,True,working,OK (200)
labor_timviec365_2066798,Kỹ Thuật Cơ Khí Ưu Tiên Biết Tiếng Anh,CÔNG TY TNHH EUROCRANE VIỆT NAM,Tiếng Anh|Giao Tiếp,Hồ Chí Minh,15000000,25000000,full-time,any,0,,"Từ 15.000.000 VNĐ Đến 25.000.000 VNĐ | 03/05/2026 | Hồ Chí Minh | Cơ khí - Chế tạo, Kỹ thuật, Vật tư - Thiết bị | Quyền lợi: - Mức lương：Đại học: 15tr-25tr (tùy theo năng lực) - Thời gian thử việc: 2 tháng - Được đào tạo kỹ năng chuyên môn, cơ hội thăng tiến rõ ràng. - Giờ làm việc: Từ thứ 2 - thứ 6, thứ 7: 2 ngày trên tháng, hoặc theo đặc thù công việc và dưới sự sắp xếp của cấp trên - Thực hiện đầy đủ chế độ bảo hiểm xã hội, lương thưởng dịp lễ tết theo quy định của công ty. - Thưởng tháng lươ",co_khi,TimViec365,https://timviec365.vn/nhan-vien-ky-thuat-uu-tien-biet-tieng-trung-p2066798.html,2026-04-15T08:20:14.153472,medium,0.8,trung_binh,False,True,working,OK (200)
labor_timviec365_2066751,TUYỂN GẤP QS – MEP | 20–30TR+,CT CP XD Kiến trúc và Nội thất DG Group,,Hà Nội,20000000,30000000,full-time,any,0,,"20 - 30 triệu | 03/05/2026 | Hà Nội, Ninh Bình | Cơ khí - Chế tạo, Điện - Điện tử | Quyền lợi: Thu nhập: 20-30 triệu/tháng (hoặc cao hơn tùy năng lực & kinh nghiệm).  Thưởng hiệu quả công việc, thưởng dự án, tháng 13 và các chế độ thưởng khác.  Hỗ trợ trang thiết bị làm việc.  Tham gia đầy đủ BHXH, BHYT, BHTN theo quy định.  Du lịch, teambuilding và các hoạt động nội bộ hàng năm.  Cơ hội đào tạo nâng cao chuyên môn & thăng tiến theo năng lực. icon_yeucauThu nhập: 20-30 triệu/tháng (hoặc cao hơn ",co_khi,TimViec365,https://timviec365.vn/tuyen-dung-ky-su-mep-p2066751.html,2026-04-15T08:20:14.156248,hard,0.8,trung_binh,False,True,working,OK (200)
labor_timviec365_2066669,NHÂN VIÊN QC SMT,CÔNG TY TNHH CÔNG NGHỆ SIPTEK,,Hồ Chí Minh,10000000,15000000,full-time,any,0,,"10 - 15 triệu | 01/05/2026 | Hồ Chí Minh | Cơ khí - Chế tạo, Sản xuất - Vận hành sản xuất, Thẩm định - Giám thẩm định - Quản lý chất lượng | Quyền lợi: • Thu nhập: 8 – 15 triệu (tuỳ năng lực + tăng ca)  • Thưởng hiệu suất, thưởng tháng 13  • Đóng BHXH, BHYT đầy đủ  • Môi trường máy lạnh, sạch sẽ.  • Được đào tạo nâng cao kỹ năng SMT (SPI, AOI, setup line)• Thu nhập: 8 – 15 triệu (tuỳ năng lực + tăng ca)• Thưởng hiệu suất, thưởng tháng 13• Đóng BHXH, BHYT đầy đủ• Môi trường máy lạnh, sạch sẽ.• Đư",co_khi,TimViec365,https://timviec365.vn/nhan-vien-djien-tu-van-hanh-may-smt-qc-han-tht-p2066669.html,2026-04-15T08:20:14.158717,medium,0.8,trung_binh,False,True,working,OK (200)
labor_timviec365_2066024,NHÂN VIÊN VẬN HÀNH MÁY CNC ( PHAY - TIỆN - MÀI- EDM ),Công Ty TNHH Cơ Khi Duy Khanh,,Hồ Chí Minh,9000000,12000000,full-time,any,1,,"Từ 9.000.000 VNĐ Đến 12.000.000 VNĐ | 30/04/2026 | Hồ Chí Minh | Cơ khí - Chế tạo | Quyền lợi: - Được hưởng các chế độ BHYT, BHXH, BHTN và các chế độ khác theo qui định hiện hành của nhà nước; - Tham gia các chương trình đào tạo bồi dưỡng chuyên môn; - Mức lương tương xứng với năng lực, kinh nghiệm; - Công ty mua 100% Bảo hiểm tai nạn 24/24; - Phụ cấp ca đêm, bồi dưỡng ăn đêm, sữa đêm - Môi trường làm việc thân thiện, năng động, cơ hội thăng tiến; - Thưởng các Lễ/Tết : 30/4, ngày 1/5, Lễ 2/9, Lư",co_khi,TimViec365,https://timviec365.vn/nhan-vien-van-hanh-may-cnc-phay-tien-mai-edm-p2066024.html,2026-04-15T08:20:14.165912,easy,0.8,trung_binh,False,True,working,OK (200)
labor_timviec365_2066281,TUYỂN NV BẢO TRÌ VÀ LAO ĐỘNG PHỔ THÔNG,Công ty TNHH Myung Sung Vina,,Đồng Nai,0,0,full-time,any,3,,"Thỏa thuận | 20/04/2026 | Đồng Nai | Cơ khí - Chế tạo, Lao động phổ thông | Quyền lợi: - Tham gia đầy đủ BHXH, BHYT, BHTN - Thưởng tháng 13 + thưởng theo lợi nhuận - Hỗ trợ cơm trưa, cơm chiều (nếu tăng ca) - Môi trường ổn định, làm việc lâu dài- Tham gia đầy đủ BHXH, BHYT, BHTN- Thưởng tháng 13 + thưởng theo lợi nhuận- Hỗ trợ cơm trưa, cơm chiều (nếu tăng ca)- Môi trường ổn định, làm việc lâu dài | Yêu cầu: 1. NV BẢO TRÌ  - Nam, 25 – 40 tuổi - Trung cấp trở lên (điện/cơ khí) - Có ít nhất 3 năm ",co_khi,TimViec365,https://timviec365.vn/tuyen-nv-bao-tri-va-lao-djong-pho-thong-p2066281.html,2026-04-15T08:20:14.170002,medium,0.8,trung_binh,False,True,working,OK (200)
labor_timviec365_2065637,Công nhân thao tác máy tại Hải Phòng,Công ty Cổ phần Công nghiệp Nhựa Phú Lâm,,Hải Phòng,9500000,12000000,full-time,any,0,,"Từ 9.500.000 VNĐ Đến 12.000.000 VNĐ | 10/05/2026 | Hải Phòng, Hưng Yên, Ninh Bình | Cơ khí - Chế tạo, Lao động phổ thông, Sản xuất - Vận hành sản xuất | Quyền lợi: Thu nhập 9,5 - 12 triệu/tháng Thưởng lương tháng 13, 14 Thưởng doanh thu – cổ tức hấp dẫn Được tham gia BHXH – BHYT – BHTN đầy đủ theo mức lương Thưởng thâm niên tặng vàng SJC Du lịch hàng năm (1 lần/năm) Môi trường làm việc ổn định – thân thiện – lâu dài CÓ HỖ TRỢ KÝ TÚC XÁ VÀ XE ĐƯA ĐÓN CUỐI TUẦNThu nhập 9,5 - 12 triệu/thángThưởng l",co_khi,TimViec365,https://timviec365.vn/cong-nhan-thao-tac-may-tai-hai-phong-p2065637.html,2026-04-15T08:20:14.173004,easy,0.8,trung_binh,False,True,working,OK (200)
labor_timviec365_2066860,TUYỂN THIẾT KẾ VÀ KỸ THUẬT,CÔNG TY CỔ PHẦN MACHINEX VIỆT NAM,Giao Tiếp,Hà Nội,13000000,15000000,full-time,any,0,,"Từ 13.000.000 VNĐ Đến 15.000.000 VNĐ | 07/05/2026 | Hà Nội | Công nghệ cao, Cơ khí - Chế tạo, Thiết kế - Mỹ thuật | Quyền lợi: - Lương thỏa thuận theo năng lực (13-15 tr) + PC ăn trưa.  - Xét tăng lương định kỳ. - Tham gia đầy đủ BHXH, BHYT, BHTN theo quy định - Thưởng lễ, Tết và các chế độ khác theo chính sách công ty. - Môi trường làm việc ổn định, lâu dài. - Có cơ hội học hỏi, phát triển lên các vị trí cao hơn.- Lương thỏa thuận theo năng lực (13-15 tr) + PC ăn trưa.- Xét tăng lương định kỳ.-",co_khi,TimViec365,https://timviec365.vn/tuyen-thiet-ke-va-ky-thuat-p2066860.html,2026-04-15T08:20:14.175891,medium,0.8,trung_binh,False,True,working,OK (200)
labor_timviec365_2066761,KỸ SƯ CƠ KHÍ - QC (Không cần kinh nghiệm),CÔNG TY CỔ PHẦN PHỤ KIỆN VÀ NHÀ THÉP NHẤT,Excel|Word|Tiếng Anh|Word,Hồ Chí Minh,12000000,15000000,full-time,any,0,,"Từ 12.000.000 VNĐ Đến 15.000.000 VNĐ | 03/05/2026 | Hồ Chí Minh | Cơ khí - Chế tạo, Kỹ thuật | Quyền lợi: Lương: 12- 15 triệu (chưa tính tăng ca) Môi trường làm việc chuyên nghiệp, ổn định Được đào tạo và hướng dẫn công việc Cơ hội phát triển nghề nghiệp lâu dàiLương: 12- 15 triệu (chưa tính tăng ca)Môi trường làm việc chuyên nghiệp, ổn địnhĐược đào tạo và hướng dẫn công việcCơ hội phát triển nghề nghiệp lâu dài | Yêu cầu: Tốt nghiệp Đại học chuyên ngành Cơ khí Thành thạo AutoCAD, Word, Excel Có",co_khi,TimViec365,https://timviec365.vn/ky-su-qc-co-khi-p2066761.html,2026-04-15T08:20:14.180595,medium,0.8,trung_binh,False,True,working,OK (200)
labor_timviec365_2066678,CHỦ QUẢN QC (QC SUPERVISOR) VÀ NHÂN VIÊN ISO,CÔNG TY TNHH SẢN XUẤT OLYMPIC PRO VIỆT NAM,,Hồ Chí Minh,20000000,30000000,full-time,any,0,,"Từ 20.000.000 VNĐ Đến 30.000.000 VNĐ | 01/05/2026 | Hồ Chí Minh | Cơ khí - Chế tạo, Sản xuất - Vận hành sản xuất, Thẩm định - Giám thẩm định - Quản lý chất lượng | Quyền lợi: CHỦ QUẢN QC (QC SUPERVISOR): Thu nhập: 20 – 30 triệu/tháng + thưởng Tham gia đầy đủ BHXH, BHYT, BHTN theo quy định Thưởng lễ, Tết, thưởng hiệu suất Môi trường làm việc ổn định. Tham gia BHXH, BHYT, BHTN theo quy định. Các chế độ thưởng và phúc lợi theo chính sách công ty. NHÂN VIÊN ISO: Mức lương: 9 – 15 triệu/tháng Môi trư",co_khi,TimViec365,https://timviec365.vn/chu-quan-qc-qc-supervisor-p2066678.html,2026-04-15T08:20:14.186021,hard,0.8,trung_binh,False,True,working,OK (200)
labor_timviec365_2065801,Tuyển Vận hành máy phay CNC và Phay cơ,Công ty TNHH sản xuất Linh kiện công nghiệp VC,,Hà Nội,7000000,9000000,full-time,any,1,,"Từ 7.000.000 VNĐ Đến 9.000.000 VNĐ | 23/04/2026 | Hà Nội | Cơ khí - Chế tạo, Kỹ thuật, Lao động phổ thông | Quyền lợi: - Lương 7-9 triệu ( Thoả thuện tuỳ theo tay nghề, khả năng thực tế ) - Công việc ổn định, thu nhập tốt - Tháng 13 theo chế độ Công ty - Đóng bảo hiểm: BHXH, BHYT, BHTN ( Khi làm việc ổn định ) - Du lịch 1 năm 1 lần - Nghỉ lễ, Tết theo quy định nhà nước - Ăn trưa tại Công ty- Lương 7-9 triệu ( Thoả thuện tuỳ theo tay nghề, khả năng thực tế )- Công việc ổn định, thu nhập tốt- Thán",co_khi,TimViec365,https://timviec365.vn/tuyen-van-hanh-may-phay-cnc-va-phay-co-p2065801.html,2026-04-15T08:20:14.188884,easy,0.8,trung_binh,False,True,working,OK (200)
labor_timviec365_2066235,TUYỂN THỢ CƠ KHÍ VÀ LAO ĐỘNG PHỔ THÔNG TẠI VÂN CANH HUYỆN HOÀI ĐƯC Ở HÀ NỘI,Công ty TNHH Phụ kiện sắt nghệ thuật ANH HUYỀN,,Hà Nội,9000000,15000000,full-time,any,0,,"Từ 9.000.000 VNĐ Đến 15.000.000 VNĐ | 18/04/2026 | Hà Nội | Cơ khí - Chế tạo, Lao động phổ thông | Quyền lợi: 💰 Thu nhập & đãi ngộ - Mức lương từ 9 – 15 triệu/tháng (tùy theo tay nghề và vị trí) - Thưởng lễ, Tết và các khoản phụ cấp theo quy định - Xét tăng lương theo năng lực và thời gian gắn bó 🛡️ Chế độ phúc lợi - Tham gia BHXH, BHYT, BHTN đầy đủ theo quy định của Nhà nước - Hưởng đầy đủ các chế độ nghỉ lễ, Tết 🏠 Hỗ trợ người lao động - Hỗ trợ chỗ ăn ở cho lao động ở xa - Môi trường làm việc ",co_khi,TimViec365,https://timviec365.vn/tuyen-tho-co-khi-va-lao-djong-pho-thong-tai-van-canh-huyen-hoai-djuc-o-ha-noi-p2066235.html,2026-04-15T08:20:14.191722,medium,0.8,trung_binh,False,True,working,OK (200)
labor_timviec365_2064811,Quản Đốc & Quản Lý Xưởng Cơ Khí,Công Ty TNHH Thiết Bị Điện Công Nghiệp Quân Phạm,,Hồ Chí Minh,0,0,full-time,any,3,,"Thỏa thuận | 14/05/2026 | Hồ Chí Minh | Cơ khí - Chế tạo | Quyền lợi: - Lương cơ bản: Thỏa thuận theo năng lực - BHXH - Ngày phép, nghỉ lễ, du lịch.- Lương cơ bản: Thỏa thuận theo năng lực- BHXH- Ngày phép, nghỉ lễ, du lịch. | Yêu cầu: - Nam, độ tuổi >30 - Đứng máy chấn, máy đột, máy cắt  - Có kinh nghiệm về mảng sản xuất tủ điện, máng cáp  - Có tinh thần, trách nhiệm trong công việc  - Chịu được áp lực công việc - Kinh nghiệm : 03 năm- Nam, độ tuổi >30- Đứng máy chấn, máy đột, máy cắt- Có kinh ",co_khi,TimViec365,https://timviec365.vn/quan-djoc-and-quan-ly-xuong-co-khi-p2064811.html,2026-04-15T08:20:14.197421,medium,0.8,trung_binh,False,True,working,OK (200)
labor_timviec365_2066990,Tuyển Kỹ sư lập trình,Công ty TNHH Cơ khí chính xác Bình Minh,,Hà Nội,0,0,full-time,any,0,,"Thỏa Thuận | 10/05/2026 | Hà Nội | Cơ khí - Chế tạo | Quyền lợi: - ✓ Cơ hội nâng lương hàng năm dựa trên năng lực và sự cống hiến của nhân viên.- ✓ Các phúc lợi hấp dẫn: Thưởng vào các dịp lễ, Tết hàng năm, quà sinh nhật và các hoạt động tham quan, nghỉ mát.- ✓ Được hưởng đầy đủ các chế độ và phụ cấp: Ăn ca, nhà ở, xăng xe và chế độ chuyên cần.- ✓ Hàng tháng được nghỉ 01 ngày thứ 7 và 04 ngày chủ nhật, tạo điều kiện tái tạo sức lao động.- ✓ Được đóng BHXH, BHYT, BHTN theo quy định của luật Bảo h",co_khi,TimViec365,https://timviec365.vn/tuyen-ky-su-lap-trinh-p2066990.html,2026-04-15T08:20:14.200740,easy,0.8,trung_binh,False,True,working,OK (200)
labor_timviec365_2066987,"Tuyển Nhân Viên Bào Trì Máy CNC, Laser",Công Ty TNHH Thương Mại Dịch Vụ Thiết Bị Công Nghiệp HTTECH,,Hồ Chí Minh,0,0,full-time,any,0,,"Thỏa Thuận | 10/05/2026 | Hồ Chí Minh | Cơ khí - Chế tạo | Quyền lợi: - Thu nhập hấp dẫn: Lương từ 13-15 triệu đồng + phụ cấp hoa hồng.- Xét tăng lương định kỳ 1 lần mỗi năm, tăng lương theo hiệu quả và năng suất công việc.- Thưởng vào dịp Lễ và Tết.- Hưởng đầy đủ các chế độ như phép năm, BHXH, BHYT, BHTN theo quy định của pháp luật.- Thu nhập hấp dẫn: Lương từ 13-15 triệu đồng + phụ cấp hoa hồng.- Xét tăng lương định kỳ 1 lần mỗi năm, tăng lương theo hiệu quả và năng suất công việc.- Thưởng vào",co_khi,TimViec365,https://timviec365.vn/tuyen-nhan-vien-bao-tri-may-cnc-laser-p2066987.html,2026-04-15T08:20:14.203491,easy,0.8,trung_binh,False,True,working,OK (200)
labor_timviec365_2066982,Tuyển Thợ Lắp Kết Cấu,CÔNG TY TNHH CUNG ỨNG NHÂN LỤC VÀ DVKT HIỆP PHÁ,,Hồ Chí Minh,30000000,30000000,full-time,any,2,,"Trên 30 triệu | 10/05/2026 | Hồ Chí Minh | Cơ khí - Chế tạo | Quyền lợi: - Mức lương cạnh tranh.- Thưởng lễ, Tết theo quy định của công ty.- Chế độ bảo hiểm xã hội, bảo hiểm y tế theo quy định của nhà nước.- Mức lương cạnh tranh.- Thưởng lễ, Tết theo quy định của công ty.- Chế độ bảo hiểm xã hội, bảo hiểm y tế theo quy định của nhà nước. | Yêu cầu: - Có bằng cấp đào tạo chuyên môn liên quan đến lắp ráp ống và kết cấu.- Tối thiểu 02 năm kinh nghiệm làm việc trên các công trình biển.- Thành thạo t",co_khi,TimViec365,https://timviec365.vn/tuyen-tho-lap-ket-cau-p2066982.html,2026-04-15T08:20:14.206296,hard,0.8,trung_binh,False,True,working,OK (200)
labor_timviec365_2066923,Thủ Kho quản lý tài sản cho công ty -Chúng tôi cần gấp!,Công ty TNHH VLXD Thiên Lộc Phúc,Excel,Hồ Chí Minh,8000000,12000000,full-time,any,0,,Từ 8.000.000 VNĐ Đến 12.000.000 VNĐ | 08/05/2026 | Hồ Chí Minh | Cơ khí - Chế tạo | Quyền lợi: 💰 Lương Theo năng lực : 8-12 triệu+ Thưởng💰Lương Theo năng lực : 8-12 triệu+ Thưởng | Yêu cầu: Biết ExcelBiết Excel+ Xem thêm | Từ 8.000.000 VNĐ Đến 12.000.000 VNĐ | 08/05/2026 | Hồ Chí Minh | Cơ khí - Chế tạo | Quyền lợi: 💰 Lương Theo năng lực : 8-12 triệu+ Thưởng💰Lương Theo năng lực : 8-12 triệu+ Thưởng | Yêu cầu: Biết ExcelBiết Excel+ Xem thêm,co_khi,TimViec365,https://timviec365.vn/thu-kho-quan-ly-tai-san-cho-cong-ty-chung-toi-can-gap-p2066923.html,2026-04-15T08:20:14.209398,easy,0.8,trung_binh,False,True,working,OK (200)
labor_timviec365_2066892,TUYỂN DỤNG KỸ SƯ GIÁM SÁT MEP 20–30TR,CT CP XD Kiến trúc và Nội thất DG Group,Excel|Word|Word|Phục Vụ,Hà Nội,20000000,30000000,full-time,any,2,,"Từ 20.000.000 VNĐ Đến 30.000.000 VNĐ | 07/05/2026 | Hà Nội, Ninh Bình | Cơ khí - Chế tạo | Quyền lợi: Thu nhập: 20-30 triệu/tháng (hoặc cao hơn tùy năng lực & kinh nghiệm).Thưởng hiệu quả công việc, thưởng dự án, tháng 13 và các chế độ thưởng khác.Hỗ trợ trang thiết bị làm việc.Tham gia đầy đủ BHXH, BHYT, BHTN theo quy định.Du lịch, teambuilding và các hoạt động nội bộ hàng năm.Cơ hội đào tạo nâng cao chuyên môn & thăng tiến theo năng lực.Thu nhập: 20-30 triệu/tháng (hoặc cao hơn tùy năng lực & ",co_khi,TimViec365,https://timviec365.vn/tuyen-dung-ky-su-giam-sat-mep-20-30tr-p2066892.html,2026-04-15T08:20:14.216115,hard,0.8,trung_binh,False,True,working,OK (200)
labor_timviec365_2066878,Kỹ sư Thiết kế cơ khí,CÔNG TY CỔ PHẦN ĐẦU TƯ VIAS VIỆT NAM,Excel|Word|Tiếng Anh|Giao Tiếp|Word,Hà Nội,14000000,16000000,full-time,any,3,,"Từ 14.000.000 VNĐ Đến 16.000.000 VNĐ | 07/05/2026 | Hà Nội | Cơ khí - Chế tạo | Quyền lợi: - Có lộ trình thăng tiến rõ ràng và chế độ đãi ngộ tốt khi gắn bó lâu dài với Công ty- Có phụ cấp ăn trưa, phụ cấp làm tăng ca thêm giờ (theo quy định công ty), trợ cấp khi đi công tác...- Được thưởng trong các dịp Lễ Tết (theo quy định của Nhà nước), lương tháng thứ 13 và các chế độ phúc lợi khác hàng năm (thăm hỏi ốm đau, hiếu hỷ,..).- Được tham gia BHXH, BHYT, BHTN theo quy định của Nhà nước hiện hành.-",co_khi,TimViec365,https://timviec365.vn/ky-su-thiet-ke-co-khi-p2066878.html,2026-04-15T08:20:14.219094,medium,0.8,trung_binh,False,True,working,OK (200)
labor_timviec365_2066804,TRƯỞNG PHÒNG BẢO TRÌ,Công ty TNHH Thế Hệ Mới,,Phú Thọ,25000000,35000000,full-time,any,5,,"Từ 25.000.000 VNĐ Đến 35.000.000 VNĐ | 04/05/2026 | Phú Thọ | Cơ khí - Chế tạo | Quyền lợi: Chế độ lương, thưởng tốt, lương tháng 13, du lịch, teambuilding... - Được hưởng đầy đủ các chế độ theo Quy định của Nhà nước. - Có nhiều cơ hội thăng tiến trong công việc.Chế độ lương, thưởng tốt, lương tháng 13, du lịch, teambuilding...- Được hưởng đầy đủ các chế độ theo Quy định của Nhà nước.- Có nhiều cơ hội thăng tiến trong công việc. | Yêu cầu: Có ít nhất 5 năm kinh nghiệm, ưu tiên ứng viên có kinh n",co_khi,TimViec365,https://timviec365.vn/truong-phong-bao-tri-p2066804.html,2026-04-15T08:20:14.221586,hard,0.8,trung_binh,False,True,working,OK (200)
labor_timviec365_2066660,"Tuyển nhân viên kỹ thuật (Cơ khí, điện, điện công nghiệp)",Công ty CP Hyesungtech Viet Nam,Lái Xe|Bằng Lái,Hồ Chí Minh,8000000,15000000,full-time,any,0,,"Từ 8.000.000 VNĐ Đến 15.000.000 VNĐ | 01/05/2026 | Hồ Chí Minh | Cơ khí - Chế tạo | Quyền lợi: - Mức lương: 8-15 triệu + thưởng (có thể thương lượng theo năng lực).- Cơ hội tăng lương hàng năm, dựa trên hiệu suất làm việc.- Được đào tạo chuyên sâu về kỹ thuật tại công ty.- Nhân viên hưởng các quyền lợi theo quy định của Luật Lao động.- Công ty trang bị chỗ ăn ở và sinh hoạt cho cán bộ từ xa hoặc tỉnh ngoài.- Được đào tạo trong và ngoài nước ít nhất 1 lần/năm.- Mức lương: 8-15 triệu + thưởng (có ",co_khi,TimViec365,https://timviec365.vn/tuyen-nhan-vien-ky-thuat-co-khi-djien-djien-cong-nghiep-p2066660.html,2026-04-15T08:20:14.224370,medium,0.8,trung_binh,False,True,working,OK (200)
labor_timviec365_2066815,Kỹ sự cơ khí,Công ty Cổ phần Tập đoàn sản xuất Thép Việt Đức,Giao Tiếp,Phú Thọ,15000000,25000000,full-time,any,0,,"Từ 15.000.000 VNĐ Đến 25.000.000 VNĐ | 30/04/2026 | Phú Thọ | Cơ khí - Chế tạo | Quyền lợi: - Môi trường làm việc chuyên nghiệp, năng động.- Cơ hội được đào tạo và phát triển bản thân.- Được hưởng các chế độ bảo hiểm theo quy định của pháp luật, thưởng tháng 13,…- Chế độ nghỉ phép, nghỉ lễ theo quy định.- Cơ hội thăng tiến trong công việc.- Môi trường làm việc chuyên nghiệp, năng động.- Cơ hội được đào tạo và phát triển bản thân.- Được hưởng các chế độ bảo hiểm theo quy định của pháp luật, thưởn",co_khi,TimViec365,https://timviec365.vn/ky-su-co-khi-p2066815.html,2026-04-15T08:20:14.229297,medium,0.8,trung_binh,False,True,working,OK (200)
labor_timviec365_2066616,NHÂN VIÊN BÓC GIÁ (TENDER),Công Ty Cổ Phần Sản Xuất Thiết Bị Điện Âu Việt,Excel,Hồ Chí Minh,0,0,full-time,any,0,,"Thỏa Thuận | 30/04/2026 | Hồ Chí Minh | Cơ khí - Chế tạo | Quyền lợi:  - Thu nhập thỏa thuận theo năng lực.  - Tham gia đầy đủ BHXH, BHYT, BHTN theo quy định của pháp luật.  - Môi trường làm việc ổn định, chuyên nghiệp trong lĩnh vực thiết bị điện công nghiệp.  - Cơ hội phát triển chuyên sâu về dự toán, đấu thầu và quản trị chi phí dự án.- Thu nhập thỏa thuận theo năng lực.- Tham gia đầy đủ BHXH, BHYT, BHTN theo quy định của pháp luật.- Môi trường làm việc ổn định, chuyên nghiệp trong lĩnh vực t",co_khi,TimViec365,https://timviec365.vn/nhan-vien-boc-gia-tender-p2066616.html,2026-04-15T08:20:14.232502,easy,0.8,trung_binh,False,True,working,OK (200)
labor_timviec365_2066553,Kỹ sư Khảo sát – Thiết kế,CÔNG TY CP ĐẦU TƯ CÔNG NGHIỆP VNTECH,Giao Tiếp,Hà Nội,18000000,25000000,full-time,any,2,,"Từ 18.000.000 VNĐ Đến 25.000.000 VNĐ | 27/04/2026 | Hà Nội | Cơ khí - Chế tạo | Quyền lợi: Mức lương thỏa thuận theo năng lực từ 18tr-25tr, xét tăng lương định kỳ.Có xe đưa đón khi đi khảo sát công trình.Được tham gia đầy đủ các chế độ BHXH, BHYT, BHTN theo quy định của pháp luật.Hưởng phụ cấp công tác, phụ cấp trách nhiệm (nếu có).Làm việc trong môi trường chuyên nghiệp, năng động, có cơ hội tiếp cận các dự án lớn.Được đào tạo, hướng dẫn nâng cao chuyên môn và phát triển nghề nghiệp.Thưởng theo",co_khi,TimViec365,https://timviec365.vn/ky-su-khao-sat-thiet-ke-p2066553.html,2026-04-15T08:20:14.235385,medium,0.8,trung_binh,False,True,working,OK (200)
labor_timviec365_2066489,Kỹ sư cơ khí,CÔNG TY CP BÊ TÔNG KHÍ VIGLACERA__,,Bắc Ninh,22000000,26000000,full-time,any,0,,"Từ 22.000.000 VNĐ Đến 26.000.000 VNĐ | 25/04/2026 | Bắc Ninh | Cơ khí - Chế tạo | Quyền lợi: Thu nhập: Từ 22-26tr, thoả thuận theo năng lực Tham gia đầy đủ BHXH, BHYT, BHTN Môi trường làm việc ổn định, có cơ hội phát triển Thưởng lễ, tết, các chế độ theo quy định công ty Bảo hiểm xã hội Bảo hiểm sức khỏe Thưởng hiệu quả làm việc Thưởng tháng 13,14Thu nhập: Từ 22-26tr, thoả thuận theo năng lựcTham gia đầy đủ BHXH, BHYT, BHTNMôi trường làm việc ổn định, có cơ hội phát triểnThưởng lễ, tết, các chế ",co_khi,TimViec365,https://timviec365.vn/ky-su-co-khi-p2066489.html,2026-04-15T08:20:14.237976,medium,0.8,trung_binh,False,True,working,OK (200)
labor_timviec365_2066441,Nhân viên kỹ thuật cơ khí,CÔNG TY TNHH VIMEX,,Hà Nội,0,0,full-time,any,0,,"Thỏa Thuận | 24/04/2026 | Hà Nội | Cơ khí - Chế tạo | Quyền lợi: Lương 12-13 triệu Có chỗ ăn chỗ ở. Bao ăn trưa tại công ty.Thưởng doanh số bán hàng và thưởng tiền làm việc xuất sắcNghỉ phép 1 ngày/ tháng và có tăng định kỳ, được cấp máy tính, điện thoại làm việcĐóng bảo hiểm sau thử việc, nghỉ lễ tết theo lịch nhà nước, thưởng lễ, tết sinh nhậtLương tháng 13, thưởng thâm niên, thưởng doanh số toàn công ty cuối năm, chuyên cần, nhân viên xuất sắcTăng lương định kỳHưởng các chế độ theo luật nhà n",co_khi,TimViec365,https://timviec365.vn/nhan-vien-ky-thuat-co-khi-p2066441.html,2026-04-15T08:20:14.240868,easy,0.8,trung_binh,False,True,working,OK (200)
labor_timviec365_2066386,Kỹ sư cơ khí,Công ty cổ phần xi măng Tân Thắng,,Nghệ An,0,0,full-time,any,0,,"Thỏa Thuận | 23/04/2026 | Nghệ An | Cơ khí - Chế tạo | Quyền lợi: Lương: Hấp dẫn.- Phúc lợi: Các chế độ hấp dẫn: Bảo hiểm xã hội, bảo hiểm 24h, bồi dưỡng; phụ cấp ăn ca, nhà ở…- Thưởng: Thưởng Lễ/ Tết/sinh nhật, Thâm niên.Lương: Hấp dẫn.- Phúc lợi: Các chế độ hấp dẫn: Bảo hiểm xã hội, bảo hiểm 24h, bồi dưỡng; phụ cấp ăn ca, nhà ở…- Thưởng: Thưởng Lễ/ Tết/sinh nhật, Thâm niên. | Yêu cầu: - Tốt nghiệp đại học  chuyên ngành cơ khí.- Am hiểu các thiết bị dùng để hàn cắt, gia công.- Có động cơ làm vi",co_khi,TimViec365,https://timviec365.vn/ky-su-co-khi-p2066386.html,2026-04-15T08:20:21.629435,easy,0.8,trung_binh,False,True,working,OK (200)
labor_timviec365_2066328,tuyển nhân viên lao động phổ thông,CÔNG TY TNHH NỘI THẤT KIM LOẠI T&L,,Hồ Chí Minh,0,0,full-time,any,0,,"Thỏa Thuận | 21/04/2026 | Hồ Chí Minh | Cơ khí - Chế tạo | Quyền lợi: - được thưởng lương tháng 13.- nhận thưởng trong các dịp lễ, tết.- được đào tạo nâng cao tay nghề để phát triển bản thân.- được đóng bhxh, bhyt, bhtn-bnn theo quy định của pháp luật.- tổ chức sinh nhật hàng tháng cho cán bộ công nhân viên.- được thưởng lương tháng 13.- nhận thưởng trong các dịp lễ, tết.- được đào tạo nâng cao tay nghề để phát triển bản thân.- được đóng bhxh, bhyt, bhtn-bnn theo quy định của pháp luật.- tổ chức",co_khi,TimViec365,https://timviec365.vn/tuyen-nhan-vien-lao-djong-pho-thong-p2066328.html,2026-04-15T08:20:21.635664,easy,0.8,trung_binh,False,True,working,OK (200)
labor_timviec365_2066325,Kỹ sư thiết kế cơ khí,Công ty TNHH Kỹ thuật TNA,Tiếng Anh|Phục Vụ,Hồ Chí Minh,10000000,20000000,full-time,any,1,,"Từ 10 VNĐ Đến 20 VNĐ | 20/04/2026 | Hồ Chí Minh | Cơ khí - Chế tạo | Quyền lợi: - Thu nhập từ 10 triệu đến 20 triệu/tháng.- Được hưởng mức lương theo năng lực và kinh nghiệm làm việc.- Được hưởng đầy đủ các quyền lợi (BHXH, BHYT, BHTN) theo quy định của luật lao động hiện hành- Lương tháng 13, Lễ Tết, hiếu hỉ, ...- Được đào tạo các kiến thức và kỹ năng phục vụ công việc.- Cơ hội làm việc trong môi trường chuyên nghiệp, học hỏi nhiều kinh nghiệm chuyên ngành.- Thu nhập từ 10 triệu đến 20 triệu/th",co_khi,TimViec365,https://timviec365.vn/ky-su-thiet-ke-co-khi-p2066325.html,2026-04-15T08:20:21.640368,medium,0.8,trung_binh,False,True,working,OK (200)
labor_timviec365_2066241,NHÂN VIÊN CƠ ĐIỆN và NHÂN VIÊN CƠ KHÍ,CÔNG TY TNHH MÔI TRƯỜNG THẠNH PHÁT,,Hồ Chí Minh,13000000,15000000,full-time,any,0,,"Từ 13.000.000 VNĐ Đến 15.000.000 VNĐ | 18/04/2026 | Hồ Chí Minh | Cơ khí - Chế tạo, Điện - Điện tử | Quyền lợi: - Mức lương 13-15 triệu/tháng + Phụ cấp ăn trưa/điện thoại + thưởng Lễ/Tết theo quy định của Công ty - Hỗ trợ công tác phí khi đi bảo trì ngoài công ty - Chế độ nghỉ lễ, tết, phép, đóng BHXH theo đúng luật quy định - Được khám sức khỏe định kỳ, đi du lịch hàng năm- Mức lương 13-15 triệu/tháng + Phụ cấp ăn trưa/điện thoại + thưởng Lễ/Tết theo quy định của Công ty- Hỗ trợ công tác phí kh",co_khi,TimViec365,https://timviec365.vn/nhan-vien-co-djien-nhan-vien-co-khi-p2066241.html,2026-04-15T08:20:21.648465,medium,0.8,trung_binh,False,True,working,OK (200)
labor_timviec365_2066239,Tuyển dụng Lao động phổ thông,Công ty Cổ phần Bao bì Nhựa Thành Phú,,,10000000,10000000,full-time,any,0,,"Từ 10.000.000 VNĐ | 18/04/2026 | Tây Ninh | Lao động phổ thông, Cơ khí - Chế tạo, Vật tư - Thiết bị | Quyền lợi: - Được cấp phát đồng phục miễn phí để làm việc - Dùng cơm trưa miễn phí chuẩn “Cơm nhà nấu” tại Căn tin công ty, bữa ăn Happy day trong tháng - Lương, thưởng Tết, thưởng theo KPI - Tham gia đầy đủ BHXH theo Luật hiện hành, bảo hiểm tai nạn 24/24 - Được đào tạo chuyên môn công việc  - Quà Lễ, Tết, Sinh nhật, …tổ chức sinh nhật ấm cúng cùng tập thể  - Tham gia nghỉ mát hàng năm- Được cấ",co_khi,TimViec365,https://timviec365.vn/tuyen-dung-lao-djong-pho-thong-p2066239.html,2026-04-15T08:20:21.654166,easy,0.8,trung_binh,False,True,working,OK (200)
labor_timviec365_2065450,Kĩ sư thiết kế cơ khí Tự động hóa,CÔNG TY TNHH CÔNG NGHIỆP BUSAN VIỆT NAM,,Bắc Giang,15000000,25000000,full-time,any,2,,"Từ 15.000.000 VNĐ Đến 25.000.000 VNĐ | 18/04/2026 | Bắc Giang | Cơ khí - Chế tạo | Quyền lợi: ứng viên ở Hà nội có xe đưa đón - Mức đãi ngộ 15-25tr ( tùy theo năng lực ) chưa tính OT  - Các Chế độ lương, thưởng khácứng viên ở Hà nội có xe đưa đón- Mức đãi ngộ 15-25tr ( tùy theo năng lực ) chưa tính OT- Các Chế độ lương, thưởng khác | Yêu cầu: 1, Giới tính : Nam 2, Trình độ : Tốt nghiệp cao đẳng , ĐH ngành cơ khí , cơ khí chế tạo máy... 3, Thành thạo phần mềm thiết kế cơ khí : Inventor , autocad.",co_khi,TimViec365,https://timviec365.vn/ki-su-thiet-ke-co-khi-tu-djong-hoa-p2065450.html,2026-04-15T08:20:21.659808,medium,0.8,trung_binh,False,True,working,OK (200)
labor_timviec365_2066921,Nhân Viên Quản Lý Cơ Khí,Công ty TNHH SX Sản phẩm kim loại Puzhou Việt Nam,,Đồng Nai,0,0,full-time,any,3,,"Thỏa thuận | 15/04/2026 | Đồng Nai | Cơ khí - Chế tạo | Quyền lợi: - Thu nhập cạnh tranh theo năng lực. - Cơ hội phát triển chuyên môn và thăng tiến. - Môi trường làm việc chuyên nghiệp, ổn định.- Thu nhập cạnh tranh theo năng lực.- Cơ hội phát triển chuyên môn và thăng tiến.- Môi trường làm việc chuyên nghiệp, ổn định. | Yêu cầu: - 3 năm kinh nghiệm- 3 năm kinh nghiệm+ Xem thêm | Thỏa thuận | 15/04/2026 | Đồng Nai | Cơ khí - Chế tạo | Quyền lợi: - Thu nhập cạnh tranh theo năng lực. - Cơ hội phá",co_khi,TimViec365,https://timviec365.vn/nhan-vien-quan-ly-co-khi-p2066921.html,2026-04-15T08:20:21.665873,medium,0.8,trung_binh,False,True,working,OK (200)
labor_timviec365_2066082,THỢ TIỆN CƠ - VẬN HÀNH MÁY TIỆN CƠ,CÔNG TY TNHH CƠ KHÍ CHÍNH XÁC TRƯỜNG PHÁT,,Hà Nội,0,0,full-time,any,0,,"Thỏa thuận | 13/05/2026 | Hà Nội | Cơ khí - Chế tạo, Kỹ thuật, Lao động phổ thông | Quyền lợi: Nghỉ lễ, Tết theo quy định của Nhà nướcDu lịch / nghỉ mát cùng công ty hằng nămTham gia bảo hiểm đầy đủ theo quy địnhMôi trường làm việc ổn định, lâu dàiNghỉ lễ, Tết theo quy định của Nhà nướcDu lịch / nghỉ mát cùng công ty hằng nămTham gia bảo hiểm đầy đủ theo quy địnhMôi trường làm việc ổn định, lâu dài | Yêu cầu: Có kinh nghiệm làm thợ tiện cơ hoặc gia công cơ khí. - Chăm chỉ, cẩn thận và có trách n",co_khi,TimViec365,https://timviec365.vn/tho-tien-co-khi-p2066082.html,2026-04-15T08:20:21.671692,easy,0.8,trung_binh,False,True,working,OK (200)
labor_timviec365_2066069,Kỹ Sư Cơ Khí,Công Ty Cổ Phần Ecotherms,,,16000000,16000000,full-time,any,2,,"16.000.000 VNĐ | 13/05/2026 | Tây Ninh | Cơ khí - Chế tạo | Quyền lợi: •	Thời gian làm việc: hành chính 8h đến 17h, nghỉ trưa 1 tiếng•	Lương thỏa thuận theo năng lực•	Bao cơm trưa.•	Được tham gia BHXH, Nghỉ phép, lễ tết và thưởng lễ theo quy định•	Cơ hội học hỏi và phát triển, cơ hội thăng tiến.•	Thời gian làm việc: hành chính 8h đến 17h, nghỉ trưa 1 tiếng•	Lương thỏa thuận theo năng lực•	Bao cơm trưa.•	Được tham gia BHXH, Nghỉ phép, lễ tết và thưởng lễ theo quy định•	Cơ hội học hỏi và phát triể",co_khi,TimViec365,https://timviec365.vn/ky-su-co-khi-p2066069.html,2026-04-15T08:20:21.679596,medium,0.8,trung_binh,False,True,working,OK (200)
labor_timviec365_2065977,KỸ SƯ CƠ ĐIỆN,Công ty tnhh năng lượng Quang Điện,,Hải Phòng,0,0,full-time,any,0,,"Thỏa thuận | 11/05/2026 | Hải Phòng | Cơ khí - Chế tạo | Quyền lợi: - Thu nhập: 8 – 18 triệu/tháng + thưởng theo dự án- Thưởng tháng 13- Xét tăng lương định kỳ hàng năm.- Đầy đủ BHXH, BHYT, BHTN.- 12 ngày phép/năm (từ năm thứ 2).- Được đào tạo chuyên môn sâu về điện năng lượng mặt trời, cập nhật công nghệ mới.- Lộ trình phát triển rõ ràng: Kỹ sư chính → Trưởng nhóm → Quản lý kỹ thuật.- Môi trường làm việc trẻ – năng động – chuyên nghiệp, có du lịch, team building, hoạt động nội bộ.- Thu nhập: 8 ",co_khi,TimViec365,https://timviec365.vn/ky-su-co-djien-p2065977.html,2026-04-15T08:20:21.686090,easy,0.8,trung_binh,False,True,working,OK (200)
labor_timviec365_2065929,Tuyển nhân viên lắp ráp,CÔNG TY TMHH TM-DV CƠ KHÍ SẢN XUẤT TUẤN ĐẠT,,Hồ Chí Minh,10000000,10000000,full-time,any,0,,"10.000.000 VNĐ | 11/05/2026 | Hồ Chí Minh | Cơ khí - Chế tạo | Quyền lợi: - Mức lương cơ bản từ 7.000.000 đến 10.000.000 đồng/tháng, thỏa thuận theo năng lực.- Có quyền nghỉ 1 ngày trong tháng mà vẫn được tính lương.- Được nghỉ sớm 1 tiếng vào ngày thứ 7 hàng tuần.- Được hỗ trợ bữa ăn trưa và chiều tại công ty.- Có chỗ ở lại với đầy đủ tiện nghi như phòng máy lạnh và máy nước nóng lạnh.- Được đóng bảo hiểm xã hội đầy đủ.- Cơ hội làm việc ổn định và lâu dài.- Mức lương cơ bản từ 7.000.000 đến 10.",co_khi,TimViec365,https://timviec365.vn/tuyen-nhan-vien-lap-rap-p2065929.html,2026-04-15T08:20:21.691820,easy,0.8,trung_binh,False,True,working,OK (200)
labor_timviec365_2064940,Nhân viên Lập trình - Vận hành máy Phay,CÔNG TY CỔ PHẦN CƠ KHÍ CHÍNH XÁC HUỲNH TUYỀN,,Hồ Chí Minh,15000000,15000000,full-time,any,1,,"15.000.000 VNĐ | 10/05/2026 | Hồ Chí Minh | Cơ khí - Chế tạo, Kỹ thuật | Quyền lợi: - Mức Lương 9-15 Triệu (Tùy vào năng lực) chưa tăng ca - Đóng BHXH full lương, được phụ cấp đi lại và phụ cấp chuyên cần. - Tiền lương thưởng theo năng lực và tình hình kinh doanh của công ty.  - Xét tăng lương 1 năm 1 lần - Tham gia đầy đủ theo các chế độ và chính sách của nhà nước. - Giờ làm việc: 7h30-11h30 chiều từ 12h30-16h30, Chủ nhật nghỉ.- Mức Lương 9-15 Triệu (Tùy vào năng lực) chưa tăng ca- Đóng BHXH fu",co_khi,TimViec365,https://timviec365.vn/nhan-vien-lap-trinh-van-hanh-may-phay-p2064940.html,2026-04-15T08:20:21.701459,medium,0.8,trung_binh,False,True,working,OK (200)
labor_timviec365_2065778,TUYỂN DỤNG KỸ SƯ HÀN,CÔNG TY CỔ PHẦN CT UAV,,Hồ Chí Minh,0,0,full-time,any,1,,"Thỏa thuận | 09/05/2026 | Hồ Chí Minh | Cơ khí - Chế tạo | Quyền lợi: •	Lương, thưởng KPI, thưởng Lễ – Tết theo quy định công ty.•	Môi trường làm việc chuyên nghiệp, trang thiết bị hiện đại.•	Cơ hội đào tạo nâng cao kỹ năng và chứng chỉ hàn.•	Đầy đủ chế độ BHXH, BHYT, BHTN.•	Tham gia du lịch, team building, hoạt động nội bộ công ty.•	Lương, thưởng KPI, thưởng Lễ – Tết theo quy định công ty.•	Môi trường làm việc chuyên nghiệp, trang thiết bị hiện đại.•	Cơ hội đào tạo nâng cao kỹ năng và chứng chỉ",co_khi,TimViec365,https://timviec365.vn/tuyen-dung-ky-su-han-p2065778.html,2026-04-15T08:20:21.706631,easy,0.8,trung_binh,False,True,working,OK (200)
labor_timviec365_2065679,NHÂN VIÊN ISO,CÔNG TY TNHH SẢN XUẤT OLYMPIC PRO VIỆT NAM,,Hồ Chí Minh,0,0,full-time,any,0,,"Thỏa thuận | 08/05/2026 | Hồ Chí Minh | Cơ khí - Chế tạo, Sản xuất - Vận hành sản xuất, Thẩm định - Giám thẩm định - Quản lý chất lượng | Quyền lợi: Mức lương: 9 – 15 triệu/tháng Môi trường làm việc ổn định. Tham gia BHXH, BHYT, BHTN theo quy định. Các chế độ thưởng và phúc lợi theo chính sách công ty.Mức lương: 9 – 15 triệu/thángMôi trường làm việc ổn định.Tham gia BHXH, BHYT, BHTN theo quy định.Các chế độ thưởng và phúc lợi theo chính sách công ty. | Yêu cầu:  NHÂN VIÊN ISO:  Có kinh nghiệm là",co_khi,TimViec365,https://timviec365.vn/chu-quan-qc-qc-nhan-vien-iso-nhan-vien-qa-p2065679.html,2026-04-15T08:20:21.713635,easy,0.8,trung_binh,False,True,working,OK (200)
labor_timviec365_2065758,TUYỂN NHÂN VIÊN PHAY CNC,Công Ty TNHH TMDV Cơ Khí Tiến Phát,,Hồ Chí Minh,0,0,full-time,any,2,,"Thỏa thuận | 07/05/2026 | Hồ Chí Minh | Cơ khí - Chế tạo | Quyền lợi: Được tham gia đầy đủ các chế độ BHXH, BHYT, BHTN và các phúc lợi khác theo quy định của Luật Lao động và Công ty. Mức lương thỏa thuận theo năng lực, thưởng Lễ, Tết, tháng lương thứ 13. Thâm niên từ 2 năm trở lên được thưởng tháng 14, 15 tùy theo năng lực và đóng góp.Được tham gia đầy đủ các chế độ BHXH, BHYT, BHTN và các phúc lợi khác theo quy định của Luật Lao động và Công ty.Mức lương thỏa thuận theo năng lực, thưởng Lễ, Tế",co_khi,TimViec365,https://timviec365.vn/tuyen-nhan-vien-phay-cnc-p2065758.html,2026-04-15T08:20:21.720934,medium,0.8,trung_binh,False,True,working,OK (200)
labor_timviec365_2065748,"Kỹ sư Cơ khí và Công nhân cơ khí (thợ hàn, thợ lắp, thợ phụ, thợ sơn)",CÔNG TY TNHH CƠ KHÍ XÂY DỰNG ALTA,,Hồ Chí Minh,20000000,20000000,full-time,any,3,,"20 triệu | 07/05/2026 | Hồ Chí Minh | Cơ khí - Chế tạo, Kỹ thuật, Kỹ thuật ứng dụng | Quyền lợi: KỸ SƯ CƠ KHÍ: Mức lương: 15– 20 triệu đồng/tháng (thỏa thuận theo kinh nghiệm thực tế). Thưởng lương tháng 13, thưởng lễ/tết theo quy định của công ty. Chế độ BHXH, BHYT, nghỉ lễ đầy đủ. Môi trường làm việc chuyên nghiệp, có cơ hội phát triển lâu dài. CÔNG NHÂN CƠ KHÍ: Mức lương: 12– 18 triệu đồng/tháng (thỏa thuận theo kinh nghiệm và khối lượng thực tế). Thưởng lương tháng 13, thưởng lễ/tết theo quy",co_khi,TimViec365,https://timviec365.vn/ky-su-co-khi-va-cong-nhan-co-khi-tho-han-tho-lap-tho-phu-tho-son-p2065748.html,2026-04-15T08:20:21.728429,medium,0.8,trung_binh,False,True,working,OK (200)
labor_timviec365_2065719,Nhân viên kỹ thuật,Công ty TNHH Cơ Khí Công Nghiệp Sài Gòn,,Hồ Chí Minh,0,0,full-time,any,1,,"Thỏa thuận | 06/05/2026 | Hồ Chí Minh | Cơ khí - Chế tạo | Quyền lợi: - Được tham gia đầy đủ chế độ BHXH, BHTN, BHTN…- Được nghỉ phép năm theo quy định, quà sinh nhật, Lễ tết- Thời gian làm viêc: từ 7h30 đến 17h00 (nghỉ trưa 11h30 đến 13h00). Từ thứ 2 đến thứ 7 hàng tuần- Lương tháng 13, thâm niên, thưởng năng suất, thưởng sáng kiến,…- Được tham gia đầy đủ chế độ BHXH, BHTN, BHTN…- Được nghỉ phép năm theo quy định, quà sinh nhật, Lễ tết- Thời gian làm viêc: từ 7h30 đến 17h00 (nghỉ trưa 11h30 đến",co_khi,TimViec365,https://timviec365.vn/nhan-vien-ky-thuat-p2065719.html,2026-04-15T08:20:21.734047,easy,0.8,trung_binh,False,True,working,OK (200)
labor_timviec365_2065741,NHÂN VIÊN KỸ THUẬT,CÔNG TY TNHH HỢP TÁC VÀ PHÁT TRIỂN CÔNG NGHỆ TỰ ĐỘNG HỢP TRIỂN,Giao Tiếp,Hà Nội,15000000,15000000,full-time,any,0,,"15.000.000 VNĐ | 06/05/2026 | Hà Nội | Cơ khí - Chế tạo, Kỹ thuật | Quyền lợi: – Lương: Thỏa thuận theo năng lực. (10.000.000 đồng – 15.000.000 đồng) – Thưởng: Thưởng hiệu quả công việc và lương tháng 13 tùy theo kết quả kinh doanh của công ty. Được đánh giá ghi nhận và công nhận giá trị đóng góp cho Công ty. – Các chế độ đãi ngộ: Theo quy định của Nhà nước; được tham gia đóng BHXH, BHYT, BHTN theo quy định của Công ty. – Thăng tiến: Được đào tạo & tái đào tạo liên tục để phát triển bản thân, là",co_khi,TimViec365,https://timviec365.vn/nhan-vien-ky-thuat-p2065741.html,2026-04-15T08:20:21.740059,medium,0.8,trung_binh,False,True,working,OK (200)
labor_timviec365_2065697,Nhân viên sửa chữa container - Nhân viên giám định container,CÔNG TY TNHH GIẢI PHÁP CONTAINER VN,,Hồ Chí Minh,30000000,30000000,full-time,any,0,,"30.000.000 VNĐ | 06/05/2026 | Hồ Chí Minh | Cơ khí - Chế tạo | Quyền lợi: môi trường làm việc chuyên nghiệp cơ hội thăng tiến cùng với chế độ lương thưởng Lương tháng 13, thưởng lễ/Tết và thưởng KPI.môi trường làm việc chuyên nghiệp cơ hội thăng tiến cùng với chế độ lương thưởng Lương tháng 13, thưởng lễ/Tết và thưởng KPI. | Yêu cầu: Không có+ Xem thêm | 30.000.000 VNĐ | 06/05/2026 | Hồ Chí Minh | Cơ khí - Chế tạo | Quyền lợi: môi trường làm việc chuyên nghiệp cơ hội thăng tiến cùng với chế độ l",co_khi,TimViec365,https://timviec365.vn/nhan-vien-sua-chua-container-nhan-vien-giam-djinh-container-p2065697.html,2026-04-15T08:20:21.746671,hard,0.8,trung_binh,False,True,working,OK (200)
labor_timviec365_2065672,Nhân Viên Kiểm Tra Chất Lượng Sơn,Công ty Cổ phần Fabtek Việt Nam,,Hồ Chí Minh,0,0,full-time,any,0,,"Thỏa thuận | 05/05/2026 | Hồ Chí Minh | Cơ khí - Chế tạo | Quyền lợi: Lương được xem xét và đánh giá hàng nămĐược hỗ trợ cơm trưa, cơm tăng caCó hỗ trợ xe đưa rướcMôi trường làm việc chuyên nghiệpLương được xem xét và đánh giá hàng nămĐược hỗ trợ cơm trưa, cơm tăng caCó hỗ trợ xe đưa rướcMôi trường làm việc chuyên nghiệp | Yêu cầu: Không có+ Xem thêm | Thỏa thuận | 05/05/2026 | Hồ Chí Minh | Cơ khí - Chế tạo | Quyền lợi: Lương được xem xét và đánh giá hàng nămĐược hỗ trợ cơm trưa, cơm tăng caCó ",co_khi,TimViec365,https://timviec365.vn/nhan-vien-kiem-tra-chat-luong-son-p2065672.html,2026-04-15T08:20:21.750291,easy,0.8,trung_binh,False,True,working,OK (200)
labor_timviec365_2065547,Tuyển Thợ cơ khí/Hàn,Công ty TNHH Cơ Khí Công Nghiệp Sài Gòn,,Hồ Chí Minh,8000000,8000000,full-time,any,0,,"8.000.000 VNĐ | 03/05/2026 | Hồ Chí Minh | Cơ khí - Chế tạo | Quyền lợi: - Mức lương thỏa thuận dựa trên kinh nghiệm và tay nghề của ứng viên.- Có cơ hội nhận thưởng KPI, thưởng tháng 13, thưởng thâm niên và doanh thu.- Ngày phép năm, quà sinh nhật và các phúc lợi trong các dịp lễ tết.- Được tham gia đầy đủ các chế độ BHXH, BHYT, BH tai nạn và các quyền lợi khác.- Mức lương thỏa thuận dựa trên kinh nghiệm và tay nghề của ứng viên.- Có cơ hội nhận thưởng KPI, thưởng tháng 13, thưởng thâm niên và ",co_khi,TimViec365,https://timviec365.vn/tuyen-tho-co-khihan-p2065547.html,2026-04-15T08:20:21.754996,easy,0.8,trung_binh,False,True,working,OK (200)
labor_timviec365_2065572,Tuyển nhân viên kỹ thuật báo giá,CÔNG TY TNHH PHỤ KIỆN VÀ CỐP PHA VIỆT,Excel|Word|Word,Hồ Chí Minh,10000000,10000000,full-time,any,0,,"10.000.000 VNĐ | 03/05/2026 | Hồ Chí Minh | Cơ khí - Chế tạo | Quyền lợi: - Thưởng tháng 13, dựa trên hoạt động kinh doanh của công ty, ghi nhận sự đóng góp của nhân viên.- Thưởng lễ, tết, sinh nhật, hiếu hỉ,… thể hiện sự quan tâm đến đời sống nhân viên.- Nghỉ phép năm: 12 ngày/năm, tạo điều kiện cho nhân viên tái tạo sức lao động.- Nghỉ lễ, tết theo quy định của nhà nước, đảm bảo thời gian nghỉ ngơi hợp lý.- Được tham gia đầy đủ các chế độ BHXH, BHYT, BHTN theo quy định pháp luật.- Môi trường l",co_khi,TimViec365,https://timviec365.vn/tuyen-nhan-vien-ky-thuat-bao-gia-p2065572.html,2026-04-15T08:20:21.764237,easy,0.8,trung_binh,False,True,working,OK (200)
labor_timviec365_2065582,Kỹ sư thiết kế cơ khí,Công ty CP Sản xuất và Dịch vụ LeanMAC,,Hải Phòng,12000000,12000000,full-time,any,2,,"12.000.000 VNĐ | 31/05/2026 | Hải Phòng | Cơ khí - Chế tạo | Quyền lợi: Tốt nghiệp chuyên ngành Cơ khí/Chế tạo máy hoặc liên quan. - Sử dụng thành thạo AutoCAD/SolidWorks (hoặc phần mềm tương đương). - Có từ 2 năm kinh nghiệm - Chăm chỉ, có trách nhiệm và tinh thần học hỏi.Tốt nghiệp chuyên ngành Cơ khí/Chế tạo máy hoặc liên quan.- Sử dụng thành thạo AutoCAD/SolidWorks (hoặc phần mềm tương đương).- Có từ 2 năm kinh nghiệm- Chăm chỉ, có trách nhiệm và tinh thần học hỏi. | Yêu cầu: Không có+ Xem t",co_khi,TimViec365,https://timviec365.vn/ky-su-thiet-ke-co-khi-p2065582.html,2026-04-15T08:20:21.772794,medium,0.8,trung_binh,False,True,working,OK (200)
labor_timviec365_2065441,Nhân viên Điện Công Nghiệp,Công Ty Cổ Phần Sản Xuất Thiết Bị Điện Âu Việt,,Hồ Chí Minh,0,0,full-time,any,0,,"Thỏa thuận | 28/05/2026 | Hồ Chí Minh | Cơ khí - Chế tạo | Quyền lợi: Thu nhập: Lương cứng + phụ cấp + tăng ca.  - Tham gia đầy đủ BHXH, BHYT, BHTN theo quy định.  - Môi trường làm việc chuyên nghiệp, ổn định, có cơ hội nâng cao tay nghề.Thu nhập: Lương cứng + phụ cấp + tăng ca.- Tham gia đầy đủ BHXH, BHYT, BHTN theo quy định.- Môi trường làm việc chuyên nghiệp, ổn định, có cơ hội nâng cao tay nghề. | Yêu cầu: - Tốt nghiệp Trung cấp/Cao đẳng nghề Điện công nghiệp hoặc chuyên ngành liên quan.- Có",co_khi,TimViec365,https://timviec365.vn/nhan-vien-djien-cong-nghiep-p2065441.html,2026-04-15T08:20:21.781823,easy,0.8,trung_binh,False,True,working,OK (200)
labor_timviec365_2065391,Kỹ thuật triển khai file CNC,CÔNG TY TNHH THƯƠNG MẠI VÀ XUẤT KHẨU NỘI THẤT KIM CƯƠNG,Giao Tiếp,Đà Nẵng,18000000,18000000,full-time,any,1,,"18.000.000 VNĐ | 27/05/2026 | Đà Nẵng | Cơ khí - Chế tạo | Quyền lợi: Mức lương từ 10-18tr. Tăng lương theo năng lực.Đóng BHXH đầy đủPhụ cấp xăng xe, ăn ca. Thưởng lễ tết, Hiếu Hỉ, lương tháng 13, du lịch,..Làm việc tại văn phòng môi trường thân thiện, chuyên nghiệpMức lương từ 10-18tr. Tăng lương theo năng lực.Đóng BHXH đầy đủPhụ cấp xăng xe, ăn ca. Thưởng lễ tết, Hiếu Hỉ, lương tháng 13, du lịch,..Làm việc tại văn phòng môi trường thân thiện, chuyên nghiệp | Yêu cầu: • Thành thạo SketchUp, Aut",co_khi,TimViec365,https://timviec365.vn/ky-thuat-trien-khai-file-cnc-p2065391.html,2026-04-15T08:20:21.792250,medium,0.8,trung_binh,False,True,working,OK (200)
labor_timviec365_2065363,THỢ HÀN CƠ KHÍ,CÔNG TY TNHH FF TECH,,Hồ Chí Minh,20000000,20000000,full-time,any,2,,"20.000.000 VNĐ | 27/05/2026 | Hồ Chí Minh | Cơ khí - Chế tạo | Quyền lợi: Tổng thu nhập từ 8 đến 20 triệu. - Hỗ trợ cơm trưa, BHXH đầy đủ- Thưởng: Tháng 13, Lễ, Tết, Hiếu hỉ…Tổng thu nhập từ 8 đến 20 triệu.- Hỗ trợ cơm trưa, BHXH đầy đủ- Thưởng: Tháng 13, Lễ, Tết, Hiếu hỉ… | Yêu cầu: - Thợ chính: Có kinh nghiệm về hàn cơ khí từ 1-2 năm. Sử dụng thành thạo các công cụ hàn mig, hàn que....- Thợ phụ: Có kinh nghiệm phụ việc xưởng cơ khí. Sử dụng được các công cụ cầm tay máy cắt, máy mài,.... sơn sả",co_khi,TimViec365,https://timviec365.vn/tho-han-co-khi-p2065363.html,2026-04-15T08:20:32.322673,medium,0.8,trung_binh,False,True,working,OK (200)
labor_timviec365_2065327,Gia công CNC - KCN Đồng Văn 3 Hà Nam,Công Ty Tnhh Daisan Dot Việt Nam,,Hà Nam,14000000,14000000,full-time,any,0,,"14.000.000 VNĐ | 26/05/2026 | Hà Nam | Cơ khí - Chế tạo | Quyền lợi:  - Lương: 9-14 triệu  - Trợ cấp đi lại, trợ cấp tiếng Nhật, trợ cấp nuôi con nhỏ,...  - Thưởng lễ tết, thưởng tháng lương 13  - Nghỉ theo lịch công ty (hầu như nghỉ hết thứ 7 CN trong năm)  - Ăn tại nhà ăn công ty  - Bảo hiểm y tế, bảo hiểm xã hội, bảo hiểm thất nghiệp theo quy định của Luật lao động.  - Bảo hiểm 24/7, bảo hiểm công tác, bảo hiểm sức khỏe toàn diện bảo lãnh viện phí cho nhân viên.  - Khám sức khỏe định kỳ hàng ",co_khi,TimViec365,https://timviec365.vn/gia-cong-cnc-kcn-djong-van-3-ha-nam-p2065327.html,2026-04-15T08:20:32.330752,easy,0.8,trung_binh,False,True,working,OK (200)
labor_timviec365_2065304,thợ cơ khí,phước thanh,,Hồ Chí Minh,15000000,15000000,full-time,any,0,,15.000.000 VNĐ | 26/05/2026 | Hồ Chí Minh | Cơ khí - Chế tạo | Quyền lợi: được đào tạo không ép buộc làm cố địnhđược đào tạo không ép buộc làm cố định | Yêu cầu: Không có+ Xem thêm | 15.000.000 VNĐ | 26/05/2026 | Hồ Chí Minh | Cơ khí - Chế tạo | Quyền lợi: được đào tạo không ép buộc làm cố địnhđược đào tạo không ép buộc làm cố định | Yêu cầu: Không có+ Xem thêm,co_khi,TimViec365,https://timviec365.vn/tho-co-khi-p2065304.html,2026-04-15T08:20:32.335508,medium,0.8,trung_binh,False,True,working,OK (200)
labor_timviec365_2065272,NHÂN VIÊN KỸ THUẬT,Công ty TNHH THIẾT BỊ KỸ THUẬT RESTEK,,Hồ Chí Minh,0,0,full-time,any,0,,"Thỏa thuận | 25/05/2026 | Hồ Chí Minh, Bình Dương | Cơ khí - Chế tạo, Kỹ thuật, Điện - Điện tử | Quyền lợi: • Mức lương từ 08 ~ 10 triệu đồng trở lên • Được làm việc trong môi trường năng động và thân thiện, cung cấp đầy đủ trang thiết bị. • Thu nhập ổn định: lương + các khoản thưởng theo doanh số.  • Chính sách HĐLĐ, BHXH, BHYT, BHTN, nghỉ phép, nghỉ lễ theo quy định của Luật Lao động. • Khám sức khỏe hàng năm dành cho công nhân viên. Du lịch cùng công ty.• Mức lương từ 08 ~ 10 triệu đồng trở l",co_khi,TimViec365,https://timviec365.vn/nhan-vien-ky-thuat-p2065272.html,2026-04-15T08:20:32.340421,easy,0.8,trung_binh,False,True,working,OK (200)
labor_timviec365_2065263,Tuyển Nhân Viên Kỹ Thuật Máy Tiện CNC,CÔNG TY TNHH NAPEC,,Hồ Chí Minh,0,0,temporary,any,0,,Thỏa thuận | 25/05/2026 | Hồ Chí Minh | Cơ khí - Chế tạo | Quyền lợi: - Lương và thưởng cuối năm hấp dẫn.- Ký hợp đồng lao động và tham gia bảo hiểm xã hội đầy đủ sau thời gian thử việc.- Thời gian làm việc từ thứ 2 đến thứ 7.- Phụ cấp cơm trưa và hưởng đầy đủ các chế độ theo quy định của nhà nước.- Môi trường làm việc ổn định và lâu dài.- Có cơ hội du lịch định kỳ hàng năm.- Lương và thưởng cuối năm hấp dẫn.- Ký hợp đồng lao động và tham gia bảo hiểm xã hội đầy đủ sau thời gian thử việc.- Thời ,co_khi,TimViec365,https://timviec365.vn/tuyen-nhan-vien-ky-thuat-may-tien-cnc-p2065263.html,2026-04-15T08:20:32.347311,easy,0.3,trung_binh,False,True,working,OK (200)
labor_timviec365_2065245,công nhân nhôm kính,Công ty TNHH Xây Dựng và Lắp Đặt Cửa Sanle,,Hà Nam,22000000,22000000,full-time,any,0,,22.000.000 VNĐ | 25/05/2026 | Hà Nam | Cơ khí - Chế tạo | Quyền lợi: Người lao động được đóng BHXH theo qui định của nhà nước và các chế độ phúc lợi khácNgười lao động được đóng BHXH theo qui định của nhà nước và các chế độ phúc lợi khác | Yêu cầu: Không có+ Xem thêm | 22.000.000 VNĐ | 25/05/2026 | Hà Nam | Cơ khí - Chế tạo | Quyền lợi: Người lao động được đóng BHXH theo qui định của nhà nước và các chế độ phúc lợi khácNgười lao động được đóng BHXH theo qui định của nhà nước và các chế độ phúc l,co_khi,TimViec365,https://timviec365.vn/cong-nhan-nhom-kinh-p2065245.html,2026-04-15T08:20:32.351835,medium,0.8,trung_binh,False,True,working,OK (200)
labor_timviec365_2065200,Nhân viên kỹ thuật cơ khí,CÔNG TY TNHH THIẾT BỊ TỰ ĐỘNG TUẤN PHÁT,,Hồ Chí Minh,0,0,full-time,any,1,,"Thỏa thuận | 24/05/2026 | Hồ Chí Minh | Cơ khí - Chế tạo | Quyền lợi: - Lương khởi điểm từ 9 triệu (Thỏa thuận khi phỏng vấn, thương lượng tuỳ theo năng lực và kinh nghiệm)- Ngày nghỉ cuối tuần (chủ nhật), Lễ Tết theo quy định của nhà nước- Thời gian làm việc tại xưởng: 8h - 17h ( nghỉ trưa 12h-13h)- Phụ cấp: ăn uống khi đi công trình trong ngày hoặc phụ cấp ăn nghỉ khi đi qua đêm, có xe đưa đón của công ty- Tăng ca theo luật lao động- Thưởng Lễ Tết, Lương tháng 13, bảo hiểm đầy đủ theo chế độ n",co_khi,TimViec365,https://timviec365.vn/nhan-vien-ky-thuat-co-khi-p2065200.html,2026-04-15T08:20:32.357395,easy,0.8,trung_binh,False,True,working,OK (200)
labor_timviec365_2065749,TUYỂN DỤNG NHÂN SỰ  trưởng nhóm cơ khí,Viện Nghiên Cứu Công Nghệ Plasma,,Hà Nội,9000000,9000000,full-time,any,0,,"9.000.000 VNĐ | 15/05/2026 | Hà Nội | Cơ khí - Chế tạo | Quyền lợi: Thu nhập không giới hạn. Lương cứng  từ 7 - 15 triệu/tháng, tuỳ theo kinh nghiệm và năng lực và trách nhiệm. Ngoài ra có thưởng Lễ, Tết, tháng lương 13  và thưởng doanh thu. Được nghỉ chủ nhật và các ngày lễ tết theo quy định.Được đóng BHXH, BHYT, BHTN.Được tham gia các hoạt động đào tạo, tập huấn nội bộ, team building và các phúc lợi khác theo quy địnhCó cơ hội được cử đi đào tạo tại Hàn Quốc hoặc Châu ÂuCó cơ hội thăng tiến tr",co_khi,TimViec365,https://timviec365.vn/tuyen-dung-nhan-su-truong-nhom-co-khi-p2065749.html,2026-04-15T08:20:32.366097,easy,0.8,trung_binh,False,True,working,OK (200)
labor_timviec365_2065494,Nhân viên kỹ thuật cơ khí,CÔNG TY TNHH THƯƠNG MẠI KỸ THUẬT VĨNH VINH,Giao Tiếp,Hồ Chí Minh,12000000,12000000,full-time,any,1,,"12.000.000 VNĐ | 12/05/2026 | Hồ Chí Minh | Cơ khí - Chế tạo | Quyền lợi: - Tham gia BHXH, BHYT, BHTN theo quy định của pháp luật.- Lương tháng 13, thưởng lễ Tết theo quy định của công ty.- Cơ hội được đào tạo nâng cao trình độ chuyên môn.- Được nghỉ 01 ngày thứ bảy đầu hàng tháng- Môi trường làm việc năng động, chuyên nghiệp.- Tham gia BHXH, BHYT, BHTN theo quy định của pháp luật.- Lương tháng 13, thưởng lễ Tết theo quy định của công ty.- Cơ hội được đào tạo nâng cao trình độ chuyên môn.- Được ",co_khi,TimViec365,https://timviec365.vn/nhan-vien-ky-thuat-co-khi-p2065494.html,2026-04-15T08:20:32.370290,easy,0.8,trung_binh,False,True,working,OK (200)
labor_timviec365_2065053,Tuyển Nhân viên kiểm tra thành phẩm,Công ty TNHH Chế Tạo Động Cơ Zongshen Việt Nam,,Hà Nội,12000000,12000000,full-time,any,0,,"12.000.000 VNĐ | 02/05/2026 | Hà Nội | Cơ khí - Chế tạo, Sản xuất - Vận hành sản xuất, Thẩm định - Giám thẩm định - Quản lý chất lượng | Quyền lợi: - Thu nhập: 8-12tr - Công ty có thưởng tháng lương thứ 13, chia 2 đợt, phát vào tháng 6 và tháng 12. - Người lao động được nghỉ lễ, Tết theo đúng quy định của nhà nước. - Môi trường làm việc cởi mở, ổn định lâu dài. - Tham gia các hoạt động Teambuilding, du lịch hàng năm của công ty.- Thu nhập: 8-12tr- Công ty có thưởng tháng lương thứ 13, chia 2 đợt",co_khi,TimViec365,https://timviec365.vn/tuyen-nhan-vien-kiem-tra-thanh-pham-p2065053.html,2026-04-15T08:20:32.373739,easy,0.8,trung_binh,False,True,working,OK (200)
labor_timviec365_2064472,Thợ Kim Hoàn Có Đào Tạo,CÔNG TY CỔ PHẦN ĐẦU TƯ KIM NGÂN DIAMONESS,,Hà Nội,20000000,20000000,full-time,any,0,,"20 triệu | 28/05/2026 | Hà Nội | Cơ khí - Chế tạo, Mỹ phẩm - Thời trang - Trang sức | Quyền lợi: Học việc: 6-8 triệu/1 tháng (sau 3-6 tháng xét tăng lương) Tay nghề: 15-20 triệu (thỏa thuận theo năng lực)Học việc: 6-8 triệu/1 tháng (sau 3-6 tháng xét tăng lương)Tay nghề: 15-20 triệu (thỏa thuận theo năng lực) | Yêu cầu: - Sẵn sàng làm việc tại một doanh nghiệp mới quy mô nhỏ, cần có tinh thần đóng góp và xây dựng- Năng động, nhiệt tình, có trách nhiệm và mong muốn gắn bó lâu dài.- Tỉ mỉ, cẩn thậ",co_khi,TimViec365,https://timviec365.vn/tho-kim-hoan-co-djao-tao-luong-15-20tr1-thang-p2064472.html,2026-04-15T08:20:32.381547,medium,0.8,trung_binh,False,True,working,OK (200)
labor_timviec365_2064987,Tuyển Nhân viên Kỹ thuật,Công ty TNHH MTV Động cơ và Máy nông nghiệp Miền Nam,Tiếng Anh|Giao Tiếp,Đồng Nai,0,0,full-time,any,0,,"Thỏa thuận | 27/05/2026 | Đồng Nai | Cơ khí - Chế tạo | Quyền lợi: - Được hưởng lương tháng 13 và thưởng lễ Tết theo chính sách của công ty.- Tham gia đầy đủ các chế độ bảo hiểm xã hội, bảo hiểm y tế và bảo hiểm thất nghiệp theo quy định của pháp luật.- Cơ hội đào tạo và phát triển nghề nghiệp liên tục, giúp nâng cao kỹ năng và kiến thức chuyên môn.- Môi trường làm việc năng động, chuyên nghiệp và thân thiện.- Các chế độ phúc lợi hấp dẫn khác theo quy định của công ty.- Được hưởng lương tháng 13",co_khi,TimViec365,https://timviec365.vn/tuyen-nhan-vien-ky-thuat-p2064987.html,2026-04-15T08:20:32.386948,easy,0.8,trung_binh,False,True,working,OK (200)
labor_timviec365_2064981,Kỹ Thuật Viên AOI Tiếng Trung,Công ty TNHH Talway Việt Nam,,Bắc Ninh,25000000,25000000,full-time,any,1,,"25.000.000 VNĐ | 27/05/2026 | Bắc Ninh | Cơ khí - Chế tạo | Quyền lợi: Mức lương từ 13.000.000 VNĐ đến 25.000.000 VNĐ.Mức lương từ 13.000.000 VNĐ đến 25.000.000 VNĐ. | Yêu cầu: Có ít nhất 1 năm kinh nghiệm liên quanTiếng Trung sử dụng trong công việcHiểu biết về các loại máy móc, thiết bị sản xuất.Có khả năng sử dụng các dụng cụ đo lường và sửa chữa.Có khả năng làm việc độc lập và làm việc nhóm.Chủ động, trung thực, cẩn thận và có trách nhiệm với công việc.Có khả năng làm việc trong môi trường á",co_khi,TimViec365,https://timviec365.vn/ky-thuat-vien-aoi-tieng-trung-p2064981.html,2026-04-15T08:20:32.389932,medium,0.8,trung_binh,False,True,working,OK (200)
labor_timviec365_2064883,Tuyển Nhân viên Quản lý thiết bị biết Tiếng Trung,Công ty TNHH Chế Tạo Động Cơ Zongshen Việt Nam,Giao Tiếp,Hà Nội,15000000,15000000,full-time,any,0,,"15.000.000 VNĐ | 21/05/2026 | Hà Nội | Cơ khí - Chế tạo, Kỹ thuật, Quản lý điều hành | Quyền lợi: - Thu nhập: từ 15tr - Thưởng tháng lương thứ 13 - Người lao động được nghỉ lễ, Tết theo đúng quy định của nhà nước. - Môi trường làm việc cởi mở, ổn định lâu dài. - Tham gia các hoạt động Teambuilding, du lịch hàng năm của công ty- Thu nhập: từ 15tr- Thưởng tháng lương thứ 13- Người lao động được nghỉ lễ, Tết theo đúng quy định của nhà nước.- Môi trường làm việc cởi mở, ổn định lâu dài.- Tham gia cá",co_khi,TimViec365,https://timviec365.vn/tuyen-nhan-vien-quan-ly-thiet-bi-biet-tieng-trung-p2064883.html,2026-04-15T08:20:32.397833,medium,0.8,trung_binh,False,True,working,OK (200)
labor_timviec365_2064881,Tuyển Nhân viên Sửa chữa thiết bị,Công ty TNHH Chế Tạo Động Cơ Zongshen Việt Nam,,Hà Nội,13000000,13000000,full-time,any,0,,"13.000.000 VNĐ | 21/05/2026 | Hà Nội | Bảo trì, Cơ khí - Chế tạo, Sản xuất - Vận hành sản xuất | Quyền lợi: - Thu nhập: 10-13tr - Thưởng tháng lương thứ 13 - Người lao động được nghỉ lễ, Tết theo đúng quy định của nhà nước. - Môi trường làm việc cởi mở, ổn định lâu dài. - Tham gia các hoạt động Teambuilding, du lịch hàng năm của công ty- Thu nhập: 10-13tr- Thưởng tháng lương thứ 13- Người lao động được nghỉ lễ, Tết theo đúng quy định của nhà nước.- Môi trường làm việc cởi mở, ổn định lâu dài.- T",co_khi,TimViec365,https://timviec365.vn/tuyen-nhan-vien-sua-chua-thiet-bi-p2064881.html,2026-04-15T08:20:32.403485,easy,0.8,trung_binh,False,True,working,OK (200)
labor_timviec365_2064778,GIÁM SÁT CƠ KHÍ,MEKONG PETRO,,Đồng Nai,0,0,full-time,any,2,,"Thỏa thuận | 16/05/2026 | Toàn quốc | Cơ khí - Chế tạo | Quyền lợi: Mức lương: THỎA THUẬN THEO NĂNG LỰCLàm việc theo giờ hành chính: Thứ 2 - Thứ 7: 7h00 - 11h00; 13h00 - 17h  ( nghỉ chủ nhật ) – Nghỉ trưa 2 tiếng từ 11h00-13h00Được hưởng BHXH & đầy đủ quyền lợi khác theo Luật Lao Động và Nhà nướcThưởng Lễ Giỗ tổ hùng vương (10/03), 08/03, 02/09, 30/04, 01/05, 20/10, Tết dương lịch, Tết Âm lịch và Quà Tết âm lịch.Hỗ trợ cơm trưa, chiều.Có chỗ ở cho nhân viên ở xaThiết bị làm việc đầy đủGói bảo hi",co_khi,TimViec365,https://timviec365.vn/giam-sat-co-khi-p2064778.html,2026-04-15T08:20:32.408096,medium,0.8,trung_binh,False,True,working,OK (200)
labor_timviec365_2064683,Thợ hàn cơ khí,CÔNG TY TNHH PHỤ KIỆN VÀ CỐP PHA VIỆT,,Hồ Chí Minh,0,0,full-time,any,0,,"Thỏa thuận | 12/05/2026 | Hồ Chí Minh | Cơ khí - Chế tạo | Quyền lợi: - Thời gian làm việc: 7h30 – 17h00 từ thứ hai đến thứ 7, nghỉ trưa từ 11h30 – 13h00. - Xét tăng lương định kì 2 lần/ năm- Nghỉ lễ, tết theo quy định. - Thưởng tháng 13 tùy theo hoạt động kinh doanh của công ty. - Được tham gia đầy đủ chế độ BHXH, BHYT, BHTN theo quy định. - Phép năm: 12 ngày/ năm. - Thưởng lễ, tết, sinh nhật, hiếu hỉ,… - Môi trường làm việc thân thiện. - Tham gia các hoạt động nội bộ, du lịch, teambuilding,…cù",co_khi,TimViec365,https://timviec365.vn/tho-han-co-khi-p2064683.html,2026-04-15T08:20:32.415814,easy,0.8,trung_binh,False,True,working,OK (200)
labor_timviec365_2064558,NHÂN VIÊN KINH DOANH QUỐC TẾ (EXPORT SALES),Công ty CP Cơ khí chính xác Vn-J,Tiếng Anh|Giao Tiếp,Hà Nội,30000000,30000000,full-time,any,2,,"30.000.000 VNĐ | 06/05/2026 | Hà Nội | Cơ khí - Chế tạo | Quyền lợi:  - Thu nhập 20–30 triệu/tháng (không giới hạn).  - Được đào tạo bài bản về máy CNC, thị trường xuất khẩu.  - Làm việc với dự án quốc tế, giá trị cao, có đội kỹ thuật & marketing hỗ trợ.  - Lộ trình phát triển: Senior Sales / Trưởng nhóm / Trưởng vùng.- Thu nhập 20–30 triệu/tháng (không giới hạn).- Được đào tạo bài bản về máy CNC, thị trường xuất khẩu.- Làm việc với dự án quốc tế, giá trị cao, có đội kỹ thuật & marketing hỗ trợ.",co_khi,TimViec365,https://timviec365.vn/nhan-vien-kinh-doanh-quoc-te-export-sales-p2064558.html,2026-04-15T08:20:32.420597,hard,0.8,trung_binh,False,True,working,OK (200)
labor_timviec365_2064519,Kỹ Thuật Viên Sửa Chữa Bảo Hành,Công Ty Cổ Phần Cơ Khí Hồng Ký,,Hà Nội,0,0,full-time,any,0,,"Thỏa thuận | 02/05/2026 | Hà Nội | Cơ khí - Chế tạo | Quyền lợi: Thời gian làm việc: 08h00 - 17h00 (thứ 2 - thứ 7)Lương theo năng lực và từ 8.5 triệu trở lên - 13.000.000 đHỗ trợ cơm trưa, xăng xe, nhà trọ""BHXH – YT theo quy định nhà nước / Social insurance as per government regulationsVà 16 chính sách phúc lợi theo quy định Công ty / 16 allowance policies as per Company rulesThưởng tháng lương thứ 13Có 12 ngày phép năm/nămCó cơ hội phát triển lên vị trí cao hơn trong công tyHỗ trợ Đào tạo tay n",co_khi,TimViec365,https://timviec365.vn/ky-thuat-vien-sua-chua-bao-hanh-p2064519.html,2026-04-15T08:20:32.426961,easy,0.8,trung_binh,False,True,working,OK (200)
labor_timviec365_2064581,Kỹ Sư Vận Hành Máy Làm Việc Tại Nhật Bản,CÔNG TY CỔ PHẦN SEI JIN VIỆT NAM,,,42000000,42000000,full-time,any,5,,"42.000.000 VNĐ | 31/05/2026 | Toàn quốc | Cơ khí - Chế tạo | Quyền lợi: - Mức lương cao, từ 32 triệu trở lên- Được hưởng Chế độ bảo hiểm theo quy định- Tăng ca được nhân hệ số 1.25- Được đào tạo tiếng Nhật miễn phí. KHAI GIẢNG KHÓA MỚI 01/2022026- Được bảo lãnh vợ con sang học tập và làm việc, được bảo lãnh gia đình sang du lịch- Làm việc ổn định trên 5 năm có thể xin nhập quốc tịch hoặc visa vĩnh trú- Mức lương cao, từ 32 triệu trở lên- Được hưởng Chế độ bảo hiểm theo quy định- Tăng ca được nhâ",co_khi,TimViec365,https://timviec365.vn/ky-su-van-hanh-may-lam-viec-tai-nhat-ban-p2064581.html,2026-04-15T08:20:32.433016,hard,0.8,trung_binh,False,True,working,OK (200)
labor_timviec365_2064489,"Nhân viên lập trình, vận hành máy phay máy tiện và Nhân viên kiểm tra chất lượng",Công Ty Cơ Khí Chính Xác Nhà Bè,,Hồ Chí Minh,18000000,18000000,full-time,any,2,,"18.000.000 VNĐ | 30/05/2026 | Hồ Chí Minh | Cơ khí - Chế tạo | Quyền lợi: - Lương: 10.000.000đ - 18.000.000đ ( Trao đổi trực tiếp khi phỏng vấn ) - BHXH, BHYT, BHTN theo quy định của nhà nước - Địa điểm làm việc : Khu Công Nghiệp HIệp Phước, Xã Hiệp Phước, Huyện Nhà Bè, TP. Hồ Chí Minh - Thời gian làm việc: từ thứ 2 đến thứ 7 (6 ngày/ tuần), Có thể làm việc tăng ca chủ nhật- Lương: 10.000.000đ - 18.000.000đ ( Trao đổi trực tiếp khi phỏng vấn )- BHXH, BHYT, BHTN theo quy định của nhà nước- Địa đi",co_khi,TimViec365,https://timviec365.vn/nhan-vien-lap-trinh-van-hanh-may-phay-may-tien-va-nhan-vien-kiem-tra-chat-luong-p2064489.html,2026-04-15T08:20:32.440102,medium,0.8,trung_binh,False,True,working,OK (200)
labor_timviec365_2064375,Tuyển thợ hàn - không yêu cầu bằng cấp,Công ty CP Cơ khí chính xác Vn-J,,Hà Nội,12000000,12000000,full-time,any,0,,"12.000.000 VNĐ | 23/05/2026 | Hà Nội | Cơ khí - Chế tạo | Quyền lợi: - Trả lương đúng hạn, Tham gia BHXH, BHYT, BHTN đầy đủ - Du lịch, thưởng các ngày lễ tết, thưởng quý, thưởng tháng 13, các chế độ khác theo quy định Cty  - Môi trường làm việc ổn định, được đào tạo thăng tiến.- Trả lương đúng hạn, Tham gia BHXH, BHYT, BHTN đầy đủ- Du lịch, thưởng các ngày lễ tết, thưởng quý, thưởng tháng 13, các chế độ khác theo quy định Cty- Môi trường làm việc ổn định, được đào tạo thăng tiến. | Yêu cầu: - Có",co_khi,TimViec365,https://timviec365.vn/tho-han-dji-lam-ngay-p2064375.html,2026-04-15T08:20:32.446314,easy,0.8,trung_binh,False,True,working,OK (200)
labor_timviec365_2064363,Nhân viên hàn,Công Ty TNHH Thiết Bị Tự Động Hoá Kim Khí Thăng Long,Phục Vụ,Hà Nội,15000000,15000000,full-time,any,1,,"15.000.000 VNĐ | 22/05/2026 | Hà Nội | Cơ khí - Chế tạo | Quyền lợi: -Thu nhập xứng đáng với năng lực;-Làm việc hành chính (08h/ngày). Nghỉ Chủ nhật hàng tuần;-Làm việc tại xưởng, không phải đi công trình;-Lương trả đúng hạn, các chế độ phúc lợi thoả đáng;-Được đài thọ cơm trưa miễn phí tại Công ty;-Du lịch hàng năm, đóng BHXH, nghỉ phép/lễ tết, lương tháng 13, thăm hỏi ốm đau/hiếu/hỉ,....;-Môi trường năng động, thân thiện, chuyên nghiệp, an toàn;-Trang thiết bị tốt phục vụ cho công việc.-Thu nh",co_khi,TimViec365,https://timviec365.vn/nhan-vien-han-p2064363.html,2026-04-15T08:20:32.450796,medium,0.8,trung_binh,False,True,working,OK (200)
labor_timviec365_2064332,Phó ca sản xuất Luyện thép,CÔNG TY THÉP TÂY ĐÔ,Chăm Sóc,Cần Thơ,30000000,30000000,full-time,any,5,,"30.000.000 VNĐ | 20/05/2026 | Cần Thơ | Cơ khí - Chế tạo | Quyền lợi: Có mức thu nhập cạnh tranh, thỏa thuận theo năng lực.Có cơ hội tham gia các hoạt động đào tạo nâng cao trình độ.Chế độ thưởng các ngày lễ, Tết, thưởng định kỳ, thưởng theo năng suất lao động.Đầy đủ các chế độ Bảo hiểm cho người lao động.Cơm trưa buffet.Chăm sóc sức khỏe định kỳ.Du lịch hàng năm.Môi trường làm việc năng động, chuyên nghiệp.Có mức thu nhập cạnh tranh, thỏa thuận theo năng lực.Có cơ hội tham gia các hoạt động đào",co_khi,TimViec365,https://timviec365.vn/pho-ca-san-xuat-luyen-thep-p2064332.html,2026-04-15T08:20:32.456215,hard,0.8,trung_binh,False,True,working,OK (200)
labor_timviec365_2064206,Thợ CNC/Cơ Khí Vận Hành Máy & Lắp Ráp tại Hà Đông đi làm ngay,CÔNG TY TNHH CÔNG NGHỆ MỚI NGUYỄN VINH,,Hà Nội,9000000,9000000,full-time,any,0,,"9.000.000 VNĐ | 15/05/2026 | Hà Nội | Cơ khí - Chế tạo | Quyền lợi: Lương cứng: 9.8400******0.000 VNĐ + Phụ cấp ăn trưa/Tăng ca.Thưởng: Thưởng hiệu quả công việc, thưởng Lễ/Tết, lương tháng 13 theo quy định công ty.Bảo hiểm: Được tham gia đầy đủ BHXH, BHYT, BHTN theo quy định của Luật Lao động sau khi ký HĐLĐ chính thức.Phúc lợi khác:Được cấp phát đồng phục và trang thiết bị bảo hộ lao động đầy đủ.Hỗ trợ chỗ ởChế độ thăm hỏi ốm đau, hiếu hỉ, du lịch hàng năm.Đào tạo: Được đào tạo nâng cao tay ng",co_khi,TimViec365,https://timviec365.vn/tho-cncco-khi-van-hanh-may-and-lap-rap-tai-ha-djong-dji-lam-ngay-p2064206.html,2026-04-15T08:20:32.462933,easy,0.8,trung_binh,False,True,working,OK (200)
labor_timviec365_2064197,NHÂN VIÊN ĐIỆN CƠ KHÍ,CÔNG TY TNHH CAO SU INOUE VIỆT NAM,Tiếng Anh|Giao Tiếp|Chăm Sóc,Hà Nội,20000000,20000000,full-time,any,0,,"20.000.000 VNĐ | 15/05/2026 | Hà Nội | Cơ khí - Chế tạo | Quyền lợi: 1. Lương, Thưởng & phụ cấp:- Lương UP TO 20tr/tháng.- Thưởng cuối năm (> 2 tháng).- Thưởng và phúc lợi và các ngày lễ, Tết, Tang lễ, kết hôn, sinh con, nghỉ mát.- Trợ giá sinh hoạt, đi lại & nhà ở, phụ cấp kỹ năng, điều kiện công việc....2. Chế độ chăm sóc sức khỏe:- Tham gia đầy đủ chế độ BHXH, BHYT, BHTN, BNTNLĐ-BNN theo Bộ luật Lao động Việt Nam.- Được hưởng chế độ khám sức khỏe định kỳ hàng năm tại công ty.3. Chế độ tăng lư",co_khi,TimViec365,https://timviec365.vn/nhan-vien-djien-co-khi-p2064197.html,2026-04-15T08:20:42.898775,medium,0.8,trung_binh,False,True,working,OK (200)
labor_timviec365_2064088,Thợ hàn 3G,Công Ty TNHH Kirby Đông Nam Á,,Đồng Nai,11000000,11000000,full-time,any,0,,"11.000.000 VNĐ | 10/05/2026 | Đồng Nai | Cơ khí - Chế tạo | Quyền lợi: Bảo hiểm y tế 24/7Cơm tại nhà máyĐóng BHXH đầy đủBảo hiểm y tế 24/7Cơm tại nhà máyĐóng BHXH đầy đủ | Yêu cầu: Biết hàn Co2, 3GBiết thổi thanBiết hàn Co2, 3GBiết thổi than+ Xem thêm | 11.000.000 VNĐ | 10/05/2026 | Đồng Nai | Cơ khí - Chế tạo | Quyền lợi: Bảo hiểm y tế 24/7Cơm tại nhà máyĐóng BHXH đầy đủBảo hiểm y tế 24/7Cơm tại nhà máyĐóng BHXH đầy đủ | Yêu cầu: Biết hàn Co2, 3GBiết thổi thanBiết hàn Co2, 3GBiết thổi than+ Xem",co_khi,TimViec365,https://timviec365.vn/tho-han-3g-p2064088.html,2026-04-15T08:20:42.903018,easy,0.8,trung_binh,False,True,working,OK (200)
labor_timviec365_2064002,PHỤ KHO - LÁI XE NÂNG,CÔNG TY CỔ PHẦN PMV,Excel,Hồ Chí Minh,0,0,full-time,any,0,,"Thỏa thuận | 08/05/2026 | Hồ Chí Minh | Cơ khí - Chế tạo | Quyền lợi: - Lương 8tr-10tr + phụ cấp cơm + thưởng quý định kỳ.- Tham gia BHXH – BHYT, BH tai nạn lao động, phép năm đầy đủ. - Thưởng sinh nhật, các ngày lễ, tết trong năm, lương tháng 13 theo tình hình kinh doanh - Có cơ hội lên thủ kho hoặc kho trưởng nếu gắn bó lâu dài.- Lương 8tr-10tr + phụ cấp cơm + thưởng quý định kỳ.- Tham gia BHXH – BHYT, BH tai nạn lao động, phép năm đầy đủ.- Thưởng sinh nhật, các ngày lễ, tết trong năm, lương t",co_khi,TimViec365,https://timviec365.vn/phu-kho-lai-xe-nang-p2064002.html,2026-04-15T08:20:42.910332,easy,0.8,trung_binh,False,True,working,OK (200)
labor_timviec365_2063975,Kỹ sư Cơ khí,Công ty Cổ phần Xi măng Bạch Đằng,,Hải Phòng,0,0,full-time,any,3,,"Thỏa thuận | 05/05/2026 | Hải Phòng | Cơ khí - Chế tạo | Quyền lợi: Lương, thưởng cạnh tranh trên thị trường.Đóng BHXH, BHYT theo quy định của pháp luật. Chế độ nghỉ lễ Tết, đi du lịch hằng năm.Được làm việc trong môi trường năng động, đầy nhiệt huyết.Được tham gia các hoạt động team buidling và sự kiện lớn trong năm độc đáo, hấp dẫn.Cơ hội thăng tiến, phát triển cao.Công ty có chỗ ở cho CBNV ở xa.Lương, thưởng cạnh tranh trên thị trường.Đóng BHXH, BHYT theo quy định của pháp luật. Chế độ nghỉ l",co_khi,TimViec365,https://timviec365.vn/ky-su-co-khi-p2063975.html,2026-04-15T08:20:42.917280,medium,0.8,trung_binh,False,True,working,OK (200)
labor_timviec365_2063963,CÔNG NHÂN SẢN XUẤT ĐỨNG MÁY CẮT NHÔM,CÔNG TY CỔ PHẦN PMV,,Hồ Chí Minh,10000000,10000000,full-time,any,0,,"10.000.000 VNĐ | 05/05/2026 | Hồ Chí Minh | Cơ khí - Chế tạo | Quyền lợi: - Thu nhập 8-10 triệu/tháng (có phụ cấp cơm 30k/ngày, thưởng quý định kỳ)- Bảo hiểm (BHXH, BHYT, BHTN & bảo hiểm tai nạn lao động), phép năm đầy đủ - Lương tăng ca theo luật (150%, 200%, 300%...)- Thưởng sinh nhật 500k, thưởng lễ, tết - Thưởng lương tháng 13 theo tình hình kinh doanh- Thu nhập 8-10 triệu/tháng (có phụ cấp cơm 30k/ngày, thưởng quý định kỳ)- Bảo hiểm (BHXH, BHYT, BHTN & bảo hiểm tai nạn lao động), phép năm đ",co_khi,TimViec365,https://timviec365.vn/cong-nhan-san-xuat-djung-may-cat-nhom-p2063963.html,2026-04-15T08:20:42.922691,easy,0.8,trung_binh,False,True,working,OK (200)
labor_timviec365_2063741,KỸ SƯ CƠ ĐIỆN – Giám sát công trình,Công ty cổ phần thiết kế và xây dựng TCB Việt Nam,,Hà Nội,0,0,full-time,any,0,,"Thỏa thuận | 30/05/2026 | Hà Nội | Cơ khí - Chế tạo | Quyền lợi: 💰 Lương: Thỏa thuận theo năng lực (từ 15&ndash;20 triệu/tháng + phụ cấp + thưởng công trình)  📄 Tham gia BHXH, BHYT đầy đủ  📈 Cơ hội thăng tiến lên Chỉ huy trưởng công trình  🤝 Môi trường làm việc chuyên nghiệp, minh bạch  🎁 Thưởng lễ, tết, thưởng theo hiệu quả công trình💰 Lương: Thỏa thuận theo năng lực (từ 15–20 triệu/tháng + phụ cấp + thưởng công trình)📄 Tham gia BHXH, BHYT đầy đủ📈 Cơ hội thăng tiến lên Chỉ huy trưởng công trình",co_khi,TimViec365,https://timviec365.vn/ky-su-co-djien-giam-sat-cong-trinh-p2063741.html,2026-04-15T08:20:42.929653,easy,0.8,trung_binh,False,True,working,OK (200)
labor_timviec365_2063838,Tuyển Kỹ Sư Thiết Kế Sản Xuất Cửa Thép/Cửa Chống Cháy,CÔNG TY TNHH KỸ THUẬT NFT VIỆT NAM,,Hà Nội,25000000,25000000,full-time,any,0,,"25.000.000 VNĐ | 30/05/2026 | Hà Nội | Cơ khí - Chế tạo | Quyền lợi: - Mức lương thỏa thuận từ 18&ndash;25 triệu/tháng.- Thưởng Lễ/Tết, lương tháng 13 và thưởng theo tiến độ hiệu quả dự án.- Hỗ trợ chỗ ở và phụ cấp ăn trưa, đi lại khi đi công tác.- Được tham gia bảo hiểm xã hội, bảo hiểm y tế, bảo hiểm thất nghiệp và các phúc lợi khác theo quy định của công ty.- Mức lương thỏa thuận từ 18–25 triệu/tháng.- Thưởng Lễ/Tết, lương tháng 13 và thưởng theo tiến độ hiệu quả dự án.- Hỗ trợ chỗ ở và phụ c",co_khi,TimViec365,https://timviec365.vn/tuyen-ky-su-thiet-ke-san-xuat-cua-thepcua-chong-chay-p2063838.html,2026-04-15T08:20:42.937011,medium,0.8,trung_binh,False,True,working,OK (200)
labor_timviec365_2063783,Tuyển Quản Lý Bảo Dưỡng Xe,Công Ty Cổ Phần Logistic Xuân Lộc,Excel|Word|Word,Vũng Tàu,25000000,25000000,full-time,any,0,,"25.000.000 VNĐ | 28/05/2026 | Bà Rịa Vũng Tàu | Cơ khí - Chế tạo | Quyền lợi: - Chế độ nghỉ phép năm, nghỉ Lễ theo quy định, hưởng lương thâm niên, quà Tết, thưởng Tết và thưởng theo kết quả hoạt động kinh doanh.- Nâng lương định kỳ hàng năm (ít nhất 1 lần/năm).- Tham gia đầy đủ các chính sách theo quy định, bảo hiểm xã hội và bảo hiểm sức khỏe.- Tham gia các chương trình đào tạo do công ty tổ chức nhằm nâng cao kỹ năng nghiệp vụ.- Chế độ nghỉ phép năm, nghỉ Lễ theo quy định, hưởng lương thâm ni",co_khi,TimViec365,https://timviec365.vn/tuyen-quan-ly-bao-duong-xe-p2063783.html,2026-04-15T08:20:42.944160,medium,0.8,trung_binh,False,True,working,OK (200)
labor_timviec365_2063814,QUẢN LÝ QC,Công Ty TNHH Kỹ Thuật Hòa hiệp,Excel|Word|Tiếng Anh|Giao Tiếp|Word|Phục Vụ,Đồng Nai,0,0,full-time,any,3,,"Thỏa thuận | 28/05/2026 | Đồng Nai | Cơ khí - Chế tạo, Khu chế xuất - Khu công nghiệp, Thẩm định - Giám thẩm định - Quản lý chất lượng | Quyền lợi: Được quyền yêu cầu cung cấp đầy đủ và kịp thời nhân lực, vật tư, máy móc thiết bị cần thiết để phục vụ công tác kiểm soát chất lượng và nghiệm thu.Được quyền phối hợp với Giám sát kỹ thuật tạm ngưng công việc nếu xét thấy không bảo đảm chất lượng và báo cáo lên Giám đốc/P. Giám đốc Nhà máy tìm hướng giải quyết.Không tiếp nhận vật tư (hàng hóa) không ",co_khi,TimViec365,https://timviec365.vn/quan-ly-qc-p2063814.html,2026-04-15T08:20:42.951355,medium,0.8,trung_binh,False,True,working,OK (200)
labor_timviec365_2063756,*  Tuyển Thợ Vận Hành Máy CNC/Tiện/Phay/Laser,Công ty TNHH Thương mại và Sản xuất Bảo Hân,,Hồ Chí Minh,12000000,12000000,temporary,any,1,,"12.000.000 VNĐ | 27/05/2026 | Hồ Chí Minh | Cơ khí - Chế tạo | Quyền lợi: • Nhân viên có năng lực tốt có thể ký hợp đồng chính thức. • Được đào tạo thêm để nâng cao nghiệp vụ chuyên môn. • Cơm trưa tại công ty. • Tăng lương theo hiệu quả công tác và cam kết đầy đủ các chế độ dành cho người lao động theo như quy định pháp luật hiện hành (BHXH, BHYT, BHTN…). • Có lương tháng thứ 13 theo quy định công ty. • Được nghỉ CN và các ngày lễ theo quy định. • Tăng ca x 1.5, chủ nhật x 2.• Nhân viên có năng",co_khi,TimViec365,https://timviec365.vn/tho-co-khi-p2063756.html,2026-04-15T08:20:42.954891,easy,0.3,trung_binh,False,True,working,OK (200)
labor_timviec365_2063641,TUYỂN CÁN BỘ KỸ THUẬT CƠ KHÍ,CÔNG TY CỔ PHẦN CÔNG NGHIỆP AN CÁT,Excel|Word|Word,Hà Nội,12000000,12000000,full-time,any,1,,"12.000.000 VNĐ | 21/05/2026 | Hà Nội | Cơ khí - Chế tạo | Quyền lợi: *  Lương: Từ 12.000.000 VNĐ (Thỏa thuận)*  Lương tháng 13*  Đóng bảo hiểm xã hội*  Hỗ trợ ăn ở*  Xe đưa đón công tác*  Lương: Từ 12.000.000 VNĐ (Thỏa thuận)*  Lương tháng 13*  Đóng bảo hiểm xã hội*  Hỗ trợ ăn ở*  Xe đưa đón công tác | Yêu cầu: + Có kinh nghiệm tối thiểu 1 năm ( đối với người không có bằng cấp ), không yêu cầu kinh nghiệm đối với người đã qua đào tạo cơ bản hoặc có bằng cấp về cơ khí, cơ điện, xây dựng)+ Sử dụng",co_khi,TimViec365,https://timviec365.vn/tuyen-can-bo-ky-thuat-co-khi-p2063641.html,2026-04-15T08:20:42.961610,easy,0.8,trung_binh,False,True,working,OK (200)
labor_timviec365_2062963,TUYỂN KỸ SƯ THIẾT BỊ SMT ( BIẾT TIẾNG TRUNG ),CÔNG TY TNHH THƯƠNG MẠI GF,Giao Tiếp|Lái Xe,Hà Nội,18000000,18000000,full-time,any,0,,"18.000.000 VNĐ | 19/05/2026 | Hà Nội | Cơ khí - Chế tạo, Điện - Điện tử | Quyền lợi: Mức lương 15-18tr - Có cơ hội được cử đi học việc tại Trung Quốc - Trước khi làm về mỗi loại máy các bạn sẽ được học tìm hiểu chuyên sâu về loại máy đó \- Nghỉ thứ 7 (trừ những ngày phải đi công tác) - Môi trường làm việc thoải mái, sếp dễ tínhMức lương 15-18tr- Có cơ hội được cử đi học việc tại Trung Quốc- Trước khi làm về mỗi loại máy các bạn sẽ được học tìm hiểu chuyên sâu về loại máy đó \- Nghỉ thứ 7 (trừ nh",co_khi,TimViec365,https://timviec365.vn/tuyen-ky-su-thiet-bi-smt-p2062963.html,2026-04-15T08:20:42.968174,medium,0.8,trung_binh,False,True,working,OK (200)
labor_timviec365_2063263,Nhân viên vận hành phay CNC,CÔNG TY TNHH CƠ KHÍ CHÍNH XÁC VIỆT NGUYÊN,,Bình Dương,11000000,11000000,full-time,any,1,,"11 VNĐ | 13/05/2026 | Bình Dương | Cơ khí - Chế tạo | Quyền lợi: Lương: Từ 8 VNĐ Đến 11 VNĐ (tương xứng tay nghề)Thưởng: Lương tháng 13, tăng lương hàng nămPhúc lợi: BHXH, quà tặng (SN, hiếu, hỉ, Trung thu, 1/6, Lễ Tết), du lịchLương: Từ 8 VNĐ Đến 11 VNĐ (tương xứng tay nghề)Thưởng: Lương tháng 13, tăng lương hàng nămPhúc lợi: BHXH, quà tặng (SN, hiếu, hỉ, Trung thu, 1/6, Lễ Tết), du lịch | Yêu cầu: - Tốt nghiệp Trung cấp trở lên hoặc bằng nghề 3/7 chuyên ngành cơ khí- Ưu tiên ứng viên có kinh n",co_khi,TimViec365,https://timviec365.vn/nhan-vien-van-hanh-phay-cnc-p2063263.html,2026-04-15T08:20:42.972844,easy,0.8,trung_binh,False,True,working,OK (200)
labor_timviec365_2062897,Nhân Viên Bảo Trì Máy Móc Và Kỹ Nghệ Sắt,CÔNG TY TNHH SX TM VÀ DV VINO,,,14000000,14000000,full-time,any,0,,"14.000.000 VNĐ | 05/05/2026 | Long An | Cơ khí - Chế tạo | Quyền lợi: Lương: từ 14 triệu + phụ cấp cơm trưaĐược hưởng các chế độ BHXH, BHYT, BHTN theo quy định nhà nước.Được thưởng Lễ, Tết, lương tháng 13 theo quy định công ty.Được tham gia các phúc lợi khác theo quy định công ty.Làm việc trong môi trường chuyên nghiệp, năng động, thân thiện.Lương: từ 14 triệu + phụ cấp cơm trưaĐược hưởng các chế độ BHXH, BHYT, BHTN theo quy định nhà nước.Được thưởng Lễ, Tết, lương tháng 13 theo quy định công ty",co_khi,TimViec365,https://timviec365.vn/nhan-vien-bao-tri-may-moc-va-ky-nghe-sat-p2062897.html,2026-04-15T08:20:42.980145,easy,0.8,trung_binh,False,True,working,OK (200)
labor_timviec365_2062886,KỸ THUẬT VIÊN/ KỸ SƯ CƠ KHÍ,Hajin Vina High Tech,,Bình Dương,0,0,full-time,any,0,,"Thỏa thuận | 05/05/2026 | Bình Dương | Cơ khí - Chế tạo | Quyền lợi: *  Mức lương: Thỏa thuận.*  Được hưởng đầy đủ các chế độ BHXH, BHYT, BHTN theo quy định của pháp luật.*  Thưởng lễ, Tết, lương tháng 13.*  Môi trường làm việc chuyên nghiệp, năng động, có cơ hội phát triển bản thân.*  Các chế độ phúc lợi khác theo quy định của công ty.*  Mức lương: Thỏa thuận.*  Được hưởng đầy đủ các chế độ BHXH, BHYT, BHTN theo quy định của pháp luật.*  Thưởng lễ, Tết, lương tháng 13.*  Môi trường làm việc chu",co_khi,TimViec365,https://timviec365.vn/ky-thuat-vien-ky-su-co-khi-p2062886.html,2026-04-15T08:20:42.985056,easy,0.8,trung_binh,False,True,working,OK (200)
labor_timviec365_2063779,Quản lý bộ phận khuôn,CÔNG TY TNHH THƯƠNG MẠI VÀ DỊCH VỤ AZLINK VIỆT NAM,Tiếng Anh|Giao Tiếp|Phục Vụ,Hải Dương,0,0,full-time,any,3,,"Thỏa thuận | 02/05/2026 | Hải Dương | Cơ khí - Chế tạo | Quyền lợi: - Lương thỏa thuận theo năng lực;- Làm việc trong môi trường năng động, chuyên nghiệp có nhiều cơ hội thăng tiến;- Cung cấp trang thiết bị đầy đủ để phục vụ công việc;- Được đóng BHXH, BHYT, BHTN theo quy định;- Hưởng hoa hồng theo lợi nhuận phòng khuôn.- Lương thỏa thuận theo năng lực;- Làm việc trong môi trường năng động, chuyên nghiệp có nhiều cơ hội thăng tiến;- Cung cấp trang thiết bị đầy đủ để phục vụ công việc;- Được đóng",co_khi,TimViec365,https://timviec365.vn/quan-ly-bo-phan-khuon-p2063779.html,2026-04-15T08:20:42.989873,medium,0.8,trung_binh,False,True,working,OK (200)
labor_timviec365_2063727,Tuyển nhân viên sản xuất,Công ty TNHH Sản xuất và Thương mại Vương Thắng,,Hà Nội,11000000,11000000,full-time,any,0,,"11.000.000 VNĐ | 30/05/2026 | Hà Nội | Cơ khí - Chế tạo | Quyền lợi: - Mức thu nhập hấp dẫn từ 8,5 - 11 triệu đồng/tháng.- Cơ hội tham gia vào các hoạt động tập thể, tăng cường tinh thần đồng đội và gắn kết giữa các nhân viên.- Được tham gia đóng bảo hiểm xã hội, đảm bảo quyền lợi cho nhân viên trong quá trình làm việc.- Mức thu nhập hấp dẫn từ 8,5 - 11 triệu đồng/tháng.- Cơ hội tham gia vào các hoạt động tập thể, tăng cường tinh thần đồng đội và gắn kết giữa các nhân viên.- Được tham gia đóng b",co_khi,TimViec365,https://timviec365.vn/tuyen-nhan-vien-san-xuat-p2063727.html,2026-04-15T08:20:42.995025,easy,0.8,trung_binh,False,True,working,OK (200)
labor_timviec365_2063387,NHÂN VIÊN KỸ THUẬT CƠ KHÍ,Công Ty cổ Phần Kỹ Thuật CKM Việt Nam,,Hà Nội,15000000,15000000,full-time,any,0,,"15.000.000 VNĐ | 30/05/2026 | Hà Nội | Cơ khí - Chế tạo | Quyền lợi: + Mức lương thỏa thuận theo năng lực. + Môi trường làm việc chuyên nghiệp, năng động, thân thiện và hòa đồng + Thưởng tháng lương thứ 13, Tết âm lịch, các ngày lễ lớn trong năm. + Được phụ cấp ăn trưa và phụ cấp theo công việc.+Tham gia các chế độ BHXH, chế độ nghỉ phép (đầy đủ theo quy định của Nhà Nước) sau khi ký HĐLĐ chính thức. + Được đào tạo thêm để nâng cao trình độ chuyên môn + Nghỉ chiều T7 và CN và các ngày lễ, Tết th",co_khi,TimViec365,https://timviec365.vn/nhan-vien-ky-thuat-co-khi-p2063387.html,2026-04-15T08:20:43.000217,medium,0.8,trung_binh,False,True,working,OK (200)
labor_timviec365_2063061,Thợ Hàn CO2/Laser,CÔNG TY TNHH KỸ THUẬT SOLIDTECH,,Hồ Chí Minh,25000000,25000000,temporary,any,0,,"25.000.000 VNĐ | 30/05/2026 | Hồ Chí Minh | Cơ khí - Chế tạo | Quyền lợi: - Mức lương chính thức: 10.000.000 – 15.000.000 VNĐ/tháng (28400******00.000 cho thợ có tay nghề cao) - Thử việc 85% mức lương chính thức từ 1 - 3 tháng, đạt yêu cầu sẽ ký hợp đồng chính thức.- Hưởng phép năm theo quy định. - Đóng BHXH, BHYT, BHTN đầy đủ. - Các chế độ phúc lợi khác theo quy định nhà nước.- Mức lương chính thức: 10.000.000 – 15.000.000 VNĐ/tháng (28400******00.000 cho thợ có tay nghề cao)- Thử việc 85% mức ",co_khi,TimViec365,https://timviec365.vn/tho-han-co2-han-laser-p2063061.html,2026-04-15T08:20:43.003517,medium,0.3,trung_binh,False,True,working,OK (200)
labor_timviec365_2062794,Tuyển Nhân Viên Cơ Khí,Công Ty Tnhh Sản Xuất - Thương Mại - Dịch Vụ Sắt Thép Thấu Huệ,,Hồ Chí Minh,15000000,15000000,full-time,any,0,,"15.000.000 VNĐ | 30/05/2026 | Hồ Chí Minh | Cơ khí - Chế tạo | Quyền lợi: - Lương được thỏa thuận theo năng lực (từ 10 triệu trở lên), những ứng viên chưa có kinh nghiệm sẽ được đào tạo.- Đối với những ứng viên có kinh nghiệm, lương sẽ được cộng thêm thưởng hiệu suất và các phụ cấp khác.- Chấp nhận sinh viên mới ra trường trong lĩnh vực kỹ thuật, cơ khí.- Cung cấp bữa trưa miễn phí.- Tham gia bảo hiểm xã hội và các chế độ khác theo quy định của Nhà nước.- Lương được thỏa thuận theo năng lực (từ ",co_khi,TimViec365,https://timviec365.vn/tuyen-nhan-vien-co-khi-p2062794.html,2026-04-15T08:20:43.007850,medium,0.8,trung_binh,False,True,working,OK (200)
labor_timviec365_2062524,Kỹ thuật viên Cơ Khí,CÔNG TY TNHH TECHNOS,Tiếng Anh|Giao Tiếp,Hồ Chí Minh,10000000,10000000,temporary,any,0,,"10.000.000 VNĐ | 28/05/2026 | Hồ Chí Minh | Cơ khí - Chế tạo | Quyền lợi: Lương: 10.000.000 VNĐThử việc 85% lương chính thức trong thời gian 2 tháng làm việc;Thưởng dự án theo tình hình kinh doanh của Công ty;Môi trường làm việc thân thiện, văn minh, chuyên nghiệp;Hỗ trợ cơm trưa văn phòng;Có hỗ trợ nhà trọ cho nhân viên sau khi ký hợp đồng; Các chế độ phúc lợi, chế độ bảo hiểm theo quy định của Công ty và pháp luật.Lương: 10.000.000 VNĐThử việc 85% lương chính thức trong thời gian 2 tháng làm v",co_khi,TimViec365,https://timviec365.vn/ky-thuat-vien-co-khi-p2062524.html,2026-04-15T08:20:43.014016,easy,0.3,trung_binh,False,True,working,OK (200)
labor_timviec365_2062474,Tuyển Nhân Viên Sale Tại Hồ Chí Minh,Công ty TNHH Tự động hóa & TBGD Đông Dương,Giao Tiếp|Phục Vụ,Hồ Chí Minh,30000000,30000000,full-time,any,0,,"30 triệu | 25/05/2026 | Hồ Chí Minh | Nhân viên kinh doanh, Điện - Điện tử, Cơ khí - Chế tạo | Quyền lợi: - Mức thu nhập hấp dẫn bao gồm lương cứng và hoa hồng theo doanh số không giới hạn.- Thưởng KPI, thưởng theo dự án và thưởng theo qu&yacute;/năm để ghi nhận những nỗ lực và thành tích xuất sắc.- Được hưởng đầy đủ chế độ bảo hiểm xã hội, bảo hiểm y tế, nghỉ phép, thưởng lễ tết và các chuyến du lịch hàng năm.- Cơ hội được đào tạo chuyên sâu về sản phẩm mà công ty đang phân phối và kỹ năng bán ",co_khi,TimViec365,https://timviec365.vn/tuyen-nhan-vien-sale-tai-ho-chi-minh-p2062474.html,2026-04-15T08:20:43.017670,hard,0.8,trung_binh,False,True,working,OK (200)
labor_timviec365_2062438,"Nhân viên vận hành máy Phay, Tiện CNC",Công ty TNHH STK,Chăm Sóc,Bình Dương,15000000,15000000,full-time,any,0,,"15.000.000 VNĐ | 24/05/2026 | Bình Dương | Cơ khí - Chế tạo | Quyền lợi: *  Bảo hiểm: BHXH, BHTN, bảo hiểm tai nạn.*  Chăm sóc sức khỏe: Khám sức khỏe định kỳ.*  Đãi ngộ: Du lịch, sinh nhật, hiếu hỷ.*  Mức lương: Từ 9.000.000 VNĐ đến 15.000.000 VNĐ.*  Bảo hiểm: BHXH, BHTN, bảo hiểm tai nạn.*  Chăm sóc sức khỏe: Khám sức khỏe định kỳ.*  Đãi ngộ: Du lịch, sinh nhật, hiếu hỷ.*  Mức lương: Từ 9.000.000 VNĐ đến 15.000.000 VNĐ. | Yêu cầu: *  Ưu tiên ứng viên mới tốt nghiệp chuyên ngành Cơ khí hoặc có ",co_khi,TimViec365,https://timviec365.vn/nhan-vien-van-hanh-may-phay-tien-cnc-p2062438.html,2026-04-15T08:20:43.020795,medium,0.8,trung_binh,False,True,working,OK (200)
labor_timviec365_2062328,Kỹ sư thiết kế cơ khí,CÔNG TY TNHH THƯƠNG MẠI DỊCH VỤ TECH GARDEN,,Hồ Chí Minh,0,0,full-time,any,0,,"Thỏa thuận | 22/05/2026 | Hồ Chí Minh | Cơ khí - Chế tạo | Quyền lợi: *  Lương thỏa thuận, cạnh tranh theo năng lực và kinh nghiệm, xét tăng lương theo hiệu quả công việc.*  Đầy đủ chế độ BHXH, BHYT, BHTN theo quy định của pháp luật.*  Môi trường làm việc chuyên nghiệp, năng động, nhiều cơ hội phát triển kỹ năng và thăng tiến.*  Lương thỏa thuận, cạnh tranh theo năng lực và kinh nghiệm, xét tăng lương theo hiệu quả công việc.*  Đầy đủ chế độ BHXH, BHYT, BHTN theo quy định của pháp luật.*  Môi tr",co_khi,TimViec365,https://timviec365.vn/ky-su-thiet-ke-co-khi-p2062328.html,2026-04-15T08:20:43.025650,easy,0.8,trung_binh,False,True,working,OK (200)
labor_timviec365_2062858,Kỹ Sư Cơ Khí,Công ty Cổ phần Tập đoàn sản xuất Thép Việt Đức,Giao Tiếp,Vĩnh Phúc,22000000,22000000,full-time,any,0,,"22.000.000 VNĐ | 15/05/2026 | Vĩnh Phúc | Cơ khí - Chế tạo | Quyền lợi: - Môi trường làm việc chuyên nghiệp, năng động.- Cơ hội được đào tạo và phát triển bản thân.- Được hưởng các chế độ bảo hiểm theo quy định của pháp luật, thưởng tháng 13,…- Chế độ nghỉ phép, nghỉ lễ theo quy định.- Cơ hội thăng tiến trong công việc.- Môi trường làm việc chuyên nghiệp, năng động.- Cơ hội được đào tạo và phát triển bản thân.- Được hưởng các chế độ bảo hiểm theo quy định của pháp luật, thưởng tháng 13,…- Chế độ",co_khi,TimViec365,https://timviec365.vn/ky-su-co-khi-p2062858.html,2026-04-15T08:20:43.030719,medium,0.8,trung_binh,False,True,working,OK (200)
labor_timviec365_2061633,tuyểnn dụng nhân viên kinh doanh kỹ thuật,Công ty TNHH TH Vina,Excel|Word|Powerpoint|Tiếng Anh|Giao Tiếp|Word|Internet,Hà Nội,20000000,20000000,full-time,any,1,,"20.000.000 VNĐ | 12/05/2026 | Hà Nội | Cơ khí - Chế tạo, Quản trị kinh doanh, Điện - Điện tử | Quyền lợi: - Thu nhập: lương cơ bản 12 &ndash; 20 triệu + hoa hồng (không giới hạn, tùy theo năng lực và kết quả công việc). - Phụ cấp: điện thoại, ăn trưa. - Chế độ nghỉ phép 12 ngày/năm. - Được tham gia bhxh, bhyt, bhtn theo luật lao động sau thời gian thử việc. - Cung cấp laptop, tham gia các khóa đào tạo chuyên môn từ chuyên gia và nhà cung cấp. - Thưởng cuối năm dựa trên kết quả công việc cá nhân ",co_khi,TimViec365,https://timviec365.vn/tuyenn-dung-nhan-vien-kinh-doanh-ky-thuat-p2061633.html,2026-04-15T08:20:53.732548,medium,0.8,trung_binh,False,True,working,OK (200)
labor_timviec365_2061879,Quản lý kỹ thuật cơ khí CNC,Hajin Vina High Tech,Tiếng Anh|Giao Tiếp,Bình Dương,0,0,full-time,any,5,,"Thỏa thuận | 10/05/2026 | Bình Dương | Cơ khí - Chế tạo | Quyền lợi: *  Theo chính sách và thỏa thuận của công ty.*  Theo chính sách và thỏa thuận của công ty. | Yêu cầu: - tốt nghiệp chuyên ngành kỹ thuật cơ khí, điện, điện tử.- giao tiếp thành thạo tiếng anh và tiếng hàn để hỗ trợ công việc hiệu quả.- thành thạo vẽ autocad 2d/3d, có khả năng thiết kế và mô phỏng kỹ thuật.- tối thiểu 5 năm kinh nghiệm trong lĩnh vực cơ khí công nghiệp, chế tạo máy cnc, sản xuất hàng điện tử, trong đó có ít nhất",co_khi,TimViec365,https://timviec365.vn/tuyen-ky-su-co-khi-cnc-p2061879.html,2026-04-15T08:20:53.735424,hard,0.8,trung_binh,False,True,working,OK (200)
labor_timviec365_2062324,Kỹ thuật cơ khí,Công ty TNHH Pima Holding,,,15000000,15000000,full-time,any,0,,"15.000.000 VNĐ | 05/05/2026 | Long An | Cơ khí - Chế tạo | Quyền lợi: - Thời gian làm việc: Theo ca hoặc giờ hành chính (tùy mong muốn của ứng viên)- Mức lương: 10 - 15 triệu/tháng- Phúc lợi: BHXH, BHYT, BHTN đầy đủ; thưởng năng suất, phụ cấp, đào tạo nâng cao tay nghề. - CÔNG TY HỖ TRỢ CHỔ Ở MIỄN PHÍ- Thời gian làm việc: Theo ca hoặc giờ hành chính (tùy mong muốn của ứng viên)- Mức lương: 10 - 15 triệu/tháng- Phúc lợi: BHXH, BHYT, BHTN đầy đủ; thưởng năng suất, phụ cấp, đào tạo nâng cao tay ngh",co_khi,TimViec365,https://timviec365.vn/ky-thuat-co-khi-p2062324.html,2026-04-15T08:20:53.739309,medium,0.8,trung_binh,False,True,working,OK (200)
labor_timviec365_2062229,KỸ SƯ THIẾT KẾ CƠ KHÍ,VINA TOF,,Hồ Chí Minh,0,0,full-time,any,2,,"Thỏa thuận | 04/05/2026 | Hồ Chí Minh | Cơ khí - Chế tạo | Quyền lợi: 1. Lương thưởng /phúc lợi:- Lương thỏa thuận theo năng lực;- Thưởng theo kết quả kinh doanh, dự án..;- Lương tháng thứ 13;- Công tác phí theo quy định Công ty.2. Cơ hội đào tạo và phát triển:- Được đề bạt thăng tiến trên cơ sở năng lực, thành tích và mong muốn phát triển của bản thân; cơ hội phát triển nghề nghiệp rõ ràng cho từng vị trí;- Được làm việc với các công ty Nhật - Mỹ  - Hàn1. Lương thưởng /phúc lợi:- Lương thỏa thu",co_khi,TimViec365,https://timviec365.vn/ky-su-thiet-ke-co-khi-p2062229.html,2026-04-15T08:20:53.746296,medium,0.8,trung_binh,False,True,working,OK (200)
labor_timviec365_2061637,PHỤ TRÁCH KỸ THUẬT CƠ KHÍ,Công ty cổ phần Cryotech Việt nam,,Bắc Ninh,18000000,18000000,full-time,any,1,,"18.000.000 VNĐ | 03/05/2026 | Bắc Ninh, Hưng Yên | Cơ khí - Chế tạo, Hóa học - Sinh học | Quyền lợi: - Quyền lợi: được đóng bhxh, bhyt, bhtn, chế độ ăn ca, bảo hộ lao động, khám sức khoẻ định kỳ, nghỉ mát hằng năm, đào tạo nâng cao trình độ, &hellip; - Thu nhập: mức lương từ 12.000.000đ &ndash; 18.000.000đ, có thoả thuận theo từng vị trí công việc và năng lực của ứng viên. ngoài ra được thưởng sáng kiến cải tiến, các ngày lễ, tết, &hellip; - Thời gian làm việc: từ thứ 2 - thứ 7, sáng 7h30-11h; c",co_khi,TimViec365,https://timviec365.vn/phu-trach-ky-thuat-co-khi-p2061637.html,2026-04-15T08:20:53.750282,medium,0.8,trung_binh,False,True,working,OK (200)
labor_timviec365_2062123,công nhân gia công nhôm,CÔNG TY TNHH AME ALUMINIUM,,,0,0,full-time,any,0,,"Thỏa thuận | 30/05/2026 | Bình Thuận | Cơ khí - Chế tạo | Quyền lợi: lương cơ bản + phụ cấp + thưởng, thỏa thuận theo đúng năng lực làm việc thưởng tháng 13 và ghi nhận cống hiến và thưởng hiệu quả cuối năm, thưởng lễ tết được tham gia bhxh, bhyt, bhtn theo quy định của luật lao động. được đào tạo và làm việc trong công ty có quy mô và thuận lợi trong việc nâng cao trình độ chuyên môn và kinh nghiệp làm việc.lương cơ bản + phụ cấp + thưởng, thỏa thuận theo đúng năng lực làm việc thưởng tháng 13 ",co_khi,TimViec365,https://timviec365.vn/cong-nhan-gia-cong-nhom-p2062123.html,2026-04-15T08:20:53.753195,easy,0.8,trung_binh,False,True,working,OK (200)
labor_timviec365_2062025,Nhân viên kỹ thuật bảo hành cơ khí điện lạnh,Công Ty Cp Kỹ Thuật Lê Bình,,Hà Nội,10000000,10000000,full-time,any,0,,"10.000.000 VNĐ | 28/05/2026 | Hà Nội | Cơ khí - Chế tạo | Quyền lợi: Thu nhập: Từ 10.000.000 VNĐ + xăng xe + phụ cấp ăn trưa + thưởng hiệu quảLàm việc chỉ 7 tiếng/ ngày từ 8h30 - 16h30 hàng ngày, nghỉ 2 thứ 7/ thángĐược hướng dẫn/ đào tạo nâng cao trình độ chuyên mônĐược làm việc trong môi trường chuyên nghiệp, trẻ trung, năng động.Hưởng các chế độ BHYT/ BHXH/ BHTN ngay khi hết thử việc, chế độ nghỉ ngơi, lễ, tết, du lịch theo quy định của nhà nước và nội bộ của công tyThu nhập: Từ 10.000.000 VN",co_khi,TimViec365,https://timviec365.vn/nhan-vien-ky-thuat-bao-hanh-co-khi-djien-lanh-p2062025.html,2026-04-15T08:20:53.757941,easy,0.8,trung_binh,False,True,working,OK (200)
labor_timviec365_2061844,"nhân viên cơ khí (thợ cơ khí, học việc cơ khí)",CÔNG TY TNHH TMDV TECH GARDEN,,Hồ Chí Minh,0,0,full-time,any,0,,"Thỏa thuận | 24/05/2026 | Hồ Chí Minh | Cơ khí - Chế tạo | Quyền lợi: lương thỏa thuận tùy năng lực và kinh nghiệmthưởng năng suất, phụ cấp (ăn trưa, đi lại, tăng ca).được đóng đầy đủ bhxh, bhyt, bhtn theo quy định.môi trường làm việc chuyên nghiệp, có cơ hội nâng cao tay nghề.lương thỏa thuận tùy năng lực và kinh nghiệmthưởng năng suất, phụ cấp (ăn trưa, đi lại, tăng ca).được đóng đầy đủ bhxh, bhyt, bhtn theo quy định.môi trường làm việc chuyên nghiệp, có cơ hội nâng cao tay nghề. | Yêu cầu: có",co_khi,TimViec365,https://timviec365.vn/nhan-vien-co-khi-tho-co-khi-hoc-viec-co-khi-p2061844.html,2026-04-15T08:20:53.763108,easy,0.8,trung_binh,False,True,working,OK (200)
labor_timviec365_2061139,Tuyển nhân viên vệ sinh máy CNC,Công ty TNHH Fluma Tech,,Hà Nội,12000000,12000000,full-time,any,0,,"12.000.000 VNĐ | 24/05/2026 | Hà Nội | Cơ khí - Chế tạo | Quyền lợi: - Mức lương hấp dẫn từ 8-12 triệu đồng, có chế độ ngoài giờ (nếu có).- Phụ cấp ăn trưa, đi lại và điện thoại đầy đủ.- Môi trường làm việc thoải mái, linh hoạt và chuyên nghiệp.- Được đóng bảo hiểm xã hội đầy đủ theo quy định sau thời gian thử việc.- Mức lương hấp dẫn từ 8-12 triệu đồng, có chế độ ngoài giờ (nếu có).- Phụ cấp ăn trưa, đi lại và điện thoại đầy đủ.- Môi trường làm việc thoải mái, linh hoạt và chuyên nghiệp.- Được ",co_khi,TimViec365,https://timviec365.vn/tuyen-nhan-vien-ve-sinh-may-cnc-p2061139.html,2026-04-15T08:20:53.766291,easy,0.8,trung_binh,False,True,working,OK (200)
labor_timviec365_2061803,tuyển nhân viên cơ khí,CÔNG TY CỔ PHẦN GIẢI PHÁP CÔNG NGHỆ TỰ ĐỘNG HÓA 4.0,,Hà Nội,15000000,15000000,full-time,any,0,,"15.000.000 VNĐ | 23/05/2026 | Hà Nội | Cơ khí - Chế tạo | Quyền lợi: - mức thu nhập từ 6 đến 15 triệu đồng, tùy vào vị trí và năng lực.- được hưởng bảo hiểm y tế, bảo hiểm thất nghiệp; thưởng lễ, tết, sinh nhật, và tháng 13 theo quy định của nhà nước.- môi trường làm việc trẻ trung, thân thiện và năng động.- cung cấp chỗ ở miễn phí cho nhân viên ở xa.- mức thu nhập từ 6 đến 15 triệu đồng, tùy vào vị trí và năng lực.- được hưởng bảo hiểm y tế, bảo hiểm thất nghiệp; thưởng lễ, tết, sinh nhật, và t",co_khi,TimViec365,https://timviec365.vn/tuyen-nhan-vien-co-khi-p2061803.html,2026-04-15T08:20:53.769016,medium,0.8,trung_binh,False,True,working,OK (200)
labor_timviec365_2061093,Tuyển nhân viên cơ khí lắp ráp,CÔNG TY TNHH RIMACX VIỆT NAM,Bảo Vệ,Bắc Ninh,10000000,10000000,full-time,any,0,,"10.000.000 VNĐ | 22/05/2026 | Bắc Ninh | Cơ khí - Chế tạo | Quyền lợi: - Mức lương: thỏa thuận trong buổi phỏng vấn, kèm theo hỗ trợ ăn trưa.- Thưởng tháng lương thứ 13 và các phúc lợi khác theo chính sách của công ty.- Nghỉ 2 ngày thứ Bảy và các ngày Chủ Nhật trong tháng.- Được đóng bảo hiểm theo quy định của pháp luật Việt Nam.- Môi trường làm việc thân thiện, chuyên nghiệp và ổn định lâu dài.- Thời gian làm việc: từ 8 giờ đến 17 giờ, với 1 giờ nghỉ trưa và giữa giờ.- Mức lương: thỏa thuận tro",co_khi,TimViec365,https://timviec365.vn/tuyen-nhan-vien-co-khi-lap-rap-p2061093.html,2026-04-15T08:20:53.772693,easy,0.8,trung_binh,False,True,working,OK (200)
labor_timviec365_2061715,nhân viên thiết kế cơ khí (kim loại tấm),CÔNG TY TNHH SX TM DV SAPAI,Giao Tiếp,Bình Dương,13000000,13000000,full-time,any,0,,"13.000.000 VNĐ | 21/05/2026 | Bình Dương | Cơ khí - Chế tạo | Quyền lợi: Mức lương từ 9.000.000 VNĐ đến 13.000.000 VNĐ.Tham gia đầy đủ bảo hiểm xã hội, bảo hiểm thất nghiệp 24/24.Công ty bao cơm trưa.Thưởng lễ, Tết, lương tháng 13.Du lịch hàng năm.Hỗ trợ vay vốn.Tặng sữa cho con nhỏ.Mức lương từ 9.000.000 VNĐ đến 13.000.000 VNĐ.Tham gia đầy đủ bảo hiểm xã hội, bảo hiểm thất nghiệp 24/24.Công ty bao cơm trưa.Thưởng lễ, Tết, lương tháng 13.Du lịch hàng năm.Hỗ trợ vay vốn.Tặng sữa cho con nhỏ. | Yê",co_khi,TimViec365,https://timviec365.vn/nhan-vien-thiet-ke-co-khi-kim-loai-tam-p2061715.html,2026-04-15T08:20:53.778825,easy,0.8,trung_binh,False,True,working,OK (200)
labor_timviec365_2060958,Kỹ sư cơ khí,Tổng công ty Lâm nghiệp Việt Nam - ctcp,,Lạng Sơn,0,0,full-time,any,1,,"Thỏa thuận | 20/05/2026 | Lạng Sơn | Cơ khí - Chế tạo | Quyền lợi: *  Lương thỏa thuận.*  Đầy đủ chế độ BHXH, BHYT, BHTN.*  Môi trường năng động, chuyên nghiệp, nhiều cơ hội phát triển.*  Lương thỏa thuận.*  Đầy đủ chế độ BHXH, BHYT, BHTN.*  Môi trường năng động, chuyên nghiệp, nhiều cơ hội phát triển. | Yêu cầu: - Tốt nghiệp đại học đúng chuyên ngành.-  Có ít nhất 01 năm kinh nghiệm làm việc; Ưu tiên ứng viên có kinh nghiệm làm việc trong các nhà máy chế biến gỗ nói chung, đặc biệt là sản xuất ",co_khi,TimViec365,https://timviec365.vn/ky-su-co-khi-p2060958.html,2026-04-15T08:20:53.783494,easy,0.8,trung_binh,False,True,working,OK (200)
labor_timviec365_2061005,Công nhân sản xuất,Công ty Alumax việt nam,,Hà Nam,0,0,full-time,any,0,,"Thỏa thuận | 19/05/2026 | Hà Nam | Cơ khí - Chế tạo | Quyền lợi: *  Lương: Thỏa thuận*  Đầy đủ chế độ BHXH, BHYT theo quy định.*  Tham gia các hoạt động nội bộ, gắn kết của công ty.*  Lương: Thỏa thuận*  Đầy đủ chế độ BHXH, BHYT theo quy định.*  Tham gia các hoạt động nội bộ, gắn kết của công ty. | Yêu cầu: Đủ 18 tuổi, có sức khỏe tốt và sự bền bỉ để đi, đứng và mang vác trong thời gian dài.- Có những kiến thức, kỹ năng làm việc cần thiết.- Sử dụng dụng cụ điện an toàn và tiết kiệm.- Làm việc và",co_khi,TimViec365,https://timviec365.vn/cong-nhan-san-xuat-p2061005.html,2026-04-15T08:20:53.786266,easy,0.8,trung_binh,False,True,working,OK (200)
labor_timviec365_2060946,Nhân Viên Cơ Khí,Công Ty TNHH Luyện Kim Trần Hồng Quân,,,13000000,13000000,full-time,any,0,,"13.000.000 VNĐ | 19/05/2026 | Đắk Nông | Cơ khí - Chế tạo | Quyền lợi: - CÓ KTX BAO ĂN Ở 3 BỮA tại công ty dành cho nhân viên ở xa - Được sử dụng 02 ngày phép trong thời gian thử việc - Ăn trưa tại nhà ăn Công ty - Lương tháng 13, thưởng lễ tết, sinh nhật, hiếu - hỷ, sinh nhật, ... - Du lịch, teambuilding - Khám sức khỏe định kỳ/năm - Cấp đầy đủ đồng phục, bảo hộ lao động, thiết bị phù hợp - Đóng bảo hiểm xã hội theo quy định của pháp luật- CÓ KTX BAO ĂN Ở 3 BỮA tại công ty dành cho nhân viên ở ",co_khi,TimViec365,https://timviec365.vn/nhan-vien-co-khi-p2060946.html,2026-04-15T08:20:53.793040,easy,0.8,trung_binh,False,True,working,OK (200)
labor_timviec365_2060873,CÔNG TY ĐỒNG TÂM CẦN GẤP KỸ THUẬT CƠ KHÍ,CÔNG TY CỔ PHẦN TỰ ĐỘNG HÓA ĐỒNG TÂM,,Hà Nội,20000000,20000000,full-time,any,0,,"20.000.000 VNĐ | 18/05/2026 | Hà Nội | Cơ khí - Chế tạo, Kỹ thuật | Quyền lợi: Mức lương: 15 &ndash; 20 triệu/tháng (hoặc thỏa thuận theo tay nghề).Được nâng lương theo năng lực và quá trình làm việc.Có chỗ ở gần văn phòng công ty.Tham gia bảo hiểm và các chế độ an sinh xã hội, hưởng đầy đủ quyền lợi theo quy định Nhà nước.Môi trường làm việc năng động &ndash; sáng tạo &ndash; phát triển bản thân.Mức lương: 15 – 20 triệu/tháng (hoặc thỏa thuận theo tay nghề).Được nâng lương theo năng lực và quá ",co_khi,TimViec365,https://timviec365.vn/cong-ty-djong-tam-can-gap-ky-thuat-p2060873.html,2026-04-15T08:20:53.797537,medium,0.8,trung_binh,False,True,working,OK (200)
labor_timviec365_2060822,TUYỂN NHÂN VIÊN SẢN XUẤT LẮP RÁP ĐIỆN CƠ KHÍ,CÔNG TY CỔ PHẦN HỆ THỐNG ĐIỆN VÀ TỰ ĐỘNG HÓA VIỆT NAM,,Hà Nội,10000000,10000000,full-time,any,0,,"10.000.000 VNĐ | 17/05/2026 | Hà Nội | Cơ khí - Chế tạo, Điện - Điện tử | Quyền lợi: Mức lương: 6.500.000 - 1******* VNĐHưởng lương tháng thứ 13, thưởng Lễ - Tết, các quyền lợi khác theo quy định của Công tyĐược đóng bảo hiểm theo quy định của Luật Lao độngĐược đào tạo trong môi trường chuyên nghiệp, năng động và bài bản khi hồi nhập vào nghề sản xuất tủ điệnMức lương:6.500.000 - 1******* VNĐHưởng lương tháng thứ 13, thưởng Lễ - Tết, các quyền lợi khác theo quy định của Công tyĐược đóng bảo hiểm",co_khi,TimViec365,https://timviec365.vn/tuyen-nhan-vien-san-xuat-lap-rap-djien-co-khi-p2060822.html,2026-04-15T08:20:53.803518,easy,0.8,trung_binh,False,True,working,OK (200)
labor_timviec365_2061462,Tuyển Kỹ sư Cơ Khí,Công Ty TNHH Thương Mại Dịch Vụ Chí Hào,Giao Tiếp,Hồ Chí Minh,0,0,full-time,any,2,,"Thỏa thuận | 15/05/2026 | Hồ Chí Minh | Cơ khí - Chế tạo | Quyền lợi: - Được hưởng đầy đủ các chế độ theo quy định của pháp luật, bao gồm BHYT, BHXH, BHTN và các chế độ phúc lợi theo nội quy, quy chế của Công ty như tham quan, nghỉ mát, lương thưởng, nghỉ Tết lễ, v.v.- Được làm việc trong môi trường chuyên nghiệp, thân thiện, có nhiều cơ hội thăng tiến và phát triển nghề nghiệp.- Được hưởng đầy đủ các chế độ theo quy định của pháp luật, bao gồm BHYT, BHXH, BHTN và các chế độ phúc lợi theo nội qu",co_khi,TimViec365,https://timviec365.vn/tuyen-ky-su-co-khi-p2061462.html,2026-04-15T08:20:53.810358,medium,0.8,trung_binh,False,True,working,OK (200)
labor_timviec365_2060669,Kỹ Thuật Bảo Trì Biết Hàn,CÔNG TY TNHH PHƯỚC LỢI,,,15000000,15000000,temporary,any,0,,"15.000.000 VNĐ | 15/05/2026 | Long An | Bảo trì, Cơ khí - Chế tạo, Kỹ thuật | Quyền lợi: + Tuyển thợ chưa có tay nghề dạy việc có lương+ Thợ chưa có kinh nghiệm lương 350 đến 450k + Thợ có kinh nghiệm 450k-550kThêm giờ x1.5, còn ngày lễ x2Làm lao động thời vụ 3 đến 6 tháng làm tốt sẽ tuyển dụng lâu dàiĐược cấp bảo hộ lao động bảo hiểm 24h làm trong nhà xưởng.Có hỗ trợ ăn trưa, hỗ trợ nhà ở cho người ở xa+ Tuyển thợ chưa có tay nghề dạy việc có lương+ Thợ chưa có kinh nghiệm lương 350 đến 450k+ T",co_khi,TimViec365,https://timviec365.vn/tho-co-khi-tho-sat-tho-han-p2060669.html,2026-04-15T08:20:53.820793,medium,0.3,trung_binh,False,True,working,OK (200)
labor_timviec365_2061432,Nhân viên thiết kế cơ khí phái cử đi Nhật,Công ty TNHH Yokowo Việt Nam,,Hà Nam,30000000,30000000,full-time,any,0,,"Trên 30 triệu | 14/05/2026 | Hà Nam | Cơ khí - Chế tạo | Quyền lợi: Lương ở Nhật: 30 triệu/ tháng Lương khi về Việt Nam làm việc: 18 triệu/ tháng Đảm bảo một vị trí công việc tại công ty sau khi hoàn thành chương trình Cống hiến, phát triển nâng cao năng lực bản thân Các chế độ thưởng (2 lần/ năm), các dịp lễ Tết, tăng lương theo quy định công ty...Lương ở Nhật: 30 triệu/ thángLương khi về Việt Nam làm việc: 18 triệu/ thángĐảm bảo một vị trí công việc tại công ty sau khi hoàn thành chương trìnhC",co_khi,TimViec365,https://timviec365.vn/nhan-vien-thiet-ke-co-khi-phai-cu-dji-nhat-p2061432.html,2026-04-15T08:20:53.827314,hard,0.8,trung_binh,False,True,working,OK (200)
labor_timviec365_2061828,nhân viên bảo trì - đi làm ngay,CÔNG TY TNHH OKURA,,Đồng Nai,10000000,10000000,full-time,any,0,,"10.000.000 VNĐ | 10/05/2026 | Đồng Nai | Cơ khí - Chế tạo | Quyền lợi: - thưởng tháng 13 từ 1.0 - 2.5 lcb, thưởng chuyên cần năm- trợ cấp con nhỏ 350k đến khi con 15 tuổi- chế độ nghỉ lễ tết theo quy định- được tham gia đầy đủ các bhxh, bhyt, bhtn, bh 24h- du lịch hằng năm- khám sức khỏe định kỳ- cơ hội học hỏi, đào tạo và phát triển bản thân- thưởng tháng 13 từ 1.0 - 2.5 lcb, thưởng chuyên cần năm- trợ cấp con nhỏ 350k đến khi con 15 tuổi- chế độ nghỉ lễ tết theo quy định- được tham gia đầy đủ ",co_khi,TimViec365,https://timviec365.vn/nhan-vien-bao-tri-dji-lam-ngay-p2061828.html,2026-04-15T08:20:53.830713,easy,0.8,trung_binh,False,True,working,OK (200)
labor_timviec365_2060340,NHÂN VIÊN KINH DOANH DỰ ÁN GÓI THẦU,CÔNG TY CỔ PHẦN SẢN XUẤT VÀ THƯƠNG MẠI 68,Giao Tiếp,Hà Nội,15000000,15000000,full-time,any,0,,"15.000.000 VNĐ | 07/05/2026 | Hà Nội | Cơ khí - Chế tạo, Kỹ thuật, Nhân viên kinh doanh | Quyền lợi: • Thu nhập cạnh tranh theo năng lực và hiệu quả công việc. • Hưởng đầy đủ phúc lợi của công ty: BHXH, thưởng các ngày lễ, tết. • Cơ hội học hỏi công nghệ mới, nâng cao kỹ năng. • Môi trường làm việc chuyên nghiệp, năng động.• Thu nhập cạnh tranh theo năng lực và hiệu quả công việc.• Hưởng đầy đủ phúc lợi của công ty: BHXH, thưởng các ngày lễ, tết.• Cơ hội học hỏi công nghệ mới, nâng cao kỹ năng.•",co_khi,TimViec365,https://timviec365.vn/ky-su-trien-khai-du-an-goi-thau-p2060340.html,2026-04-15T08:20:53.840487,medium,0.8,trung_binh,False,True,working,OK (200)
labor_timviec365_2058366,Kỹ Sư Cơ Điện,Công ty cổ phần xây dựng Sông Hồng,Excel|Word|Powerpoint|Word,Hà Nội,18000000,18000000,full-time,any,7,,"18.000.000 VNĐ | 06/05/2026 | Hà Nội | Cơ khí - Chế tạo, Điện - Điện tử, Điện tử viễn thông | Quyền lợi: Lương thỏa thuận từ 18.000.000 VNĐ trở lên. Đầy đủ chế độ BHXH, BHYT, BHTN. Thưởng hiệu quả làm việc theo quý, năm, tháng lương thứ 13. Cơ hội du lịch và đào tạo nâng cao.Lương thỏa thuận từ 18.000.000 VNĐ trở lên.Đầy đủ chế độ BHXH, BHYT, BHTN.Thưởng hiệu quả làm việc theo quý, năm, tháng lương thứ 13.Cơ hội du lịch và đào tạo nâng cao. | Yêu cầu: Tốt nghiệp đại học trở lên các chuyên ngành:",co_khi,TimViec365,https://timviec365.vn/ky-su-djien-p2058366.html,2026-04-15T08:20:53.845634,hard,0.8,trung_binh,False,True,working,OK (200)
labor_timviec365_2060181,Tuyển Kỹ Thuật Viên CNC và Vận Hành Máy/ BDSC,Chi nhánh Tổng công ty Điện lực Dầu khí Việt Nam - Công ty Cổ phần - Trung Tâm Dịch Vụ Kỹ Thuật,Tiếng Anh|Giao Tiếp,Đồng Nai,0,0,full-time,any,0,,"Thỏa thuận | 06/05/2026 | Đồng Nai | Cơ khí - Chế tạo, Kỹ thuật, Sản xuất - Vận hành sản xuất | Quyền lợi: - Mức lương cạnh tranh, xét tăng lương định kỳ.- Thưởng hiệu suất, phụ cấp ca/kíp, ăn ca, công tác phí (nếu có).- Được đào tạo nâng cao tay nghề, cơ hội thăng tiến r&otilde; ràng.- Môi trường làm việc an toàn, chuyên nghiệp, ổn định lâu dài.- Tham gia đầy đủ BHXH, BHYT, BHTN và các chế độ khác theo luật lao động.- Mức lương cạnh tranh, xét tăng lương định kỳ.- Thưởng hiệu suất, phụ cấp ca/k",co_khi,TimViec365,https://timviec365.vn/tuyen-ky-thuat-vien-cnc-van-hanh-may-bdsc-p2060181.html,2026-04-15T08:20:53.850476,easy,0.8,trung_binh,False,True,working,OK (200)
labor_timviec365_2058774,Tuyển QUẢN LÝ SẢN XUẤT,CÔNG TY TNHH ĐIỆN TỬ ARIN VIỆT NAM,,,50000000,50000000,full-time,any,3,,"50.000.000 VNĐ | 03/05/2026 | Long An | Cơ khí - Chế tạo, Thẩm định - Giám thẩm định - Quản lý chất lượng | Quyền lợi: Mức lương hấp dẫn từ 30.000.000 VNĐ đến 50.000.000 VNĐ.Hưởng các chế độMức lương hấp dẫn từ 30.000.000 VNĐ đến 50.000.000 VNĐ.Hưởng các chế độ | Yêu cầu: - Trình độ Đại học các chuyên ngành điện, cơ điện tử- Y&Ecirc;U CẦU KINH NGHIỆM TỪ 3 NĂM TRỞ L&Ecirc;N Ở VỊ TR&Iacute; TƯƠNG ĐƯƠNG.- Ưu tiên người có kinh nghiệm đã làm qua ở các công ty sản xuất linh kiện điện tử, dây cáp Disp",co_khi,TimViec365,https://timviec365.vn/tuyen-quan-ly-san-xuat-p2058774.html,2026-04-15T08:20:53.853408,hard,0.8,trung_binh,False,True,working,OK (200)
labor_timviec365_2025638,Nhân viên Hành chính Nhân sự,Công ty My Job,Giao Tiếp,Hà Nội,7000000,10000000,full-time,any,0,,"Từ 7.000.000 VNĐ Đến 10.000.000 VNĐ | 30/06/2026 | Hà Nội | Hành chính - Văn phòng, Nhân sự | Quyền lợi: - * Lương: Từ 7.000.000 VNĐ Đến 10.000.000 VNĐ - * Hoa hồng tuyển dụng: 500.000 VNĐ - 4.000.000 VNĐ/ứng viên (tùy vị trí)- * Lương: Từ 7.000.000 VNĐ Đến 10.000.000 VNĐ- * Hoa hồng tuyển dụng: 500.000 VNĐ - 4.000.000 VNĐ/ứng viên (tùy vị trí) | Yêu cầu: - Có kinh nghiệm tuyển dụng nhân sự trong lĩnh vực sale, tư vấn khách hàng, IT… là một lợi thế(không có kinh nghiệm sẽ được đào tạo).- Có máy ",hanh_chinh,TimViec365,https://timviec365.vn/chuyen-vien-tuyen-dung-nhan-su-p2025638.html,2026-04-15T08:21:07.982084,easy,0.8,trung_binh,False,True,working,OK (200)
labor_timviec365_2066300,VSG TUYỂN DỤNG NHÂN VIÊN VĂN PHÒNG 2026 KẾ TOÁN KẾ HOẠCH SẢN XUẤT,CÔNG TY CỔ PHẦN KÍNH AN TOÀN VIỆT NHẬT,,Hưng Yên,18000000,18000000,full-time,any,0,,"Đến 18.000.000 VNĐ | 20/05/2026 | Hưng Yên | Hành chính - Văn phòng, Kế toán - Kiểm toán | Quyền lợi: - Thưởng thi đua hàng tháng: 1.500.000 đồng/tháng - Phụ cấp thâm niên: 500.000 – 1.000.000 đồng/tháng - Chế độ phúc lợi, sinh nhật, nghỉ mát, BHXH, BHYT theo quy định Công ty- Thưởng thi đua hàng tháng: 1.500.000 đồng/tháng- Phụ cấp thâm niên: 500.000 – 1.000.000 đồng/tháng- Chế độ phúc lợi, sinh nhật, nghỉ mát, BHXH, BHYT theo quy định Công ty | Yêu cầu: - Nhanh nhẹn, cẩn thận - Có kinh nghiệm ",hanh_chinh,TimViec365,https://timviec365.vn/vsg-tuyen-dung-nhan-vien-van-phong-2026-ke-toan-ke-hoach-san-xuat-p2066300.html,2026-04-15T08:21:07.988823,medium,0.8,trung_binh,False,True,working,OK (200)
labor_timviec365_2067007,CHUYÊN VIÊN CUNG ỨNG NHÂN SỰ,CÔNG TY CỔ PHẦN NHÂN LỰC TOPAZ,Giao Tiếp,Hồ Chí Minh,0,0,full-time,any,0,,"Thỏa thuận | 11/05/2026 | Hồ Chí Minh | Hành chính - Văn phòng | Quyền lợi: • Lương cơ bản: thỏa thuận theo năng lực ( 7tr5 – 10tr) + Hoa hồng + Thưởng dự án ( Thu nhập không giới hạn ) • Được tham gia các chế độ BHXH, BHYT theo các quy định của nhà nước và luật lao động • Được làm việc trong môi trường chuyên nghiệp, thân thiện, có cơ hội phát triển và thăng tiến trong công việc • Thưởng lương Tháng 13, 14(nếu có) • Du lịch nghỉ dưỡng hàng năm, khám sức khoẻ định kỳ• Lương cơ bản: thỏa thuận th",hanh_chinh,TimViec365,https://timviec365.vn/chuyen-vien-cung-ung-nhan-su-p2067007.html,2026-04-15T08:21:07.993304,easy,0.8,trung_binh,False,True,working,OK (200)
labor_timviec365_2066470,Nhân Viên Hành Chính Văn Thư,CÔNG TY CỔ PHẦN THỦY ĐIỆN TRUNG NAM,Excel|Word|Powerpoint|Tiếng Anh|Giao Tiếp|Word,,10000000,15000000,full-time,any,0,,"10 - 15 triệu | 25/05/2026 | Lâm Đồng | Hành chính - Văn phòng, Thư ký - Trợ lý | Quyền lợi: - 4. Môi trường và Thu nhập Mức lương: Trung bình khoảng 11 triệu VNĐ/tháng trên toàn quốc theo dữ liệu từ JobsGO. Cơ hội: Có thể phát triển lên các vị trí cao hơn như Trợ lý giám đốc (Assistant) – người có quyền hạn và trách nhiệm cao hơn thư ký thông thường- 4. Môi trường và Thu nhậpMức lương: Trung bình khoảng 11 triệu VNĐ/tháng trên toàn quốc theo dữ liệu từ JobsGO.Cơ hội: Có thể phát triển lên các v",hanh_chinh,TimViec365,https://timviec365.vn/nhan-vien-hanh-chinh-van-thu-p2066470.html,2026-04-15T08:21:07.999390,medium,0.8,trung_binh,False,True,working,OK (200)
labor_timviec365_2066167,CHỦ QUẢN NHÂN SỰ - HRBP,Công ty TNHH Moons Industries Việt Nam,Giao Tiếp,Hải Phòng,0,0,full-time,any,5,,"Thỏa thuận | 26/04/2026 | Hải Phòng | Hành chính - Văn phòng, Nhân sự | Quyền lợi: - Lương thỏa thuận - Môi trường làm việc quốc tế chuyên nghiệp, trẻ trung và năng động.  - Thu nhập cạnh tranh và được tham gia bảo hiểm xã hội theo đúng quy định.  - Chế độ thưởng các dịp Lễ (30/04 – 01/05, Quốc Khánh 02/09, Hiến chương các Nhà giáo 20/11 …), Tết Dương lịch, Tết Âm lịch; chế độ thưởng KPIs hàng kỳ …- Lương thỏa thuận- Môi trường làm việc quốc tế chuyên nghiệp, trẻ trung và năng động.- Thu nhập cạ",hanh_chinh,TimViec365,https://timviec365.vn/nhan-vien-hrbp-p2066167.html,2026-04-15T08:21:08.003706,hard,0.8,trung_binh,False,True,working,OK (200)
labor_timviec365_2066071,"Nhân viên văn phòng, nhân viên kinh doanh làm hành chính",Cathay Việt Nam - Văn Phòng Cathay Thủy Nguyên,Giao Tiếp|Chăm Sóc,Hải Phòng,10000000,20000000,full-time,any,0,,"Từ 10.000.000 VNĐ Đến 20.000.000 VNĐ | 20/04/2026 | Hải Phòng | Hành chính - Văn phòng, Kế toán - Kiểm toán, Nhân viên kinh doanh | Quyền lợi: Thu nhập hấp dẫn: 10 – 20 triệu/tháng hoặc cao hơn theo năng lực Thưởng quý, thưởng 6 tháng, thưởng tháng 13 Lộ trình thăng tiến rõ ràng 3 – 6 tháng có cơ hội lên vị trí quản lý Thu nhập vị trí Trưởng phòng: 30 – 50 triệu/tháng Du lịch nghỉ dưỡng 5★ miễn phí cùng công ty Được đào tạo chuyên nghiệp về kỹ năng và kiến thức tài chính – bảo hiểm Môi trường là",hanh_chinh,TimViec365,https://timviec365.vn/nhan-vien-van-phong-nhan-vien-kinh-doanh-lam-hanh-chinh-p2066071.html,2026-04-15T08:21:08.010792,medium,0.8,trung_binh,False,True,working,OK (200)
labor_timviec365_2067075,Tuyển Nhân Viên Hành Chính Văn Phòng,CÔNG TY CP DỊCH VỤ XÂY DỰNG ĐỊA ỐC AN TRƯỜNG THỊNH,,Hồ Chí Minh,7000000,9000000,temporary,any,0,,"Từ 7 VNĐ Đến 9 VNĐ | 14/05/2026 | Hồ Chí Minh | Hành chính - Văn phòng | Quyền lợi: - Mức lương thử việc là 7.000.000 đồng, tăng lên 8.500.000 đồng khi chính thức.- Nhận lương tháng 13 và có chế độ tích lũy cuối năm hấp dẫn.- Không áp dụng KPIs và không có tăng ca, giúp bạn cân bằng giữa công việc và cuộc sống.- Được đào tạo bài bản về kỹ năng tư vấn, thuyết phục, xây dựng thương hiệu cá nhân, tìm kiếm khách hàng và quản lý fanpage.- Chế độ nghỉ lễ, Tết theo quy định của Luật Lao động.- Cơ hội t",hanh_chinh,TimViec365,https://timviec365.vn/tuyen-nhan-vien-hanh-chinh-van-phong-p2067075.html,2026-04-15T08:21:08.015751,easy,0.3,trung_binh,False,True,working,OK (200)
labor_timviec365_2066925,Tuyển Nhân viên Hành chính kế toán,Công ty TNHH Tư vấn Toàn cầu Globe Consult,Excel|Giao Tiếp,Hà Nội,12000000,15000000,full-time,any,2,,"Từ 12.000.000 VNĐ Đến 15.000.000 VNĐ | 08/05/2026 | Hà Nội | Hành chính - Văn phòng | Quyền lợi: - Lương cứng: 12-15 triệu đồng.- Thưởng theo kết quả công việc (KPI) và các khoản thưởng khác theo quy định của Công ty.- Hưởng đầy đủ chính sách phúc lợi: thưởng Lễ, Tết và tham gia đầy đủ bảo hiểm theo quy định của pháp luật.- **Quyền lợi**:.- Môi trường làm việc chuyên nghiệp, có cơ hội tiếp cận lĩnh vực FTA và đầu tư quốc tế.- Lương cứng: 12-15 triệu đồng.- Thưởng theo kết quả công việc (KPI) và ",hanh_chinh,TimViec365,https://timviec365.vn/tuyen-nhan-vien-hanh-chinh-ke-toan-p2066925.html,2026-04-15T08:21:08.019278,medium,0.8,trung_binh,False,True,working,OK (200)
labor_timviec365_2066917,Nhân viên văn phòng tiếng Trung,Công ty CP Sài Gòn An Thái,Phục Vụ,Hồ Chí Minh,0,0,full-time,any,0,,"Thỏa Thuận | 08/05/2026 | Hồ Chí Minh | Hành chính - Văn phòng | Quyền lợi: - Thu nhập: Thoả thuận- Không trực tiếp tìm kiếm khách hàng- Chế độ BHXH, BHYT, BHTN theo quy định- Làm việc trong môi trường chuyên nghiệp, năng động và phát huy được năng lực của bản thân- Được tham gia các phong trào ngoại khoá, vui chơi giải trí, du lịch do Công ty tổ chức- Được tham gia các khoá đào tạo không giới hạn để nâng cao kỹ năng phục vụ công việc.- Thu nhập: Thoả thuận- Không trực tiếp tìm kiếm khách hàng- ",hanh_chinh,TimViec365,https://timviec365.vn/nhan-vien-van-phong-tieng-trung-p2066917.html,2026-04-15T08:21:08.026329,easy,0.8,trung_binh,False,True,working,OK (200)
labor_timviec365_2066771,Nhân Viên Hành Chính Tổng Hợp - Đi Làm Ngay,Công Ty Cổ Phần Dịch Vụ Chu Du Hai Bốn,Excel|Word|Tiếng Anh|Giao Tiếp|Word|Internet,Hồ Chí Minh,8000000,11000000,full-time,any,2,,"Từ 8 VNĐ Đến 11 VNĐ | 03/05/2026 | Hồ Chí Minh | Hành chính - Văn phòng | Quyền lợi: Mức lương 8 - 11 triệu- Lương tháng 13.- Hưởng chế độ BHXH, BHYT, BHTN theo Luật Lao động.- Công việc ổn định, lâu dài.Mức lương 8 - 11 triệu- Lương tháng 13.- Hưởng chế độ BHXH, BHYT, BHTN theo Luật Lao động.- Công việc ổn định, lâu dài. | Yêu cầu: - Có khả năng xử lý tình huống và giao tiếp hiệu quả.- Có kinh nghiệm từ 2 năm trở lên- Trung thực, có tinh thần trách nhiệm cao và nhiệt tình trong công việc.- Có k",hanh_chinh,TimViec365,https://timviec365.vn/nhan-vien-hanh-chinh-tong-hop-dji-lam-ngay-p2066771.html,2026-04-15T08:21:08.031092,medium,0.8,trung_binh,False,True,working,OK (200)
labor_timviec365_2066760,Thực tập sinh hành chính nhân sự,CÔNG TY CỔ PHẦN BCM VENTURE INTEGRATED,Excel|Word|Giao Tiếp|Word,Hà Nội,2000000,3000000,full-time,any,0,,"Từ 2.000.000 VNĐ Đến 3.000.000 VNĐ | 03/05/2026 | Hà Nội | Hành chính - Văn phòng | Quyền lợi: Môi trường làm việc thân thiện, năng động - Cơ hội tìm hiểu và cập nhật các xu hướng mới trong thị trường digital - Các chế độ phúc lợi khác (Tết, Giáng Sinh, 20/10, 8/3) - Happy Hour hàng thángMôi trường làm việc thân thiện, năng động- Cơ hội tìm hiểu và cập nhật các xu hướng mới trong thị trường digital- Các chế độ phúc lợi khác (Tết, Giáng Sinh, 20/10, 8/3)- Happy Hour hàng tháng | Yêu cầu: - Sinh v",hanh_chinh,TimViec365,https://timviec365.vn/thuc-tap-sinh-hanh-chinh-nhan-su-p2066760.html,2026-04-15T08:21:08.036907,easy,0.8,trung_binh,False,True,working,OK (200)
labor_timviec365_2066743,THƯ KÝ VĂN PHÒNG,CÔNG TY CỔ PHẦN XUẤT NHẬP KHẨU TỔNG HỢP VIDEVCO,,Hà Nội,0,0,full-time,any,0,,"Thỏa Thuận | 03/05/2026 | Hà Nội | Hành chính - Văn phòng | Quyền lợi: Thưởng, BHXH đầy đủLàm việc trực tiếp với lãnh đạo, cơ hội phát triển caoThưởng KPI, thưởng cuối nămCơ hội phát triển lên vị trí cao hơnThưởng, BHXH đầy đủLàm việc trực tiếp với lãnh đạo, cơ hội phát triển caoThưởng KPI, thưởng cuối nămCơ hội phát triển lên vị trí cao hơn | Yêu cầu: Không có+ Xem thêm | Thỏa Thuận | 03/05/2026 | Hà Nội | Hành chính - Văn phòng | Quyền lợi: Thưởng, BHXH đầy đủLàm việc trực tiếp với lãnh đạo, c",hanh_chinh,TimViec365,https://timviec365.vn/thu-ky-van-phong-p2066743.html,2026-04-15T08:21:08.040927,easy,0.8,trung_binh,False,True,working,OK (200)
labor_timviec365_2066237,TUYỂN TRƯỞNG PHÒNG NHÂN SỰ LƯƠNG TỪ 18-20 TRIỆU,CÔNG TY CỔ PHẦN THƯƠNG MẠI VÀ PHÁT TRIỂN BẤT ĐỘNG SẢN BÌNH MINH,Excel|Word|Giao Tiếp|Word,Hà Nội,0,0,full-time,any,2,,"Thỏa thuận | 30/04/2026 | Hà Nội | Hành chính - Văn phòng | Quyền lợi: -Lương cứng: Từ 18.000.000 đến 20.000.000 vnđ kèm thưởng -Chế độ nghỉ lễ, tết, du lịch hàng năm. -Lộ trình phát triển và thăng tiến rõ ràng lên các cấp quản lý. -Môi trường làm việc năng động, trẻ trung, nhiệt huyết. -Được tham gia các chương trình đào tạo phát triển bản thân.-Lương cứng: Từ 18.000.000 đến 20.000.000 vnđ kèm thưởng -Chế độ nghỉ lễ, tết, du lịch hàng năm.-Lộ trình phát triển và thăng tiến rõ ràng lên các cấp q",hanh_chinh,TimViec365,https://timviec365.vn/tuyen-truong-phong-nhan-su-luong-tu-1820-trieu-p2066237.html,2026-04-15T08:21:08.043663,medium,0.8,trung_binh,False,True,working,OK (200)
labor_timviec365_2066466,TRỢ LÝ PHÓ GIÁM ĐỐC,CÔNG TY TNHH CPA VIỆT NHẬT,Tiếng Anh|Giao Tiếp|An Ninh,Hồ Chí Minh,10000000,13000000,full-time,any,0,,"Từ 10.000.000 VNĐ Đến 13.000.000 VNĐ | 25/04/2026 | Hồ Chí Minh | Hành chính - Văn phòng, Thư ký - Trợ lý | Quyền lợi: Lương từ 10 đến 13tr Tham gia BHXH, BHYT, BHTN đầy đủ theo luật Xét tăng lương định kỳ theo năng lực Thưởng lễ tết Cơ hội thăng tiến Du lịch hằng năm Thưởng KPI: lên đến 3.000.000 VND (mỗi 3 tháng) Thưởng cuối năm (dựa trên hiệu quả công việc) Thưởng Tết Nguyên Đán Chương trình đào tạo do Nhật Bản giảng dạy Cơ hội nghề nghiệp ổn định, lâu dàiLương từ 10 đến 13trTham gia BHXH, BH",hanh_chinh,TimViec365,https://timviec365.vn/tro-ly-pho-giam-djoc-p2066466.html,2026-04-15T08:21:08.046441,easy,0.8,trung_binh,False,True,working,OK (200)
labor_timviec365_2066463,Nhân viên hành chính nhân sự,CÔNG TY CỔ PHẦN DELICATE DECOR VIỆT NAM,,Hà Nội,9000000,11000000,full-time,any,0,,"Từ 9.000.000 VNĐ Đến 11.000.000 VNĐ | 25/04/2026 | Hà Nội | Hành chính - Văn phòng | Quyền lợi: -	Làm việc trong môi trường năng động, giàu sức sáng tạo và cảm hứng-	Nhiều cơ hội thăng tiến-	Được đào tạo, nâng cao nghiệp vụ thường xuyên.-	Được xét tăng lương hàng năm theo năng lực làm việc.-	Được đóng BHXH, BHYT, BHTN.-	Thưởng tháng lương 13, thưởng doanh thu năm, thưởng lễ tết, du lịch hàng năm theo chính sách công ty.-	Làm việc trong môi trường năng động, giàu sức sáng tạo và cảm hứng-	Nhiều c",hanh_chinh,TimViec365,https://timviec365.vn/nhan-vien-hanh-chinh-nhan-su-p2066463.html,2026-04-15T08:21:08.048923,easy,0.8,trung_binh,False,True,working,OK (200)
labor_timviec365_2066384,TUYỂN GẤP NHÂN VIÊN VĂN PHÒNG TIẾNG TRUNG,CÔNG TY TNHH CÔNG NGHỆ THÔNG MINH WINDA,Giao Tiếp,Hà Nội,13000000,18000000,full-time,any,1,,"Từ 13.000.000 VNĐ Đến 18.000.000 VNĐ | 23/04/2026 | Hà Nội | Hành chính - Văn phòng | Quyền lợi: Lương: 13tr – 18tr VNĐ (deal theo kinh nghiệm) Đầy đủ chế độ BHXH, Lễ tết Môi trường làm việc chuyên nghiệp Các chế độ khác theo quy định của công tyLương: 13tr – 18tr VNĐ (deal theo kinh nghiệm)Đầy đủ chế độ BHXH, Lễ tếtMôi trường làm việc chuyên nghiệpCác chế độ khác theo quy định của công ty | Yêu cầu: Nữ, tốt nghiệp từ Cao đẳng trở lên (25-40 tuổi) Thành thạo tiếng Trung 4 kỹ năng (nghe – nói – đ",hanh_chinh,TimViec365,https://timviec365.vn/tuyen-gap-nhan-vien-van-phong-tieng-trung-p2066384.html,2026-04-15T08:21:08.051596,medium,0.8,trung_binh,False,True,working,OK (200)
labor_timviec365_2066338,nhân viên admin trại,Công ty Cổ phần Anova Feed,Excel|Word|Word,,0,0,full-time,any,0,,"Thỏa Thuận | 21/04/2026 | Toàn quốc | Hành chính - Văn phòng | Quyền lợi: quà chúc mừng sinh nhậtđược hưởng chế độ bhyt, bhxh, bhtn theo quy địnhcung cấp laptopbảo hiểm tai nạn 24/24có cơ hội được đào tạothưởng xuất sắc tháng, nămquà chúc mừng sinh nhậtđược hưởng chế độ bhyt, bhxh, bhtn theo quy địnhcung cấp laptopbảo hiểm tai nạn 24/24có cơ hội được đào tạothưởng xuất sắc tháng, năm | Yêu cầu: tốt nghiệp trung cấp trở lên chuyên ngành chăn nuôi, thú y, kế toán,...- sử dụng tốt kỹ năng excel, wo",hanh_chinh,TimViec365,https://timviec365.vn/nhan-vien-admin-trai-p2066338.html,2026-04-15T08:21:08.058065,easy,0.8,trung_binh,False,True,working,OK (200)
labor_timviec365_2066220,chuyên viên đào tạo và tuyển dụng,Công ty TNHH Moons Industries Việt Nam,,Hải Phòng,0,0,full-time,any,2,,"Thỏa thuận | 18/04/2026 | Hải Phòng | Hành chính - Văn phòng, Nhân sự | Quyền lợi: Lương thỏa thuận - Hưởng các chế độ theo quy định nhà nước và công ty - Môi trường làm việc tốt, lộ trình thăng tiến rõ ràngLương thỏa thuận- Hưởng các chế độ theo quy định nhà nước và công ty- Môi trường làm việc tốt, lộ trình thăng tiến rõ ràng | Yêu cầu: 1. tốt nghiệp đại học trở lên.  2. có ít nhất 2 năm kinh nghiệm ở vị trí liên quan.  3. trung thực, làm việc nghiêm túc và có trách nhiệm.  4. nghe – nói – đọc",hanh_chinh,TimViec365,https://timviec365.vn/chuyen-vien-djao-tao-va-tuyen-dung-p2066220.html,2026-04-15T08:21:08.063021,medium,0.8,trung_binh,False,True,working,OK (200)
labor_timviec365_2066216,lễ tân điều phối (receptionist),Công ty Cổ phần SSP,Tiếng Anh|Giao Tiếp|Phục Vụ,Hà Nội,7000000,7000000,full-time,any,0,,"Từ 7.000.000 VNĐ | 18/04/2026 | Hà Nội | Hành chính - Văn phòng | Quyền lợi: mức lương khởi điểm 7 triệu + ăn trưa và thưởng (theo quy định công ty hàng năm và theo năng lực) môi trường làm việc văn minh, sang trọng và chuyên nghiệp được đào tạo bài bản về kiến thức rượu vang và kỹ năng phục vụ cao cấp đóng bhxh, bhyt, nghỉ mát và hưởng các chế độ lễ tết theo quy định cơ hội mở rộng mối quan hệ với phân khúc khách hàng thượng lưumức lương khởi điểm 7 triệu + ăn trưa và thưởng (theo quy định công",hanh_chinh,TimViec365,https://timviec365.vn/le-tan-djieu-phoi-receptionist-p2066216.html,2026-04-15T08:21:08.067772,easy,0.8,trung_binh,False,True,working,OK (200)
labor_timviec365_2065885,NHÂN VIÊN HÀNH CHÍNH-QUẢN LÝ GIẤY TỜ,Công ty TNHH Đầu tư ABC Toàn Cầu,Lái Xe,Hà Nội,0,0,full-time,any,0,,"Thỏa thuận | 15/04/2026 | Hà Nội | Hành chính - Văn phòng, Logistic, Vận tải - Lái xe | Quyền lợi: - Thỏa thuận theo năng lực  - Được tham gia BHXH, BHYT, BHTN theo quy định của Nhà nước.  - Thưởng lễ, Tết, thưởng hiệu quả công việc theo chính sách công ty.  - Môi trường làm việc ổn định, lâu dài.  - Được đào tạo và hỗ trợ trong quá trình làm việc.  - Có cơ hội phát triển và thăng tiến trong công việc.- Thỏa thuận theo năng lực- Được tham gia BHXH, BHYT, BHTN theo quy định của Nhà nước.- Thưởng ",hanh_chinh,TimViec365,https://timviec365.vn/nhan-vien-quan-ly-chat-luong-dich-vu-p2065885.html,2026-04-15T08:21:08.073390,easy,0.8,trung_binh,False,True,working,OK (200)
labor_timviec365_2066129,SALE TOUR OUBOUND,Công Ty TNHH Anhfly Travel,Excel|Word|Tiếng Anh|Giao Tiếp|Word,Hồ Chí Minh,0,0,full-time,any,2,,"Thỏa thuận | 14/05/2026 | Hồ Chí Minh | Hành chính - Văn phòng, Nhân viên kinh doanh, Telesales | Quyền lợi: - mức lương hấp dẫn + thưởng doanh số. ( rõ ràng trao đổi trực tiếp khi phỏng vấn ) - được đào tạo nghiệp vụ.  - môi trường làm việc trẻ trung, năng động & chuyên nghiệp. - hưởng các chế độ theo quy định.  - có cơ hội đi du lịch trong nước và nước ngoài.- mức lương hấp dẫn + thưởng doanh số. ( rõ ràng trao đổi trực tiếp khi phỏng vấn )- được đào tạo nghiệp vụ.- môi trường làm việc trẻ tru",hanh_chinh,TimViec365,https://timviec365.vn/tuyen-dung-khoi-kinh-doanh-du-lich-sale-tour-sale-khach-san-visa-p2066129.html,2026-04-15T08:21:08.076558,medium,0.8,trung_binh,False,True,working,OK (200)
labor_timviec365_2066123,nhân viên hành chính văn phòng,CÔNG TY TNHH DỊCH VỤ BẢO VỆ - VỆ SĨ NHẬT TÂM,Excel|Word|Word,Hồ Chí Minh,6000000,6000000,full-time,any,1,,"6.000.000 VNĐ | 14/05/2026 | Hồ Chí Minh | Hành chính - Văn phòng, Nhân sự | Quyền lợi: lương khởi điểm: 6.000.000đ/thángtham gia bhxh – bhyt – bhtn theo quy định nhà nướcxét tăng lương theo năng lựcmôi trường làm việc ổn định, thân thiệnlương khởi điểm: 6.000.000đ/thángtham gia bhxh – bhyt – bhtn theo quy định nhà nướcxét tăng lương theo năng lựcmôi trường làm việc ổn định, thân thiện | Yêu cầu: ✔ nữ, chăm chỉ, trung thực, có trách nhiệm trong công việc ✔ biết sử dụng word, excel ✔ có kinh nghi",hanh_chinh,TimViec365,https://timviec365.vn/nhan-vien-hanh-chinh-van-phong-p2066123.html,2026-04-15T08:21:08.079095,easy,0.8,trung_binh,False,True,working,OK (200)
labor_timviec365_2066060,TRỢ LÝ GIÁM ĐỐC,CÔNG TY TNHH TM TÂN SONG VINH,Tiếng Anh|Giao Tiếp,Hồ Chí Minh,12000000,12000000,full-time,any,2,,"12.000.000 VNĐ | 13/05/2026 | Hồ Chí Minh | Hành chính - Văn phòng | Quyền lợi: Mức lương từ 12.000.000 trở lên  - Làm việc giờ hành chính (sáng 7h45 đến 11h45, chiều 13h00 đến 17h00)  - Đầy đủ các về Bảo hiểm xã hội, bảo hiểm y tế theo luật địnhMức lương từ 12.000.000 trở lên  - Làm việc giờ hành chính (sáng 7h45 đến 11h45, chiều 13h00 đến 17h00)  - Đầy đủ các về Bảo hiểm xã hội, bảo hiểm y tế theo luật định | Yêu cầu:  - Nam/Nữ từ 24 đến 40 tuổi  - Tối thiểu 2 năm kinh nghiệm làm việc  - Thành",hanh_chinh,TimViec365,https://timviec365.vn/tro-ly-giam-djoc-p2066060.html,2026-04-15T08:21:08.081646,medium,0.8,trung_binh,False,True,working,OK (200)
labor_timviec365_2065948,THƯ KÝ PHÒNG KỸ THUẬT,CÔNG TY CỔ PHẦN THỦY ĐIỆN TRUNG NAM,Excel|Word|Powerpoint|Tiếng Anh|Word,,12000000,12000000,full-time,any,3,,"12.000.000 VNĐ | 11/05/2026 | Lâm Đồng | Hành chính - Văn phòng | Quyền lợi: • Thưởng tiến độ và hiệu quả dự án. • Phụ cấp công trường, nhà ở, đi lại. • Tham gia đầy đủ BHXH, BHYT, BHTN theo quy định. • Cơ hội phát triển lên vị trí Trợ lý Ban QLDA• Thưởng tiến độ và hiệu quả dự án.• Phụ cấp công trường, nhà ở, đi lại.• Tham gia đầy đủ BHXH, BHYT, BHTN theo quy định.• Cơ hội phát triển lên vị trí Trợ lý Ban QLDA | Yêu cầu: Trình độ học vấn/ trình độ CMKT:  • Đại học hoặc Cao đẳng Chuyên ngành đào",hanh_chinh,TimViec365,https://timviec365.vn/thu-ky-phong-ky-thuat-p2065948.html,2026-04-15T08:21:08.090213,medium,0.8,trung_binh,False,True,working,OK (200)
labor_timviec365_2065809,Tuyển Nhân Viên Hành Chính - Nhân Sự,Công ty tnhh NNB TOWN,Excel|Word|Giao Tiếp|Word,Hồ Chí Minh,10000000,10000000,full-time,any,1,,"10 triệu | 09/05/2026 | Hồ Chí Minh | Hành chính - Văn phòng | Quyền lợi: - Được xét tăng lương hàng năm.- Được nghỉ các ngày lễ theo quy định của Nhà nước.- Được tham gia BHXH, BHYT, BHTN theo quy định của Nhà nước.- Môi trường làm việc năng động, thân thiện và cởi mở.- Cơ hội tham gia các khóa đào tạo về kỹ năng và chuyên môn.- Thời gian làm việc: Từ thứ 2 đến thứ 7 (8h30 - 17h30), nghỉ trưa 1 tiếng, chủ nhật nghỉ.- Được xét tăng lương hàng năm.- Được nghỉ các ngày lễ theo quy định của Nhà nướ",hanh_chinh,TimViec365,https://timviec365.vn/tuyen-nhan-vien-hanh-chinh-nhan-su-p2065809.html,2026-04-15T08:21:08.095603,easy,0.8,trung_binh,False,True,working,OK (200)
labor_timviec365_2065651,Kế toán nội bộ kiêm Hành chính tổng hợp,Công ty cổ phần Tập đoàn Ecogreen Việt Nam,Excel,Hà Nội,10000000,10000000,full-time,any,0,,"10.000.000 VNĐ | 05/05/2026 | Hà Nội | Hành chính - Văn phòng | Quyền lợi: ●	Thu nhập & Đãi ngộ:○	Lương cơ bản: Từ 10.000.000 VNĐ (thỏa thuận theo năng lực).○	Thưởng HQCV: Căn cứ kết quả SXKD Của Công ty- Được tham gia đóng BHXH theo quy định NN sau thời gian thử việc ; Có cơ hội học tập, đào tạo, thăng tiến, môi trường làm việc thân thiện●	Thu nhập & Đãi ngộ:○	Lương cơ bản: Từ 10.000.000 VNĐ (thỏa thuận theo năng lực).○	Thưởng HQCV: Căn cứ kết quả SXKD Của Công ty- Được tham gia đóng BHXH theo ",hanh_chinh,TimViec365,https://timviec365.vn/ke-toan-noi-bo-kiem-hanh-chinh-tong-hop-p2065651.html,2026-04-15T08:21:16.097401,easy,0.8,trung_binh,False,True,working,OK (200)
labor_timviec365_2065491,HÀNH CHÍNH VĂN PHÒNG – LỄ TÂN,TỔNG CÔNG TY TƯ VẤN THIẾT KẾ DẦU KHÍ,Excel|Word|Tiếng Anh|Giao Tiếp|Word,Hồ Chí Minh,0,0,full-time,any,1,,"Thỏa thuận | 02/05/2026 | Hồ Chí Minh | Hành chính - Văn phòng | Quyền lợi: Lương thỏa thuận tùy theo kinh nghiệm năng lực. - Phụ cấp cơm trưa, gửi xe. - Thưởng các dịp lễ tết. - Được hưởng đầy đủ chế độ bảo hiểm theo quy định của luật lao động. - Tham gia các hoạt động team building của Tổng công ty.Lương thỏa thuận tùy theo kinh nghiệm năng lực.- Phụ cấp cơm trưa, gửi xe.- Thưởng các dịp lễ tết.- Được hưởng đầy đủ chế độ bảo hiểm theo quy định của luật lao động.- Tham gia các hoạt động team bu",hanh_chinh,TimViec365,https://timviec365.vn/hanh-chinh-van-phong-le-tan-p2065491.html,2026-04-15T08:21:16.106593,easy,0.8,trung_binh,False,True,working,OK (200)
labor_timviec365_2065692,TUYỂN HÀNH CHÍNH NHÂN SỰ TỔNG HỢP LƯƠNG TỪ 13-15 TRIỆU,CÔNG TY CỔ PHẦN TƯ VẤN ĐẦU TƯ XÂY DỰNG PHÚC ANH,,Hồ Chí Minh,15000000,15000000,full-time,any,3,,"15.000.000 VNĐ | 30/05/2026 | Hồ Chí Minh | Hành chính - Văn phòng | Quyền lợi: -Tham gia BHXH, BHYT, BHTN theo quy định. -Thưởng lễ, Tết và các chế độ khác của công ty. -Môi trường làm việc ổn định, cơ hội phát triển.-Tham gia BHXH, BHYT, BHTN theo quy định.-Thưởng lễ, Tết và các chế độ khác của công ty.-Môi trường làm việc ổn định, cơ hội phát triển. | Yêu cầu: Ít nhất 3 năm kinh nghiệm ở vị trí tương đương. - Am hiểu về Luật Lao động, Luật BHXH, Luật thuế TNCN. - Khả năng giải quyết vấn đề tố",hanh_chinh,TimViec365,https://timviec365.vn/tuyen-hanh-chinh-nhan-su-tong-hop-luong-15-trieu-p2065692.html,2026-04-15T08:21:16.113092,medium,0.8,trung_binh,False,True,working,OK (200)
labor_timviec365_2065306,Nhân Viên Văn Phòng Tại Hà Đông Hà Nội Được Đào Tạo,Công Ty TNHH Dịch Thuật A2Z,,Hà Nội,8200000,8200000,full-time,any,0,,"8.200.000 VNĐ | 26/05/2026 | Hà Nội | Hành chính - Văn phòng | Quyền lợi: 👉 Cơ hội học hỏi và phát triển nghề nghiệp.👉 Công việc lâu dài, ổn định.👉Phúc lợi hấp dẫn, chế độ đầy đủ👉Môi trường văn phòng làm việc sạch sẽ, chuyên nghiệp.👉 Cơ hội học hỏi và phát triển nghề nghiệp.👉 Công việc lâu dài, ổn định.👉Phúc lợi hấp dẫn, chế độ đầy đủ👉Môi trường văn phòng làm việc sạch sẽ, chuyên nghiệp. | Yêu cầu: 👉 Cẩn thận, nhanh nhẹn, có trách nhiệm trong công việc👉Sử dụng tin học văn phòng cơ bản👉Sẽ được đà",hanh_chinh,TimViec365,https://timviec365.vn/nhan-vien-van-phong-tai-ha-djong-ha-noi-djuoc-djao-tao-p2065306.html,2026-04-15T08:21:16.122134,easy,0.8,trung_binh,False,True,working,OK (200)
labor_timviec365_2065286,NHÂN VIÊN TUYỂN DỤNG,CÔNG TY CỔ PHẦN GIẢI PHÁP CÔNG NGHỆ HCTECH,Giao Tiếp,Bình Dương,0,0,full-time,any,1,,"Thỏa thuận | 25/05/2026 | Bình Dương | Hành chính - Văn phòng | Quyền lợi: Mức lương: Dao động từ 11-16 triệu, thoả thuận theo năng lực. - Thưởng tháng lương thứ 13 và thưởng hiệu quả làm việc vào cuối năm tài chính. - Hưởng đầy đủ các chế độ theo quy định của Nhà nước; - Môi trường làm việc cởi mở, năng động, có lộ trình đào tạo và phát triển nghề nghiệp; - Tham gia đầy đủ BHXH, BHYT, BHTN. - Tham gia teambuilding, du lịch hàng năm; - Thời gian làm việc theo: giơ",hanh_chinh,TimViec365,https://timviec365.vn/nhan-vien-tuyen-dung-p2065286.html,2026-04-15T08:21:16.131120,easy,0.8,trung_binh,False,True,working,OK (200)
labor_timviec365_2065206,Nhân Viên Văn Phòng Biết Tiếng Trung - Không Yêu Cầu Kinh Nghiệm,CÔNG TY TNHH TƯ VẤN QUẢN LÝ NHÂN LỰC YIYI VIỆT NAM,Giao Tiếp,Hồ Chí Minh,13000000,13000000,full-time,any,0,,"13 VNĐ | 24/05/2026 | Hồ Chí Minh | Hành chính - Văn phòng | Quyền lợi: Môi trường làm việc thân thiện, chuyên nghiệp, có định hướng phát triển rõ ràng.Được đào tạo, hướng dẫn trong quá trình làm việc nếu chưa từng ở vị trí leader.Có cơ hội tiếp xúc với nhiều khách hàng Trung Quốc, nâng cao năng lực chuyên môn và ngoại ngữ.Môi trường làm việc thân thiện, chuyên nghiệp, có định hướng phát triển rõ ràng.Được đào tạo, hướng dẫn trong quá trình làm việc nếu chưa từng ở vị trí leader.Có cơ hội tiếp x",hanh_chinh,TimViec365,https://timviec365.vn/nhan-vien-van-phong-biet-tieng-trung-khong-yeu-cau-kinh-nghiem-p2065206.html,2026-04-15T08:21:16.138215,easy,0.8,trung_binh,False,True,working,OK (200)
labor_timviec365_2047816,Trợ lý kinh doanh,Công ty Cổ phần Tập đoàn VNR GROUP,Excel|Word|Tiếng Anh|Giao Tiếp|Word|Phục Vụ,Hà Nội,12000000,12000000,full-time,any,0,,"12.000.000 VNĐ | 17/05/2026 | Hà Nội | Hành chính - Văn phòng | Quyền lợi: • Mức lương: 7-12 triệu.• Được tham gia đầy đủ chế độ BHXH, BHYT, BHTN theo quy định pháp luật.• Môi trường làm việc chuyên nghiệp, năng động, cơ hội thăng tiến cao.• Tham gia các chương trình đào tạo nâng cao kỹ năng và kiến thức ngành.• Mức lương: 7-12 triệu.• Được tham gia đầy đủ chế độ BHXH, BHYT, BHTN theo quy định pháp luật.• Môi trường làm việc chuyên nghiệp, năng động, cơ hội thăng tiến cao.• Tham gia các chương t",hanh_chinh,TimViec365,https://timviec365.vn/tro-ly-kinh-doanh-p2047816.html,2026-04-15T08:21:16.148017,easy,0.8,trung_binh,False,True,working,OK (200)
labor_timviec365_2065508,Nhân viên hành chính,Công Ty Cổ phần định giá - Tư vấn và đầu tư xây dựng vinasun,,An Giang,5500000,5500000,full-time,any,0,,"5.500.000 VNĐ | 15/05/2026 | An Giang | Hành chính - Văn phòng | Quyền lợi: Được hưởng các chính sách của người lao động theo quy định, thưởng tháng 13, được nghỉ thứ 7 và chủ nhật, phụ cấp khác nếu có trong quá trình lao độngĐược hưởng các chính sách của người lao động theo quy định, thưởng tháng 13, được nghỉ thứ 7 và chủ nhật, phụ cấp khác nếu có trong quá trình lao động | Yêu cầu: Không có+ Xem thêm | 5.500.000 VNĐ | 15/05/2026 | An Giang | Hành chính - Văn phòng | Quyền lợi: Được hưởng các ",hanh_chinh,TimViec365,https://timviec365.vn/nhan-vien-hanh-chinh-p2065508.html,2026-04-15T08:21:16.156488,easy,0.8,trung_binh,False,True,working,OK (200)
labor_timviec365_2065080,"Tuyển nhân viên giúp việc, tạp vụ",CÔNG TY TNHH CÔNG NGHIỆP WONGAK (VIỆT NAM),,Hồ Chí Minh,0,0,temporary,any,0,,"Thỏa thuận | 03/05/2026 | Hồ Chí Minh | Hành chính - Văn phòng | Quyền lợi: Mức lương: Thỏa thuận cụ thể trong buổi phỏng vấn.Được đóng bảo hiểm xã hội đầy đủ theo quy định dựa trên mức lương đã ký trong hợp đồng.Cơ hội làm việc ổn định và lâu dài trong công ty.Mức lương: Thỏa thuận cụ thể trong buổi phỏng vấn.Được đóng bảo hiểm xã hội đầy đủ theo quy định dựa trên mức lương đã ký trong hợp đồng.Cơ hội làm việc ổn định và lâu dài trong công ty. | Yêu cầu: Siêng năng, có trách nhiệm với công việc",hanh_chinh,TimViec365,https://timviec365.vn/tuyen-nhan-vien-giup-viec-tap-vu-p2065080.html,2026-04-15T08:21:16.164686,easy,0.3,trung_binh,False,True,working,OK (200)
labor_timviec365_2065007,Nhân viên điều hành tiếp nhận hồ sơ thị thực visa,Công ty TNHH VFS Global Việt Nam,Giao Tiếp,Hà Nội,0,0,full-time,any,0,,Thỏa thuận | 27/05/2026 | Hà Nội | Hành chính - Văn phòng | Quyền lợi: - Làm việc trong môi trường quốc tế chuẩn hóa toàn cầu. - Được đào tạo nghiệp vụ bài bản trước khi nhận nhiệm vụ. - Cơ hội phát triển nghề nghiệp trong tập đoàn đa quốc gia. - Thu nhập và phúc lợi cạnh tranh.- Làm việc trong môi trường quốc tế chuẩn hóa toàn cầu.- Được đào tạo nghiệp vụ bài bản trước khi nhận nhiệm vụ.- Cơ hội phát triển nghề nghiệp trong tập đoàn đa quốc gia.- Thu nhập và phúc lợi cạnh tranh. | Yêu cầu: Sinh,hanh_chinh,TimViec365,https://timviec365.vn/nhan-vien-djieu-hanh-tiep-nhan-ho-so-thi-thuc-visa-p2065007.html,2026-04-15T08:21:16.171598,easy,0.8,trung_binh,False,True,working,OK (200)
labor_timviec365_2064891,Nhân viên Hành chính - Mua sắm,Công ty TNHH Nước sạch Khí xanh,Excel|Word|Word,Hà Nội,10000000,10000000,full-time,any,0,,"10.000.000 VNĐ | 22/05/2026 | Hà Nội | Hành chính - Văn phòng | Quyền lợi: Thu nhập: 8.8400******0.000 triệu/thángTham gia BHXH khi ký HĐLĐ chính thứcCác hoạt động văn hóa doanh nghiệp, kết nối nhân viênĐược hưởng đầy đủ các chế độ theo quy định của nhà nước và chính sách của công tyĐược tham gia các khóa đào tạo để nâng cao kiến thức, kỹ năng của bản thânThu nhập: 8.8400******0.000 triệu/thángTham gia BHXH khi ký HĐLĐ chính thứcCác hoạt động văn hóa doanh nghiệp, kết nối nhân viênĐược hưởng đầy",hanh_chinh,TimViec365,https://timviec365.vn/nhan-vien-hanh-chinh-mua-sam-p2064891.html,2026-04-15T08:21:16.180507,easy,0.8,trung_binh,False,True,working,OK (200)
labor_timviec365_2064889,NHÂN VIÊN LỄ TÂN – HÀNH CHÍNH,CÔNG TY CỔ PHẦN THƯƠNG MẠI DỊCH VỤ VÙNG TRỜI THÔNG TIN,Giao Tiếp,Hồ Chí Minh,12000000,12000000,full-time,any,1,,"12.000.000 VNĐ | 21/05/2026 | Hồ Chí Minh | Hành chính - Văn phòng | Quyền lợi: Thu nhập cạnh tranh, thỏa thuận theo năng lực và kinh nghiệm.Được hưởng đầy đủ BHXH, BHYT, BHTN theo quy định pháp luật.Môi trường làm việc chuyên nghiệp, ổn định, đồng nghiệp thân thiện.Được đào tạo nghiệp vụ hành chính – lễ tân và kỹ năng giao tiếp.Nghỉ phép, lễ, Tết theo quy định; tham gia các hoạt động nội bộ của Công ty.Cơ hội phát triển lâu dài trong lĩnh vực Hành chính – Văn phòng.Thu nhập cạnh tranh, thỏa thu",hanh_chinh,TimViec365,https://timviec365.vn/nhan-vien-le-tan-hanh-chinh-p2064889.html,2026-04-15T08:21:16.190118,easy,0.8,trung_binh,False,True,working,OK (200)
labor_timviec365_2064882,Tuyển Trưởng phòng Nhân sự biết Tiếng Trung,Công ty TNHH Chế Tạo Động Cơ Zongshen Việt Nam,,Hà Nội,45000000,45000000,full-time,any,0,,"45.000.000 VNĐ | 21/05/2026 | Hà Nội | Hành chính - Văn phòng, Nhân sự | Quyền lợi: - Thu nhập: 30-45tr - Thưởng tháng lương thứ 13 - Người lao động được nghỉ lễ, Tết theo đúng quy định của nhà nước. - Môi trường làm việc cởi mở, ổn định lâu dài. - Tham gia các hoạt động Teambuilding, du lịch hàng năm của công ty- Thu nhập: 30-45tr- Thưởng tháng lương thứ 13- Người lao động được nghỉ lễ, Tết theo đúng quy định của nhà nước.- Môi trường làm việc cởi mở, ổn định lâu dài.- Tham gia các hoạt động Te",hanh_chinh,TimViec365,https://timviec365.vn/tuyen-truong-phong-nhan-su-biet-tieng-trung-p2064882.html,2026-04-15T08:21:16.199111,hard,0.8,trung_binh,False,True,working,OK (200)
labor_timviec365_2064840,Nhân viên Hành Chính Nhân Sự Tổng Hợp,CÔNG TY TNHH IOTLINK,Excel|Word|Powerpoint|Giao Tiếp|Word,Hồ Chí Minh,0,0,temporary,any,3,,"Thỏa thuận | 19/05/2026 | Hồ Chí Minh | Hành chính - Văn phòng | Quyền lợi: Bảo hiểm theo quy định (BHXH, BHYT, BHTN).Chế độ nghỉ phép, nghỉ lễ theo Pháp luật.Phép thâm niên: Mỗi 03 năm làm việc được cộng thêm 01 ngày phép năm.Thời gian làm việc: thứ 2 - thứ 6 (từ 8.30AM - 5.30PM)Lương tháng 13 & review lương: dựa trên KPIs cá nhân năm và kết quả kinh doanh của công ty.Bảo hiểm theo quy định (BHXH, BHYT, BHTN).Chế độ nghỉ phép, nghỉ lễ theo Pháp luật.Phép thâm niên: Mỗi 03 năm làm việc được cộng",hanh_chinh,TimViec365,https://timviec365.vn/nhan-vien-hanh-chinh-nhan-su-tong-hop-p2064840.html,2026-04-15T08:21:16.210573,medium,0.3,trung_binh,False,True,working,OK (200)
labor_timviec365_2064200,Nhân viên văn phòng Telesales,Công ty TNHH MTV tư vấn dịch vụ APC Group,Giao Tiếp,Hồ Chí Minh,0,0,full-time,any,0,,"Thỏa thuận | 15/05/2026 | Hồ Chí Minh | Hành chính - Văn phòng | Quyền lợi: Văn phòng làm việc đầy đủ, hiện đại, trang bị sẵn máy tính &ndash; tai nghe &ndash; hệ thống phần mềm hỗ trợ.Du lịch 2 lần/năm, tham gia teambuilding và các hoạt động nội bộ gắn kết.Làm việc và nghỉ ngơi theo đúng chế độ nghỉ phép của Nhà nước (nghỉ lễ, phép năm&hellip;).Lộ trình thăng tiến r&otilde; ràng, được đào tạo bài bản từ A&ndash;Z.Thu nhập hấp dẫn theo năng lực (lương cứng + thưởng + KPI).Văn phòng làm việc đầy ",hanh_chinh,TimViec365,https://timviec365.vn/nhan-vien-van-phong-telesales-p2064200.html,2026-04-15T08:21:16.216384,easy,0.8,trung_binh,False,True,working,OK (200)
labor_timviec365_2064724,Nhân Viên Tổng vụ chi nhánh Makita Việt Nam tại Bắc Ninh,Công Ty TNHH Makita Việt Nam,Giao Tiếp,Bắc Ninh,0,0,full-time,any,0,,"Thỏa thuận | 14/05/2026 | Bắc Ninh | Hành chính - Văn phòng | Quyền lợi: BHXH, BHYT, BHTN theo luật địnhBảo hiểm tai nạn 24hDu lịch, khám sức khỏe định kỳ hằng năm Tăng lương/thưởng định kỳ hằng nămCác chế độ hiếu hỷ khác theo luật địnhBHXH, BHYT, BHTN theo luật địnhBảo hiểm tai nạn 24hDu lịch, khám sức khỏe định kỳ hằng nămTăng lương/thưởng định kỳ hằng nămCác chế độ hiếu hỷ khác theo luật định | Yêu cầu: Nữ tuổi từ 22 – 32 tuổiTốt nghiệp Cao đẳng, Đại học chuyên ngành Quản trị văn phòng, Quản ",hanh_chinh,TimViec365,https://timviec365.vn/nhan-vien-tong-vu-chi-nhanh-makita-viet-nam-tai-bac-ninh-p2064724.html,2026-04-15T08:21:16.224758,easy,0.8,trung_binh,False,True,working,OK (200)
labor_timviec365_2064720,Nhân viên Hành chính nhân sự tổng hợp (Nhận việc sau Tết),Công ty Cổ phần thương mại dịch vụ TKG,Excel|Word|Giao Tiếp|Word,Hồ Chí Minh,0,0,full-time,any,3,,"Thỏa thuận | 14/05/2026 | Hồ Chí Minh | Hành chính - Văn phòng | Quyền lợi: Mức lương: Thỏa thuận ⦁ Thưởng Lễ/Tết theo quy định công ty ⦁ Tham gia đầy đủ BHXH, BHYT, BHTN theo quy định ⦁ Nghỉ phép năm, chế độ phúc lợi khác theo quy định công ty ⦁ Môi trường làm việc ổn định, năng động.Mức lương: Thỏa thuận⦁ Thưởng Lễ/Tết theo quy định công ty⦁ Tham gia đầy đủ BHXH, BHYT, BHTN theo quy định⦁ Nghỉ phép năm, chế độ phúc lợi khác theo quy định công ty⦁ Môi trường làm việc ổn định, năng động. | Yêu c",hanh_chinh,TimViec365,https://timviec365.vn/nhan-vien-hanh-chinh-nhan-su-tong-hop-nhan-viec-sau-tet-p2064720.html,2026-04-15T08:21:16.230618,medium,0.8,trung_binh,False,True,working,OK (200)
labor_timviec365_2064660,Tuyển Nhân viên Admin Part time,CÔNG TY CỔ PHẦN LEARNING INSIDE,Giao Tiếp|Chăm Sóc,Hà Nội,9000000,9000000,full-time,any,0,,"9 VNĐ | 10/05/2026 | Hà Nội | Hành chính - Văn phòng | Quyền lợi: - Thu nhập hấp dẫn: 5.000.000 lương cứng + hoa hồng + thưởng (có thể lên tới 9.000.000).- Xét tăng thu nhập theo năng lực và mức độ cam kết với công việc.- Được đào tạo bài bản về quy trình vận hành trung tâm, kỹ năng chăm sóc phụ huynh và quản lý lớp học.- Môi trường làm việc thân thiện, chuyên nghiệp, với đồng nghiệp hỗ trợ và chia sẻ kinh nghiệm.- Cơ hội phát triển lên các vị trí cao hơn (Full-time Admin, Quản lý chi nhánh) nếu",hanh_chinh,TimViec365,https://timviec365.vn/tuyen-nhan-vien-admin-part-time-p2064660.html,2026-04-15T08:21:16.235752,easy,0.8,trung_binh,False,True,working,OK (200)
labor_timviec365_2064630,Nhân viên Hành chính Nhân sự,CÔNG TY CỔ PHẦN CỬA SUNSPACE,,Hưng Yên,12000000,12000000,full-time,any,0,,"12.000.000 VNĐ | 09/05/2026 | Hưng Yên | Hành chính - Văn phòng | Quyền lợi: - Mức lương: thỏa thuận theo năng lực từ 9 – 12tr- Thưởng lương tháng 13 + thưởng doanh thu + các ngày lễ tết;- Chế độ phúc lợi thăm hỏi, nghỉ mát, sinh nhật ;- Đóng BHXH, BHYT, BHTN đầy đủ theo quy định của Nhà nước ;- Mức lương: thỏa thuận theo năng lực từ 9 – 12tr- Thưởng lương tháng 13 + thưởng doanh thu + các ngày lễ tết;- Chế độ phúc lợi thăm hỏi, nghỉ mát, sinh nhật ;- Đóng BHXH, BHYT, BHTN đầy đủ theo quy định c",hanh_chinh,TimViec365,https://timviec365.vn/nhan-vien-hanh-chinh-nhan-su-p2064630.html,2026-04-15T08:21:16.242872,easy,0.8,trung_binh,False,True,working,OK (200)
labor_timviec365_2064615,Tuyển Nhân Viên Văn Phòng Kho,CÔNG TY TNHH LINKTRANS LOGISTICS (VIỆT NAM),Giao Tiếp,,0,0,full-time,any,0,,"Thỏa thuận | 08/05/2026 | Long An | Hành chính - Văn phòng | Quyền lợi: - Mức lương hấp dẫn từ 8 đến 11 triệu đồng, có thể thỏa thuận tùy theo năng lực và kinh nghiệm (ứng viên có tiếng Trung có thể thương lượng mức cao hơn).- Được tham gia đóng BHXH, BHYT, BHTN và nhận thưởng hiệu suất theo quý từ 2.000.000 – 6.000.000 VNĐ, tùy theo cấp bậc và kết quả đánh giá công việc.- Thực hiện đánh giá hiệu suất định kỳ 2 lần mỗi năm, làm cơ sở cho việc điều chỉnh lương và cơ hội thăng chức vào tháng 3 và ",hanh_chinh,TimViec365,https://timviec365.vn/tuyen-nhan-vien-van-phong-kho-p2064615.html,2026-04-15T08:21:16.248022,easy,0.8,trung_binh,False,True,working,OK (200)
labor_timviec365_2064552,Receptionist cum Admin Intern,Công ty TNHH Grant Thornton (Việt Nam),Excel|Word|English|Word,Hà Nội,0,0,full-time,any,0,,"Thỏa thuận | 06/05/2026 | Hà Nội | Hành chính - Văn phòng | Quyền lợi: - Working in a young, professional and international environment;- Practical guidance and chance to get more knowledge and experience in Recruitment, - ----- - Compensation and Benefits, Event organizations;- Opportunity to develop communication, problem solving and teamwork skills;- Opportunities to join many activities/ events of the Firm - Monthly allowance & free parking fee during the internship period- Working in a youn",hanh_chinh,TimViec365,https://timviec365.vn/receptionist-cum-admin-intern-p2064552.html,2026-04-15T08:21:16.259233,easy,0.8,trung_binh,False,True,working,OK (200)
labor_timviec365_2064829,Tuyển Admin Support Executive (Logistics),CÔNG TY CỔ PHẦN KẾT NỐI NHÂN LỰC WORKLINK VIỆT NAM,Excel|Powerpoint|Tiếng Anh|Giao Tiếp,Bình Dương,0,0,full-time,any,2,,"Thỏa thuận | 31/05/2026 | Bình Dương | Hành chính - Văn phòng | Quyền lợi: - Mức lương từ 10 - 13 triệu đồng:.- + Chưa có kinh nghiệm: 10 - 11 triệu đồng.- + Có 1 - 2 năm kinh nghiệm: 11 - 13 triệu đồng.- Thưởng 2 lần/năm vào tháng 6 và tháng 12, tổng cộng khoảng 3,5 tháng lương.- Đánh giá lương định kỳ 1 lần/năm vào tháng 4.- Chế độ tăng ca 150%, làm việc ngày nghỉ 200% theo quy định của Luật Lao động.- Được khám sức khỏe và tham gia du lịch 1 lần/năm.- Cung cấp bảo hiểm theo quy định của pháp ",hanh_chinh,TimViec365,https://timviec365.vn/tuyen-admin-support-executive-logistics-p2064829.html,2026-04-15T08:21:16.265394,medium,0.8,trung_binh,False,True,working,OK (200)
labor_timviec365_2064466,Tuyển Trợ lý Hành chính Kinh doanh,Maison Office,Tiếng Anh|Giao Tiếp,Hồ Chí Minh,0,0,full-time,any,1,,"Thỏa thuận | 27/05/2026 | Hồ Chí Minh | Hành chính - Văn phòng | Quyền lợi: - Môi trường làm việc chuyên nghiệp và ổn định.- Được đào tạo thêm về quy trình bán hàng và vận hành doanh nghiệp.- Team building và company trip trong và ngoài nước hàng năm.- Tham gia các sự kiện, hoạt động thường xuyên của công ty (teabreak, happy hour, 20/10, 8/3, lễ, sinh nhật,…).- Tham gia đầy đủ BHXH, BHYT, BHTN theo quy định.- Môi trường làm việc chuyên nghiệp và ổn định.- Được đào tạo thêm về quy trình bán hàng ",hanh_chinh,TimViec365,https://timviec365.vn/tuyen-tro-ly-hanh-chinh-kinh-doanh-p2064466.html,2026-04-15T08:21:16.276143,easy,0.8,trung_binh,False,True,working,OK (200)
labor_timviec365_2064430,"Hành chính nhân sự (Nghỉ thứ 7, chủ nhật)",CÔNG TY TNHH GIẢI PHÁP CÔNG NGHỆ THUẬN THÀNH,Giao Tiếp,Hà Nội,12000000,12000000,full-time,any,0,,"12.000.000 VNĐ | 25/05/2026 | Hà Nội | Hành chính - Văn phòng | Quyền lợi: - Lương cứng: 8.000.000 vnđ - 10.000.000 vnđ (Thỏa thuận theo năng lực)- Lương tháng 13, thưởng tết dương, thưởng tết âm.- Thời gian làm việc từ thứ 2 – thứ 6 (nghỉ thứ 7, cn).- Chính sách xét tăng lương 1-2 lần/năm.- OT tính theo quy định.- Có cơ hội phát triển bản thân và đề bạt lên các vị trí Leader, PM.- Hưởng đầy đủ các chính sách và chế độ như: BHYT, BHXH, BHTN,.. theo đúngquy định của Bộ Luật Lao động và của Công t",hanh_chinh,TimViec365,https://timviec365.vn/hanh-chinh-nhan-su-nghi-thu-7-chu-nhat-p2064430.html,2026-04-15T08:21:16.283388,easy,0.8,trung_binh,False,True,working,OK (200)
labor_timviec365_2064418,Trợ lý Giám Đốc (Tiếng Trung thông thạo),CÔNG TY TNHH KỸ THUẬT SỐ HOA VƯƠNG,Tiếng Anh|Giao Tiếp,Hồ Chí Minh,15000000,15000000,full-time,any,2,,"15 VNĐ | 24/05/2026 | Hồ Chí Minh | Hành chính - Văn phòng | Quyền lợi: -Lương thỏa thuận theo năng-Thưởng tháng 13, thưởng lễ tết, sinh nhật.-Chế độ BHXH – BHYT – BHTN đầy đủ.-Nghỉ Chủ nhật, nghỉ phép năm theo quy định.-Môi trường làm việc chuyên nghiệp, ổn định, định hướng lâu dài.-Lương thỏa thuận theo năng-Thưởng tháng 13, thưởng lễ tết, sinh nhật.-Chế độ BHXH – BHYT – BHTN đầy đủ.-Nghỉ Chủ nhật, nghỉ phép năm theo quy định.-Môi trường làm việc chuyên nghiệp, ổn định, định hướng lâu dài. | Y",hanh_chinh,TimViec365,https://timviec365.vn/tro-ly-giam-djoc-tieng-trung-thong-thao-p2064418.html,2026-04-15T08:21:16.292186,medium,0.8,trung_binh,False,True,working,OK (200)
labor_timviec365_2064384,Nhân viên Lễ tân,Công ty TNHH Đầu tư phát triển và chuyển giao công nghệ Vina...,Excel|Word|Powerpoint|Tiếng Anh|Giao Tiếp|Word,Hà Nội,12000000,12000000,full-time,any,0,,"12.000.000 VNĐ | 23/05/2026 | Hà Nội | Hành chính - Văn phòng | Quyền lợi:  - Mức lương thỏa thuận (10tr - 12tr)  - Tháng lương thứ 13  - Thưởng Tết và các dịp lễ  - Thưởng dự án  - Được xét tăng lương theo năng lực và kết quả công việc tối thiểu 1 lần/năm  - Được tham gia BHXH, BHYT, BHTN theo quy định của Pháp luật hiện hành  - Được tham gia các hoạt động ngoại khóa như: Nghỉ mát, Team building, Sinh nhật tháng, Lễ tri ân, Lễ kỷ niệm ngày thành lập  - Được tham gia các câu lạc bộ rèn luyện thể",hanh_chinh,TimViec365,https://timviec365.vn/nhan-vien-le-tan-p2064384.html,2026-04-15T08:21:26.603315,easy,0.8,trung_binh,False,True,working,OK (200)
labor_timviec365_2064372,Nhân Viên Lễ Tân Hành Chính,Công Ty Cổ Phần Đầu Tư Phát Triển Thủ Thừa,Giao Tiếp,Hưng Yên,15000000,15000000,full-time,any,0,,"15 triệu | 23/05/2026 | Hưng Yên | Hành chính - Văn phòng | Quyền lợi: - Tham gia đầy đủ BHXH, BHYT.- Tham gia khám sức khỏe định kỳ hàng năm.- Phép năm, thưởng Lễ, Tết, sinh nhật, ....- Tham gia đầy đủ BHXH, BHYT.- Tham gia khám sức khỏe định kỳ hàng năm.- Phép năm, thưởng Lễ, Tết, sinh nhật, .... | Yêu cầu: - Nữ, cao từ 1m65. Ngoại hình dễ nhìn- Tốt nghiệp CĐ,ĐH trở lên tuổi từ 20 - 25.- Tính cách vui vẻ, nhiệt tình, giao tiếp tốt.- Có kinh nghiệm lễ tân hành chính từ 6 tháng trở lên.- Nữ, cao",hanh_chinh,TimViec365,https://timviec365.vn/nhan-vien-le-tan-hanh-chinh-p2064372.html,2026-04-15T08:21:26.606537,medium,0.8,trung_binh,False,True,working,OK (200)
labor_timviec365_2064328,Chuyên viên Nhân sự HR Officer,công ty TNHH bột kim loại Julien VN,Tiếng Anh,Đồng Nai,15000000,15000000,full-time,any,2,,"15.000.000 VNĐ | 20/05/2026 | Đồng Nai | Hành chính - Văn phòng | Quyền lợi: Lương: Từ 15,000,000 VND/tháng trở lên (tùy theo năng lực).Lương:Từ15,000,000 VND/thángtrở lên (tùy theo năng lực). | Yêu cầu: Tốt nghiệp đại học chuyên ngành Nhân sự hoặc các ngành liên quan (Quản trị hành chính, Quản trị kinh doanh nhưng phải có ít nhất 02 năm học chuyên ngành nhân sự).Có ít nhất 02 năm kinh nghiệm nhân sự thực tế.Có khả năng sử dụng ngôn ngữ thứ hai:Tiếng Trung: Nghe &ndash; Nói &ndash; Đọc &ndash; V",hanh_chinh,TimViec365,https://timviec365.vn/chuyen-vien-nhan-su-hr-officer-p2064328.html,2026-04-15T08:21:26.609372,medium,0.8,trung_binh,False,True,working,OK (200)
labor_timviec365_2064317,Tuyển nhân viên Sale Admin,CÔNG TY TNHH STARSHINE,Tiếng Anh|Giao Tiếp,Hồ Chí Minh,15000000,15000000,full-time,any,0,,"15.000.000 VNĐ | 19/05/2026 | Hồ Chí Minh | Hành chính - Văn phòng | Quyền lợi: - Môi trường làm việc trẻ trung, năng động, với không gian làm việc thoải mái và máy lạnh.- Được tham gia bảo hiểm xã hội (BHXH), bảo hiểm y tế (BHYT) và hưởng đầy đủ các chế độ nghỉ phép, lễ tết theo quy định của Nhà nước.- Được đào tạo và hướng dẫn trong công việc để nâng cao kỹ năng.- Cơ hội thăng tiến lên vị trí Team Leader trong tương lai.- Môi trường làm việc trẻ trung, năng động, với không gian làm việc thoải ",hanh_chinh,TimViec365,https://timviec365.vn/tuyen-nhan-vien-sale-admin-p2064317.html,2026-04-15T08:21:26.611748,medium,0.8,trung_binh,False,True,working,OK (200)
labor_timviec365_2064292,Tuyển Chuyên viên Hành chính nhân sự,Công ty CP dịch vụ quản lý tài sản và đầu tư Asahi Japan,Excel|Word|Giao Tiếp|Word,Hồ Chí Minh,0,0,full-time,any,1,,"Thỏa thuận | 18/05/2026 | Hồ Chí Minh | Hành chính - Văn phòng | Quyền lợi: - Mức lương hấp dẫn theo thỏa thuận.- Được tham gia bảo hiểm xã hội, bảo hiểm y tế và bảo hiểm thất nghiệp theo quy định của pháp luật.- Cơ hội khám sức khỏe định kỳ hàng năm.- Môi trường làm việc hiện đại, chuyên nghiệp.- Được trang bị máy tính và các thiết bị làm việc hiện đại.- Văn phòng làm việc sang trọng, trang thiết bị công nghệ cao.- Cơ hội phát triển nghề nghiệp, tiếp cận công nghệ mới và tham gia vào các dự án ",hanh_chinh,TimViec365,https://timviec365.vn/tuyen-chuyen-vien-hanh-chinh-nhan-su-p2064292.html,2026-04-15T08:21:26.615102,easy,0.8,trung_binh,False,True,working,OK (200)
labor_timviec365_2064247,Giám đốc công ty Tandem gold consulting,Công ty TNHH tandem gold consulting,Tiếng Anh|Giao Tiếp,Đà Nẵng,0,0,full-time,any,3,,"Thỏa thuận | 17/05/2026 | Đà Nẵng | Hành chính - Văn phòng | Quyền lợi: - Mức lương: Thỏa thuận theo năng lực.- Thưởng và các chế độ đãi ngộ theo quy định của công ty.- Được tham gia điều hành và phát triển doanh nghiệp lâu dài.- Môi trường làm việc chuyên nghiệp, ổn định.- Mức lương: Thỏa thuận theo năng lực.- Thưởng và các chế độ đãi ngộ theo quy định của công ty.- Được tham gia điều hành và phát triển doanh nghiệp lâu dài.- Môi trường làm việc chuyên nghiệp, ổn định. | Yêu cầu: - Trình độ: Ph",hanh_chinh,TimViec365,https://timviec365.vn/giam-djoc-djieu-hanh-cong-ty-tandem-gold-consulting-p2064247.html,2026-04-15T08:21:26.620461,medium,0.8,trung_binh,False,True,working,OK (200)
labor_timviec365_2064204,Hành Chính Nhân Sự,Đại Phát Hoàng Hà,Excel|Giao Tiếp,,14000000,14000000,full-time,any,2,,"14.000.000 VNĐ | 15/05/2026 | Toàn quốc | Hành chính - Văn phòng | Quyền lợi: CHÍNH SÁCH ĐÃI NGỘ1) Chính sách thu nhậpThu nhập: 12 – 14 triệu/tháng (tùy năng lực và kinh nghiệm).Thưởng tháng 13, thưởng Lễ – Tết, thưởng hiệu suất công việc.2) Cơ hội phát triểnLộ trình rõ ràng lên Trưởng nhóm HCNS hoặc Chuyên viên đào tạo – C&B chuyên sâu.Được đào tạo bài bản về nghiệp vụ HCNS, pháp lý lao động, kỹ năng tổ chức sự kiện – tuyển dụng.3) Môi trường làm việcMôi trường trẻ trung, chuyên nghiệp, tốc độ ",hanh_chinh,TimViec365,https://timviec365.vn/hanh-chinh-nhan-su-p2064204.html,2026-04-15T08:21:26.625270,medium,0.8,trung_binh,False,True,working,OK (200)
labor_timviec365_2064041,Nhân Viên Văn Phòng (Biết Tiếng Trung),CÔNG TY TNHH KỸ THUẬT SỐ HOA VƯƠNG,Excel|Word|Giao Tiếp|Word|Lái Xe,Bắc Ninh,15000000,15000000,full-time,any,0,,"15.000.000 VNĐ | 09/05/2026 | Bắc Ninh | Hành chính - Văn phòng | Quyền lợi: Mức lương thỏa thuận theo năng lực.Thưởng lễ, Tết, thưởng tháng 13Chế độ BHXH, BHYT, BHTN đầy đủ theo quy định.Môi trường làm việc ổn định, có cơ hội học hỏi & phát triển kỹ năng ngôn ngữ và quản lý.Cơ hội thăng tiến lên các vị trí điều phối hoặc trợ lý quản lý.Mức lương thỏa thuận theo năng lực.Thưởng lễ, Tết, thưởng tháng 13Chế độ BHXH, BHYT, BHTN đầy đủ theo quy định.Môi trường làm việc ổn định, có cơ hội học hỏi & p",hanh_chinh,TimViec365,https://timviec365.vn/nhan-vien-van-phong-biet-tieng-trung-p2064041.html,2026-04-15T08:21:26.628009,medium,0.8,trung_binh,False,True,working,OK (200)
labor_timviec365_2063936,Nhân viên hành chính nhân sự,Công ty Cổ Phần BMC Vĩnh Phúc,,Vĩnh Phúc,0,0,full-time,any,0,,"Thỏa thuận | 04/05/2026 | Vĩnh Phúc | Hành chính - Văn phòng | Quyền lợi: •    Mức lương: 8 – 10 triệu, thỏa thuận theo kinh nghiệm và năng lực•    Thưởng lễ Tết, lương tháng 13 và các khoản thưởng khác theo hiệu quả công việc.•    Chế độ bảo hiểm xã hội, bảo hiểm y tế, bảo hiểm thất nghiệp đầy đủ.•    Được đào tạo nâng cao kỹ năng chuyên môn và cơ hội phát triển nghề nghiệp.•    Môi trường làm việc thân thiện, chuyên nghiệp, và có cơ hội học hỏi, thăng tiến.•    Mức lương: 8 – 10 triệu, thỏa th",hanh_chinh,TimViec365,https://timviec365.vn/nhan-vien-hanh-chinh-nhan-su-p2063936.html,2026-04-15T08:21:26.630614,easy,0.8,trung_binh,False,True,working,OK (200)
labor_timviec365_2063909,Lễ tân tòa nhà,Công ty CP dịch vụ quản lý tài sản và đầu tư Asahi Japan,,Quảng Ninh,7000000,7000000,full-time,any,0,,"7.000.000 VNĐ | 03/05/2026 | Quảng Ninh | Hành chính - Văn phòng | Quyền lợi: Lương 7.000.000đ + Thưởng tháng- Thưởng lương tháng 13- Thưởng đặc biệt theo kết quả lợi nhuận của công ty- Công ty đóng đầy đủ các chế độ BHXH theo quy định của Luật Lao động- Được làm việc trong môi trường chuyên nghiệp chuẩn Nhật Bản và có nhiều cơ hội đào tạo, thăng tiến trong công việc- Khám sức khỏe định kì, team building hàng nămLương 7.000.000đ + Thưởng tháng- Thưởng lương tháng 13- Thưởng đặc biệt theo kết quả",hanh_chinh,TimViec365,https://timviec365.vn/le-tan-toa-nha-p2063909.html,2026-04-15T08:21:26.633095,easy,0.8,trung_binh,False,True,working,OK (200)
labor_timviec365_2063818,Nhân Viên Văn phòng RD (Tiếng Anh),CÔNG TY TNHH LONG VĨ VIỆT NAM,Excel|Word|Tiếng Anh|Giao Tiếp|Word,,18000000,18000000,full-time,any,0,,"18.000.000 VNĐ | 29/05/2026 | Long An | Hành chính - Văn phòng | Quyền lợi: - Tham gia BHXH ngay thời gian thử việc.- Phép năm 14 ngày/năm- BH Tai nạn 24/24- Hỗ trợ cha mẹ già 100.000đ/ tháng, con nhỏ 200.000đ/ tháng- Hỗ trợ xăng xe: 50L/ tháng;- Hỗ trợ đi lại: 700.000đ/ tháng- Công ty hỗ trợ cơm trưa, cơm tăng ca- Xét tăng lương hàng năm- Du lịch- Các phúc lợi khác bằng hoặc cao hơn luật lao động=>Có Xe đưa rước tuyến MeGa Q.12 và Thuận Kiều Plaza Q.5- Tham gia BHXH ngay thời gian thử việc.- Ph",hanh_chinh,TimViec365,https://timviec365.vn/nhan-vien-van-phong-rd-tieng-anh-p2063818.html,2026-04-15T08:21:26.638082,medium,0.8,trung_binh,False,True,working,OK (200)
labor_timviec365_2063810,Nhân viên hành chính,CÔNG TY TNHH THƯƠNG MẠI VÀ DỊCH VỤ Ô TÔ HYUNDAI ĐÔNG SÀI GÒN,Giao Tiếp,Hồ Chí Minh,15000000,15000000,full-time,any,1,,"15.000.000 VNĐ | 29/05/2026 | Hồ Chí Minh | Hành chính - Văn phòng | Quyền lợi: Chính sách lương cơ bản + lương năng suất theo doanh thu, chính sách hoa hồng chung cho tất cả các vị trí khi giới thiệu sản phẩm theo quy định của công ty;Phụ cấp tiền cơm (30.000VND/ ngày);Tham gia đầy đủ chế độ BHXH, BHYT, BHTN theo quy định nhà nước, Công ty cung cấp thêm gói Bảo hiểm tai nạn tự nguyện ngoài bảo hiểm bắt buộc;Được cấp phát đồng phục theo từng vị trí làm việc;Thưởng hàng tháng, hàng quý khi đạt hi",hanh_chinh,TimViec365,https://timviec365.vn/nhan-vien-hanh-chinh-p2063810.html,2026-04-15T08:21:26.641519,medium,0.8,trung_binh,False,True,working,OK (200)
labor_timviec365_2063502,Thực Tập Sinh Phòng Cung ứng Đấu thầu,TẬP ĐOÀN BẤT ĐỘNG SẢN AN GIA,Giao Tiếp,Hồ Chí Minh,3000000,3000000,full-time,any,0,,"3 triệu | 19/05/2026 | Hồ Chí Minh | Hành chính - Văn phòng | Quyền lợi: Hỗ trợ tiền cơm và tiền xăng: 2.000.000 VNĐ/tháng.Môi trường làm việc chuyên nghiệp, năng động, thân thiện, sáng tạo.Cơ hội tiếp xúc công việc thực tế & nâng cao kỹ năng, tích lũy kinh nghiệm.Cấp giấy xác nhận thực tập và chứng nhận sau thời gian làm việc.Tư vấn, định hướng nghề nghiệp.Hỗ trợ tiền cơm và tiền xăng: 2.000.000 VNĐ/tháng.Môi trường làm việc chuyên nghiệp, năng động, thân thiện, sáng tạo.Cơ hội tiếp xúc công vi",hanh_chinh,TimViec365,https://timviec365.vn/thuc-tap-sinh-phong-cung-ung-djau-thau-p2063502.html,2026-04-15T08:21:26.644321,easy,0.8,trung_binh,False,True,working,OK (200)
labor_timviec365_2063848,Tuyển nhân viên xử lý hồ sơ du học,Công ty TNHH Giáo dục quốc tế và phát triển Nhân lực,Photoshop|Tiếng Anh|Giao Tiếp|Phục Vụ,,6000000,6000000,full-time,any,0,,"6.000.000 VNĐ | 15/05/2026 | Thừa Thiên Huế | Hành chính - Văn phòng | Quyền lợi: - Chế độ phúc lợi hấp dẫn, ngày kỷ niệm và hoạt động Teambuilding hàng năm.- Hỗ trợ ăn trưa tại Công ty trong các ngày làm việc để nâng cao sự thoải mái và năng suất.- Được đóng BHXH, BHYT, BHTN theo quy định của pháp luật.- Hỗ trợ chi phí điện thoại phục vụ công việc nhằm đảm bảo giao tiếp hiệu quả.- Môi trường làm việc năng động, chuyên nghiệp với định hướng thăng tiến rõ ràng.- Chế độ phúc lợi hấp dẫn, ngày kỷ n",hanh_chinh,TimViec365,https://timviec365.vn/tuyen-nhan-vien-xu-ly-ho-so-du-hoc-p2063848.html,2026-04-15T08:21:26.647015,easy,0.8,trung_binh,False,True,working,OK (200)
labor_timviec365_2063949,NHÂN VIÊN HÀNH CHÍNH – NHÂN SỰ (NỮ),CÔNG TY CỔ PHẦN VẬT LIỆU XÂY DỰNG TYT VIỆT NAM,,Hà Nội,12000000,12000000,full-time,any,0,,"12.000.000 VNĐ | 15/05/2026 | Hà Nội | Hành chính - Văn phòng, Nhân sự | Quyền lợi: Lương cơ bản: 10 &ndash; 12 triệu/tháng (xét theo năng lực thực tế khi phỏng vấn).Thưởng + phụ cấp + hỗ trợ khác (trao đổi khi phỏng vấn trực tiếp).Xét tăng lương 1 lần/nămThời gian làm việc:7h30/ngàySáng: 8h00 &ndash; 11h45Chiều: 13h15 &ndash; 17h00Làm việc 5,5 ngày/tuần, nghỉ chiều Thứ 7 và Chủ nhật.Chế độ đầy đủ:Đóng BHXH, BHYT, BHTN ngay sau 1 tháng thử việc.Nghỉ lễ, Tết theo quy định Nhà nước &mdash; và tốt ",hanh_chinh,TimViec365,https://timviec365.vn/nhan-vien-hanh-chinh-nhan-su-nu-p2063949.html,2026-04-15T08:21:26.650160,easy,0.8,trung_binh,False,True,working,OK (200)
labor_timviec365_2063202,Nhân Viên Tổng Vụ,Công ty TNHH MTV JY VINA,Tiếng Anh|Giao Tiếp,Bến Tre,0,0,full-time,any,0,,Thỏa thuận | 12/05/2026 | Bến Tre | Hành chính - Văn phòng | Quyền lợi: Được tham gia đầy đủ phúc lợiLàm việc giờ hành chính từ 7h-16h30 . Từ thứ 2 tới thứ 7Được nghỉ 2 ngày thứ 7 trong thángĂn tiệc hàng quíLên lương hằng nămMôi trường làm việc chuyên nghiệpCông ty bao cơm trưa với thực đơn đa dạng.Được tham gia đầy đủ phúc lợiLàm việc giờ hành chính từ 7h-16h30 . Từ thứ 2 tới thứ 7Được nghỉ 2 ngày thứ 7 trong thángĂn tiệc hàng quíLên lương hằng nămMôi trường làm việc chuyên nghiệpCông ty bao cơ,hanh_chinh,TimViec365,https://timviec365.vn/nhan-vien-tong-vu-p2063202.html,2026-04-15T08:21:26.653922,easy,0.8,trung_binh,False,True,working,OK (200)
labor_timviec365_2063569,TUYỂN HÀNH CHÍNH NHÂN SỰ,CÔNG TY TNHH KHOA HỌC KỸ THUẬT Y TẾ IQ,Excel|Word|Giao Tiếp|Word,Hồ Chí Minh,13000000,13000000,full-time,any,3,,"13.000.000 VNĐ | 08/05/2026 | Hồ Chí Minh | Hành chính - Văn phòng, Nhân sự | Quyền lợi: &ndash; Lương: 9&ndash;13 triệu (thỏa thuận).&ndash; Hỗ trợ cơm trưa, phụ cấp điện thoại & xăng xe.&ndash; Được cấp máy tính làm việc.&ndash; Hưởng đầy đủ chế độ BHXH, nghỉ Lễ/Tết theo quy định.&ndash; Thưởng tháng 13, thưởng hiệu quả, du lịch hằng năm, team building.&ndash; Môi trường trẻ, năng động, thân thiện; cơ hội phát triển cao khi thể hiện tốt.– Lương: 9–13 triệu (thỏa thuận).– Hỗ trợ cơm trưa, phụ c",hanh_chinh,TimViec365,https://timviec365.vn/tuyen-hanh-chinh-nhan-su-p2063569.html,2026-04-15T08:21:26.657051,medium,0.8,trung_binh,False,True,working,OK (200)
labor_timviec365_2063052,Tuyển Trưởng phòng hành chính,Công ty TNHH MTV SPACE,Tiếng Anh|Giao Tiếp,Ninh Bình,35000000,35000000,full-time,any,5,,"35.000.000 VNĐ | 07/05/2026 | Ninh Bình | Hành chính - Văn phòng | Quyền lợi: * Mức lương:- Tổng thu nhập: 25 -35M/tháng- Thưởng: Thưởng lễ Tết, hiệu quả công việc,&hellip; - Phụ cấp: được hưởng các loại phụ cấp theo đặc thù công việc chuyên môn. * Chế độ phúc lợi: - Hưởng đầy đủ chế độ BHXH, BHYT, BHTN theo quy định.- Được đi du lịch trong và ngoài nước, khám sức khỏe định kỳ hàng năm, nghỉ 12 ngày phép năm,&hellip;và nhiều chế độ đãi ngộ khác."" - Có xe đưa đón của Công ty hàng tuần - Được hỗ t",hanh_chinh,TimViec365,https://timviec365.vn/tuyen-truong-phong-hanh-chinh-p2063052.html,2026-04-15T08:21:26.660595,hard,0.8,trung_binh,False,True,working,OK (200)
labor_timviec365_2062948,"Quản trị viên Dự nguồn - Kế hoạch Cung ứng, KCS - Hóa nghiệm",Công ty TNHH Một thành viên Hoa Sen Nghệ An,Tiếng Anh|Giao Tiếp,Nghệ An,0,0,part-time,any,0,,"Thỏa thuận | 05/05/2026 | Nghệ An | Hành chính - Văn phòng, Quản lý điều hành, Xuất - nhập khẩu | Quyền lợi: Thu nhập: Thỏa thuận đối với vị trí nhân viên/chuyên viên ở Giai đoạn 1, Giai đoạn 02, 03, 04: &Aacute;p dụng theo chính sách thu nhập dành riêng cho QTVDNChính sách: Phụ cấp QTVDNCác chính sách chung theo quy định của Tập đoàn đối với CBCNVĐóng đầy đủ các loại bảo hiểm xã hội theo quy định của pháp luật, ngoài ra còn có bảo hiểm tai nạn 24/24hĐược đào tạo, hướng dẫn bởi các quản l&yacute",hanh_chinh,TimViec365,https://timviec365.vn/quan-tri-vien-du-nguon-ke-hoach-cung-ung-p2062948.html,2026-04-15T08:21:26.663586,easy,0.5,trung_binh,False,True,working,OK (200)
labor_timviec365_2062870,Thư ký Giám đốc Kinh doanh (Tiếng Hàn),CÔNG TY TNHH WELCOME ENM VIETNAM,Excel|Word|Powerpoint|Giao Tiếp|Word,Hồ Chí Minh,20000000,20000000,full-time,any,2,,"20.000.000 VNĐ | 04/05/2026 | Hồ Chí Minh | Hành chính - Văn phòng | Quyền lợi: - Mức lương: Lương tốt và Cạnh tranh (tùy theo năng lực và kinh nghiệm).- Đóng BHXH, BHYT full lương- Nghỉ phép năm và chế độ theo quy định của công ty và Luật Lao động.- Môi trường làm việc chuyên nghiệp – năng động – quốc tế, cơ hội làm việc trực tiếp với lãnh đạo Hàn Quốc.- Cơ hội rèn luyện và nâng cao trình độ tiếng Hàn, phát triển kỹ năng nghề nghiệp và sự nghiệp cá nhân- Được tặng phẩm, quà, chế độ mua hàng của",hanh_chinh,TimViec365,https://timviec365.vn/thu-ky-giam-djoc-kinh-doanh-tieng-han-p2062870.html,2026-04-15T08:21:26.666240,medium,0.8,trung_binh,False,True,working,OK (200)
labor_timviec365_2062840,Hành Chính Nhân Sự,Công Ty Cổ Phần Thương Mại Dịch Vụ Và Công Nghệ Truyền Thông Đại Việt Group,Giao Tiếp,Hà Nội,0,0,full-time,any,1,,"Thỏa thuận | 04/05/2026 | Hà Nội | Hành chính - Văn phòng | Quyền lợi: 1.Mức lươngLương cứng: 7.8400******.000 đồng/thángThưởng doanh thu: chi tiết trao đổi khi phỏng vấn. Tổng lương là 10-12 triệu.2. Về phúc lợi chung:Phụ cấp gửi xeKý HĐLĐ ngay sau khi hết 1 tháng thử việcBHXH, nghỉ lễ tết theo đúng quy địnhCông ty cung cấp đầy đủ máy tính và các tiện ích văn phòngLiên hoan hàng tháng, quý; du lịch 1 lần/năm1.Mức lươngLương cứng: 7.8400******.000 đồng/thángThưởng doanh thu: chi tiết trao đổi kh",hanh_chinh,TimViec365,https://timviec365.vn/hanh-chinh-nhan-su-p2062840.html,2026-04-15T08:21:26.670752,easy,0.8,trung_binh,False,True,working,OK (200)
labor_timviec365_2062808,Tuyển Nhân Viên Admin,TNHH Một thành viên Chuyển phát nhanh Thuận Phong – Chi nhánh Nghệ An,,Nghệ An,8000000,8000000,full-time,any,0,,"8.000.000 VNĐ | 01/05/2026 | Nghệ An | Hành chính - Văn phòng | Quyền lợi: *  Lương: Từ 5.000.000 VNĐ đến 8.000.000 VNĐ.*  Thưởng lễ, Tết theo quy định công ty.*  Được đóng bảo hiểm xã hội sau 2 tháng làm việc.*  Cơ hội thăng tiến lên vị trí quản lý.*  Lương: Từ 5.000.000 VNĐ đến 8.000.000 VNĐ.*  Thưởng lễ, Tết theo quy định công ty.*  Được đóng bảo hiểm xã hội sau 2 tháng làm việc.*  Cơ hội thăng tiến lên vị trí quản lý. | Yêu cầu: *  Làm việc linh hoạt theo ca.*  Sử dụng thành thạo tin học văn",hanh_chinh,TimViec365,https://timviec365.vn/tuyen-nhan-vien-admin-p2062808.html,2026-04-15T08:21:26.673259,easy,0.8,trung_binh,False,True,working,OK (200)
labor_timviec365_2063172,TRỢ LÝ VĂN PHÒNG - CÓ KINH NGHIỆM TUYỂN DỤNG,Công ty cổ phần ĐỊNH CƯ TOÀN CẦU EB3,Tiếng Anh|Giao Tiếp,Hồ Chí Minh,14000000,14000000,full-time,any,0,,"14.000.000 VNĐ | 30/05/2026 | Hồ Chí Minh | Hành chính - Văn phòng | Quyền lợi: - Thu nhập từ 10 – 14 triệu đồng/tháng + thưởng cuối tháng - Cơ hội làm việc, học hỏi và mở rộng quan hệ trong môi trường quốc tế chuyên nghiệp. - Được tiếp xúc trực tiếp với đối tác là các luật sư quốc ttế, chuyên gia di trú, đại diện các tổ chức và doanh nghiệp toàn cầu. Làm việc trong môi trường năng động, thân thiện, cởi mở - Tham gia các buổi đào tạo chuyên môn định kỳ (nội bộ và với đối tác nước ngoài). - Đầy đ",hanh_chinh,TimViec365,https://timviec365.vn/tro-ly-van-phong-co-kinh-nghiem-tuyen-dung-p2063172.html,2026-04-15T08:21:26.677483,easy,0.8,trung_binh,False,True,working,OK (200)
labor_timviec365_2063146,TRƯỞNG PHÒNG HÀNH CHÍNH NHÂN SỰ TIẾNG TRUNG,Công ty TNHH Siyoto Vina Electronics,Giao Tiếp,Hà Nam,40000000,40000000,full-time,any,2,,"40.000.000 VNĐ | 30/05/2026 | Hà Nam | Hành chính - Văn phòng | Quyền lợi: - Mức lương cạnh tranh: 30 – 40 triệu - Môi trường làm việc chuyên nghiệp, hỗ trợ từ quản lý - Cơ hội phát triển kỹ năng đa ngành: phiên dịch – hành chính – nhân sự. - Hỗ trợ suất ăn trưa miễn phí, chỗ ngủ trưa. - Thưởng tháng 13 - Tham gia đầy đủ BHXH, BHYT, BHTN - Nghỉ phép năm, Lễ - Tết theo Luật Lao động - Môi trường làm việc tốt, năng động, cơ hội thăng tiến & phát triển bản thân.- Mức lương cạnh tranh: 30 – 40 triệu",hanh_chinh,TimViec365,https://timviec365.vn/truong-phong-hanh-chinh-nhan-su-tieng-trung-p2063146.html,2026-04-15T08:21:26.680123,hard,0.8,trung_binh,False,True,working,OK (200)
labor_timviec365_2063064,Nhân viên hành chính lễ tân đi làm ngay,Công ty TNHH Sản xuất và thương mại công nghiệp Việt Nam,Excel|Word|Giao Tiếp|Word,Hà Nội,10000000,10000000,full-time,any,5,,"10.000.000 VNĐ | 30/05/2026 | Hà Nội | Hành chính - Văn phòng | Quyền lợi: Lương khởi điểm: 8.000.000đ - 10.000.000đ + Phụ cấp Phụ cấp: Công ty chuẩn bị bữa trưa cho CBNV + vé gửi xe tháng (90k/tháng). Thiết bị làm việc được cấp: Máy tính, điện thoại bàn… Thời gian nhận lương: ngày mùng 5 hằng tháng Môi trường làm việc năng động, thân thiện, chuyên nghiệp, văn phòng hạng A. Chính sách đãi ngộ công bằng, tương xứng. Nhiều cơ hội thăng tiến trong nghề nghiệp. Xét tăng lương định kỳ vào tháng 4 và ",hanh_chinh,TimViec365,https://timviec365.vn/nhan-vien-hanh-chinh-le-tan-dji-lam-ngay-p2063064.html,2026-04-15T08:21:26.683038,hard,0.8,trung_binh,False,True,working,OK (200)
labor_timviec365_2062936,Nhân viên hành chính,Công ty cổ phần giáo dục Rainbow House,Excel|Word|Giao Tiếp|Word,Hồ Chí Minh,0,0,full-time,any,0,,"Thỏa thuận | 30/05/2026 | Hồ Chí Minh | Hành chính - Văn phòng | Quyền lợi: - Miễn phí cơm trưa và đồng phục tại trường.- Tham gia đầy đủ các chế độ BHXH, BHYT, BHTN theo quy định pháp luật.- Thưởng vào các dịp Lễ – Tết, sinh nhật, và các ngày đặc biệt: 8/3, Giỗ Tổ Hùng Vương, 30/4 – 1/5, 2/9, 20/10, 20/11...- Lương tháng 13, 14 và xét tăng lương định kỳ hàng năm.- Nghỉ phép năm, phép thâm niên theo quy định.- Chính sách ưu đãi học phí cho con em cán bộ nhân viên theo học tại trường.- Được tham ",hanh_chinh,TimViec365,https://timviec365.vn/nhan-vien-hanh-chinh-p2062936.html,2026-04-15T08:21:36.897596,easy,0.8,trung_binh,False,True,working,OK (200)
labor_timviec365_2062716,Nam bảo vệ,Toà nhà Quận 1,Bảo Vệ,Hồ Chí Minh,0,0,full-time,any,0,,"Thỏa thuận | 30/05/2026 | Hồ Chí Minh | Hành chính - Văn phòng | Quyền lợi: *  Được đào tạo nghiệp vụ miễn phí.*  Thưởng lễ, Tết theo quy định của công ty.*  Mức lương: Thỏa thuận.*  Được đào tạo nghiệp vụ miễn phí.*  Thưởng lễ, Tết theo quy định của công ty.*  Mức lương: Thỏa thuận. | Yêu cầu: *  Có trách nhiệm cao trong công việc.*  Biết đọc, biết viết, sức khỏe tốt.*  Ưu tiên ứng viên có kinh nghiệm bảo vệ hoặc quản lý tòa nhà.*  Có trách nhiệm cao trong công việc.*  Biết đọc, biết viết, sức ",hanh_chinh,TimViec365,https://timviec365.vn/nam-bao-ve-p2062716.html,2026-04-15T08:21:36.902925,easy,0.8,trung_binh,False,True,working,OK (200)
labor_timviec365_2063258,TUYỂN DỤNG CHỦ QUẢN HÀNH CHÍNH,CÔNG TY TNHH GRAND LEISURE OUTDOOR PRODUCT VIET NAM,Giao Tiếp,Thái Nguyên,30000000,30000000,full-time,any,0,,"30.000.000 VNĐ | 30/05/2026 | Thái Nguyên | Hành chính - Văn phòng | Quyền lợi: *  Lương: Đến 30.000.000 VNĐ.*  Đầy đủ chế độ BHXH, BHYT, BHTN.*  Môi trường làm việc chuyên nghiệp, năng động, cơ hội thăng tiến.*  Lương: Đến 30.000.000 VNĐ.*  Đầy đủ chế độ BHXH, BHYT, BHTN.*  Môi trường làm việc chuyên nghiệp, năng động, cơ hội thăng tiến. | Yêu cầu: • Trình độ học vấn: Cao đẳng trở lên, ưu tiên chuyên ngành Hành chính, Quản trị, Ngôn ngữ Trung. • Kinh nghiệm:Có kinh nghiệm ở vị trí tương đương. ",hanh_chinh,TimViec365,https://timviec365.vn/tuyen-dung-chu-quan-hanh-chinh-p2063258.html,2026-04-15T08:21:36.907147,hard,0.8,trung_binh,False,True,working,OK (200)
labor_timviec365_2062550,Nhân viên nghiệp vụ,CÔNG TY TNHH IN BDT VIỆT NAM,Giao Tiếp,,0,0,full-time,any,1,,"Thỏa thuận | 28/05/2026 | Long An | Hành chính - Văn phòng | Quyền lợi: Mức lương: thỏa thuận theo năng lựcTham gia BHXH, BHYT đầy đủ theo quy định Nhà nướcXem xét tăng lương định kỳ (6 tháng, 1 năm)Thưởng sinh nhật, lễ tết, tháng 13,….Phụ cấp chuyên cần 400.000Phụ cấp tiền 300.000/ tháng (cho nhân viên đi ở trọ hoặc có khoảng cách từ nhà đến công ty trên 25km)Thâm niên: 18400******00Hỗ trợ chi phí khám sức khỏe, công chứng hồ sơ: 140.000Mức lương: thỏa thuận theo năng lựcTham gia BHXH, BHYT đầy",hanh_chinh,TimViec365,https://timviec365.vn/nhan-vien-nghiep-vu-p2062550.html,2026-04-15T08:21:36.910330,easy,0.8,trung_binh,False,True,working,OK (200)
labor_timviec365_2063213,Thư ký Hội đồng thành viên,Ngân hàng TNHH MTV Ngoại thương Công nghệ số (VCBNeo),,Hà Nội,0,0,full-time,any,0,,"Thỏa thuận | 22/05/2026 | Hà Nội | Hành chính - Văn phòng | Quyền lợi: - Lương thỏa thuận dựa trên năng lực và kinh nghiệm làm việc - Hỗ trợ cơm trưa 730,000 đồng/tháng - Làm việc từ Thứ 2 &ndash; Thứ 6, nghỉ Thứ 7, Chủ nhật - Tham gia đầy đủ BHXH, BHYT, BHTN theo quy định của pháp luật - Môi trường làm việc chuyên nghiệp &ndash; thân thiện, - Được tham gia các khóa đào tạo nội bộ và bên ngoài nhằm nâng cao kỹ năng chuyên môn, kỹ năng mềm và năng lực quản l&yacute;. - Du lịch, team building, các",hanh_chinh,TimViec365,https://timviec365.vn/thu-ky-hoi-djong-thanh-vien-p2063213.html,2026-04-15T08:21:36.913123,easy,0.8,trung_binh,False,True,working,OK (200)
labor_timviec365_2060002,Trợ lý cá nhân,Công ty TNHH Đầu tư và phát triển Khánh Anh,Giao Tiếp,Hà Nội,12000000,12000000,full-time,any,1,,"12.000.000 VNĐ | 13/05/2026 | Hà Nội | Hành chính - Văn phòng, Marketing - PR, Thư ký - Trợ lý | Quyền lợi: - Thu nhập: 8&ndash;10 triệu/tháng (thỏa thuận theo năng lực);- Cơ hội làm việc trực tiếp với Giám đốc, học hỏi và phát triển kỹ năng quản l&yacute; &ndash; đối ngoại; - Môi trường làm việc chuyên nghiệp, trẻ trung, năng động;- Chế độ BHXH, nghỉ phép, lễ tết đầy đủ theo quy định;- Hỗ trợ công tác phí khi đi công việc/sự kiện.- Thu nhập: 8–10 triệu/tháng (thỏa thuận theo năng lực);- Cơ hội ",hanh_chinh,TimViec365,https://timviec365.vn/tro-ly-ca-nhan-p2060002.html,2026-04-15T08:21:36.916589,easy,0.8,trung_binh,False,True,working,OK (200)
labor_timviec365_2062301,Trợ lý Giám đốc,CÔNG TY TNHH IN BDT VIỆT NAM,Tiếng Anh,,0,0,full-time,any,1,,"Thỏa thuận | 05/05/2026 | Long An | Hành chính - Văn phòng | Quyền lợi: Mức lương: thỏa thuận theo năng lựcTham gia BHXH, BHYT đầy đủ theo quy định Nhà nướcXem xét tăng lương định kỳ (6 tháng, 1 năm)Thưởng sinh nhật, lễ tết, tháng 13,….Phụ cấp chuyên cần 400.000đPhụ cấp tiền 300.000đ/ tháng (cho nhân viên đi ở trọ hoặc có khoảng cách từ nhà đến công ty trên 25km)Thâm niên: 100.000đ - 1.500.000đHỗ trợ chi phí khám sức khỏe và công chứng hồ sơ: 140.000đMức lương: thỏa thuận theo năng lựcTham gia B",hanh_chinh,TimViec365,https://timviec365.vn/tro-ly-giam-djoc-p2062301.html,2026-04-15T08:21:36.921421,easy,0.8,trung_binh,False,True,working,OK (200)
labor_timviec365_2061488,TUYỂN DỤNG NHÂN VIÊN HÀNH CHÍNH NHÂN SỰ,Hey Susie,Excel|Word|Word,Hà Nội,0,0,full-time,any,0,,"Thỏa thuận | 05/05/2026 | Hà Nội | Hành chính - Văn phòng | Quyền lợi: - Mức lương: Lương cứng 8.000.000 + Phụ cấp ăn trưa 1.000.000 + KPI 2.000.000- Được nghỉ 4 ngày/tháng- Thưởng Lễ, Tết, sinh nhật, hiếu hỉ đầy đủ- Đóng bhxh, du lịch, liên hoan hàng năm- Tăng ca x1,5 lương cứng- Xét tăng lương 6 tháng/lần- Mức lương: Lương cứng 8.000.000 + Phụ cấp ăn trưa 1.000.000 + KPI 2.000.000- Được nghỉ 4 ngày/tháng- Thưởng Lễ, Tết, sinh nhật, hiếu hỉ đầy đủ- Đóng bhxh, du lịch, liên hoan hàng năm- Tăng c",hanh_chinh,TimViec365,https://timviec365.vn/tuyen-dung-nhan-vien-hanh-chinh-nhan-su-p2061488.html,2026-04-15T08:21:36.924507,easy,0.8,trung_binh,False,True,working,OK (200)
labor_timviec365_2062210,NHÂN VIÊN VĂN PHÒNG (Ưu tiên Nam),CÔNG TY TNHH BẢO HIỂM HUẤN A,Excel|Word|Powerpoint|Word,Hồ Chí Minh,15000000,15000000,full-time,any,0,,"15.000.000 VNĐ | 05/05/2026 | Hồ Chí Minh | Hành chính - Văn phòng, Tư vấn, Việc làm bán hàng | Quyền lợi: Mức lương: - Từ 8 &ndash; 15 triệu/tháng, thỏa thuận theo năng lực và kinh nghiệm - Có thưởng theo hiệu quả công việc Chế độ: - Làm việc trong môi trường chuyên nghiệp, thân thiện - Hưởng đầy đủ chế độ bhxh, bhyt, nghỉ lễ &ndash; tết theo quy định - Được đào tạo kỹ năng chuyên môn và có cơ hội thăng tiến r&otilde; ràngMức lương:- Từ 8 – 15 triệu/tháng, thỏa thuận theo năng lực và kinh nghiệ",hanh_chinh,TimViec365,https://timviec365.vn/nhan-vien-van-phong-p2062210.html,2026-04-15T08:21:36.930748,medium,0.8,trung_binh,False,True,working,OK (200)
labor_timviec365_2062259,Admin Kho Vận Hành Thương Mại Điện Tử,Công ty TNHH Giấy Mylan,Excel,Hồ Chí Minh,10000000,10000000,full-time,any,1,,"10.000.000 VNĐ | 04/05/2026 | Hồ Chí Minh | Hành chính - Văn phòng | Quyền lợi: Mức lương : 8-10tr (có thể thêm phụ cấp & thưởng theo hiệu suất (đơn xử lý/ngày, lỗi thấp, OT mùa sale)Đóng BHXH đầy đủHỗ trợ cơm trưa & Chỗ nghỉ trưa tại văn phòngMức lương :8-10tr(có thể thêm phụ cấp & thưởng theo hiệu suất (đơn xử lý/ngày, lỗi thấp, OT mùa sale)Đóng BHXH đầy đủHỗ trợ cơm trưa & Chỗ nghỉ trưa tại văn phòng | Yêu cầu: Tối thiểu 1 năm kinh nghiệm vận hành kho hoặc vận hành đơn hàng sàn Thương mại điệ",hanh_chinh,TimViec365,https://timviec365.vn/admin-kho-van-hanh-thuong-mai-djien-tu-p2062259.html,2026-04-15T08:21:36.939488,easy,0.8,trung_binh,False,True,working,OK (200)
labor_timviec365_2062920,NHÂN VIÊN TRỰC VĂN PHÒNG ĐẠI DIỆN,Công ty cổ phần Hoàng Thái,Giao Tiếp,Hà Nội,12000000,12000000,full-time,any,0,,"12.000.000 VNĐ | 04/05/2026 | Hà Nội | Hành chính - Văn phòng | Quyền lợi: - Mức lương: Thoả thuận (linh động theo năng lực và thời gian làm việc). Khoảng 7tr đến 12tr- Hưởng các chế độ theo quy định công ty và nhà nước-Mức lương: Thoả thuận (linh động theo năng lực và thời gian làm việc). Khoảng 7tr đến 12tr- Hưởng các chế độ theo quy định công ty và nhà nước | Yêu cầu: - Trình độ chuyên môn: Đại học. - Kinh nghiệm: Không yêu cầu (được hướng dẫn khi nhận việc). - Kỹ năng: Giao tiếp tốt, nhanh n",hanh_chinh,TimViec365,https://timviec365.vn/nhan-vien-truc-van-phong-djai-dien-p2062920.html,2026-04-15T08:21:36.945462,easy,0.8,trung_binh,False,True,working,OK (200)
labor_timviec365_2060864,Trợ lý Giám đốc,Phòng khám chuyên khoa Thẩm mỹ (thuộc Công ty TNHH Bệnh viện Thẩm mỹ Sili),Giao Tiếp,Hồ Chí Minh,25000000,25000000,full-time,any,1,,"25.000.000 VNĐ | 01/05/2026 | Hồ Chí Minh | Hành chính - Văn phòng | Quyền lợi: * Lương từ 25.000.000 VNĐ + phụ cấp.* Môi trường làm việc chuyên nghiệp, hiện đại.* Đào tạo nâng cao chuyên môn trong lĩnh vực thẩm mỹ.* Đầy đủ BHXH và các* Lương từ 25.000.000 VNĐ + phụ cấp.* Môi trường làm việc chuyên nghiệp, hiện đại.* Đào tạo nâng cao chuyên môn trong lĩnh vực thẩm mỹ.* Đầy đủ BHXH và các | Yêu cầu: Có ngoại hìnhThành thạo tiếng trung , ưu tiên các bạn có kinh nghiệm về ngành thẩm mỹ.Tốt nghiệp Đ",hanh_chinh,TimViec365,https://timviec365.vn/tro-ly-giam-djoc-p2060864.html,2026-04-15T08:21:36.952344,medium,0.8,trung_binh,False,True,working,OK (200)
labor_timviec365_2062454,Nhân viên nhập liệu,CÔNG TY CỔ PHẦN HẠT GIỐNG HY VỌNG,,Hà Nội,8000000,8000000,part-time,any,0,,"8.000.000 VNĐ | 31/05/2026 | Hà Nội | Hành chính - Văn phòng | Quyền lợi: I. ĐỐI VỚI NHÂN VIÊN TOÀN THỜI GIANNhân viên làm tốt, thu nhập 1 tháng thông thường từ 10 - 16 triệu/ thángLương: Từ 3.000.000 VNĐ Đến 8.000.000 VNĐThưởng, service, hoa hồng teamII. ĐỐI VỚI NHÂN VIÊN BÁN THỜI GIANThu nhập của nhân viên làm tốt bao gồm hoa hồng, thưởng, service charge, thông thường được từ 5 - 10 triệu/ thángLương khởi điểm: 30.000 vnđ/hIV. CHUNGMôi trường làm việc năng động, trẻ trung, thân thiện.Có quyền ",hanh_chinh,TimViec365,https://timviec365.vn/nhan-vien-nhap-lieu-p2062454.html,2026-04-15T08:21:36.962899,easy,0.5,trung_binh,False,True,working,OK (200)
labor_timviec365_2061568,Nhân viên chứng từ kho (5 vị trí),CN Công ty CP Giao nhận và Vận chuyển In Do Trần,Excel|Chăm Sóc,Bắc Ninh,0,0,full-time,any,0,,"Thỏa thuận | 31/05/2026 | Bắc Ninh | Hành chính - Văn phòng | Quyền lợi: - Phụ cấp cơm trưa- Phụ cấp đi lại- Thời gian thử việc: 2 tháng hưởng nguyên lương- Chăm sóc sức khỏe, gói bảo hiểm Bảo Việt 24/7.- 01 ngày nghỉ sinh nhật vào tháng sinh nhật hưởng nguyên lương- Du Lịch cùng công ty, tham gia các ngày hội: Sporting day, Family day, CSR day,… hằng năm.- Phụ cấp cơm trưa- Phụ cấp đi lại- Thời gian thử việc: 2 tháng hưởng nguyên lương- Chăm sóc sức khỏe, gói bảo hiểm Bảo Việt 24/7.- 01 ngày ng",hanh_chinh,TimViec365,https://timviec365.vn/nhan-vien-chung-tu-kho-5-vi-tri-p2061568.html,2026-04-15T08:21:36.971205,easy,0.8,trung_binh,False,True,working,OK (200)
labor_timviec365_2062134,nhân viên cho thuê văn phòng,CÔNG TY CỔ PHẦN ĐẦU TƯ VÀ PHÁT TRIỂN VNO,Giao Tiếp|Chăm Sóc,Hồ Chí Minh,9000000,9000000,temporary,any,0,,"9.000.000 VNĐ | 30/05/2026 | Hồ Chí Minh | Hành chính - Văn phòng | Quyền lợi: lương cơ bản hấp dẫn: 7tr - 9tr/tháng + hoa hồng (30% - 50%/hợp đồng thuê) thu nhập không giới hạn.xét tăng lương hằng năm theo năng lực.môi trường năng động, tạo nhiều cơ hội để các bạn phát triển, thăng tiến.    tham gia các khóa bồi dưỡng nâng cao chuyên môn, kỹ năng trong công việc.tham gia đầy đủ bhxh, bhyt, bhtn theo quy định.chế độ phúc lợi: du lịch, teambuilding, đào tạo định kỳ, phép năm, thưởng lễ tết, lương",hanh_chinh,TimViec365,https://timviec365.vn/nhan-vien-cho-thue-van-phong-p2062134.html,2026-04-15T08:21:36.981138,easy,0.3,trung_binh,False,True,working,OK (200)
labor_timviec365_2062133,nhân viên hành chính,Công ty TNHH Bảo hiểm Nhân thọ FWD Việt Nam,,Hà Nội,12000000,12000000,full-time,any,0,,"12.000.000 VNĐ | 30/05/2026 | Hà Nội | Hành chính - Văn phòng | Quyền lợi: lương: bao gồm lương cứng : 6.000.000 – 12.000.000 vnđ/tháng + kpi được hưởng đầy đủ chế độ theo quy định của luật lao động: bhxh, bhyt, lương tháng 13, thưởng lễ tết, du lịch, nghỉ mát… được đào tạo, tham gia các khóa học nội bộ theo ngân sách đào tạo của công ty.lương: bao gồm lương cứng : 6.000.000 – 12.000.000 vnđ/tháng + kpi được hưởng đầy đủ chế độ theo quy định của luật lao động: bhxh, bhyt, lương tháng 13, thưởng ",hanh_chinh,TimViec365,https://timviec365.vn/nhan-vien-hanh-chinh-p2062133.html,2026-04-15T08:21:36.989726,easy,0.8,trung_binh,False,True,working,OK (200)
labor_timviec365_2062122,Chuyên viên hành chính,Công ty Cổ phần Đầu tư Phát triển Khu công nghiệp Quốc tế,Tiếng Anh|Giao Tiếp|Chăm Sóc|Phục Vụ|Bảo Vệ,Hà Nội,18000000,18000000,full-time,any,3,,"18.000.000 VNĐ | 30/05/2026 | Hà Nội | Hành chính - Văn phòng | Quyền lợi: mức lương khởi điểm: 15.000.000vnđ – 18.000.000vnđ (thỏa thuận cụ thể theo năng lực khi phỏng vấn).cơ hội thăng tiến cao, có thể thăng tiến bất kì lúc nào khi thể hiện được năng lực.cơ hội đào tạo chuyên sâu về kỹ năng và chuyên môn tại công ty.được thể hiện hết khả năng và đưa ý kiến của cá nhân để phát triển công việc.môi trường làm việc:cơ hội làm việc với các đối tác nước ngoài là các công ty, tập đoàn lớn trên quốc t",hanh_chinh,TimViec365,https://timviec365.vn/chuyen-vien-hanh-chinh-thu-nhap-15-18-trieu-thuong-and-bh-djay-dju-p2062122.html,2026-04-15T08:21:36.995651,medium,0.8,trung_binh,False,True,working,OK (200)
labor_timviec365_2061661,tuyển nhân sự- ctv nhân sự,Công ty tnhh thịnh phát,,Hà Nội,0,0,full-time,any,0,,"Thỏa thuận | 30/05/2026 | Hà Nội, Cao Bằng, Bắc Kạn, Hòa Bình, Bắc Ninh | Hành chính - Văn phòng | Quyền lợi: phúc lợi tốtphúc lợi tốt | Yêu cầu: - bạn cần có kiến thức nhất định về mạng lưới và bắt kịp xu hướng thời đại.- bất kỳ ai từ 22 tuổi trở lên đều có thể tham gia.- không giới hạn giới tính, ưu tiên ứng viên có kinh nghiệm làm việc trong lĩnh vực mạng lưới.- ứng viên chưa có kinh nghiệm có thể được đào tạo và thực tập miễn phí.- để tham gia công việc, vui lòng liên hệ nhóm làm việc zalo--",hanh_chinh,TimViec365,https://timviec365.vn/tuyen-nhan-su-ctv-nhan-su-p2061661.html,2026-04-15T08:21:36.999515,easy,0.8,trung_binh,False,True,working,OK (200)
labor_timviec365_2062090,tuyển nhân viên hành chính nhân sự,Công ty TNHH LIÊN VIỆT LONG,Giao Tiếp|Phục Vụ,Hồ Chí Minh,10000000,10000000,full-time,any,0,,"10 triệu | 29/05/2026 | Hồ Chí Minh | Hành chính - Văn phòng | Quyền lợi: Lương cơ bản: 7 - 10 triệu/1 tháng + trợ cấp + hoa hồng.Hoa hồng: 500.000 VNĐ cho mỗi ứng viên và trợ cấp hàng tháng.Có cơ hội review lương 6 tháng một lần.Được hỗ trợ marketing để tuyển dụng và tìm kiếm ứng viên trên các nền tảng có phí, công ty chi trả 100%.Được đóng BHXH, nghỉ lễ, du lịch hàng năm và được đào tạo kỹ năng tuyển dụng để phát triển chuyên môn.Lương cơ bản: 7 - 10 triệu/1 tháng + trợ cấp + hoa hồng.Hoa hồng",hanh_chinh,TimViec365,https://timviec365.vn/tuyen-nhan-vien-hanh-chinh-nhan-su-p2062090.html,2026-04-15T08:21:37.006512,easy,0.8,trung_binh,False,True,working,OK (200)
labor_timviec365_2062070,nhân viên hành chính nhân sự,Công Ty TNHH Cella Việt Nam,,Hà Nội,12000000,12000000,full-time,any,0,,"12.000.000 VNĐ | 29/05/2026 | Hà Nội | Hành chính - Văn phòng | Quyền lợi: thu nhập từ 10 – 12 triệu theo năng lực phụ cấp ăn trưa tại văn phòngthưởng lễ, tết, hiệu quả công việcxét tăng lương định kỳ hàng nămbhxh, bhyt, bhtn đầy đủ theo luật lao độngnghỉ phép 12 ngày/ nămmôi trường năng động, trẻ trung, cơ hội phát triển kỹ năng và tư duy thiết kếdu lịch, teambuilding hàng năm cùng công tythu nhập từ 10 – 12 triệu theo năng lực phụ cấp ăn trưa tại văn phòngthưởng lễ, tết, hiệu quả công việcxét ",hanh_chinh,TimViec365,https://timviec365.vn/nhan-vien-hanh-chinh-nhan-su-p2062070.html,2026-04-15T08:21:37.013770,easy,0.8,trung_binh,False,True,working,OK (200)
labor_timviec365_2062022,chuyên viên hành chính (mạnh về cskh - thu nhập upto 18m),Công ty Cổ phần Đầu tư Phát triển Việt Nam Hàn Quốc,Tiếng Anh|Giao Tiếp|Chăm Sóc|Phục Vụ|Bảo Vệ,Hà Nội,18000000,18000000,temporary,any,3,,"18.000.000 VNĐ | 28/05/2026 | Hà Nội | Hành chính - Văn phòng | Quyền lợi: - mức lương từ 15.000.000 đồng đến 18.000.000 đồng tùy theo năng lực khi phỏng vấn.- thưởng tháng lương thứ 13, 14.- thưởng lễ, tết.- chế độ bảo hiểm và phúc lợi đầy đủ theo quy định pháp luật. được tham gia bhxh, bhyt, bhtn sau thời gian thử việc.- chế độ nghỉ phép, nghỉ lễ, tết, ốm đau, hiếu hỉ, thăm nom, ... theo quy định của công ty và pháp luật.- phụ cấp ăn trưa 30.000 đồng/ngày.- thời gian làm việc: 08h00 – 17h00 (n",hanh_chinh,TimViec365,https://timviec365.vn/chuyen-vien-hanh-chinh-manh-ve-cskh-thu-nhap-upto-18m-p2062022.html,2026-04-15T08:21:37.022838,medium,0.3,trung_binh,False,True,working,OK (200)
labor_timviec365_2061957,tuyển nhân viên nghiệp vụ,Công ty TNHH Fongho,Tiếng Anh,Hưng Yên,0,0,full-time,any,0,,"Thỏa thuận | 26/05/2026 | Hưng Yên | Hành chính - Văn phòng | Quyền lợi: - mức lương thỏa thuận theo năng lực, đảm bảo công bằng và hợp lý.- thưởng lễ, tết và lương tháng 13, tạo động lực làm việc cho nhân viên.- được đào tạo nâng cao kỹ năng nghiệp vụ, phát triển bản thân và nghề nghiệp.- môi trường làm việc chuyên nghiệp, thân thiện, cùng với cơ hội thăng tiến rõ ràng trong sự nghiệp.- mức lương thỏa thuận theo năng lực, đảm bảo công bằng và hợp lý.- thưởng lễ, tết và lương tháng 13, tạo động ",hanh_chinh,TimViec365,https://timviec365.vn/tuyen-nhan-vien-nghiep-vu-p2061957.html,2026-04-15T08:21:37.031517,easy,0.8,trung_binh,False,True,working,OK (200)
labor_timviec365_2061860,admin bất động sản,Công ty TNHH Thương Mại và Đầu Tư SRT Đông Bắc,Excel|Word|Word,Quảng Ninh,18000000,18000000,full-time,any,0,,"18.000.000 VNĐ | 24/05/2026 | Quảng Ninh | Hành chính - Văn phòng | Quyền lợi: - lương cứng (8-12 triệu, thoả thuận theo năng lực ) + hoa hồng + thưởng hiệu quả- thưởng hấp dẫn : theo năng lực làm việc, hiệu quả hàng năm, thưởng dự án, thưởng thành tích đặc biệt, thưởng theo xếp loại thi đua.- được xét tăng lương hàng năm, tùy theo năng lực và hiệu quả trong công việc)- đãi ngộ, phúc lợi: lễ, tết, hiếu, hỉ, sinh nhật, nghỉ mát, ốm đau, thai sản,...- teambuilding, du lịch hàng năm.thiết bị làm vi",hanh_chinh,TimViec365,https://timviec365.vn/admin-bat-djong-san-p2061860.html,2026-04-15T08:21:37.039209,medium,0.8,trung_binh,False,True,working,OK (200)
labor_timviec365_2061856,tuyển 50 nhân viên bình tân,J&T EXPRESS,,Hồ Chí Minh,15000000,15000000,full-time,any,0,,"15.000.000 VNĐ | 24/05/2026 | Hồ Chí Minh | Hành chính - Văn phòng | Quyền lợi: lương từ 10 – 15 triệu/tháng (bao gồm lương cơ bản + phụ cấp + tăng ca) thưởng 1.500.000đ sau khi làm đủ 3 tháng thưởng giới thiệu nhân viên nhận việcphụ cấp cơm, tăng ca, ca đêm đầy đủ tham gia bhxh, bhyt, bhtn theo quy định nhà nước thưởng lễ, tết, tháng 13, môi trường làm việc năng động – thân thiệnlương từ 10 – 15 triệu/tháng (bao gồm lương cơ bản + phụ cấp + tăng ca) thưởng 1.500.000đ sau khi làm đủ 3 tháng thưở",hanh_chinh,TimViec365,https://timviec365.vn/tuyen-50-nhan-vien-binh-tan-p2061856.html,2026-04-15T08:21:37.044460,medium,0.8,trung_binh,False,True,working,OK (200)
labor_timviec365_2061854,tuyển nhân viên hành chính nhân sự,Thương hiệu Thời Trang Lust,Excel|Word|Powerpoint|Giao Tiếp|Word|Phục Vụ,Hà Nội,10000000,10000000,full-time,any,0,,"10.000.000 VNĐ | 24/05/2026 | Hà Nội | Hành chính - Văn phòng | Quyền lợi: - nhận đầy đủ các khoản lương, thưởng, phụ cấp và thưởng nóng theo quy định của công ty.- mức thu nhập cao, được đánh giá công bằng dựa trên chuyên môn và nghiệp vụ.- có lộ trình thăng tiến rõ ràng cùng cơ chế tăng lương, thưởng minh bạch, không bị ảnh hưởng bởi cảm tính.- tham gia các hoạt động ăn uống, giải trí và sự kiện nội bộ để nâng cao tinh thần làm việc.- cơ hội học hỏi và phát triển năng lực bản thân trong môi tr",hanh_chinh,TimViec365,https://timviec365.vn/tuyen-nhan-vien-hanh-chinh-nhan-su-p2061854.html,2026-04-15T08:21:37.052476,easy,0.8,trung_binh,False,True,working,OK (200)
labor_timviec365_2061843,tuyển nhân viên tư vấn ghi danh tối quận 12,Đào Tạo Tin Học Key As,Giao Tiếp|Chăm Sóc,Hồ Chí Minh,4000000,4000000,full-time,any,0,,"4.000.000 VNĐ | 24/05/2026 | Hồ Chí Minh | Hành chính - Văn phòng | Quyền lợi:  chế độ đãi ngộ:- mức lương: từ 3-4 triệu tuỳ vào năng lực tư vấn.- được đào tạo nâng cao.- môi trường làm việc năng động, không áp lực doanh số.- và những chế độ đãi ngộ khác.chế độ đãi ngộ:- mức lương: từ 3-4 triệu tuỳ vào năng lực tư vấn.- được đào tạo nâng cao.- môi trường làm việc năng động, không áp lực doanh số.- và những chế độ đãi ngộ khác. | Yêu cầu: yêu cầu:- nữ dưới 30 tuổi, giao tiếp tốt, ngoại hình ưa nh",hanh_chinh,TimViec365,https://timviec365.vn/tuyen-nhan-vien-tu-van-ghi-danh-toi-quan-12-p2061843.html,2026-04-15T08:21:46.996459,easy,0.8,trung_binh,False,True,working,OK (200)
labor_timviec365_2061789,tuyển trợ lý giám đốc tiếng trung,CÔNG TY TNHH THƯƠNG MẠI ĐIỆN TỬ BINGO MALL VIỆT NAM,Excel|Word|Powerpoint|Giao Tiếp|Word,Hồ Chí Minh,18000000,18000000,full-time,any,2,,"18.000.000 VNĐ | 23/05/2026 | Hồ Chí Minh | Hành chính - Văn phòng | Quyền lợi: - mức lương: từ 12.000.000vnđ (thỏa thuận tùy năng lực).- thưởng hiệu suất, thưởng lễ tết và các chế độ phúc lợi khác.- được đóng bhxh, bhyt, bhtn theo quy định.- môi trường làm việc chuyên nghiệp, năng động.- cơ hội học hỏi và phát triển nghề nghiệp.- mức lương: từ 12.000.000vnđ (thỏa thuận tùy năng lực).- thưởng hiệu suất, thưởng lễ tết và các chế độ phúc lợi khác.- được đóng bhxh, bhyt, bhtn theo quy định.- môi tr",hanh_chinh,TimViec365,https://timviec365.vn/tuyen-tro-ly-giam-djoc-tieng-trung-p2061789.html,2026-04-15T08:21:46.999438,medium,0.8,trung_binh,False,True,working,OK (200)
labor_timviec365_2061051,Tuyển Trợ lý giám đốc,CTY TNHH CỬA ĐỒNG ĐẠI THUẾ GIỚI,Giao Tiếp,,0,0,full-time,any,1,,Thỏa thuận | 23/05/2026 | Toàn quốc | Hành chính - Văn phòng | Quyền lợi: Mức lương: Thỏa thuận.Được hưởng trợ cấp tiền ăn trưa.Cơ hội tham gia các khóa đào tạo nâng cao kỹ năng.Môi trường làm việc chuyên nghiệp và thân thiện.Mức lương: Thỏa thuận.Được hưởng trợ cấp tiền ăn trưa.Cơ hội tham gia các khóa đào tạo nâng cao kỹ năng.Môi trường làm việc chuyên nghiệp và thân thiện. | Yêu cầu: Tốt nghiệp đại học hoặc cao đẳng chuyên ngành liên quan.Có kinh nghiệm làm việc tối thiểu 1 năm trong lĩnh vực,hanh_chinh,TimViec365,https://timviec365.vn/tuyen-tro-ly-giam-djoc-p2061051.html,2026-04-15T08:21:47.002405,easy,0.8,trung_binh,False,True,working,OK (200)
labor_timviec365_2061757,Tuyển Nhân Viên Kinh Doanh - Hành Chính Văn Phòng,Công Ty Tài Chính Trách Nhiệm Hữu Hạn Một Thành Viên Shinhan Việt Nam,Giao Tiếp,Hồ Chí Minh,20000000,20000000,temporary,any,0,,"20.000.000 VNĐ | 22/05/2026 | Hồ Chí Minh | Hành chính - Văn phòng | Quyền lợi: mức thu nhập hấp dẫn từ 8 - 20 triệu vnd (lương cứng không phụ thuộc vào doanh số, kèm theo thưởng doanh số).được hưởng 12 ngày phép năm để nghỉ ngơi và tái tạo năng lượng.ký hợp đồng lao động chính thức, đảm bảo đầy đủ quyền lợi bảo hiểm như bhxh, bhyt, bh 24h.cơ hội được đào tạo nghiệp vụ tài chính và phát triển kỹ năng mềm chuyên sâu.nhận được sự hỗ trợ tối đa từ cấp quản lý và có lộ trình thăng tiến rõ ràng trong",hanh_chinh,TimViec365,https://timviec365.vn/tuyen-nhan-vien-kinh-doanh-hanh-chinh-van-phong-p2061757.html,2026-04-15T08:21:47.005146,medium,0.3,trung_binh,False,True,working,OK (200)
labor_timviec365_2061743,chuyên viên tư vấn tuyển sinh,Vietstar,Tiếng Anh|Giao Tiếp|Chăm Sóc,Hồ Chí Minh,10000000,10000000,full-time,any,0,,"10 triệu | 22/05/2026 | Hồ Chí Minh | Hành chính - Văn phòng | Quyền lợi: - lương cứng 8.500.000 – 9.500.000 (deal theo năng lực) + hoa hồng + thưởng (thu nhập trung bình từ 20.000.000 – 25.000.000)- thử việc 2 tháng hưởng 100% lương- đóng bhxh, bhyt, bhtn theo quy định- khám sức khỏe hằng năm- có 14 ngày phép năm + 11 ngày nghỉ lễ + 1 ngày nghỉ giáng sinh (ngày nghỉ được hưởng lương)- review lương hằng năm và hưởng tháng lương thứ 13- tham gia chương trình đào tạo bài bản từ chuyên gia đầu ngàn",hanh_chinh,TimViec365,https://timviec365.vn/chuyen-vien-tu-van-tuyen-sinh-p2061743.html,2026-04-15T08:21:47.008430,easy,0.8,trung_binh,False,True,working,OK (200)
labor_timviec365_2061729,cộng tác viên/ thực tập sinh,Công ty Cổ phần Chứng khoán VPS,,Hồ Chí Minh,0,0,full-time,any,2,,"Thỏa thuận | 22/05/2026 | Hồ Chí Minh | Hành chính - Văn phòng | Quyền lợi: Được đào tạo trực tiếp bởi các chuyên gia hàng đầu trong ngành. Lộ trình thăng tiến rõ ràng: thực tập sinh → chuyên viên → trưởng phòng. Cơ hội thu nhập hấp dẫn từ hỗ trợ thực tập đến hoa hồng, có thể đạt 50–100 triệu/tháng sau 2 năm.Được đào tạo trực tiếp bởi các chuyên gia hàng đầu trong ngành.Lộ trình thăng tiến rõ ràng: thực tập sinh → chuyên viên → trưởng phòng.Cơ hội thu nhập hấp dẫn từ hỗ trợ thực tập đến hoa hồng",hanh_chinh,TimViec365,https://timviec365.vn/cong-tac-vien-thuc-tap-sinh-p2061729.html,2026-04-15T08:21:47.010695,medium,0.8,trung_binh,False,True,working,OK (200)
labor_timviec365_2061673,Tuyển 2 nhân viên lễ tân,Công ty TNHH Liên Việt Long,Giao Tiếp|Phục Vụ,Hồ Chí Minh,8000000,8000000,full-time,any,0,,"8.000.000 VNĐ | 21/05/2026 | Hồ Chí Minh | Hành chính - Văn phòng | Quyền lợi:  - lương cb: 8 triệu/ tháng hoa hồng thưởng.  - review lương 6 tháng/lần.  - thưởng tết nguyên đán, thưởng các ngày lễ lớn trong năm, thưởng sinh nhật.  - tham gia miễn phí các chương trình đào tạo kỹ năng và kiến thức do công ty tổ chức để nâng cao hình ảnh bản thân & phục vụ cho công việc.  - chính sách phúc lợi công ty đa dạng và hướng về nlđ: môi trường làm việc tích cực, chế độ team building du lịch hàng năm, các",hanh_chinh,TimViec365,https://timviec365.vn/tuyen-2-nhan-vien-le-tan-luong-8-15tr-p2061673.html,2026-04-15T08:21:47.013737,easy,0.8,trung_binh,False,True,working,OK (200)
labor_timviec365_2061666,chuyên viên hành chính nhân sự,CTCP Thương mại Dịch vụ Siin Group,Giao Tiếp,,7000000,7000000,full-time,any,0,,"7.000.000 VNĐ | 20/05/2026 | Toàn quốc | Hành chính - Văn phòng | Quyền lợi: Lương cứng từ 7.000.000 VNĐ/ tháng + thưởng, cạnh tranh so với thị trường (thu nhập thỏa thuận tương xứng với năng lực và đóng góp);Lương cứng từ 7.000.000 VNĐ/ tháng + thưởng, cạnh tranh so với thị trường (thu nhập thỏa thuận tương xứng với năng lực và đóng góp); | Yêu cầu: d. yêu cầu công việcưu tiên tốt nghiệp chuyên ngành quản trị nhân lực, quản trị văn phòng, hành chính, quản lý nhà nước, luật,... hoặc các chuyên n",hanh_chinh,TimViec365,https://timviec365.vn/chuyen-vien-hanh-chinh-nhan-su-p2061666.html,2026-04-15T08:21:47.019697,easy,0.8,trung_binh,False,True,working,OK (200)
labor_timviec365_2060931,Nhân viên Văn phòng Tiếng Trung,Công ty TNHH SXSP Nhựa Cao Su Chun Xiang,Excel|Word|Giao Tiếp|Word,Hồ Chí Minh,12000000,12000000,full-time,any,0,,"12.000.000 VNĐ | 20/05/2026 | Hồ Chí Minh, Bình Dương | Biên - Phiên dịch, Hành chính - Văn phòng, Kế toán - Kiểm toán | Quyền lợi: Lương thỏa thuận cao theo năng lực, từ 12.000.000 VNĐ trở lên.Chế độ BHXH, BHYT, BHTN theo quy định pháp luật.Môi trường làm việc ổn định, lâu dài.Lương thỏa thuận cao theo năng lực, từ 12.000.000 VNĐ trở lên.Chế độ BHXH, BHYT, BHTN theo quy định pháp luật.Môi trường làm việc ổn định, lâu dài. | Yêu cầu: Tiếng Trung giao tiếp thành thạo.Sử dụng thành thạo vi tính vă",hanh_chinh,TimViec365,https://timviec365.vn/nhan-vien-van-phong-tieng-trung-nghiep-vu-p2060931.html,2026-04-15T08:21:47.024413,easy,0.8,trung_binh,False,True,working,OK (200)
labor_timviec365_2060871,"LAO ĐỘNG PHỔ THÔNG CẮT, ĐÓNG GÓI (HÀNH CHÍNH)",Công ty TNHH Sản Phẩm và Dịch Vụ Q Việt Nam,,Đồng Nai,10000000,10000000,full-time,any,0,,"10.000.000 VNĐ | 19/05/2026 | Đồng Nai | Lao động phổ thông, Sản xuất - Vận hành sản xuất, Hành chính - Văn phòng | Quyền lợi: - Cơm trưa/giữa ca trị giá 50.000 VND- Tham gia đầy đủ các chế độ BHXH, BHYT, BHTN - Tham gia gói bảo hiểm sức khỏe cá nhân AAA- Môi trường năng động, sạch sẽ, tiện nghi- Hưởng 100% lương trong thời gian thử việc- Phúc lợi khác: Du lịch, tiệc BBQ, &hellip;- Cơm trưa/giữa ca trị giá 50.000 VND- Tham gia đầy đủ các chế độ BHXH, BHYT, BHTN- Tham gia gói bảo hiểm sức khỏe cá",hanh_chinh,TimViec365,https://timviec365.vn/lao-djong-pho-thong-p2060871.html,2026-04-15T08:21:47.027350,easy,0.8,trung_binh,False,True,working,OK (200)
labor_timviec365_2061638,nhân viên hành chính tổng hợp,Công ty Cổ phần Thương Mại và dịch vụ Ikoti,,Hà Nội,15000000,15000000,full-time,any,0,,"15.000.000 VNĐ | 18/05/2026 | Hà Nội | Hành chính - Văn phòng | Quyền lợi: Mức lương từ 12.000.000 VNĐ đến 15.000.000 VNĐ, thỏa thuận theo năng lực.Thưởng doanh số khi kết nối được ứng viên nhận việc.Hoa hồng dự án.Thời gian làm việc từ thứ 2 đến thứ 6, 8:00 – 17:30, nghỉ trưa 1 tiếng.Mức lương từ 12.000.000 VNĐ đến 15.000.000 VNĐ, thỏa thuận theo năng lực.Thưởng doanh số khi kết nối được ứng viên nhận việc.Hoa hồng dự án.Thời gian làm việc từ thứ 2 đến thứ 6, 8:00 – 17:30, nghỉ trưa 1 tiếng. | ",hanh_chinh,TimViec365,https://timviec365.vn/nhan-vien-hanh-chinh-tong-hop-p2061638.html,2026-04-15T08:21:47.033335,medium,0.8,trung_binh,False,True,working,OK (200)
labor_timviec365_2060741,NHÂN VIÊN HÀNH CHÍNH NHÂN SỰ,Công ty Cổ Phần KHKT Phượng Hải,Excel|Word|Word,Hồ Chí Minh,9000000,9000000,full-time,any,0,,"9.000.000 VNĐ | 16/05/2026 | Hồ Chí Minh | Hành chính - Văn phòng | Quyền lợi: - Thu nhập 7-9 triệu hoặc thỏa thuận theo năng lực từng ứng viên.- Đầy đủ chế độ: nghỉ lễ, du lịch nghỉ mát, Bảo hiểm xã hội- Thưởng lễ, thưởng tết, thưởng KPI, phép năm- Đào tạo, nâng cao chuyên môn, cơ hội phát triển thăng tiến trong công việc- Thu nhập 7-9 triệu hoặc thỏa thuận theo năng lực từng ứng viên.- Đầy đủ chế độ: nghỉ lễ, du lịch nghỉ mát, Bảo hiểm xã hội- Thưởng lễ, thưởng tết, thưởng KPI, phép năm- Đào t",hanh_chinh,TimViec365,https://timviec365.vn/nhan-vien-hanh-chinh-nhan-su-p2060741.html,2026-04-15T08:21:47.038971,easy,0.8,trung_binh,False,True,working,OK (200)
labor_timviec365_2061443,Nhân viên lễ tân văn phòng,CÔNG TY TNHH ĐẦU TƯ PHÁT TRIỂN PHÁT ĐẠT,Tiếng Anh|Giao Tiếp|Chăm Sóc,,15000000,15000000,full-time,any,0,,"15.000.000 VNĐ | 15/05/2026 | Toàn quốc | Hành chính - Văn phòng | Quyền lợi: - Lương: 8 tr - 15tr - Làm việc trong môi trường trẻ, chuyên nghiệp, năng động và thân thiện - Chưa có kinh nghiệm sẽ được đào tạo về kỹ năng, phát triển bản thân - Được hưởng chế độ Lễ Tết, lương tháng 13, sinh nhật, du lịch... BHXH theo quy định chung của nhà nước - Xét tăng lương định kỳ hàng năm và thưởng nóng khi có thành tích xuất sắc- Lương: 8 tr - 15tr- Làm việc trong môi trường trẻ, chuyên nghiệp, năng động và",hanh_chinh,TimViec365,https://timviec365.vn/nhan-vien-le-tan-van-phong-p2061443.html,2026-04-15T08:21:47.042069,medium,0.8,trung_binh,False,True,working,OK (200)
labor_timviec365_2061359,leader hành chính nhân sự,Công Ty TNHH TMDV Si Kim Phát,,Hồ Chí Minh,0,0,full-time,any,5,,"Thỏa thuận | 12/05/2026 | Hồ Chí Minh | Hành chính - Văn phòng | Quyền lợi: Mức lương: Thỏa thuận + thưởng KPI theo hiệu suất làm việc.Môi trường làm việc lành mạnh, khuyến khích sự phát triển cá nhân và tập thể.Chính sách phúc lợi đầy đủ: BHXH, thưởng lễ Tết, tháng 13, sinh nhật.Mức lương: Thỏa thuận + thưởng KPI theo hiệu suất làm việc.Môi trường làm việc lành mạnh, khuyến khích sự phát triển cá nhân và tập thể.Chính sách phúc lợi đầy đủ: BHXH, thưởng lễ Tết, tháng 13, sinh nhật. | Yêu cầu: Họ",hanh_chinh,TimViec365,https://timviec365.vn/leader-hanh-chinh-nhan-su-p2061359.html,2026-04-15T08:21:47.044779,hard,0.8,trung_binh,False,True,working,OK (200)
labor_timviec365_2061250,Nhân viên hành chính nhân sự,Công ty TNHH Hoa Jewels,Excel|Word|Powerpoint|Giao Tiếp|Word,Hồ Chí Minh,13000000,13000000,full-time,any,2,,"13.000.000 VNĐ | 10/05/2026 | Hồ Chí Minh | Hành chính - Văn phòng | Quyền lợi: Mức lương cạnh tranh.Đầy đủ các phúc lợi theo luật LĐ.Khám sức khỏe hàng năm.Thưởng lễ, tết, sinh nhật, lương tháng 13...Thưởng thâm niên, thưởng cải tiến, thưởng dự án.Cơ hội tham gia các khóa đào tạo và phát triển nghề nghiệp để nâng cao kỹ năng.Chế độ nghỉ lễ, Tết theo quy định của Nhà nước, đảm bảo thời gian nghỉ ngơi hợp lý cho nhân viên.Mức lương cạnh tranh.Đầy đủ các phúc lợi theo luật LĐ.Khám sức khỏe hàng nă",hanh_chinh,TimViec365,https://timviec365.vn/nhan-vien-hanh-chinh-nhan-su-p2061250.html,2026-04-15T08:21:47.047382,medium,0.8,trung_binh,False,True,working,OK (200)
labor_timviec365_2061109,Hành chính - Tổng hợp / Trợ lý kinh doanh,CÔNG TY TNHH BẤT ĐỘNG SẢN PROSPERS LAND,,Hồ Chí Minh,12000000,12000000,full-time,any,0,,"12.000.000 VNĐ | 09/05/2026 | Hồ Chí Minh | Hành chính - Văn phòng | Quyền lợi: Lương cơ bản: Từ 8.000.000 VNĐ đến 12.000.000 VNĐ/tháng + hoa hồng không giới hạn.Mức LCB: 6TR5 + tiền MKT + hoa hồng + thưởng.Tháng 3: hướng dẫn lộ trình thăng tiến cho từng nhân viên, deal lương và tham gia HĐLĐ theo luật nhà nước, đảm bảo các chế độ trong HĐLĐ.Tháng thứ 5 + 6: xét thăng tiến cho từng nhân viên với mức năng lực phù hợp.Lộ trình thăng tiến rõ ràng đảm bảo cho nhân viên: - Nhân Viên: LCB 6.5tr + MKT ",hanh_chinh,TimViec365,https://timviec365.vn/hanh-chinh-tong-hop-tro-ly-kinh-doanh-p2061109.html,2026-04-15T08:21:47.052901,easy,0.8,trung_binh,False,True,working,OK (200)
labor_timviec365_2061001,Tuyển nhân viên hành chính tổng hợp,CÔNG TY TNHH BẤT ĐỘNG SẢN PROSPERS LAND,,Hồ Chí Minh,0,0,full-time,any,0,,"Thỏa thuận | 30/05/2026 | Hồ Chí Minh | Hành chính - Văn phòng | Quyền lợi: - Mức lương cơ bản từ 8.8400******0.000 VNĐ/tháng cùng hoa hồng không giới hạn theo hiệu suất làm việc.- Thưởng tuyển dụng 1.000.000 VNĐ cho mỗi ứng viên mà bạn giới thiệu và làm việc đủ 1 tháng tại công ty.- Nhận hoa hồng MKT 4% giá trị giao dịch khi thực hiện thành công.- Đầy đủ chế độ BHXH, BHYT theo quy định, thưởng lễ, tết, sinh nhật; môi trường làm việc năng động, cơ hội thăng tiến rõ ràng.- Đảm bảo hưởng đầy đủ cá",hanh_chinh,TimViec365,https://timviec365.vn/tuyen-nhan-vien-hanh-chinh-tong-hop-p2061001.html,2026-04-15T08:21:47.056392,easy,0.8,trung_binh,False,True,working,OK (200)
labor_timviec365_2060955,Tuyển Trợ lý Tổng giám đốc,CÔNG TY TNHH CELEBRITY FASHION VINA,Tiếng Anh|Giao Tiếp|Lái Xe|Bằng Lái,Quảng Nam,0,0,full-time,any,5,,"Thỏa thuận | 30/05/2026 | Quảng Nam | Hành chính - Văn phòng | Quyền lợi: - Nhận quà vào các ngày lễ, kỷ niệm như Trung thu, Tết, Sinh nhật, 8/3, v.v.- Thời gian làm việc từ thứ 2 đến thứ 7 (7h30 - 16h15).- Chế độ BHXH, BHYT, BHTN theo quy định của Luật.- Chế độ nghỉ phép, nghỉ sinh, nghỉ lễ Tết theo quy định của Nhà nước.- Tham gia các hoạt động của Công ty như sinh nhật, Team building, YEP, thể thao, v.v.- Cơ hội thăng tiến rõ ràng trong lộ trình nghề nghiệp.- Môi trường làm việc chuyên nghiệp",hanh_chinh,TimViec365,https://timviec365.vn/tuyen-tro-ly-tong-giam-djoc-p2060955.html,2026-04-15T08:21:47.058992,hard,0.8,trung_binh,False,True,working,OK (200)
labor_timviec365_2060757,Tuyển nhân viên hành chính,EMERALD PRIORITY,,Hồ Chí Minh,10000000,10000000,full-time,any,0,,10.000.000 VNĐ | 30/05/2026 | Hồ Chí Minh | Hành chính - Văn phòng | Quyền lợi: *  Lương tháng 13 và các chế độ thâm niên hấp dẫn.*  (Các*  Lương tháng 13 và các chế độ thâm niên hấp dẫn.*  (Các | Yêu cầu: *  (Thông tin chi tiết sẽ được cập nhật sớm)*  (Thông tin chi tiết sẽ được cập nhật sớm)+ Xem thêm | 10.000.000 VNĐ | 30/05/2026 | Hồ Chí Minh | Hành chính - Văn phòng | Quyền lợi: *  Lương tháng 13 và các chế độ thâm niên hấp dẫn.*  (Các*  Lương tháng 13 và các chế độ thâm niên hấp dẫn.*  (Cá,hanh_chinh,TimViec365,https://timviec365.vn/tuyen-nhan-vien-hanh-chinh-p2060757.html,2026-04-15T08:21:47.061463,easy,0.8,trung_binh,False,True,working,OK (200)
labor_timviec365_2060112,Nhân viên Hành chính,Công ty TNHH Nhân lực Âu Mỹ,,Hà Nội,15000000,15000000,full-time,any,1,,"15.000.000 VNĐ | 27/05/2026 | Hà Nội | Hành chính - Văn phòng, Nhân sự | Quyền lợi: *  Lương cơ bản: 6.000.000 - 8.000.000 VNĐ/tháng. Thu nhập: 15.000.000 - 20.000.000 VNĐ/tháng*  Thưởng hiệu quả, thưởng KPI*  BHXH*  Được đào tạo về nghiệp vụ, môi trường văn minh*  Thời gian làm việc: Thứ 2 - Thứ 6, nghỉ T7 & CN*  Hưởng phép theo quy định*  Lương cơ bản: 6.000.000 - 8.000.000 VNĐ/tháng. Thu nhập: 15.000.000 - 20.000.000 VNĐ/tháng*  Thưởng hiệu quả, thưởng KPI*  BHXH*  Được đào tạo về nghiệp vụ, ",hanh_chinh,TimViec365,https://timviec365.vn/nhan-vien-hanh-chinh-p2060112.html,2026-04-15T08:21:47.063862,medium,0.8,trung_binh,False,True,working,OK (200)
labor_timviec365_2061231,Phó phòng hành chính nhân sự,CÔNG TY CP KẾT NỐI ĐẦU TƯ XÂY DỰNG VIỆT NAM,Giao Tiếp,Hồ Chí Minh,20000000,20000000,full-time,any,2,,20.000.000 VNĐ | 25/05/2026 | Hồ Chí Minh | Hành chính - Văn phòng | Quyền lợi: - Lương: 15 – 20 triệu đồng/tháng (tùy năng lực). - Thưởng: + Thưởng theo quy định nhà nước; + Thưởng theo chính sách Công ty: • Thưởng theo định mức số lượng nhân viên tại Công ty • Thưởng theo hiệu quả công việc của phòng • Thưởng đột xuất. - Phụ cấp : + Phụ cấp trách nhiệm + Phụ cấp khác theo chính sách chung của Công ty.- Lương: 15 – 20 triệu đồng/tháng (tùy năng lực). - Thưởng: + Thưởng theo quy định nhà nước; +,hanh_chinh,TimViec365,https://timviec365.vn/pho-phong-hanh-chinh-nhan-su-p2061231.html,2026-04-15T08:21:47.067436,medium,0.8,trung_binh,False,True,working,OK (200)
labor_timviec365_2060540,Nhân Viên Kỹ Thuật,Công Ty Cổ Phần Nisko Việt Nam,Giao Tiếp,Hà Nội,13000000,13000000,full-time,any,0,,"13.000.000 VNĐ | 25/05/2026 | Hà Nội | Hành chính - Văn phòng | Quyền lợi: *  Mức lương: 9.000.000 - 13.000.000 VNĐ*  Đầy đủ chế độ BHXH, BHYT, BHTN, 12 ngày phép/năm*  Phúc lợi: Thưởng lễ Tết, quà sinh nhật, khám sức khỏe định kỳ, du lịch hàng năm, hoạt động văn hóa thể thao, thưởng thâm niên.*  Mức lương: 9.000.000 - 13.000.000 VNĐ*  Đầy đủ chế độ BHXH, BHYT, BHTN, 12 ngày phép/năm*  Phúc lợi: Thưởng lễ Tết, quà sinh nhật, khám sức khỏe định kỳ, du lịch hàng năm, hoạt động văn hóa thể thao, th",hanh_chinh,TimViec365,https://timviec365.vn/nhan-vien-ky-thuat-p2060540.html,2026-04-15T08:21:47.070943,easy,0.8,trung_binh,False,True,working,OK (200)
labor_timviec365_2060530,Tuyển nhân viên hành chính nhân sự,CÔNG TY TNHH KỸ THUẬT CÔNG NGHỆ ASAN,Excel|Word|Powerpoint|Giao Tiếp|Word,Hồ Chí Minh,10000000,10000000,full-time,any,3,,"10.000.000 VNĐ | 25/05/2026 | Hồ Chí Minh | Hành chính - Văn phòng | Quyền lợi: - Mức lương cạnh tranh, xứng đáng với năng lực và kinh nghiệm của ứng viên.- Thưởng các ngày lễ, tết theo quy định của công ty.- Được hưởng chế độ bảo hiểm xã hội, bảo hiểm y tế, bảo hiểm thất nghiệp theo quy định của pháp luật.- Cơ hội thăng tiến và phát triển nghề nghiệp trong môi trường chuyên nghiệp.- Môi trường làm việc năng động, thân thiện và sáng tạo.- Được tham gia các hoạt động teambuilding, du lịch hàng nă",hanh_chinh,TimViec365,https://timviec365.vn/tuyen-nhan-vien-hanh-chinh-nhan-su-p2060530.html,2026-04-15T08:21:47.074591,medium,0.8,trung_binh,False,True,working,OK (200)
labor_timviec365_2060477,NHÂN VIÊN HÀNH CHÍNH NHÂN SỰ,Công ty TNHH Liên Việt Long,Giao Tiếp,Hồ Chí Minh,8000000,8000000,full-time,any,0,,"8.000.000 VNĐ | 25/05/2026 | Hồ Chí Minh | Hành chính - Văn phòng | Quyền lợi: Lương cơ bản: 7triệu -9triệu/tháng Hoa hồng : 500k/ứng viênHỗ trợ card điện thoại và thưởng trợ cấp từ 200-300k/bạn.Hỗ trợ makerting theo tuần từ 500-800k tuỳ số lượng ứng viên.Chế độ BHXH đầy đủ.Lộ trình thăng tiến cụ thể.Môi trường trẻ trung, năng động, thoải máiĐược hướng dẫn, đào tạo bài bản về kiến thức kỹ năng nghiệp vụ. Môi trường làm việc chuyên nghiệp, trẻ trung, thân thiện, Gen Z.Du lịch team building 3 lần/",hanh_chinh,TimViec365,https://timviec365.vn/nhan-vien-hanh-chinh-nhan-su-tyen-dung-p2060477.html,2026-04-15T08:21:47.082906,easy,0.8,trung_binh,False,True,working,OK (200)
labor_timviec365_2060397,Nhân Viên Hành Chính Văn Phòng,CÔNG TY TNHH HI-MAX VIỆT NAM,Phục Vụ,Hồ Chí Minh,7000000,7000000,temporary,any,0,,"7.000.000 VNĐ | 23/05/2026 | Hồ Chí Minh | Hành chính - Văn phòng | Quyền lợi: - Làm việc trong môi trường năng động- Cung cấp trang thiết bị đầy đủ để phục vụ công việc.- Lương thử việc 3 tháng: 7.000.000/tháng, sau ký Hợp đồng tăng theo năng lực- Tham gia BHXH theo quy định của Nhà nước- Thời gian làm việc: Từ 7 giờ 30 đến 17 giờ từ thứ 2 đến thứ 6, Thứ 7 làm việc buổi sáng- Làm việc trong môi trường năng động- Cung cấp trang thiết bị đầy đủ để phục vụ công việc.- Lương thử việc 3 tháng: 7.000",hanh_chinh,TimViec365,https://timviec365.vn/nhan-vien-hanh-chinh-van-phong-p2060397.html,2026-04-15T08:21:47.088476,easy,0.3,trung_binh,False,True,working,OK (200)
labor_timviec365_2025638,Nhân viên Hành chính Nhân sự,Công ty My Job,Giao Tiếp,Hà Nội,7000000,10000000,full-time,any,0,,"Từ 7.000.000 VNĐ Đến 10.000.000 VNĐ | 30/06/2026 | Hà Nội | Hành chính - Văn phòng, Nhân sự | Quyền lợi: - * Lương: Từ 7.000.000 VNĐ Đến 10.000.000 VNĐ - * Hoa hồng tuyển dụng: 500.000 VNĐ - 4.000.000 VNĐ/ứng viên (tùy vị trí)- * Lương: Từ 7.000.000 VNĐ Đến 10.000.000 VNĐ- * Hoa hồng tuyển dụng: 500.000 VNĐ - 4.000.000 VNĐ/ứng viên (tùy vị trí) | Yêu cầu: - Có kinh nghiệm tuyển dụng nhân sự trong lĩnh vực sale, tư vấn khách hàng, IT… là một lợi thế(không có kinh nghiệm sẽ được đào tạo).- Có máy ",nhan_su,TimViec365,https://timviec365.vn/chuyen-vien-tuyen-dung-nhan-su-p2025638.html,2026-04-15T08:22:02.051410,easy,0.8,trung_binh,False,True,working,OK (200)
labor_timviec365_2066651,TUYỂN DỤNG CÔNG NHÂN VẬN HÀNH MÁY,Công ty TNHH Việt Thái,,Hà Nội,10000000,15000000,full-time,any,0,,"Từ 10.000.000 VNĐ Đến 15.000.000 VNĐ | 01/05/2026 | Hà Nội | Lao động phổ thông, Nhân sự | Quyền lợi: Mức lương: 10 – 15 triệu/tháng Có hỗ trợ ăn ở Môi trường làm việc ổn định, lâu dài Có cơ hội nâng cao tay nghề và phát triểnMức lương: 10 – 15 triệu/thángCó hỗ trợ ăn ởMôi trường làm việc ổn định, lâu dàiCó cơ hội nâng cao tay nghề và phát triển | Yêu cầu: Tốt nghiệp trung cấp trở lên Ưu tiên: Chuyên ngành kỹ thuật, cơ khí, điện Hoặc có kinh nghiệm vận hành máy Chăm chỉ, trách nhiệm, có tinh thầ",nhan_su,TimViec365,https://timviec365.vn/tuyen-dung-cong-nhan-van-hanh-may-p2066651.html,2026-04-15T08:22:02.056478,medium,0.8,trung_binh,False,True,working,OK (200)
labor_timviec365_2066626,TUYỂN DỤNG NHÂN VIÊN ĐẶT HÀNG LÀM Ở QUỐC OAI,Công ty TNHH Việt Thái,,Hà Nội,10000000,15000000,full-time,any,1,,"Từ 10.000.000 VNĐ Đến 15.000.000 VNĐ | 30/04/2026 | Hà Nội | Nhân sự, Việc làm bán hàng, Vật tư - Thiết bị | Quyền lợi: 💰 Mức lương: 10 – 15 triệu/tháng 📄 Được đóng bảo hiểm theo quy định của Nhà nước 🏖️ Nghỉ mát hàng năm 🎁 Thưởng theo quy định💰 Mức lương: 10 – 15 triệu/tháng📄 Được đóng bảo hiểm theo quy định của Nhà nước🏖️ Nghỉ mát hàng năm🎁 Thưởng theo quy định | Yêu cầu: - Có tối thiểu 1 năm kinh nghiệm ở vị trí tương đương - Có khả năng làm việc độc lập và phối hợp tốt với các phòng ban- Có ",nhan_su,TimViec365,https://timviec365.vn/tuyen-dung-nhan-vien-djat-hang-lam-o-quoc-oai-p2066626.html,2026-04-15T08:22:02.064440,medium,0.8,trung_binh,False,True,working,OK (200)
labor_timviec365_2066167,CHỦ QUẢN NHÂN SỰ - HRBP,Công ty TNHH Moons Industries Việt Nam,Giao Tiếp,Hải Phòng,0,0,full-time,any,5,,"Thỏa thuận | 26/04/2026 | Hải Phòng | Hành chính - Văn phòng, Nhân sự | Quyền lợi: - Lương thỏa thuận - Môi trường làm việc quốc tế chuyên nghiệp, trẻ trung và năng động.  - Thu nhập cạnh tranh và được tham gia bảo hiểm xã hội theo đúng quy định.  - Chế độ thưởng các dịp Lễ (30/04 – 01/05, Quốc Khánh 02/09, Hiến chương các Nhà giáo 20/11 …), Tết Dương lịch, Tết Âm lịch; chế độ thưởng KPIs hàng kỳ …- Lương thỏa thuận- Môi trường làm việc quốc tế chuyên nghiệp, trẻ trung và năng động.- Thu nhập cạ",nhan_su,TimViec365,https://timviec365.vn/nhan-vien-hrbp-p2066167.html,2026-04-15T08:22:02.074006,hard,0.8,trung_binh,False,True,working,OK (200)
labor_timviec365_2053860,THỰC TẬP SINH TUYỂN DỤNG NHÂN SỰ,Công ty My Job,Giao Tiếp,Hà Nội,2000000,3000000,full-time,any,0,,"Từ 2.000.000 VNĐ Đến 3.000.000 VNĐ | 30/06/2026 | Hà Nội | Nhân sự | Quyền lợi: - Hỗ lương cứng: 3tr + hoa hồng tuyển dụng- Hoa hồng: 1tr/ứng viên- Được hỗ trợ công cụ làm việc (điện thoại, data ứng viên, ...)- Hỗ trợ dấu mộc thực tập- Cơ hội học hỏi và tích lũy kinh nghiệm trong lĩnh vực Nhân sự.- Đồng nghiệp thân thiện, nhiệt tình- Hỗ lương cứng: 3tr + hoa hồng tuyển dụng- Hoa hồng: 1tr/ứng viên- Được hỗ trợ công cụ làm việc (điện thoại, data ứng viên, ...)- Hỗ trợ dấu mộc thực tập- Cơ hội học",nhan_su,TimViec365,https://timviec365.vn/tuyen-cong-tac-vien-tuyen-dung-nhan-su-p2053860.html,2026-04-15T08:22:02.083101,easy,0.8,trung_binh,False,True,working,OK (200)
labor_timviec365_2067006,Hành Chính Nhân Sự Tổng Hợp Từ 02 Năm Kinh Nghiệm,Công ty TNHH Jin Việt Nam (Bread Factory),Excel|Word|Tiếng Anh|Giao Tiếp|Word,Hà Nội,15000000,25000000,full-time,any,2,,"Từ 15.000.000 VNĐ Đến 25.000.000 VNĐ | 11/05/2026 | Hà Nội | Nhân sự | Quyền lợi: - Lương cố định: 15.000.000 VNĐ – 25.000.000 VNĐ + 840.000 hỗ trợ ăn trưa - Môi trường trẻ trung, luôn luôn sẵn sàng hỗ trợ lẫn nhau trong công việc, nhân viên – lãnh đạo gần gũi dễ thân thiết. - Có cơ hội phát triển bản thân, trau dồi ngoại ngữ, thể hiện ý tưởng, quan điểm. - Giảm giờ làm còn 7 giờ khi gắn bó từ 02 năm. - Đầy đủ chế độ BHXH, tham gia các hoạt động nội bộ của công ty, quà tặng sinh nhật, các dịp lễ",nhan_su,TimViec365,https://timviec365.vn/hanh-chinh-nhan-su-tong-hop-tu-02-nam-kinh-nghiem-p2067006.html,2026-04-15T08:22:02.089554,medium,0.8,trung_binh,False,True,working,OK (200)
labor_timviec365_2067012,NHÂN VIÊN NHÂN SỰ,CHI NHÁNH CÔNG TY TNHH ĐỈNH VÀNG,,Hồ Chí Minh,0,0,full-time,any,0,,"Thỏa Thuận | 11/05/2026 | Hồ Chí Minh | Nhân sự | Quyền lợi: - Mức lương thỏa thuận khi phỏng vấn- Làm việc trong môi trường chuyên nghiệp, năng động, cơ hội thăng tiến- Tham gia BHXH đầy đủ- Thưởng các ngày lễ tết và chế độ phúc lợi theo quy định của nhà nước và công ty- Hỗ trợ xăng xe, nhà ở công tác Tỉnh, điện thoại- Tăng lương định kỳ- Mức lương thỏa thuận khi phỏng vấn- Làm việc trong môi trường chuyên nghiệp, năng động, cơ hội thăng tiến- Tham gia BHXH đầy đủ- Thưởng các ngày lễ tết và chế",nhan_su,TimViec365,https://timviec365.vn/nhan-vien-nhan-su-p2067012.html,2026-04-15T08:22:02.097502,easy,0.8,trung_binh,False,True,working,OK (200)
labor_timviec365_2066914,CHUYÊN VIÊN HR C&B,Trần Thư,,Hồ Chí Minh,1400000,16000000,full-time,any,4,,"Từ 1.400.000 VNĐ Đến 16.000.000 VNĐ | 08/05/2026 | Hồ Chí Minh | Nhân sự | Quyền lợi:  - Lương: 14 – 16 triệu Gross  - Xét tăng lương & thăng tiến định kỳ theo năng lực.  - Môi trường startup trẻ trung, sáng tạo, tốc độ, nhiều cơ hội phát triển cùng công ty.  - Được tham gia BHXH, BHYT, BHTN đầy đủ.  - Chế độ phúc lợi: nghỉ phép năm, thưởng lễ Tết, sinh nhật, team building, workshop nội bộ.- Lương: 14 – 16 triệu Gross- Xét tăng lương & thăng tiến định kỳ theo năng lực.- Môi trường startup trẻ tr",nhan_su,TimViec365,https://timviec365.vn/chuyen-vien-hr-candb-p2066914.html,2026-04-15T08:22:02.106555,medium,0.8,trung_binh,False,True,working,OK (200)
labor_timviec365_2066912,NHÂN VIÊN HÀNH CHÍNH NHÂN SỰ,CHI NHÁNH CÔNG TY TNHH ĐỈNH VÀNG,,,0,0,full-time,any,0,,"Thỏa Thuận | 08/05/2026 | Tây Ninh | Nhân sự | Quyền lợi: - Mức lương thỏa thuận khi phỏng vấn- Làm việc trong môi trường chuyên nghiệp, năng động, cơ hội thăng tiến- Tham gia BHXH đầy đủ- Thưởng các ngày lễ tết và chế độ phúc lợi theo quy định của nhà nước và công ty- Hỗ trợ xăng xe, nhà ở công tác Tỉnh, điện thoại- Tăng lương định kỳ- Mức lương thỏa thuận khi phỏng vấn- Làm việc trong môi trường chuyên nghiệp, năng động, cơ hội thăng tiến- Tham gia BHXH đầy đủ- Thưởng các ngày lễ tết và chế độ",nhan_su,TimViec365,https://timviec365.vn/nhan-vien-hanh-chinh-nhan-su-p2066912.html,2026-04-15T08:22:02.115414,easy,0.8,trung_binh,False,True,working,OK (200)
labor_timviec365_2066900,NHÂN VIÊN TUYỂN DỤNG ( MẢNG LIVESTREAM GIẢI TRÍ),VPDD DTK MEDIA LIMITED TẠI THÀNH PHỐ HÀ NỘI,Giao Tiếp,Hà Nội,10000000,15000000,full-time,any,0,,"Từ 10.000.000 VNĐ Đến 15.000.000 VNĐ | 07/05/2026 | Hà Nội | Nhân sự | Quyền lợi: 1. Thu nhập hấp dẫn: lương 10-15 triệu+ phụ cấp+ thưởng tuyển dụng+ thưởng Lễ tết + Ngày phép + các chế độ Bảo hiểm.2.Môi trường trẻ trung, năng động, đồng nghiệp thân thiện.3.Được đào tạo kỹ năng tuyển dụng, giao tiếp, quản lý idol.4.Cơ hội thăng tiến nhanh: Nhân viên → Trưởng nhóm → Quản lý.5.Tham gia các hoạt động team building, sự kiện giải trí cùng công ty hàng Quý/ Năm.1. Thu nhập hấp dẫn: lương 10-15 triệu+ ",nhan_su,TimViec365,https://timviec365.vn/nhan-vien-tuyen-dung-mang-livestream-giai-tri-p2066900.html,2026-04-15T08:22:02.126675,medium,0.8,trung_binh,False,True,working,OK (200)
labor_timviec365_2066757,Leader tuyển dụng,CÔNG TY TNHH THƯƠNG MẠI VÀ DỊCH VỤ  MỸ ĐÌNH,Giao Tiếp,Hà Nội,12000000,17000000,full-time,any,3,,"Từ 12.000.000 VNĐ Đến 17.000.000 VNĐ | 03/05/2026 | Hà Nội | Nhân sự | Quyền lợi: ●	Tổng thu nhập: 12tr-17tr + thưởng●	Được tham gia BHXH đầy đủ theo quy định.●	Cơ hội phát triển lên HR Supervisor/HR Manager.●	Môi trường làm việc trẻ trung, năng động, cơ hội thăng tiến rõ ràng..●	Tham gia các hoạt động văn hóa – sự kiện nội bộ của công ty.●	Tổng thu nhập: 12tr-17tr + thưởng●	Được tham gia BHXH đầy đủ theo quy định.●	Cơ hội phát triển lên HR Supervisor/HR Manager.●	Môi trường làm việc trẻ trung, ",nhan_su,TimViec365,https://timviec365.vn/leader-tuyen-dung-p2066757.html,2026-04-15T08:22:02.135522,medium,0.8,trung_binh,False,True,working,OK (200)
labor_timviec365_2066715,Tuyển chuyên viên tuyển dụng,CÔNG TY TNHH TƯ VẤN QUẢN LÝ ICC VIỆT NAM,,Hà Nội,10000000,10000000,full-time,any,0,,"Từ 10.000.000 VNĐ | 01/05/2026 | Hà Nội | Nhân sự | Quyền lợi: - Lương cứng từ 10 - 20 triệu/tháng (tùy cấp bậc) + hoa hồng, không giới hạn thu nhập.- Thử việc nhận 100% lương.- Thưởng Lễ/Tết, Lương tháng 13 theo quy định.- Sau thời gian thử việc, có thể cân nhắc tăng lương từ 5-10%.- 12 ngày phép/năm.- Được hưởng chế độ BHXH, BHYT, BHTN theo quy định của nhà nước.- Môi trường làm việc trẻ trung, chuyên nghiệp với nhiều cơ hội phát triển bản thân.- Tham gia các hoạt động ngoại khóa do công ty tổ",nhan_su,TimViec365,https://timviec365.vn/tuyen-chuyen-vien-tuyen-dung-p2066715.html,2026-04-15T08:22:02.142648,easy,0.8,trung_binh,False,True,working,OK (200)
labor_timviec365_2066683,Nhân viên Hành Chánh Nhân sự,Công ty Cổ phần Tiger Team Industry,Excel|Word|Giao Tiếp|Word,Hồ Chí Minh,0,0,temporary,any,3,,"Thỏa Thuận | 01/05/2026 | Hồ Chí Minh | Nhân sự | Quyền lợi: - Lương cạnh tranh và thỏa thuận dựa trên kinh nghiệm làm việc.- Được làm việc trong một môi trường thân thiện, có cơ hội tiếp xúc với các tiêu chuẩn chất lượng quốc tế.- Chế độ BHXH, BHTN, BHYT theo luật định- BHTN 24/7 ngay từ khi bắt đầu công việc- Lương tháng 13 và xem xét tăng lương khi đáp ứng nhu cầu công việc.- Lương cạnh tranh và thỏa thuận dựa trên kinh nghiệm làm việc.- Được làm việc trong một môi trường thân thiện, có cơ hộ",nhan_su,TimViec365,https://timviec365.vn/nhan-vien-hanh-chanh-nhan-su-p2066683.html,2026-04-15T08:22:02.149528,medium,0.3,trung_binh,False,True,working,OK (200)
labor_timviec365_2066657,Chuyên viên Hành chính Nhân sự (HR Admin),Công Ty Đầu tư Môi trường EverXanh,,Hà Nội,9000000,15000000,full-time,any,3,,"Từ 9.000.000 VNĐ Đến 15.000.000 VNĐ | 01/05/2026 | Hà Nội | Nhân sự | Quyền lợi: Công việc ổn định, lâu dài  - Thưởng hiệu suất, thưởng thâm niên  - Được đào tạo và tư vấn thêmCông việc ổn định, lâu dài- Thưởng hiệu suất, thưởng thâm niên- Được đào tạo và tư vấn thêm | Yêu cầu: Tốt nghiệp các ngành liên quan Nhân sự, Quản lý - Kinh nghiệm tối thiểu 3 năm ở vị trí HCNS - Ưu tiên nhà gần khu vực Long BiênTốt nghiệp các ngành liên quan Nhân sự, Quản lý- Kinh nghiệm tối thiểu 3 năm ở vị trí HCNS- Ưu",nhan_su,TimViec365,https://timviec365.vn/chuyen-vien-hanh-chinh-nhan-su-hr-admin-p2066657.html,2026-04-15T08:22:02.156961,medium,0.8,trung_binh,False,True,working,OK (200)
labor_timviec365_2066527,NHÂN VIÊN TUYỂN DỤNG,Công Ty TNHH Thương Mại Dịch Vụ Liber,Excel|Word|Powerpoint|Giao Tiếp|Word,Hồ Chí Minh,9000000,12000000,full-time,any,1,,"Từ 9.000.000 VNĐ Đến 12.000.000 VNĐ | 26/04/2026 | Hồ Chí Minh | Nhân sự | Quyền lợi: Mức lương: Từ 9.000.000 – 12.000.000 tùy theo thỏa thuận và năng lựcTrợ cấp ăn: Mỗi ngày 01 bữa trưa theo khẩu phần ăn của công tyTrợ cấp đồng phục: được cấp phát đồng phục theo quy định công tyBảo hiểm xã hội, bảo hiểm y tế theo quy định nhà nướcMức lương: Từ 9.000.000 – 12.000.000 tùy theo thỏa thuận và năng lựcTrợ cấp ăn: Mỗi ngày 01 bữa trưa theo khẩu phần ăn của công tyTrợ cấp đồng phục: được cấp phát đồng",nhan_su,TimViec365,https://timviec365.vn/nhan-vien-tuyen-dung-p2066527.html,2026-04-15T08:22:02.164687,easy,0.8,trung_binh,False,True,working,OK (200)
labor_timviec365_2066521,Chuyên viên tuyển dụng,Công ty cổ phần địa ốc NOV Nhật Tân,,Hà Nội,0,0,full-time,any,0,,"Thỏa Thuận | 26/04/2026 | Hà Nội | Nhân sự | Quyền lợi: Lương thỏa thuận theo năng lực + Hoa hồng hàng tháng + Thưởng kết quả kinh doanh.Lương tháng 13, thưởng Tết và các ngày lễ (sinh nhật, 8/3, ...).Cơ hội thăng tiến và đào tạo lên vị trí cao hơn.Đóng BHXH, nghỉ phép, lễ Tết theo quy định.Lương thỏa thuận theo năng lực + Hoa hồng hàng tháng + Thưởng kết quả kinh doanh.Lương tháng 13, thưởng Tết và các ngày lễ (sinh nhật, 8/3, ...).Cơ hội thăng tiến và đào tạo lên vị trí cao hơn.Đóng BHXH, nghỉ",nhan_su,TimViec365,https://timviec365.vn/chuyen-vien-tuyen-dung-p2066521.html,2026-04-15T08:22:02.173658,easy,0.8,trung_binh,False,True,working,OK (200)
labor_timviec365_2066518,nhân viên Hành chính nhân sự,Công ty TNHH Tập đoàn SGS,Excel|Word|Word,Hà Nội,10000000,10000000,full-time,any,1,,"Từ 10.000.000 VNĐ | 26/04/2026 | Hà Nội | Nhân sự | Quyền lợi: - Thu nhập: 10-15tr ( thỏa thuận theo năng lực)- Phụ cấp: ăn trưa, 40.000đ- Môi trường làm việc năng động, thân thiện, nhiều cơ hội phát triển bản thân và sự nghiệp;- Các chế độ theo Luật lao động hiện hành BHXH, Thưởng Lễ, Tết, Du lịch hàng năm, Sinh nhật...và các phúc lợi theo quy định của Công ty.- Team building/ du lịch theo kế hoạch hàng năm của công ty- Thời gian làm việc: Thứ 2 – Thứ 7:  8h -17h- Thu nhập: 10-15tr ( thỏa thuận",nhan_su,TimViec365,https://timviec365.vn/nhan-vien-hanh-chinh-nhan-su-p2066518.html,2026-04-15T08:22:02.183114,easy,0.8,trung_binh,False,True,working,OK (200)
labor_timviec365_2066500,Tuyển Chuyên viên Tuyển dụng,Công ty Cổ phần Đầu tư Xây dựng và Phát triển Thành Đô,,Hà Nội,12000000,15000000,full-time,any,2,,"Từ 12.000.000 VNĐ Đến 15.000.000 VNĐ | 26/04/2026 | Hà Nội | Nhân sự | Quyền lợi: Mức lương hấp dẫn: 12.000.000 – 15.000.000 đ/tháng.- Phúc lợi đầy đủ: Bảo hiểm xã hội, Bảo hiểm y tế, nghỉ phép năm, nghỉ lễ tết theo quy định, kỳ nghỉ mát hàng năm, lương tháng 13, và quà tặng cho các ngày lễ/tết.- Được cấp máy tính trong quá trình làm việc.- Môi trường làm việc năng động, sáng tạo với lộ trình thăng tiến rõ ràng và minh bạch.Mức lương hấp dẫn: 12.000.000 – 15.000.000 đ/tháng.- Phúc lợi đầy đủ: Bả",nhan_su,TimViec365,https://timviec365.vn/tuyen-chuyen-vien-tuyen-dung-p2066500.html,2026-04-15T08:22:02.192702,medium,0.8,trung_binh,False,True,working,OK (200)
labor_timviec365_2066895,Tuyển Thực Tập Sinh Nhân Sự,Công ty Cổ phần Công nghệ CY Tech,,Hà Nội,3000000,5000000,full-time,any,0,,"3 - 5 triệu | 24/04/2026 | Hà Nội | Nhân sự | Quyền lợi: - Hỗ trợ lương thực tập từ 2 - 4 triệu/tháng, kèm theo phụ cấp ăn trưa 25k/ngày, gửi xe và hoa hồng tuyển dụng.- Thời gian làm việc từ 8h30 đến 17h30 (nghỉ trưa từ 12h00 đến 13h00), từ thứ Hai đến sáng thứ Bảy hàng tuần.- Làm việc trong môi trường trẻ trung, năng động và chuyên nghiệp.- Được đào tạo chuyên môn và nghiệp vụ.- Cấp giấy xác nhận thực tập hoặc đánh giá thực tập cho sinh viên có nhu cầu.- Tham gia vào các chương trình đào tạo n",nhan_su,TimViec365,https://timviec365.vn/tuyen-thuc-tap-sinh-nhan-su-p2066895.html,2026-04-15T08:22:02.201361,easy,0.8,trung_binh,False,True,working,OK (200)
labor_timviec365_2066335,tuyển nhân viên hành chính nhân sự,Công ty TNHH Tập Đoàn Đầu Tư Welly Corp,,Hà Nội,15000000,16000000,full-time,any,3,,"Từ 15.000.000 VNĐ Đến 16.000.000 VNĐ | 21/04/2026 | Hà Nội | Nhân sự | Quyền lợi: mức lương: 15.8400******0.000 vnđ/ tháng;thưởng nóng + lễ tết;trang bị đầy đủ các trang thiết bị làm việc;cấp 1 thẻ tập tại welly fitness - phòng tập gym 5 sao trong hệ thống;văn hóa công ty đa dạng, đặc sắc. môi trường trẻ trung, năng động. hoạt động teambuilding, du lịch thường niên;bhxh & bhyt và chế độ phúc lợi đầy đủ theo bộ luật lao động.mức lương: 15.8400******0.000 vnđ/ tháng;thưởng nóng + lễ tết;trang bị đ",nhan_su,TimViec365,https://timviec365.vn/tuyen-nhan-vien-hanh-chinh-nhan-su-p2066335.html,2026-04-15T08:22:02.208757,medium,0.8,trung_binh,False,True,working,OK (200)
labor_timviec365_2066314,CHUYÊN VIÊN NHÂN SỰ,Công ty TNHH Bình Phương Happi,Giao Tiếp,Đà Nẵng,5000000,12000000,full-time,any,0,,"Từ 5.000.000 VNĐ Đến 12.000.000 VNĐ | 20/04/2026 | Đà Nẵng | Nhân sự | Quyền lợi: Làm việc giờ hành chính từ 8h30 - 17h30.Được off chiều thứ 7, CN, 1 ngày tự chọn trong tháng và các ngày lễ, tết theo quy định của Nhà Nước.Tham gia các lớp đào tạo chuyên sâu về các kỹ năng tuyển dụng, giao tiếp của Công ty.Tham gia các hoạt động ngoại khóa, team building.Làm việc giờ hành chính từ 8h30 - 17h30.Được off chiều thứ 7, CN, 1 ngày tự chọn trong tháng và các ngày lễ, tết theo quy định của Nhà Nước.Tham",nhan_su,TimViec365,https://timviec365.vn/chuyen-vien-nhan-su-p2066314.html,2026-04-15T08:22:02.214727,easy,0.8,trung_binh,False,True,working,OK (200)
labor_timviec365_2066220,chuyên viên đào tạo và tuyển dụng,Công ty TNHH Moons Industries Việt Nam,,Hải Phòng,0,0,full-time,any,2,,"Thỏa thuận | 18/04/2026 | Hải Phòng | Hành chính - Văn phòng, Nhân sự | Quyền lợi: Lương thỏa thuận - Hưởng các chế độ theo quy định nhà nước và công ty - Môi trường làm việc tốt, lộ trình thăng tiến rõ ràngLương thỏa thuận- Hưởng các chế độ theo quy định nhà nước và công ty- Môi trường làm việc tốt, lộ trình thăng tiến rõ ràng | Yêu cầu: 1. tốt nghiệp đại học trở lên.  2. có ít nhất 2 năm kinh nghiệm ở vị trí liên quan.  3. trung thực, làm việc nghiêm túc và có trách nhiệm.  4. nghe – nói – đọc",nhan_su,TimViec365,https://timviec365.vn/chuyen-vien-djao-tao-va-tuyen-dung-p2066220.html,2026-04-15T08:22:02.219947,medium,0.8,trung_binh,False,True,working,OK (200)
labor_timviec365_2066173,TUYỂN NHÂN VIÊN GIẶT LÀ Ở THUẬN THÀNH BẮC NINH,CÔNG TY TNHH ĐẦU TƯ QUỐC TẾ & THƯƠNG MẠI AN NHIÊN,,Bắc Ninh,8000000,8000000,full-time,any,0,,"Từ 8.000.000 VNĐ | 17/04/2026 | Bắc Ninh | Lao động phổ thông, Nhân sự | Quyền lợi: 💰 Thu nhập & quyền lợi: ✔ Lương cơ bản: 7.000.000 VNĐ/tháng ✔ Bao ăn ở tại công ty ✔ Được đóng bảo hiểm xã hội theo quy định ✔ Có lộ trình thăng tiến rõ ràng ✔ Tăng thu nhập khi làm tốt hoặc tăng ca ✔ Môi trường làm việc ổn định, lâu dài💰 Thu nhập & quyền lợi:✔ Lương cơ bản: 7.000.000 VNĐ/tháng✔ Bao ăn ở tại công ty✔ Được đóng bảo hiểm xã hội theo quy định✔ Có lộ trình thăng tiến rõ ràng✔ Tăng thu nhập khi làm tố",nhan_su,TimViec365,https://timviec365.vn/tuyen-nhan-vien-giat-la-o-thuan-thanh-bac-ninh-p2066173.html,2026-04-15T08:22:02.225250,easy,0.8,trung_binh,False,True,working,OK (200)
labor_timviec365_2066177,Nhân viên tuyển dụng,CÔNG TY TNHH NGUỒN LỰC VIỆT PRO - CHI NHÁNH HÀ NỘI,Excel|Word|Giao Tiếp|Word,Hà Nội,0,0,full-time,any,0,,"Thỏa Thuận | 17/04/2026 | Hà Nội | Nhân sự | Quyền lợi: Mức lương cơ bản + KPI tuyển dụng + phụ cấp (trao đổi khi phỏng vấn).Được đào tạo bài bản về quy trình tuyển dụng và điều phối nhân sự.Môi trường làm việc năng động, có cơ hội thăng tiến lên vị trí Team Leader/Trưởng nhóm.Tham gia BHXH và các chế độ theo quy định của công ty.Mức lương cơ bản + KPI tuyển dụng + phụ cấp (trao đổi khi phỏng vấn).Được đào tạo bài bản về quy trình tuyển dụng và điều phối nhân sự.Môi trường làm việc năng động, có",nhan_su,TimViec365,https://timviec365.vn/nhan-vien-tuyen-dung-p2066177.html,2026-04-15T08:22:02.228687,easy,0.8,trung_binh,False,True,working,OK (200)
labor_timviec365_2066131,hành chính nhân sự,CÔNG TY TNHH TMDV HAPPY DREAM,,Hồ Chí Minh,8000000,8000000,full-time,any,0,,"Từ 8.000.000 VNĐ | 15/04/2026 | Hồ Chí Minh | Nhân sự | Quyền lợi: 🎯 :tham gia trực tiếp vào hoạt động tổ chức, phỏng vấn và quản lý nhân sựthưởng lễ, tết, du lịch thường niên, hoạt động team building định kỳtham gia bhxh, bhyt hằng năm 100%🎯 :tham gia trực tiếp vào hoạt động tổ chức, phỏng vấn và quản lý nhân sựthưởng lễ, tết, du lịch thường niên, hoạt động team building định kỳtham gia bhxh, bhyt hằng năm 100% | Yêu cầu: Không có+ Xem thêm | Từ 8.000.000 VNĐ | 15/04/2026 | Hồ Chí Minh | Nhân s",nhan_su,TimViec365,https://timviec365.vn/hanh-chinh-nhan-su-p2066131.html,2026-04-15T08:22:02.235448,easy,0.8,trung_binh,False,True,working,OK (200)
labor_timviec365_2066123,nhân viên hành chính văn phòng,CÔNG TY TNHH DỊCH VỤ BẢO VỆ - VỆ SĨ NHẬT TÂM,Excel|Word|Word,Hồ Chí Minh,6000000,6000000,full-time,any,1,,"6.000.000 VNĐ | 14/05/2026 | Hồ Chí Minh | Hành chính - Văn phòng, Nhân sự | Quyền lợi: lương khởi điểm: 6.000.000đ/thángtham gia bhxh – bhyt – bhtn theo quy định nhà nướcxét tăng lương theo năng lựcmôi trường làm việc ổn định, thân thiệnlương khởi điểm: 6.000.000đ/thángtham gia bhxh – bhyt – bhtn theo quy định nhà nướcxét tăng lương theo năng lựcmôi trường làm việc ổn định, thân thiện | Yêu cầu: ✔ nữ, chăm chỉ, trung thực, có trách nhiệm trong công việc ✔ biết sử dụng word, excel ✔ có kinh nghi",nhan_su,TimViec365,https://timviec365.vn/nhan-vien-hanh-chinh-van-phong-p2066123.html,2026-04-15T08:22:09.777464,easy,0.8,trung_binh,False,True,working,OK (200)
labor_timviec365_2066074,NHÂN VIÊN CUNG ỨNG QUẢN LÝ NHÂN SỰ,CÔNG TY CỔ PHẦN NHÂN LỰC TOPAZ,Giao Tiếp,Hồ Chí Minh,0,0,full-time,any,0,,"Thỏa thuận | 13/05/2026 | Hồ Chí Minh | Nhân sự | Quyền lợi: •	Lương cơ bản: thỏa thuận + Hoa hồng (1% lương lao động) + Thưởng dự án (trên 500tr được 0.3%)( Thu nhập không giới hạn ) (áp dụng chính thức)•	Thử việc 2 tháng : 85% chính thức, ko có KPI•	Tiền cơm: 25.000đ/ngày ,tiền điện thoại, xăng 50.000đ/ngày nếu đi dự án•	Được tham gia các chế độ BHXH, BHYT theo các quy định của nhà nước và luật lao động•	Được làm việc trong môi trường chuyên nghiệp, thân thiện, có cơ hội phát triển và thăng ti",nhan_su,TimViec365,https://timviec365.vn/nhan-vien-cung-ung-quan-ly-nhan-su-p2066074.html,2026-04-15T08:22:09.789613,easy,0.8,trung_binh,False,True,working,OK (200)
labor_timviec365_2066059,Nhân viên Tuyển dụng,Công Ty Cổ Phần Heco Land,Giao Tiếp,Hồ Chí Minh,0,0,full-time,any,1,,"Thỏa thuận | 13/05/2026 | Hồ Chí Minh | Nhân sự | Quyền lợi: Quyền lợiThu nhập hấp dẫn từ 15Tr - 20 Tr ++/Tháng (Thưởng hiệu quả hiệu suất)Đóng BHXH, BHYT, BHTN theo chế độ của công tyĐược đào tạo, phát triển lên vị trí quản lý, lãnh đạo theo lộ trình thăng tiến của đơn vịMôi trường làm việc năng động, mở rộng nhiều chi nhánh.Thưởng lễ, tết, Du lịch, nghỉ mát, team building cùng công ty.Quyền lợiThu nhập hấp dẫn từ 15Tr - 20 Tr ++/Tháng (Thưởng hiệu quả hiệu suất)Đóng BHXH, BHYT, BHTN theo chế đ",nhan_su,TimViec365,https://timviec365.vn/nhan-vien-tuyen-dung-p2066059.html,2026-04-15T08:22:09.802007,easy,0.8,trung_binh,False,True,working,OK (200)
labor_timviec365_2066029,NHÂN VIÊN HR KIÊM THƯ KÝ,VIVA GROUP,Giao Tiếp,Hồ Chí Minh,0,0,full-time,any,2,,"Thỏa thuận | 12/05/2026 | Hồ Chí Minh | Nhân sự, Thư ký - Trợ lý | Quyền lợi: • Thu nhập cạnh tranh, môi trường thân thiện • Đầy đủ BHXH, BHYT, BHTN • Thưởng Lễ – Tết, du lịch hằng năm• Thu nhập cạnh tranh, môi trường thân thiện• Đầy đủ BHXH, BHYT, BHTN• Thưởng Lễ – Tết, du lịch hằng năm | Yêu cầu: • Kinh nghiệm HR từ 02 năm trở lên • Giao tiếp tốt, chủ động – linh hoạt • Thành thạo tin học văn phòng• Kinh nghiệm HR từ 02 năm trở lên• Giao tiếp tốt, chủ động – linh hoạt• Thành thạo tin học văn p",nhan_su,TimViec365,https://timviec365.vn/nhan-vien-hr-kiem-thu-ky-p2066029.html,2026-04-15T08:22:09.814986,medium,0.8,trung_binh,False,True,working,OK (200)
labor_timviec365_2065971,Nhân viên hành chinh nhân sự,Công ty Cổ phần Công Nghệ Dược Phẩm HKCARE,Excel|Word|Giao Tiếp|Word,Hà Nội,12000000,12000000,full-time,any,1,,"12.000.000 VNĐ | 11/05/2026 | Hà Nội | Nhân sự | Quyền lợi: Lương cứng: 8 - 12t /tháng và doanh thu KD  - Cơ hội thăng tiến lên quản lý  - Thưởng lễ Tết, thưởng hiệu suất theo quy định công ty.  - Được đào tạo về nghiệp vụ HCNS trong mô hình chuỗi nhà thuốc.Lương cứng: 8 - 12t /tháng và doanh thu KD  - Cơ hội thăng tiến lên quản lý  - Thưởng lễ Tết, thưởng hiệu suất theo quy định công ty.  - Được đào tạo về nghiệp vụ HCNS trong mô hình chuỗi nhà thuốc. | Yêu cầu:  - Nữ, 22 - 50 tuổi, tốt nghiệp ",nhan_su,TimViec365,https://timviec365.vn/nhan-vien-hanh-chinh-nhan-su-p2065971.html,2026-04-15T08:22:09.827523,easy,0.8,trung_binh,False,True,working,OK (200)
labor_timviec365_2065966,Nhân viên Hành chính Nhân sự,Công ty TNHH Giang Hà Anh,,Hà Nội,10000000,10000000,full-time,any,1,,"10.000.000 VNĐ | 11/05/2026 | Hà Nội | Nhân sự | Quyền lợi: Lương thỏa thuận 8-10 triệu theo năng lực, kinh nghiệm.- Các chế độ theo Quy định của Công ty và nhà nước.Lương thỏa thuận 8-10 triệu theo năng lực, kinh nghiệm.- Các chế độ theo Quy định của Công ty và nhà nước. | Yêu cầu: Thành thạo Tin học văn phòng, sử dụng mail, MXH. - Kinh nghiệm 1 năm trở lên ở vị trí HCNS.- Chăm chỉ, ham học hỏi, tự học.Thành thạo Tin học văn phòng, sử dụng mail, MXH.- Kinh nghiệm 1 năm trở lên ở vị trí HCNS.- C",nhan_su,TimViec365,https://timviec365.vn/nhan-vien-hanh-chinh-nhan-su-p2065966.html,2026-04-15T08:22:09.839674,easy,0.8,trung_binh,False,True,working,OK (200)
labor_timviec365_2065962,Chuyên viên Tuyển dụng (Recruitment Specialist),NGUYỄN TRẦN TRÚC ANH,Tiếng Anh|Giao Tiếp,Hồ Chí Minh,0,0,full-time,any,2,,"Thỏa thuận | 11/05/2026 | Hồ Chí Minh | Nhân sự | Quyền lợi:  - Lương cơ bản cạnh tranh (thỏa thuận theo năng lực)  - Thưởng KPI tuyển dụng không giới hạn  - Thưởng cuối năm theo hiệu quả công việc  - Tham gia BHXH theo quy định  - Lộ trình thăng tiến rõ ràng: Recruitment Specialist → HR Supervisor → HR Manager  - Môi trường làm việc quốc tế, năng động  - Cơ hội xây dựng mạng lưới nhân sự ngành bán lẻ quy mô lớn  - Được đào tạo bài bản quy trình tuyển dụng hệ thống  - Hướng dẫn xây dựng chiến lư",nhan_su,TimViec365,https://timviec365.vn/chuyen-vien-tuyen-dung-recruitment-specialist-p2065962.html,2026-04-15T08:22:09.857389,medium,0.8,trung_binh,False,True,working,OK (200)
labor_timviec365_2065888,NHÂN SỰ TỔNG HỢP (HR GENERALIST) | XƯỞNG SẢN XUẤT | CỦ CHI,Công Ty Cổ Phần Sản Xuất Thiết Bị Điện Âu Việt,Excel|Word|Giao Tiếp|Word,Hồ Chí Minh,0,0,full-time,any,20,,"Thỏa thuận | 10/05/2026 | Hồ Chí Minh | Nhân sự | Quyền lợi: •	Thu nhập được thỏa thuận theo năng lực.•	Tham gia đầy đủ BHXH, BHYT, BHTN theo quy định của pháp luật.•	Môi trường làm việc ổn định trong doanh nghiệp sản xuất công nghiệp hơn 20 năm.•	Cơ hội làm việc lâu dài và phát triển cùng công ty.•	Thu nhập được thỏa thuận theo năng lực.•	Tham gia đầy đủ BHXH, BHYT, BHTN theo quy định của pháp luật.•	Môi trường làm việc ổn định trong doanh nghiệp sản xuất công nghiệp hơn 20 năm.•	Cơ hội làm việ",nhan_su,TimViec365,https://timviec365.vn/nhan-su-tong-hop-hr-generalist-or-xuong-san-xuat-or-cu-chi-p2065888.html,2026-04-15T08:22:09.867683,hard,0.8,trung_binh,False,True,working,OK (200)
labor_timviec365_2065877,NHÂN VIÊN HÀNH CHÍNH NHÂN SỰ,CÔNG TY CỔ PHẦN SAFEX LOGISTICS,,Hồ Chí Minh,0,0,full-time,any,0,,"Thỏa thuận | 10/05/2026 | Hồ Chí Minh | Nhân sự | Quyền lợi: Thu nhập thỏa thuận theo năng lực; thưởng lễ, Tết theo quy địnhĐóng bảo hiểm đầy đủ theo quy định của Nhà nướcHưởng phụ cấp và các chế độ đãi ngộ khác của Công tyMôi trường làm việc chuyên nghiệp, ổn định, có lộ trình phát triểnThu nhập thỏa thuận theo năng lực; thưởng lễ, Tết theo quy địnhĐóng bảo hiểm đầy đủ theo quy định của Nhà nướcHưởng phụ cấp và các chế độ đãi ngộ khác của Công tyMôi trường làm việc chuyên nghiệp, ổn định, có lộ",nhan_su,TimViec365,https://timviec365.vn/nhan-vien-hanh-chinh-nhan-su-p2065877.html,2026-04-15T08:22:09.873570,easy,0.8,trung_binh,False,True,working,OK (200)
labor_timviec365_2065853,Thực tập sinh Tuyển dụng có lương,CHI NHÁNH HỒ CHÍ MINH - CÔNG TY CỔ PHẦN BẤT ĐỘNG SẢN G.EMPIRE,Giao Tiếp,Hồ Chí Minh,3000000,3000000,full-time,any,0,,"3 triệu | 09/05/2026 | Hồ Chí Minh | Nhân sự | Quyền lợi: Hỗ trợ phụ cấp thực tập: 2.000.000 đồng/thángĐào tạo bài bản – làm việc thực tếCơ hội trở thành Nhân viên chính thức sau 2–3 thángMôi trường trẻ, năng động, học được rất nhiều kỹ năng thực chiếnHỗ trợ phụ cấp thực tập: 2.000.000 đồng/thángĐào tạo bài bản – làm việc thực tếCơ hội trở thành Nhân viên chính thức sau 2–3 thángMôi trường trẻ, năng động, học được rất nhiều kỹ năng thực chiến | Yêu cầu: Sinh viên năm 3, năm 4 hoặc mới tốt nghiệp",nhan_su,TimViec365,https://timviec365.vn/thuc-tap-sinh-tuyen-dung-co-luong-p2065853.html,2026-04-15T08:22:09.880086,easy,0.8,trung_binh,False,True,working,OK (200)
labor_timviec365_2065846,Chuyên viên Tuyển dụng,Công ty cổ phần đầu tư và thương mại Hà Nội,,Hà Nội,15000000,15000000,full-time,any,3,,"15.000.000 VNĐ | 09/05/2026 | Hà Nội | Nhân sự | Quyền lợi: Mức lương: 12.84000.000 đồng tùy theo năng lực.Tham gia bảo hiểm theo quy định.Phúc lợi khác: Lương tháng 13, Du lịch hàng năm, Quà tặng các ngày lễ/tết, ...Mức lương: 12.84000.000 đồng tùy theo năng lực.Tham gia bảo hiểm theo quy định.Phúc lợi khác: Lương tháng 13, Du lịch hàng năm, Quà tặng các ngày lễ/tết, ... | Yêu cầu: Trình độ: Tốt nghiệp Đại học chuyên ngành: Quản trị nhân lực, Luật, ....- Kinh nghiệm:Từ 03 năm kinh nghiệm trở lê",nhan_su,TimViec365,https://timviec365.vn/chuyen-vien-tuyen-dung-p2065846.html,2026-04-15T08:22:09.888180,medium,0.8,trung_binh,False,True,working,OK (200)
labor_timviec365_2065754,Chuyên viên tuyển dụng,Công ty TNHH Quản lý Dữ liệu Tiên Tiến,,Hà Nội,30000000,30000000,full-time,any,0,,"30 VNĐ | 07/05/2026 | Hà Nội | Nhân sự | Quyền lợi: Lương cứng + thưởng hiệu quả + hoa hồng KPI- Thưởng tháng 13, thưởng thành tích- Nghỉ phép 12 ngày/năm, lễ Tết hưởng lương- Tham gia BHXH ngay từ tháng đầu tiênLương cứng + thưởng hiệu quả + hoa hồng KPI- Thưởng tháng 13, thưởng thành tích- Nghỉ phép 12 ngày/năm, lễ Tết hưởng lương- Tham gia BHXH ngay từ tháng đầu tiên | Yêu cầu: Không có+ Xem thêm | 30 VNĐ | 07/05/2026 | Hà Nội | Nhân sự | Quyền lợi: Lương cứng + thưởng hiệu quả + hoa hồng KPI",nhan_su,TimViec365,https://timviec365.vn/chuyen-vien-tuyen-dung-p2065754.html,2026-04-15T08:22:09.897515,hard,0.8,trung_binh,False,True,working,OK (200)
labor_timviec365_2065608,Chuyên viên Nhân sự Cao cấp,CÔNG TY CỔ PHẦN ECONATIONS,Giao Tiếp|Phục Vụ,Khánh Hòa,15000000,15000000,full-time,any,2,,"15.000.000 VNĐ | 04/05/2026 | Khánh Hòa | Nhân sự | Quyền lợi: Thử việc: 1 – 2 tháng tùy năng lực.Chính thức: BHXH, BHYT, HĐLĐ, thưởng Lễ/Tết, phép năm đầy đủ.Phúc lợi đặc quyền: Thưởng theo kết quả và thành tích, không giới hạn. ESOP (cổ phiếu thưởng) dành cho nhân sự chủ chốt.Hoạt động nội bộ, Team bonding, training nội bộ, các khóa nâng cao năng lực.Môi trường làm việc trẻ, thân thiện, năng động, phát triển bền vững, khuyến khích học tập suốt đời và tư duy đổi mới sáng tạo.Cơ hội thăng tiến n",nhan_su,TimViec365,https://timviec365.vn/chuyen-vien-nhan-su-cao-cap-p2065608.html,2026-04-15T08:22:09.904171,medium,0.8,trung_binh,False,True,working,OK (200)
labor_timviec365_2065427,"Thực tập sinh tuyển dụng,trợ cấp 2tr-4tr +hoa hồng",CÔNG TY TNHH TƯ VẤN QUẢN LÝ NHÂN LỰC YIYI VIỆT NAM,,Hồ Chí Minh,6000000,6000000,full-time,any,0,,"6 VNĐ | 28/05/2026 | Hồ Chí Minh | Nhân sự | Quyền lợi: Quyền lợi:- Thưởng lễ, tết, lương tháng 13 (theo chế độ công ty).- Hỗ trợ dấu thực tập, tài liệu làm báo cáo thực tập + trợ cấp + hoa hồng- Chưa có kinh nghiệm sẽ được đào tạo- Có cơ hội để phát huy tối đa năng lực của bản thân qua các thử thách cá nhân, nhóm.- Môi trường trẻ trung, năng động, quản lý thân thiện, đồng nghiệp vui vẻ, hòa đồng- Cơ hội trở thành nhân viên chính thức tại công ty sau 2 tháng thực tập- Cơ hội phát triển lên vị tr",nhan_su,TimViec365,https://timviec365.vn/thuc-tap-sinh-tuyen-dungtro-cap-2tr-4tr-hoa-hong-p2065427.html,2026-04-15T08:22:09.910639,easy,0.8,trung_binh,False,True,working,OK (200)
labor_timviec365_2065269,THỰC TẬP SINH NHÂN SỰ,Công ty TNHH Tổng Đại Lý Kim Nhật - Gencasa Tân Phú,,Hồ Chí Minh,0,0,full-time,any,0,,"Thỏa thuận | 25/05/2026 | Hồ Chí Minh | Nhân sự | Quyền lợi: -	Hỗ trợ đầy đủ các thông tin về báo cáo thực tập: dấu mộc, số liệu,... -	Cơ chế thăng tiến rõ ràng, định hướng lên vị trí Nhân viên chính thức,... cơ hội -	Đảm nhiệm vị trí cao hơn trong công ty. -	Môi trường làm việc năng động, hiện đại và thỏa sức sáng tạo.-	Hỗ trợ đầy đủ các thông tin về báo cáo thực tập: dấu mộc, số liệu,...-	Cơ chế thăng tiến rõ ràng, định hướng lên vị trí Nhân viên chính thức,... cơ hội-	Đảm nhiệm vị trí cao hơn",nhan_su,TimViec365,https://timviec365.vn/thuc-tap-sinh-nhan-su-p2065269.html,2026-04-15T08:22:09.919212,easy,0.8,trung_binh,False,True,working,OK (200)
labor_timviec365_2065238,Chuyên Viên Nhân Sự,Công ty Cổ phần Đầu tư và Giao nhận Thái Hà,Giao Tiếp,Hà Nội,15000000,15000000,full-time,any,3,,"15 triệu | 24/05/2026 | Hà Nội | Luật - Pháp lý, Nhân sự | Quyền lợi: - • Thu nhập 10–15 triệu/tháng, xét tăng theo năng lực.  • Tham gia đầy đủ BHXH, BHYT, BHTN.  • Môi trường làm việc ổn định, chuyên nghiệp.  • Cơ hội phát triển nghề nghiệp lâu dài.- • Thu nhập 10–15 triệu/tháng, xét tăng theo năng lực.• Tham gia đầy đủ BHXH, BHYT, BHTN.• Môi trường làm việc ổn định, chuyên nghiệp.• Cơ hội phát triển nghề nghiệp lâu dài. | Yêu cầu: • Tốt nghiệp Cao đẳng/Đại học chuyên ngành Luật, Nhân sự hoặc ",nhan_su,TimViec365,https://timviec365.vn/nhan-vien-nhan-su-hr-cb-p2065238.html,2026-04-15T08:22:09.929718,medium,0.8,trung_binh,False,True,working,OK (200)
labor_timviec365_2065129,NHÂN VIÊN HÀNH CHÍNH NHÂN SỰ,Công ty Cổ Phần BĐS ĐẤT VÀNG INVEST GROUP,Giao Tiếp,Hà Nội,12000000,12000000,full-time,any,1,,"12.000.000 VNĐ | 07/05/2026 | Hà Nội | Nhân sự | Quyền lợi: Lương cứng, thưởng: hấp dẫn theo năng lực.Hưởng đầy đủ các chính sách phúc lợi của công ty, Teambuilding, du lịch hàng năm;Làm việc trong môi trường chuyên nghiệp, cởi mở, hỗ trợ tối đa để mọi người có thể phát huy khả năng, công việc tối đaCó nhiều cơ hội thăng thăng tiến lên vị trí cao hơnLương cứng, thưởng: hấp dẫn theo năng lực.Hưởng đầy đủ các chính sách phúc lợi của công ty, Teambuilding, du lịch hàng năm;Làm việc trong môi trường",nhan_su,TimViec365,https://timviec365.vn/nhan-vien-hanh-chinh-nhan-su-p2065129.html,2026-04-15T08:22:09.940176,easy,0.8,trung_binh,False,True,working,OK (200)
labor_timviec365_2065092,Trưởng nhóm tuyển dụng tiếng Trung,CÔNG TY TNHH JASON FURNITURE VIỆT NAM,,,35000000,35000000,full-time,any,0,,"35.000.000 VNĐ | 04/05/2026 | Bình Phước | Nhân sự | Quyền lợi: - Thu nhập cạnh tranh, thưởng theo hiệu quả tuyển dụng.- Môi trường nhà máy lớn, ổn định, cơ hội phát triển rõ ràng.- Tiện ích: Ký túc xá miễn phí, phòng gym, yoga bóng bàn miễn phí, cà phê, siêu thị, cắt tóc....- Lễ, tết, BHXH theo quy định nhà nước- Thu nhập cạnh tranh, thưởng theo hiệu quả tuyển dụng.- Môi trường nhà máy lớn, ổn định, cơ hội phát triển rõ ràng.- Tiện ích: Ký túc xá miễn phí, phòng gym, yoga bóng bàn miễn phí, cà ",nhan_su,TimViec365,https://timviec365.vn/truong-nhom-tuyen-dung-tieng-trung-p2065092.html,2026-04-15T08:22:09.946038,hard,0.8,trung_binh,False,True,working,OK (200)
labor_timviec365_2064822,TRÌNH DƯỢC VIÊN,CÔNG TY CỔ PHẦN CPR,Giao Tiếp,Hồ Chí Minh,0,0,full-time,any,0,,"0 VNĐ | 03/05/2026 | Hồ Chí Minh, Bến Tre, Long An | Kế toán - Kiểm toán, Nhân sự, Y tế - Dược | Quyền lợi: - Thu nhập cạnh tranh theo năng lực - Thưởng doanh số, thưởng Lễ – Tết, lương tháng 13 - Tham gia đầy đủ BHXH – BHYT – BHTN - Nghỉ Lễ, Tết theo quy định Luật Lao động - Môi trường làm việc ổn định, cơ hội thăng tiến lâu dài- Thu nhập cạnh tranh theo năng lực- Thưởng doanh số, thưởng Lễ – Tết, lương tháng 13- Tham gia đầy đủ BHXH – BHYT – BHTN- Nghỉ Lễ, Tết theo quy định Luật Lao động- Môi ",nhan_su,TimViec365,https://timviec365.vn/trinh-duoc-vien-ke-toan-kiem-nhan-su-p2064822.html,2026-04-15T08:22:09.952421,easy,0.8,trung_binh,False,True,working,OK (200)
labor_timviec365_2064988,Nhân viên Tuyển dụng và Truyền thông,HFL Media,Word|Giao Tiếp|Word,Hà Nội,12000000,12000000,full-time,any,1,,"12.000.000 VNĐ | 24/05/2026 | Hà Nội | Nhân sự | Quyền lợi: Lương và các khoản theo lương: Thu nhập cố định: 18400******00.000 VNĐ/thángChế độ BHXH, BHYT, BHTN theo quy định pháp luật hiện hànhHệ thống thưởng:Thưởng hiệu quả kinh doanh hàng tháng: Căn cứ theo kết quả kinh doanh công ty và theo hiệu suất công việc của bộ phận, cá nhânThưởng vinh danh cá nhân, tập thể xuất sắc theo hàng tháng, hàng nămThưởng hiệu quả kinh doanh năm: Căn cứ theo tình hình kinh doanh của công ty và hiệu suất công vi",nhan_su,TimViec365,https://timviec365.vn/nhan-vien-tuyen-dung-va-truyen-thong-p2064988.html,2026-04-15T08:22:09.961596,easy,0.8,trung_binh,False,True,working,OK (200)
labor_timviec365_2064882,Tuyển Trưởng phòng Nhân sự biết Tiếng Trung,Công ty TNHH Chế Tạo Động Cơ Zongshen Việt Nam,,Hà Nội,45000000,45000000,full-time,any,0,,"45.000.000 VNĐ | 21/05/2026 | Hà Nội | Hành chính - Văn phòng, Nhân sự | Quyền lợi: - Thu nhập: 30-45tr - Thưởng tháng lương thứ 13 - Người lao động được nghỉ lễ, Tết theo đúng quy định của nhà nước. - Môi trường làm việc cởi mở, ổn định lâu dài. - Tham gia các hoạt động Teambuilding, du lịch hàng năm của công ty- Thu nhập: 30-45tr- Thưởng tháng lương thứ 13- Người lao động được nghỉ lễ, Tết theo đúng quy định của nhà nước.- Môi trường làm việc cởi mở, ổn định lâu dài.- Tham gia các hoạt động Te",nhan_su,TimViec365,https://timviec365.vn/tuyen-truong-phong-nhan-su-biet-tieng-trung-p2064882.html,2026-04-15T08:22:09.968678,hard,0.8,trung_binh,False,True,working,OK (200)
labor_timviec365_2064807,NHÂN VIÊN ĐIỀU PHỐI NHÂN SỰ,TNHH GRGR,,Hồ Chí Minh,8500000,8500000,full-time,any,0,,8.500.000 VNĐ | 17/05/2026 | Hồ Chí Minh | Nhân sự | Quyền lợi: https://docs.google.com/document/d/1_Cgk5FIhl3ByCLquW8sOQ4R4Q0Pf4dwMqaZ87m2rcb4/edit?usp=sharinghttps://docs.google.com/document/d/1_Cgk5FIhl3ByCLquW8sOQ4R4Q0Pf4dwMqaZ87m2rcb4/edit?usp=sharing | Yêu cầu: Không có+ Xem thêm | 8.500.000 VNĐ | 17/05/2026 | Hồ Chí Minh | Nhân sự | Quyền lợi: https://docs.google.com/document/d/1_Cgk5FIhl3ByCLquW8sOQ4R4Q0Pf4dwMqaZ87m2rcb4/edit?usp=sharinghttps://docs.google.com/document/d/1_Cgk5FIhl3ByCLq,nhan_su,TimViec365,https://timviec365.vn/nhan-vien-djieu-phoi-nhan-su-p2064807.html,2026-04-15T08:22:09.975308,easy,0.8,trung_binh,False,True,working,OK (200)
labor_timviec365_2064723,Chuyên viên Nhân sự ( Chuyên tuyển dụng ),CÔNG TY CỔ PHẦN KHO LẠNH KỶ NGUYÊN MỚI,,,0,0,full-time,any,0,,Thỏa thuận | 14/05/2026 | Long An | Nhân sự | Quyền lợi: Xe đưa đón từ TP. HCM.Khám sức khoẻ định kỳ hàng năm.Lương Tháng 13.Thưởng Lễ/Tết.Tham gia đầy đủ BHXH các loại.12 ngày phép năm.Cung cấp đồng phục.Môi trường làm việc chuyên nghiệp.Cơ hội được đào tạo chuyên sâu về sản phẩm và quy trình dịch vụ.Thời gian làm việc: 08:00 – 17:00 từ T2 - Sáng T7 (nghỉ trưa 1 tiếng).Xe đưa đón từ TP. HCM.Khám sức khoẻ định kỳ hàng năm.Lương Tháng 13.Thưởng Lễ/Tết.Tham gia đầy đủ BHXH các loại.12 ngày phép nă,nhan_su,TimViec365,https://timviec365.vn/chuyen-vien-nhan-su-chuyen-tuyen-dung-p2064723.html,2026-04-15T08:22:09.983915,easy,0.8,trung_binh,False,True,working,OK (200)
labor_timviec365_2064697,Nhân Viên Tuyển Dụng,Công ty Cổ phần Tập đoàn Gỗ Minh Long,,Hà Nội,15000000,15000000,full-time,any,2,,"15.000.000 VNĐ | 13/05/2026 | Hà Nội | Nhân sự | Quyền lợi: - Lương: 9.000.000 – 15.000.000- Phụ cấp ăn trưa, chuyên cần, thâm niên, nhà trọ,... theo quy định của công ty- Chế độ khám sức khỏe cho nhân viên.- Chế độ thăm hỏi, chúc mừng, lì xì ngày Tết người thân người lao động.- Lương thưởng tháng 13, thưởng các ngày lễ tết, thưởng hiệu quả kinh doanh- Tham gia đầy đủ chế độ BHXH theo quy định của nhà nước- Chế độ tặng ngày nghỉ phép lên đến 60 ngày/năm (12 ngày nghỉ phép cơ bản + các phépthưởng",nhan_su,TimViec365,https://timviec365.vn/nhan-vien-tuyen-dung-p2064697.html,2026-04-15T08:22:09.990339,medium,0.8,trung_binh,False,True,working,OK (200)
labor_timviec365_2064605,HR Executive,Gonden Dragon E- Gaming,Giao Tiếp,Hà Nội,18000000,18000000,full-time,any,5,,"18.000.000 VNĐ | 08/05/2026 | Hà Nội | Nhân sự | Quyền lợi:  - Mức lương: thỏa thuận, range lương 15 – 18 triệu  - Đóng BHXH, BHYT, BHTN, các chế độ đãi ngộ khác theo quy định của Công ty.  - Thời gian làm việc: Từ thứ 2 đến thứ 6 (8h00 đến 17h00), và sáng thứ 7 (8h00 đến 12h00), nghỉ trưa 1 tiếng.- Mức lương: thỏa thuận, range lương 15 – 18 triệu- Đóng BHXH, BHYT, BHTN, các chế độ đãi ngộ khác theo quy định của Công ty.- Thời gian làm việc: Từ thứ 2 đến thứ 6 (8h00 đến 17h00), và sáng thứ 7 (8h",nhan_su,TimViec365,https://timviec365.vn/hr-executive-p2064605.html,2026-04-15T08:22:09.998854,hard,0.8,trung_binh,False,True,working,OK (200)
labor_timviec365_2062786,Hành Chính Nhân Sự Tổng Hợp,CÔNG TY TNHH CÔNG NGHỆ SƠN HÀNG ĐẦU,,Hồ Chí Minh,15000000,15000000,full-time,any,1,,"15.000.000 VNĐ | 31/05/2026 | Hồ Chí Minh | Nhân sự | Quyền lợi: - Thưởng lương hệ số theo năng lực và kinh nghiệm.- Tăng lương định kỳ dựa trên năng lực và kết quả công việc đạt được.- Thưởng tháng 13, các dịp Lễ, Tết và thưởng thâm niên- Được hưởng chế độ BHXH đầy đủ theo quy định.- Hỗ trợ chi phí đi lại và cơm trưa tại công ty- Thưởng lương hệ số theo năng lực và kinh nghiệm.- Tăng lương định kỳ dựa trên năng lực và kết quả công việc đạt được.- Thưởng tháng 13, các dịp Lễ, Tết và thưởng thâm ",nhan_su,TimViec365,https://timviec365.vn/cong-nhan-san-xuat-p2062786.html,2026-04-15T08:22:20.871519,medium,0.8,trung_binh,False,True,working,OK (200)
labor_timviec365_2064504,Nhân viên Vận Hành,TNHH GRGR,Giao Tiếp,,12000000,12000000,full-time,any,0,,"12.000.000 VNĐ | 30/05/2026 | Long An | Nhân sự | Quyền lợi: - Chế độ phúc lợi đầy đủ theo luật định- Tham gia các khóa đào tạo, nâng cao kĩ năng- Teambuilding hàng năm, khám sức khỏe, …- Các hoạt động workshop, Happy hour hàng tháng- Chế độ phúc lợi đầy đủ theo luật định- Tham gia các khóa đào tạo, nâng cao kĩ năng- Teambuilding hàng năm, khám sức khỏe, …- Các hoạt động workshop, Happy hour hàng tháng | Yêu cầu: - Nhanh nhạy trong giao tiếp.- Thành thạo tin học văn phòng.- Chịu được áp lực, tin",nhan_su,TimViec365,https://timviec365.vn/nhan-vien-van-hanh-p2064504.html,2026-04-15T08:22:20.883513,easy,0.8,trung_binh,False,True,working,OK (200)
labor_timviec365_2064451,Researcher Intern,Công ty TNHH Tuyển Dụng Nhân Sự Việt,Excel,Hồ Chí Minh,3000000,3000000,full-time,any,0,,"3 triệu | 26/05/2026 | Hồ Chí Minh | Nhân sự | Quyền lợi: Working Term 4 monthsInternship allowance : 2,000,000 VNDPublic holidays and days off as per company regulationsAssistance provided for internship certificates and graduation thesis topics.Opportunity to collaborate with leading domestic and international companies.Access to unlimited office snacks, participation in company events, and an engaging work setting with energetic and motivated colleagues.Working time: Mon – Fri (9AM – 6PM)Loca",nhan_su,TimViec365,https://timviec365.vn/researcher-intern-p2064451.html,2026-04-15T08:22:20.888908,easy,0.8,trung_binh,False,True,working,OK (200)
labor_timviec365_2064316,Chuyên viên HCNS chuyên C&B,CÔNG TY CỔ PHẦN TẬP ĐOÀN Y DƯỢC PHYTOLIFE,,Hà Nội,14000000,14000000,full-time,any,2,,"14.000.000 VNĐ | 19/05/2026 | Hà Nội | Nhân sự | Quyền lợi: Lương từ 12-14tr (đã bao gồm phụ cấp ăn ca 500k) + thưởng khác. Lương thỏa thuận theo năng lựcĐóng BHXH theo quy định.Hưởng các chế độ phúc lợi hấp dẫn theo quy định của Công ty: Du lịch, nghỉ mát, bảo hiểm sức khỏe...Có cơ hội thăng tiến và phát triển sự nghiệpLàm việc môi trường trẻ trung, năng động,hòa đồng,…Lương từ 12-14tr (đã bao gồm phụ cấp ăn ca 500k) + thưởng khác. Lương thỏa thuận theo năng lựcĐóng BHXH theo quy định.Hưởng các",nhan_su,TimViec365,https://timviec365.vn/chuyen-vien-hcns-chuyen-candb-p2064316.html,2026-04-15T08:22:20.896533,medium,0.8,trung_binh,False,True,working,OK (200)
labor_timviec365_2064203,Tuyển Trưởng Nhóm nhân viên,Công ty TNHH Thương mại và Dịch vụ Viễn Thông Suntel Thủ Đô,Giao Tiếp,Hà Nội,0,0,full-time,any,0,,"Thỏa thuận | 15/05/2026 | Hà Nội | Nhân sự | Quyền lợi: - Mức thu nhập hấp dẫn, lên đến 18 triệu đồng hoặc hơn, tùy thuộc vào năng lực và kinh nghiệm.- Được hưởng đầy đủ các chế độ bảo hiểm xã hội, bảo hiểm y tế, bảo hiểm thất nghiệp theo quy định pháp luật.- Nghỉ lễ, Tết theo quy định.- Cơ hội thăng tiến trong sự nghiệp trong một môi trường làm việc chuyên nghiệp và thân thiện.- Mức thu nhập hấp dẫn, lên đến 18 triệu đồng hoặc hơn, tùy thuộc vào năng lực và kinh nghiệm.- Được hưởng đầy đủ các c",nhan_su,TimViec365,https://timviec365.vn/tuyen-truong-nhom-nhan-vien-p2064203.html,2026-04-15T08:22:20.903503,easy,0.8,trung_binh,False,True,working,OK (200)
labor_timviec365_2064199,Tuyển Chuyên Viên Tuyển Dụng,Công Ty TNHH Thiết Bị Tự Động Hoá Kim Khí Thăng Long,Phục Vụ,Hà Nội,0,0,full-time,any,1,,"Thỏa thuận | 15/05/2026 | Hà Nội | Nhân sự | Quyền lợi: - Mức thu nhập xứng đáng với năng lực và đóng góp.- Được tham gia đầy đủ các quyền lợi: bảo hiểm xã hội, thăm hỏi ốm đau/hiếu hỉ, nghỉ phép, thưởng lễ/tết, tháng lương 13, du lịch và tiệc tất niên.- Được hỗ trợ bữa ăn trưa miễn phí tại công ty.- Môi trường làm việc chuyên nghiệp và an toàn.- Cung cấp trang thiết bị tốt phục vụ cho công việc.- Thời gian làm việc từ Thứ 2 đến sáng Thứ 7, từ 8h đến 17h.- Có xe đưa đón nhân viên.- Mức thu nhập ",nhan_su,TimViec365,https://timviec365.vn/tuyen-chuyen-vien-tuyen-dung-p2064199.html,2026-04-15T08:22:20.909786,easy,0.8,trung_binh,False,True,working,OK (200)
labor_timviec365_2064179,Tuyển nhân viên hành chính nhân sự,CÔNG TY TNHH MTV MYONE,Excel|Word|Giao Tiếp|Word,Hồ Chí Minh,0,0,full-time,any,2,,"Thỏa thuận | 13/05/2026 | Hồ Chí Minh | Nhân sự | Quyền lợi: - Mức thu nhập hấp dẫn từ 8 – 12 triệu đồng.- Có cơ hội đi du lịch 1 lần mỗi năm và nhận thưởng tháng 13, chế độ sinh nhật, hiếu hỷ, cùng với khám sức khỏe định kỳ.- Cơ hội học tập và phát triển bản thân không ngừng trong môi trường chuyên nghiệp.- Được đóng đầy đủ BHXH, BHYT theo quy định pháp luật.- Chế độ phúc lợi theo luật lao động hiện hành, bao gồm chế độ nghỉ lễ, tết và các phúc lợi khác.- Mức thu nhập hấp dẫn từ 8 – 12 triệu đồ",nhan_su,TimViec365,https://timviec365.vn/tuyen-nhan-vien-hanh-chinh-nhan-su-p2064179.html,2026-04-15T08:22:20.918105,medium,0.8,trung_binh,False,True,working,OK (200)
labor_timviec365_2064135,Trưởng phòng Hành chính Nhân sự,Công ty CP Cơ khí và Xây dựng Lisemco 5,,Hải Phòng,25000000,25000000,full-time,any,0,,"25.000.000 VNĐ | 11/05/2026 | Hải Phòng | Nhân sự | Quyền lợi: - Lương thỏa thuận theo năng lực từ 20-25 triệu/tháng.- Công ty hỗ trợ bữa trưa tại văn phòng.- Được mua bảo hiểm 24/7 ngay khi thử việc.- Tham gia BHXH, BHYT, BHTN sau thời gian thử việc.- Thưởng các ngày lễ trong năm, tháng lương 13, nghỉ phép năm.- Các chế độ thăm hỏi hiếu hỉ, du lịch, sinh nhật...- Môi trường làm việc hợp tác, thân thiện.- Lương thỏa thuận theo năng lực từ 20-25 triệu/tháng.- Công ty hỗ trợ bữa trưa tại văn phòng",nhan_su,TimViec365,https://timviec365.vn/truong-phong-hanh-chinh-nhan-su-p2064135.html,2026-04-15T08:22:20.922068,medium,0.8,trung_binh,False,True,working,OK (200)
labor_timviec365_2064016,Nhân viên HRBP,CÔNG TY TNHH THƯƠNG MẠI VÀ DỊCH VỤ NHÀ HÀNG BIA THỦ CÔNG PASTEUR STREET,,Hồ Chí Minh,14000000,14000000,full-time,any,1,,"14.000.000 VNĐ | 08/05/2026 | Hồ Chí Minh | Nhân sự | Quyền lợi: 13th Month Salary: based on the accumulated salary in the employment year divided by actual working months,Transportation and Travelling Fees: In accordance with the policy of the Company,Insurances: Compulsory Social Insurance, Health Insurance and Unemployment Insurance are in accordance with the applicable law of Vietnam. Beside this, you will be covered by the Health Care Insurance paid by the Company,Public Holidays: You will ",nhan_su,TimViec365,https://timviec365.vn/nhan-vien-hrbp-p2064016.html,2026-04-15T08:22:20.926347,easy,0.8,trung_binh,False,True,working,OK (200)
labor_timviec365_2063968,NHÂN VIÊN TIẾNG TRUNG/ TIẾNG ANH,CÔNG TY TNHH FUKANG TECHNOLOGY,,Bắc Giang,0,0,full-time,any,0,,"Thỏa thuận | 05/05/2026 | Bắc Giang | Nhân sự | Quyền lợi: CHÍNH SÁCH PHÚC LỢI-Mức lương cạnh tranh, thỏa thuận theo năng lực-Xét tăng lương và tăng cấp bậc theo đánh giá hàng năm-Tham gia bảo hiểm từ tháng thử việc nếu đủ điều kiện-Cơ hội thăng tiến cao, làm việc trong môi trường chuyên nghiệp ,hiện đại và tiện nghi-Hưởng đầy đủ quyền lợi theo quy định pháp luật- Có trợ cấp nhà ở,đi lại, tiền ăn...CHÍNH SÁCH PHÚC LỢI-Mức lương cạnh tranh, thỏa thuận theo năng lực-Xét tăng lương và tăng cấp bậc ",nhan_su,TimViec365,https://timviec365.vn/nhan-vien-tieng-trung-tieng-anh-p2063968.html,2026-04-15T08:22:20.932279,easy,0.8,trung_binh,False,True,working,OK (200)
labor_timviec365_2063960,Cần  2 Nam Chuyên Viên Tuyển Dụng Khối Kho Vận,Công ty cổ phần đầu tư Thành Mỹ,Excel|Word|Powerpoint|Giao Tiếp|Word|Chăm Sóc|Lái Xe|Bằng Lái,Hà Nội,0,0,full-time,any,1,,"Thỏa thuận | 05/05/2026 | Hà Nội | Nhân sự | Quyền lợi: Mức lương cạnh tranh, phù hợp với năng lực và kinh nghiệm...Từ 10-15tr,tùy năng lựcĐược đóng bảo hiểm theo quy định của pháp luật.Môi trường làm việc năng động, thân thiện và chuyên nghiệp.Có nhiều cơ hội thăng tiến và phát triển nghề nghiệp.Được tham gia các hoạt động team building, du lịch hàng năm.Chế độ nghỉ phép và các phúc lợi khác theo quy định của công ty.Được đào tạo các kỹ năng chuyên môn và nghiệp vụMức lương cạnh tranh, phù hợp ",nhan_su,TimViec365,https://timviec365.vn/can-2-nam-chuyen-vien-tuyen-dung-khoi-kho-van-p2063960.html,2026-04-15T08:22:20.939319,easy,0.8,trung_binh,False,True,working,OK (200)
labor_timviec365_2063964,CTV TUYỂN DỤNG,TNHH GRGR,,,3000000,3000000,full-time,any,0,,"3.000.000 VNĐ | 31/05/2026 | Toàn quốc | Nhân sự | Quyền lợi: 2. QUYỀN LỢI Hoa hồng: - 30.000đ/người đi làm đủ 2 ngày (thời gian sự kiện +15.000đ/uv cho mỗi ngày tiếp theo) - 58400******0đ/uv/đi làm đủ 20 công tùy dự án  Ví dụ: Sự kiện kéo dài từ 10-14/10 (tổng 5 ngày) ứng viên (người được giới thiệu) đi làm đủ 5 ngày => CTV sẽ nhận được 75K/người ------- - Thời gian làm việc linh động. - Làm việc online, không cần đến văn phòng công ty. - Thời gian chi trả lương: chi trước ngày 9 hàng tháng tùy",nhan_su,TimViec365,https://timviec365.vn/ctv-tuyen-dung-p2063964.html,2026-04-15T08:22:20.948557,easy,0.8,trung_binh,False,True,working,OK (200)
labor_timviec365_2063781,NHÂN VIÊN HÀNH CHÍNH NHÂN SỰ,Công ty TNHH DOHICO,Excel|Word|Word,Hồ Chí Minh,9000000,9000000,full-time,any,1,,"9 VNĐ | 28/05/2026 | Hồ Chí Minh | Nhân sự | Quyền lợi: *  Lương: Thỏa thuận.*  Đánh giá tăng lương hàng năm.*  Đầy đủ chế độ BHXH, BHYT, BHTN theo quy định của pháp luật.*  Du lịch hàng năm.*  Lương: Thỏa thuận.*  Đánh giá tăng lương hàng năm.*  Đầy đủ chế độ BHXH, BHYT, BHTN theo quy định của pháp luật.*  Du lịch hàng năm. | Yêu cầu: *  Kinh nghiệm: 6 tháng - 1 năm nghiệp vụ BHXH.*  Tin học văn phòng: Sử dụng thành thạo Word, Excel.*  Kinh nghiệm: 6 tháng - 1 năm nghiệp vụ BHXH.*  Tin học văn ",nhan_su,TimViec365,https://timviec365.vn/nhan-vien-hanh-chinh-nhan-su-p2063781.html,2026-04-15T08:22:20.953803,easy,0.8,trung_binh,False,True,working,OK (200)
labor_timviec365_2063753,Thực tập sinh Nhân sự,Hanwha Life chi nhánh Tân Bình,Giao Tiếp,Hồ Chí Minh,3000000,3000000,full-time,any,0,,"3.000.000 VNĐ | 26/05/2026 | Hồ Chí Minh | Nhân sự | Quyền lợi:  - Dấu mộc tròn, có chữ ký giám đốc xác nhận thực tập  - Tài liệu, số liệu và hướng dẫn làm báo cáo thực tập  - Mức lương hỗ trợ 3.000.000/ kỳ thực tập  - Được hướng dẫn và huấn luyện chuyên nghiệp suốt quá trình thực tập  - Được đào tạo miễn phí những kiến thức về nhân sự, kinh doanh, nghề bảo hiểm, giao tiếp  - Được làm việc trong môi trường chuyên nghiệp, nhiều cơ hội thăng tiến, mối quan hệ- Dấu mộc tròn, có chữ ký giám đốc xác ",nhan_su,TimViec365,https://timviec365.vn/thuc-tap-sinh-nhan-su-p2063753.html,2026-04-15T08:22:20.962434,easy,0.8,trung_binh,False,True,working,OK (200)
labor_timviec365_2063716,CHUYÊN VIÊN HÀNH CHÍNH NHÂN SỰ TỔNG HỢP,Công ty TNHH Truyền thông và Dịch vụ Water media,Giao Tiếp,Thái Nguyên,20000000,20000000,full-time,any,0,,"20.000.000 VNĐ | 26/05/2026 | Thái Nguyên | Nhân sự | Quyền lợi: - Thu nhập hấp dẫn: Lương cơ bản 12–17 triệu/tháng + thưởng hiệu suất theo năng lực và kết quả công việc.- Cơ hội phát triển: Làm việc trực tiếp với Giám đốc, được hướng dẫn, đào tạo chuyên môn và tham gia cải tiến quy trình nhân sự – hành chính.- Lộ trình thăng tiến rõ ràng: Có cơ hội phát triển lên Trưởng nhóm hoặc vị trí Trưởng phòng HCNS dựa trên năng lực điều phối và hiệu quả công việc.- Đào tạo & học tập: Được tham gia các kh",nhan_su,TimViec365,https://timviec365.vn/chuyen-vien-hanh-chinh-nhan-su-tong-hop-thu-nhap-12-20-trieu-djong-p2063716.html,2026-04-15T08:22:20.967750,medium,0.8,trung_binh,False,True,working,OK (200)
labor_timviec365_2063631,Nhân viên Hành Chính Nhân Sự Mạnh Tuyển Dụng,CÔNG TY CỔ PHẦN OREVA GROUP,Giao Tiếp,Hà Nội,12000000,12000000,full-time,any,0,,"12.000.000 VNĐ | 22/05/2026 | Hà Nội | Nhân sự | Quyền lợi: *  Thu nhập: 9.000.000 VNĐ - 12.000.000 VNĐ/tháng (lương cứng + thưởng tuyển dụng).*  Môi trường làm việc Gen Z trẻ trung và năng động.*  Thưởng cuối năm, thưởng lễ Tết, nghỉ phép theo quy định.*  Tham gia hoạt động team building, du lịch công ty.*  Thu nhập: 9.000.000 VNĐ - 12.000.000 VNĐ/tháng (lương cứng + thưởng tuyển dụng).*  Môi trường làm việc Gen Z trẻ trung và năng động.*  Thưởng cuối năm, thưởng lễ Tết, nghỉ phép theo quy định",nhan_su,TimViec365,https://timviec365.vn/nhan-vien-hanh-chinh-nhan-su-manh-tuyen-dung-p2063631.html,2026-04-15T08:22:20.970885,easy,0.8,trung_binh,False,True,working,OK (200)
labor_timviec365_2063592,Hành chính nhân sự,Công ty TNHH Tập Đoàn Lao Động Gia Phát,,,0,0,full-time,any,0,,"Thỏa thuận | 21/05/2026 | Long An | Nhân sự | Quyền lợi: *  Mức lương: Thỏa thuận.*  Cơ hội phát triển và thăng tiến trong công việc.*  Đầy đủ các chế độ BHXH, BHYT, BHTN theo quy định của pháp luật.*  Các hoạt động du lịch, team building và thưởng lễ/tết hấp dẫn.*  Mức lương: Thỏa thuận.*  Cơ hội phát triển và thăng tiến trong công việc.*  Đầy đủ các chế độ BHXH, BHYT, BHTN theo quy định của pháp luật.*  Các hoạt động du lịch, team building và thưởng lễ/tết hấp dẫn. | Yêu cầu: *  Năng động, nhi",nhan_su,TimViec365,https://timviec365.vn/hanh-chinh-nhan-su-p2063592.html,2026-04-15T08:22:20.974063,easy,0.8,trung_binh,False,True,working,OK (200)
labor_timviec365_2063591,Nhân viên Sale tuyển dụng,CÔNG TY TNHH TƯ VẤN QUẢN LÝ NHÂN LỰC YIYI VIỆT NAM,Excel|Word|Giao Tiếp|Word,Hồ Chí Minh,8000000,8000000,full-time,any,0,,"8 VNĐ | 21/05/2026 | Hồ Chí Minh | Nhân sự | Quyền lợi: Môi trường chuyên nghiệp, trẻ trung, có lộ trình phát triển rõ ràng.Lương cơ bản + thưởng hiệu quả công việc.Tham gia cùng team trong các dự án tuyển dụng lớn, được học hỏi trực tiếp từ cấp trên.Cơ hội phát triển lên vị trí chuyên viên tuyển dụng hoặc CSKH mảng nhân sự.Thưởng hoa hồng doanh thu:+ Đạt 20tr : Thưởng 2.000.000 + Đạt 30tr : Thưởng 3.500.000+ Đạt 40tr : Thưởng 6.000.000 Và nhiều danh mục thưởng khác nếu làm tốtMôi trường chuyên ",nhan_su,TimViec365,https://timviec365.vn/nhan-vien-sale-tuyen-dung-thu-nhap-6tr-8tr-hoa-hong-p2063591.html,2026-04-15T08:22:20.981620,easy,0.8,trung_binh,False,True,working,OK (200)
labor_timviec365_2063562,Trưởng phòng Hành chính Nhân sự,Công ty Cổ phần Đầu tư Crystal Green Tech,Giao Tiếp,Hà Nội,20000000,20000000,full-time,any,3,,"20.000.000 VNĐ | 19/05/2026 | Hà Nội | Nhân sự | Quyền lợi: - Mức lương: 18 - 20tr- Cơ hội phát triển nghề nghiệp và thăng tiến trong công ty.- Được hưởng đầy đủ các chế độ bảo hiểm theo quy định của pháp luật.- Môi trường làm việc năng động, chuyên nghiệp.- Cơ hội được đào tạo và phát triển bản thân.- Các chế độ phúc lợi khác theo quy định của công ty.- Mức lương: 18 - 20tr- Cơ hội phát triển nghề nghiệp và thăng tiến trong công ty.- Được hưởng đầy đủ các chế độ bảo hiểm theo quy định của pháp ",nhan_su,TimViec365,https://timviec365.vn/truong-phong-hanh-chinh-nhan-su-p2063562.html,2026-04-15T08:22:20.990574,medium,0.8,trung_binh,False,True,working,OK (200)
labor_timviec365_2063949,NHÂN VIÊN HÀNH CHÍNH – NHÂN SỰ (NỮ),CÔNG TY CỔ PHẦN VẬT LIỆU XÂY DỰNG TYT VIỆT NAM,,Hà Nội,12000000,12000000,full-time,any,0,,"12.000.000 VNĐ | 15/05/2026 | Hà Nội | Hành chính - Văn phòng, Nhân sự | Quyền lợi: Lương cơ bản: 10 &ndash; 12 triệu/tháng (xét theo năng lực thực tế khi phỏng vấn).Thưởng + phụ cấp + hỗ trợ khác (trao đổi khi phỏng vấn trực tiếp).Xét tăng lương 1 lần/nămThời gian làm việc:7h30/ngàySáng: 8h00 &ndash; 11h45Chiều: 13h15 &ndash; 17h00Làm việc 5,5 ngày/tuần, nghỉ chiều Thứ 7 và Chủ nhật.Chế độ đầy đủ:Đóng BHXH, BHYT, BHTN ngay sau 1 tháng thử việc.Nghỉ lễ, Tết theo quy định Nhà nước &mdash; và tốt ",nhan_su,TimViec365,https://timviec365.vn/nhan-vien-hanh-chinh-nhan-su-nu-p2063949.html,2026-04-15T08:22:20.999524,easy,0.8,trung_binh,False,True,working,OK (200)
labor_timviec365_2063078,Nhân viên Hành chính nhân sự Biết Tiếng Hàn,CÔNG TY TNHH GPFC.VN.,Excel|Word|Giao Tiếp|Word,Hồ Chí Minh,20000000,20000000,full-time,any,0,,"20.000.000 VNĐ | 08/05/2026 | Hồ Chí Minh | Nhân sự | Quyền lợi: Mức lương: 10-20 triệu (thỏa thuận theo năng lực)Tham gia đầy đủ BHXH theo quy định của pháp luậtThưởng hiệu quả công việc, lương tháng 13 theo tình hình kinh doanhCơ hội làm việc trực tiếp với quản lý người Hàn, môi trường chuyên nghiệp, cơ hội phát triển nghề nghiệp rõ ràng.Mức lương: 10-20 triệu (thỏa thuận theo năng lực)Tham gia đầy đủ BHXH theo quy định của pháp luậtThưởng hiệu quả công việc, lương tháng 13 theo tình hình kinh",nhan_su,TimViec365,https://timviec365.vn/nhan-vien-hanh-chinh-nhan-su-biet-tieng-han-p2063078.html,2026-04-15T08:22:21.005612,medium,0.8,trung_binh,False,True,working,OK (200)
labor_timviec365_2063569,TUYỂN HÀNH CHÍNH NHÂN SỰ,CÔNG TY TNHH KHOA HỌC KỸ THUẬT Y TẾ IQ,Excel|Word|Giao Tiếp|Word,Hồ Chí Minh,13000000,13000000,full-time,any,3,,"13.000.000 VNĐ | 08/05/2026 | Hồ Chí Minh | Hành chính - Văn phòng, Nhân sự | Quyền lợi: &ndash; Lương: 9&ndash;13 triệu (thỏa thuận).&ndash; Hỗ trợ cơm trưa, phụ cấp điện thoại & xăng xe.&ndash; Được cấp máy tính làm việc.&ndash; Hưởng đầy đủ chế độ BHXH, nghỉ Lễ/Tết theo quy định.&ndash; Thưởng tháng 13, thưởng hiệu quả, du lịch hằng năm, team building.&ndash; Môi trường trẻ, năng động, thân thiện; cơ hội phát triển cao khi thể hiện tốt.– Lương: 9–13 triệu (thỏa thuận).– Hỗ trợ cơm trưa, phụ c",nhan_su,TimViec365,https://timviec365.vn/tuyen-hanh-chinh-nhan-su-p2063569.html,2026-04-15T08:22:21.010661,medium,0.8,trung_binh,False,True,working,OK (200)
labor_timviec365_2062995,CTV Tuyển dụng,Công ty TNHH Đầu tư GBC Media,Giao Tiếp|Chăm Sóc,Hà Nội,0,0,full-time,any,3,,"Thỏa thuận | 07/05/2026 | Hà Nội | Nhân sự | Quyền lợi: Hoa hồng theo kết quả tuyển dụngGiai đoạnJunior (1–3 năm KN)Senior (Trên 3 năm KN)Ứng viên đến phỏng vấn200,000đ300,000đPass vòng 2400,000đ600,000đNhận offer / ký thử việc1,000,000đ1,300,000đPass thử việc 2 tháng2,200,000đ2,800,000đTổng tối đa/ứng viên3.8 triệu5 triệuThưởng hiệu suất tháng10 CV pass sơ vấn: +100K20 CV pass sơ vấn: +300K30 CV pass sơ vấn: +600KĐiều kiện:Tính theo tháng dương lịchChỉ tính CV hợp lệ + pass sơ vấn HRKhông tính ",nhan_su,TimViec365,https://timviec365.vn/ctv-tuyen-dung-p2062995.html,2026-04-15T08:22:21.015402,medium,0.8,trung_binh,False,True,working,OK (200)
labor_timviec365_2062929,NHÂN VIÊN TUYỂN DỤNG,Công Ty TNHH Nhân Sự BBG,,Bắc Ninh,20000000,20000000,full-time,any,0,,"20.000.000 VNĐ | 06/05/2026 | Bắc Ninh | Nhân sự | Quyền lợi: Hưởng đầy đủ chế độ đãi ngộ theo quy định của công ty.Cơ hội phát triển bản thân và thăng tiến trong công việc.Hưởng đầy đủ chế độ đãi ngộ theo quy định của công ty.Cơ hội phát triển bản thân và thăng tiến trong công việc. | Yêu cầu: Ưu tiên ứng viên có kinh nghiệm tuyển dụng.Chấp nhận ứng viên chưa có kinh nghiệm, sẽ được đào tạo.Ưu tiên ứng viên có kinh nghiệm tuyển dụng.Chấp nhận ứng viên chưa có kinh nghiệm, sẽ được đào tạo.+ Xem ",nhan_su,TimViec365,https://timviec365.vn/nhan-vien-tuyen-dung-p2062929.html,2026-04-15T08:22:21.018223,medium,0.8,trung_binh,False,True,working,OK (200)
labor_timviec365_2063076,Chuyên viên C&B/ HCNS/ Hành chính nhân sự,Công ty TNHH PIC Việt Nam,Tiếng Anh|Giao Tiếp,Hưng Yên,0,0,full-time,any,3,,"Thỏa thuận | 05/05/2026 | Hưng Yên | Nhân sự | Quyền lợi: Mức lương: 15-20trThời gian làm việc: 7h30-17h15, Thứ 2 – Thứ 6 và 2 thứ 7 trên tháng, nghỉ giữa ca 1h.Được tham gia đóng BHXH (đóng BH 80% Lương gross), BHYT và hưởng các chế độ phúc lợi theo luật lao động.Lương, thưởng và các chế độ đãi ngộ theo chính sách hiện hành của Công ty.Môi trường làm việc chuyên nghiệp, thân thiện, năng động Có xe đưa đón HN các khu vực Long Biên, Gia Lâm, dọc đường 5,...)Nghỉ 2 thứ 7 trên thángMức lương: 15-20",nhan_su,TimViec365,https://timviec365.vn/chuyen-vien-candb-hcns-hanh-chinh-nhan-su-p2063076.html,2026-04-15T08:22:21.021482,medium,0.8,trung_binh,False,True,working,OK (200)
labor_timviec365_2063505,Nhân viên nhân sự,Công Ty TNHH Ravo Group Việt Nam,Excel|Word|Giao Tiếp|Word,,13000000,13000000,full-time,any,0,,"13.000.000 VNĐ | 30/05/2026 | Tây Ninh | Nhân sự | Quyền lợi: - Đóng đầy đủ BHXH – BHYT – BHTN theo luật.- Thưởng lễ, Tết, sinh nhật, thưởng đột xuất.- Nghỉ lễ theo quy định nhà nước; 12 ngày phép/năm.- Thưởng KPI tuyển dụng theo số lượng và chất lượng ứng viên.- Tăng lương định kỳ hằng năm hoặc theo đánh giá hiệu suất.- Có thể được đào tạo hoặc nâng cao tiếng Trung trong quá trình làm việc.- Cơ hội thăng tiến lên: HRBP / HR Leader / HR Supervisor.-Đóng đầy đủBHXH – BHYT – BHTNtheo luật.-Thưởng ",nhan_su,TimViec365,https://timviec365.vn/nhan-vien-nhan-su-p2063505.html,2026-04-15T08:22:31.634606,easy,0.8,trung_binh,False,True,working,OK (200)
labor_timviec365_2063219,Nhân viên tuyển dụng,Công ty TNHH Tập Đoàn Lao Động Gia Phát,,,8000000,8000000,full-time,any,0,,"8.000.000 VNĐ | 30/05/2026 | Long An | Nhân sự | Quyền lợi: • Mức lương: Từ 8.000.000 VNĐ• Cơ hội thăng tiến• Chế độ BHXH – BHYT – BHTN đầy đủ theo quy định pháp luật.• Du lịch, team building, thưởng lễ/tết hấp dẫn.• Thưởng sinh nhật 500k/người• Mức lương: Từ 8.000.000 VNĐ• Cơ hội thăng tiến• Chế độ BHXH – BHYT – BHTN đầy đủ theo quy định pháp luật.• Du lịch, team building, thưởng lễ/tết hấp dẫn.• Thưởng sinh nhật 500k/người | Yêu cầu: •	Năng động, chủ động, có khả năng chịu áp lực công việc.•	N",nhan_su,TimViec365,https://timviec365.vn/nhan-vien-tuyen-dung-p2063219.html,2026-04-15T08:22:31.642455,easy,0.8,trung_binh,False,True,working,OK (200)
labor_timviec365_2062982,Nhân Viên Tuyển Dụng,CÔNG TY CỔ PHẦN DỊCH VỤ BẢO VỆ AN NINH TOÀN CẦU,Giao Tiếp,Hưng Yên,12000000,12000000,full-time,any,2,,"12.000.000 VNĐ | 30/05/2026 | Hưng Yên | Nhân sự | Quyền lợi: - Môi trường làm việc chuyên nghiệp, năng động.- Cơ hội phát triển nghề nghiệp và thăng tiến.- Được hưởng đầy đủ các chế độ bảo hiểm theo quy định của pháp luật.- Chế độ nghỉ phép, nghỉ lễ theo quy định.- Tham gia các hoạt động teambuilding, du lịch của công ty.- Cơ hội được đào tạo và phát triển các kỹ năng chuyên môn. - Xe đưa đón từ Hà Nội - Công ty- Ăn trưa miễn phí- Đầy đủ quyền lợi BHXH, BHYT, BHTN- Sân tenis, sân pickball free-",nhan_su,TimViec365,https://timviec365.vn/nhan-vien-tuyen-dung-p2062982.html,2026-04-15T08:22:31.651281,medium,0.8,trung_binh,False,True,working,OK (200)
labor_timviec365_2062931,Tuyển Nhân Viên Tuyển Dụng,Ge Media,,Hồ Chí Minh,0,0,part-time,any,0,,Thỏa thuận | 30/05/2026 | Hồ Chí Minh | Nhân sự | Quyền lợi: *  Mức lương: Thỏa thuận.*  Toàn thời gian: Tham gia bảo hiểm xã hội.*  Bán thời gian: Lương dựa theo KPI được giao.*  Mức lương: Thỏa thuận.*  Toàn thời gian: Tham gia bảo hiểm xã hội.*  Bán thời gian: Lương dựa theo KPI được giao. | Yêu cầu: *  Đang cập nhật.*  Đang cập nhật.+ Xem thêm | Thỏa thuận | 30/05/2026 | Hồ Chí Minh | Nhân sự | Quyền lợi: *  Mức lương: Thỏa thuận.*  Toàn thời gian: Tham gia bảo hiểm xã hội.*  Bán thời gian: ,nhan_su,TimViec365,https://timviec365.vn/tuyen-nhan-vien-tuyen-dung-p2062931.html,2026-04-15T08:22:31.657956,easy,0.5,trung_binh,False,True,working,OK (200)
labor_timviec365_2062790,Tuyển nhân viên Hành chính nhân sự,Công Ty TNHH Matsuki Việt Nam,,Hà Nội,17000000,17000000,full-time,any,2,,"17.000.000 VNĐ | 30/05/2026 | Hà Nội | Nhân sự | Quyền lợi:  ● Mức lương: 13-17.000.000 VNĐ + phụ cấp. ● Tăng lương định kỳ theo quy định của công ty. ● Thưởng cuối năm dựa trên tình hình kinh doanh của công ty. ● Chế độ nghỉ phép và bảo hiểm theo luật lao động. ● Được tham gia các khóa đào tạo chuyên môn. ● Có lộ trình thăng tiến r&otilde; ràng, được đánh giá và ghi nhận theo năng lực.● Mức lương: 13-17.000.000 VNĐ + phụ cấp.● Tăng lương định kỳ theo quy định của công ty.● Thưởng cuối năm dựa t",nhan_su,TimViec365,https://timviec365.vn/tuyen-nhan-vien-hanh-chinh-nhan-su-p2062790.html,2026-04-15T08:22:31.664232,medium,0.8,trung_binh,False,True,working,OK (200)
labor_timviec365_2062666,Tuyển Nhân Viên Tuyển Dụng,Avery Media,Giao Tiếp,Hồ Chí Minh,13000000,13000000,full-time,any,0,,"13.000.000 VNĐ | 30/05/2026 | Hồ Chí Minh | Nhân sự | Quyền lợi: - Thu nhập ổn định từ 1x+ trở lên (bao gồm lương cơ bản, hoa hồng và thưởng theo hiệu suất).- Môi trường làm việc trẻ trung, năng động và thân thiện.- Được hướng dẫn, đào tạo chuyên sâu về kỹ năng tuyển dụng và giao tiếp.- Có cơ hội thăng tiến và gắn bó lâu dài với công ty.- Thu nhập ổn định từ 1x+ trở lên (bao gồm lương cơ bản, hoa hồng và thưởng theo hiệu suất).- Môi trường làm việc trẻ trung, năng động và thân thiện.- Được hướng",nhan_su,TimViec365,https://timviec365.vn/tuyen-nhan-vien-tuyen-dung-p2062666.html,2026-04-15T08:22:31.668983,easy,0.8,trung_binh,False,True,working,OK (200)
labor_timviec365_2062625,Tuyển Nhân Viên,Công ty TNHH STK,,Bình Dương,0,0,full-time,any,0,,"Thỏa thuận | 29/05/2026 | Bình Dương | Nhân sự | Quyền lợi: *  Thưởng vào các dịp lễ, Tết.*  Cơ hội tham gia các chuyến du lịch hấp dẫn.*  Chế độ khám sức khỏe định kỳ.*  Bảo hiểm tai nạn 24/7 cho nhân viên.*  Mức lương: Thỏa thuận.*  Thưởng vào các dịp lễ, Tết.*  Cơ hội tham gia các chuyến du lịch hấp dẫn.*  Chế độ khám sức khỏe định kỳ.*  Bảo hiểm tai nạn 24/7 cho nhân viên.*  Mức lương: Thỏa thuận. | Yêu cầu: *  Đang cập nhật. (Giữ nguyên vì không có thông tin cụ thể để sửa)*  Đang cập nhật. ",nhan_su,TimViec365,https://timviec365.vn/tuyen-nhan-vien-p2062625.html,2026-04-15T08:22:31.675816,easy,0.8,trung_binh,False,True,working,OK (200)
labor_timviec365_2062462,Nhân viên hành chính nhân sự,CÔNG TY TNHH BẢO KIM GLOBAL,Giao Tiếp,Cần Thơ,12000000,12000000,full-time,any,1,,"12.000.000 VNĐ | 24/05/2026 | Cần Thơ | Nhân sự | Quyền lợi: *  Hưởng đầy đủ chế độ theo luật lao động.*  Môi trường làm việc năng động, chuyên nghiệp, trẻ trung và sáng tạo.*  Đồng nghiệp thân thiện, hòa đồng.*  Thời gian làm việc: Thứ 2 đến sáng thứ 7.*  Mức lương: Từ 10.000.000 VNĐ đến 12.000.000 VNĐ.*  Hưởng đầy đủ chế độ theo luật lao động.*  Môi trường làm việc năng động, chuyên nghiệp, trẻ trung và sáng tạo.*  Đồng nghiệp thân thiện, hòa đồng.*  Thời gian làm việc: Thứ 2 đến sáng thứ 7.* ",nhan_su,TimViec365,https://timviec365.vn/nhan-vien-hanh-chinh-nhan-su-p2062462.html,2026-04-15T08:22:31.683150,easy,0.8,trung_binh,False,True,working,OK (200)
labor_timviec365_2063419,Chuyên viên Nhân sự Cao cấp  (Senior HR Executive),Công Ty Cổ Phần EcoNations,Giao Tiếp|Phục Vụ,Khánh Hòa,0,0,full-time,any,2,,"Thỏa thuận | 18/05/2026 | Khánh Hòa | Nhân sự | Quyền lợi: C – QUYỀN LỢIMức lương: Lương cạnh tranh theo năng lực + Thưởng theo hiệu quả tuyển dụngThưởng: theo hiệu quả công việc (KPI) và hoạt động kinh doanh.Thử việc: 1 – 2 tháng tùy năng lực.Chính thức: Đóng BHXH, BHYT, BHTN đầy đủ.Phúc lợi: Thưởng theo kết quả và thành tích, không giới hạn. ESOP (cổ phiếu thưởng) dành cho nhân sự chủ chốt.Hoạt động nội bộ: Team bonding, training nội bộ, các khóa nâng cao năng lực.Môi trường làm việc: trẻ, thâ",nhan_su,TimViec365,https://timviec365.vn/chuyen-vien-nhan-su-cao-cap-senior-hr-executive-p2063419.html,2026-04-15T08:22:31.690882,medium,0.8,trung_binh,False,True,working,OK (200)
labor_timviec365_2062265,Nhân Viên Tuyển Dụng,CÔNG TY TNHH LEGENDARY CHOCOLATIER,,Hồ Chí Minh,10000000,10000000,full-time,any,2,,"10.000.000 VNĐ | 04/05/2026 | Hồ Chí Minh | Nhân sự | Quyền lợi: - Thu nhập: LCB 8-10tr + Phụ cấp cơm 25k/ngày- Tham gia đầy đủ BHXH, BHYT, BHTN, nghỉ phép năm, thưởng Lễ, Tết, lương tháng 13, theo quy định của nhà nước - Môi trường làm việc trẻ trung, năng động- Được công ty tặng Voucher hàng quý để mua sản phẩm- Thu nhập: LCB 8-10tr + Phụ cấp cơm 25k/ngày- Tham gia đầy đủ BHXH, BHYT, BHTN, nghỉ phép năm, thưởng Lễ, Tết, lương tháng 13, theo quy định của nhà nước- Môi trường làm việc trẻ trung,",nhan_su,TimViec365,https://timviec365.vn/nhan-vien-tuyen-dung-p2062265.html,2026-04-15T08:22:31.700742,medium,0.8,trung_binh,False,True,working,OK (200)
labor_timviec365_2061343,CHUYÊN VIÊN ĐÀO TẠO NGÀNH NHA KHOA,CÔNG TY CP ĐẦU TƯ PHÁT TRIỂN ANH VÀ EM,Tiếng Anh|Giao Tiếp,Hà Nội,17000000,17000000,full-time,any,2,,"17.000.000 VNĐ | 01/05/2026 | Hà Nội | Nhân sự, Y tế - Dược | Quyền lợi: ● Mức lương cạnh tranh: Lương cơ bản (10 - 17tr) + Thưởng hiệu quả công việc (KPIs) + Thưởng theo kết quả kinh doanh● Lương cứng không phụ thuộc doanh số.● Lương tháng 13, thưởng các dịp lễ và các phúc lợi khác theo quy định của công ty ( Nghỉ phép năm, lương tháng 13, thưởng ngày lễ, sinh nhật, hiếu hỉ, ốm đau...)● Được cung cấp đầy đủ trang thiết bị làm việc.● Được tham gia đầy đủ BHXH, BHYT, BHTN theo luật định.  Thời gi",nhan_su,TimViec365,https://timviec365.vn/chuyen-vien-djao-tao-p2061343.html,2026-04-15T08:22:31.710449,medium,0.8,trung_binh,False,True,working,OK (200)
labor_timviec365_2062522,Hành chính nhân sự tuyển dụng,Công ty TNHH Địa Ốc Thành Phát,,Hồ Chí Minh,7000000,7000000,full-time,any,0,,"7 VNĐ | 31/05/2026 | Hồ Chí Minh | Nhân sự | Quyền lợi: - Lương: 7 - 10 triệu + Hoa hồng + Thưởng ( giai đoạn 3 – 4 tháng lên đến 20 triệu). - Được hưởng đầy đủ các quyền lợi và chính sách của Luật Lao Động, Bảo hiểm xã hội, không bắt buộc. - Được đào tạo nâng cao kiến thức chuyên môn + xây dựng hình ảnh cá nhân. - Hưởng đầy đủ chế độ đãi ngộ của công ty: đi du lịch từ resort 4*, team building,...- Xét tăng lương 6 - 12 tháng/lần.- Lương: 7 - 10 triệu + Hoa hồng + Thưởng ( giai đoạn 3 – 4 tháng ",nhan_su,TimViec365,https://timviec365.vn/hanh-chinh-nhan-su-tuyen-dung-p2062522.html,2026-04-15T08:22:31.718635,easy,0.8,trung_binh,False,True,working,OK (200)
labor_timviec365_2061557,hành chính nhân sự,công ty TNHH TMDV HAPPY DREAM,Excel|Word|Giao Tiếp|Word,Hồ Chí Minh,8000000,8000000,full-time,any,0,,"8.000.000 VNĐ | 31/05/2026 | Hồ Chí Minh | Nhân sự | Quyền lợi: 💰 Chế độ đãi ngộ:*  Lương: Từ 8.000.000 VNĐ/tháng*  Phụ cấp: 400.000 VNĐ/nhân sự*  Thưởng KPI: Theo hiệu quả công việc*  Thu nhập trung bình: 10 – 15 triệu/tháng💰 Chế độ đãi ngộ:*  Lương: Từ 8.000.000 VNĐ/tháng*  Phụ cấp: 400.000 VNĐ/nhân sự*  Thưởng KPI: Theo hiệu quả công việc*  Thu nhập trung bình: 10 – 15 triệu/tháng | Yêu cầu: 🎯 Yêu cầu:Nam/Nữ, tốt nghiệp Trung cấp/Cao đẳng/Đại học (ưu tiên ngành Quản trị Nhân sự, Hành chính, L",nhan_su,TimViec365,https://timviec365.vn/hanh-chinh-nhan-su-p2061557.html,2026-04-15T08:22:31.724984,easy,0.8,trung_binh,False,True,working,OK (200)
labor_timviec365_2062188,hành chính nhân sự,Công Ty TNHH Thiết Bị Tự Động Hóa Kim Khí Thăng Long,Phục Vụ,Hà Nội,13000000,13000000,full-time,any,1,,"13.000.000 VNĐ | 31/05/2026 | Hà Nội | Nhân sự | Quyền lợi: - thu nhập xứng đáng với năng lực.- môi trường chuyên nghiệp, an toàn;- trang thiết bị tốt phục vụ cho công việc;- được tham gia đầy đủ quyền lợi: bhxh, thăm hỏi ốm đau/hiếu hỉ, nghỉ phép, thưởng lễ/tết, tháng lương 13, du lịch, tiệc tất niên,...- được hỗ trợ bữa ăn trưa miễn phí tại công ty;- tham gia các hoạt động văn-thể-mĩ;- nghỉ chiều thứ bảy và chủ nhật hàng tuần.công ty có xe đưa đón theo tuyến từ bigc thăng long -> phạm hùng -> ",nhan_su,TimViec365,https://timviec365.vn/hanh-chinh-nhan-su-p2062188.html,2026-04-15T08:22:31.732138,easy,0.8,trung_binh,False,True,working,OK (200)
labor_timviec365_2062182,nhân viên tuyển dụng,Công ty Đồng Đắc Phú,Giao Tiếp,Hồ Chí Minh,12000000,12000000,full-time,any,0,,"12.000.000 VNĐ | 31/05/2026 | Hồ Chí Minh | Nhân sự | Quyền lợi: Phụ cấp chuyên cần: 500.000 VNĐPhụ cấp đi lại: 500.000 VNĐPhụ cấp cơm trưa: 780.000 VNĐPhụ cấp điện thoại: 200.000 VNĐCác loại phụ cấp khácĐược đóng đầy đủ BHXH, BHYTThưởng KPI không giới hạnMức lương: Từ 8.000.000 VNĐ Đến 12.000.000 VNĐPhụ cấp chuyên cần: 500.000 VNĐPhụ cấp đi lại: 500.000 VNĐPhụ cấp cơm trưa: 780.000 VNĐPhụ cấp điện thoại: 200.000 VNĐCác loại phụ cấp khácĐược đóng đầy đủ BHXH, BHYTThưởng KPI không giới hạnMức lươ",nhan_su,TimViec365,https://timviec365.vn/nhan-vien-tuyen-dung-p2062182.html,2026-04-15T08:22:31.736897,easy,0.8,trung_binh,False,True,working,OK (200)
labor_timviec365_2062165,chuyên viên c&b,Công ty Cổ phần Crest Furniture Holding,Excel|Word|Word,Hồ Chí Minh,14000000,14000000,full-time,any,3,,"14.000.000 VNĐ | 30/05/2026 | Hồ Chí Minh | Nhân sự | Quyền lợi: - mức lương: thoả thuận theo năng lực (10-14 triệu/tháng).- thưởng theo hiệu quả công việc và các chế độ đãi ngộ của công ty.- tham gia bhxh, bhyt, bhtn đầy đủ theo luật quy định.- môi trường làm việc chuyên nghiệp, ổn định lâu dài.- mức lương: thoả thuận theo năng lực (10-14 triệu/tháng).- thưởng theo hiệu quả công việc và các chế độ đãi ngộ của công ty.- tham gia bhxh, bhyt, bhtn đầy đủ theo luật quy định.- môi trường làm việc ch",nhan_su,TimViec365,https://timviec365.vn/chuyen-vien-candb-p2062165.html,2026-04-15T08:22:31.745092,medium,0.8,trung_binh,False,True,working,OK (200)
labor_timviec365_2062145,nhân viên hành chính nhân sự,CÔNG TY TNHH TIN HỌC NGÔI SAO LỚN,Giao Tiếp,Hồ Chí Minh,0,0,full-time,any,2,,"Thỏa thuận | 30/05/2026 | Hồ Chí Minh | Nhân sự | Quyền lợi: -thu nhập thỏa thuận phù hợp với năng lực và kinh nghiệm ứng viên,bao gồm: lương cơ bản+ kpis;-chế độ: phép năm, lương tháng 13, sinh nhật, hiếu, hỉ, thưởng lễ, tết, 08/03, 20/10, trung thu, noel,...-đóng bhxh, bhyt, bhtn theo quy định.-được hưởng đầy đủ các phúc lợi nội bộ tại công ty, gồm: quầy nước miễn phí, ghế massage thư giãn, kệ sách nâng cao kiến thức...-được đào tạo nâng cấp nghiệp vụ chuyên môn-được làm việc trong môi trường ",nhan_su,TimViec365,https://timviec365.vn/nhan-vien-hanh-chinh-nhan-su-p2062145.html,2026-04-15T08:22:31.749969,medium,0.8,trung_binh,False,True,working,OK (200)
labor_timviec365_2062142,trợ lý tuyển dụng,Công ty TNHH Bảo hiểm Nhân thọ FWD Việt Nam,Giao Tiếp,Hà Nội,12000000,12000000,full-time,any,0,,"12.000.000 VNĐ | 30/05/2026 | Hà Nội | Nhân sự | Quyền lợi:  - lương cứng : 6.000.000 – 12.000.000 vnđ/tháng kpi  - được hưởng đầy đủ chế độ theo quy định của luật lao động: bhxh, bhyt, lương tháng 13, thưởng lễ tết, du lịch, nghỉ mát  - được đào tạo, tham gia các khóa học nội bộ theo ngân sách đào tạo của công ty- lương cứng : 6.000.000 – 12.000.000 vnđ/tháng kpi  - được hưởng đầy đủ chế độ theo quy định của luật lao động: bhxh, bhyt, lương tháng 13, thưởng lễ tết, du lịch, nghỉ mát  - được đào",nhan_su,TimViec365,https://timviec365.vn/tro-ly-tuyen-dung-p2062142.html,2026-04-15T08:22:31.755745,easy,0.8,trung_binh,False,True,working,OK (200)
labor_timviec365_2062058,trưởng phòng nhân sự,Công ty Cổ phần Giaso dục Edulife,Giao Tiếp,Hà Nội,25000000,25000000,full-time,any,1,,"25.000.000 VNĐ | 29/05/2026 | Hà Nội | Nhân sự | Quyền lợi: thu nhập: 18.000.000 vnđ – 25.000.000 vnđthời gian làm việc: thứ 2 – thứ 6 (từ 8h00 – 17h30, nghỉ trưa: 12h00 – 13h30)chế độ đãi ngộ:được cung cấp máy tính khi làm việc tại công ty;thưởng cuối năm theo kết quả kinh doanh của công ty;được tham gia các khóa đào tạo chuyên sâu về kỹ năng, chuyên môn và tư duy trong công việc; kỹ năng mềm, phát triển bản thân;chế độ bhxh, bhyt, thưởng, nghỉ phép, nghỉ lễ đầy đủ theo quy định;đối với nhân sự",nhan_su,TimViec365,https://timviec365.vn/truong-phong-nhan-su-p2062058.html,2026-04-15T08:22:31.764654,medium,0.8,trung_binh,False,True,working,OK (200)
labor_timviec365_2062035,nhân viên hành chính nhân sự,Công ty cổ phần ALIGRO,,Hà Nội,9000000,9000000,full-time,any,0,,"9.000.000 VNĐ | 29/05/2026 | Hà Nội | Nhân sự | Quyền lợi: *  Mức lương: Từ 7.000.000 VNĐ đến 9.000.000 VNĐ (hoặc thỏa thuận).*  Các chế độ: BHXH, nghỉ phép, lương tháng 13, thưởng hiệu quả công việc theo quy định của công ty.*  Mức lương: Từ 7.000.000 VNĐ đến 9.000.000 VNĐ (hoặc thỏa thuận).*  Các chế độ: BHXH, nghỉ phép, lương tháng 13, thưởng hiệu quả công việc theo quy định của công ty. | Yêu cầu: *  Độ tuổi: Ứng viên sinh năm 199x.*  Kỹ năng tin học văn phòng: Sử dụng thành thạo ở mức trung",nhan_su,TimViec365,https://timviec365.vn/nhan-vien-hanh-chinh-nhan-su-p2062035.html,2026-04-15T08:22:31.770312,easy,0.8,trung_binh,False,True,working,OK (200)
labor_timviec365_2062032,Thực tập sinh/Cộng tác viên Tuyển dụng IT,Heligate,Giao Tiếp|Phục Vụ,Hà Nội,5000000,5000000,full-time,any,0,,"5.000.000 VNĐ | 28/05/2026 | Hà Nội | Nhân sự | Quyền lợi: thu nhập: lương cứng ~5.000.000 vnđ/tháng + thưởng theo case offer thành công.được đào tạo bài bản về quy trình tuyển dụng it, kỹ năng phỏng vấn và các nghiệp vụ nhân sự thực tế.tham gia các khóa đào tạo nội bộ về it, kỹ năng mềm và phát triển nghề nghiệp.tham gia các sự kiện nội bộ đa dạng: happy hour, 8/3, 20/10, year end party,…được cung cấp đầy đủ ngân sách, tài liệu và nguồn thông tin phục vụ công tác tuyển dụng.thu nhập: lương cứng",nhan_su,TimViec365,https://timviec365.vn/thuc-tap-sinhcong-tac-vien-tuyen-dung-it-p2062032.html,2026-04-15T08:22:31.776826,easy,0.8,trung_binh,False,True,working,OK (200)
labor_timviec365_2061910,chuyên viên nhân sự,Công ty Cổ phần Đầu tư EMI,,Hà Nội,17000000,17000000,full-time,any,3,,"17.000.000 VNĐ | 25/05/2026 | Hà Nội | Nhân sự | Quyền lợi:  - ăn trưa, gửi xe, du lịch – teambuilding, môi trường thân thiện, ổn định.- ăn trưa, gửi xe, du lịch – teambuilding, môi trường thân thiện, ổn định. | Yêu cầu:  - có 2-3 năm kinh nghiệm ở vị trí tương đương- có 2-3 năm kinh nghiệm ở vị trí tương đương+ Xem thêm | 17.000.000 VNĐ | 25/05/2026 | Hà Nội | Nhân sự | Quyền lợi:  - ăn trưa, gửi xe, du lịch – teambuilding, môi trường thân thiện, ổn định.- ăn trưa, gửi xe, du lịch – teambuildin",nhan_su,TimViec365,https://timviec365.vn/chuyen-vien-nhan-su-p2061910.html,2026-04-15T08:22:31.782624,medium,0.8,trung_binh,False,True,working,OK (200)
labor_timviec365_2061887,chuyên viên tuyển dụng,Công ty cổ phần phát triển công nghệ giáo dục STEAM,Excel|Word|Tiếng Anh|Giao Tiếp|Word,Hà Nội,12000000,12000000,full-time,any,1,,"12 VNĐ | 24/05/2026 | Hà Nội | Nhân sự | Quyền lợi: mức lương: thỏa thuận theo năng lực ứng viên (từ 10 - 15 triệu).công ty cung cấp bữa trưa miễn phí.thưởng/ nghỉ lễ tết theo quy định của công ty, các hoạt động teambuilding, gala gắn kết tập thể.chính sách ưu đãi học phí cho con với nhiều mức ưu đãi hấp dẫn.mức lương: thỏa thuận theo năng lực ứng viên (từ 10 - 15 triệu).công ty cung cấp bữa trưa miễn phí.thưởng/ nghỉ lễ tết theo quy định của công ty, các hoạt động teambuilding, gala gắn kết tập",nhan_su,TimViec365,https://timviec365.vn/chuyen-vien-tuyen-dung-p2061887.html,2026-04-15T08:22:31.789585,easy,0.8,trung_binh,False,True,working,OK (200)
labor_timviec365_2061126,Tuyển Chuyên viên Tuyển dụng,công ty cổ phần kombo,Giao Tiếp,Hà Nội,10000000,10000000,full-time,any,1,,"10.000.000 VNĐ | 24/05/2026 | Hà Nội | Nhân sự | Quyền lợi: - Tổng thu nhập: 10.000.000 – 15.000.000 VNĐ + Phụ cấp + Thưởng.- Cơ hội phát triển nghề nghiệp và gia tăng thu nhập.- Thời gian làm việc: 8h30 – 17h30 (Từ thứ 2 – thứ 6 và 2 thứ Bảy cách tuần).- Các chế độ BHXH, BHYT, BHTN theo quy định của nhà nước.- Tổng thu nhập: 10.000.000 – 15.000.000 VNĐ + Phụ cấp + Thưởng.- Cơ hội phát triển nghề nghiệp và gia tăng thu nhập.- Thời gian làm việc: 8h30 – 17h30 (Từ thứ 2 – thứ 6 và 2 thứ Bảy cách t",nhan_su,TimViec365,https://timviec365.vn/tuyen-chuyen-vien-tuyen-dung-p2061126.html,2026-04-15T08:22:31.797962,easy,0.8,trung_binh,False,True,working,OK (200)
labor_timviec365_2061101,Tuyển Chuyên viên Tuyển dụng,Công ty TNHH Bảo hiểm Nhân thọ FWD Việt Nam,Giao Tiếp|Phục Vụ,Hà Nội,12000000,12000000,full-time,any,0,,"12.000.000 VNĐ | 23/05/2026 | Hà Nội | Nhân sự | Quyền lợi: Mức lương cạnh tranh: lương cứng từ 6.000.000 VNĐ đến 12.000.000 VNĐ, cộng với % hoa hồng từ ứng viên và thưởng thêm nếu có.Môi trường làm việc năng động và hiện đại với đầy đủ cơ sở vật chất phục vụ nhu cầu của ứng viên.Cơ hội thăng tiến rõ ràng và phát triển nghề nghiệp.Mức lương cạnh tranh: lương cứng từ 6.000.000 VNĐ đến 12.000.000 VNĐ, cộng với % hoa hồng từ ứng viên và thưởng thêm nếu có.Môi trường làm việc năng động và hiện đại v",nhan_su,TimViec365,https://timviec365.vn/tuyen-chuyen-vien-tuyen-dung-p2061101.html,2026-04-15T08:22:31.803925,easy,0.8,trung_binh,False,True,working,OK (200)
labor_timviec365_2061752,Lê Gia Vita - Thực Tập Sinh Nhân Sự,CÔNG TY TNHH SUNNEX GROUP,Giao Tiếp,Hồ Chí Minh,0,0,full-time,any,0,,"Thỏa thuận | 22/05/2026 | Hồ Chí Minh | Nhân sự | Quyền lợi: - thu nhập tương xứng với năng lực và hiệu quả công việc.- linh hoạt thời gian, có thể chủ động sắp xếp làm việc tùy theo lịch trình cá nhân => cơ hội vừa học vừa làm, phát triển bản thân và tăng thu nhập.- không cần kinh nghiệm, được đào tạo và hướng dẫn từ a-z các kỹ năng cùng kiến thức về lĩnh vực chuyên môn cần cho báo cáo.- có cơ hội thăng tiến, trở thành nhân viên chính thức và nhiều quyền lợi hấp dẫn khác.- hỗ trợ dấu mộc và đồn",nhan_su,TimViec365,https://timviec365.vn/le-gia-vita-thuc-tap-sinh-nhan-su-p2061752.html,2026-04-15T08:22:42.378801,easy,0.8,trung_binh,False,True,working,OK (200)
labor_timviec365_2061725,chuyên viên tuyển dụng,Công ty Cổ phần Crest Furniture Holding,Giao Tiếp,Hồ Chí Minh,11000000,11000000,full-time,any,3,,"11.000.000 VNĐ | 21/05/2026 | Hồ Chí Minh | Nhân sự | Quyền lợi: - mức lương: thoả thuận theo năng lực (09 - 11 triệu/tháng)- thưởng theo hiệu quả công việc và các chế độ đãi ngộ của công ty.- tham gia bhxh, bhyt, bhtn đầy đủ theo luật quy định.- cơ hội thăng tiến rõ ràng trong lĩnh vực nhân sự.- được đào tạo và phát triển nghề nghiệp trong môi trường chuyên nghiệp.- mức lương: thoả thuận theo năng lực (09 - 11 triệu/tháng)- thưởng theo hiệu quả công việc và các chế độ đãi ngộ của công ty.- tham",nhan_su,TimViec365,https://timviec365.vn/chuyen-vien-tuyen-dung-p2061725.html,2026-04-15T08:22:42.385253,medium,0.8,trung_binh,False,True,working,OK (200)
labor_timviec365_2061680,Nhân viên nhân sự / Chuyên viên nhân sự,FWD,,Hà Nội,12000000,12000000,full-time,any,0,,"12.000.000 VNĐ | 21/05/2026 | Hà Nội | Nhân sự | Quyền lợi:  - thu nhập: 6 – 12 triệu/tháng  - thưởng hoa hồng theo tháng, quý, năm, thưởng gắn bó năm  - gói bảo hiểm toàn diện (bảo hiểm nhân thọ, bảo hiểm sức khỏe)  - nghỉ lễ, nghỉ phép theo quy định  - làm việc trong môi trường trẻ – thoải mái – hỗ trợ lẫn nhau- thu nhập: 6 – 12 triệu/tháng  - thưởng hoa hồng theo tháng, quý, năm, thưởng gắn bó năm  - gói bảo hiểm toàn diện (bảo hiểm nhân thọ, bảo hiểm sức khỏe)  - nghỉ lễ, nghỉ phép theo quy ",nhan_su,TimViec365,https://timviec365.vn/nhan-vien-nhan-su-chuyen-vien-nhan-su-hr-p2061680.html,2026-04-15T08:22:42.391340,easy,0.8,trung_binh,False,True,working,OK (200)
labor_timviec365_2060978,Chuyên Viên Tuyển Dụng,CÔNG TY  TNHH KỸ THUẬT ASG VIỆT NAM,Giao Tiếp,Hà Nội,10000000,10000000,full-time,any,1,,"10.000.000 VNĐ | 20/05/2026 | Hà Nội | Nhân sự | Quyền lợi: Lương: Từ 10tr + thưởngGiờ làm việc: 08:00 - 17:00 từ thứ 2 đến thứ 7 (nghỉ 2 thứ 7)Môi trường nhân sự năng động, chuyên nghiệpTham gia đầy đủ BHXH, BHYT, BHTN, BHSK+ Phúc lợi riêng theo chính sách công tyDu lịch, teambuilding, đào tạo nội bộ và nhiều hoạt động gắn kết hấp dẫnLương: Từ 10tr + thưởngGiờ làm việc: 08:00 - 17:00 từ thứ 2 đến thứ 7 (nghỉ 2 thứ 7)Môi trường nhân sự năng động, chuyên nghiệpTham gia đầy đủ BHXH, BHYT, BHTN, BH",nhan_su,TimViec365,https://timviec365.vn/chuyen-vien-tuyen-dung-p2060978.html,2026-04-15T08:22:42.394939,easy,0.8,trung_binh,False,True,working,OK (200)
labor_timviec365_2060930,Nhân viên Nhân sự Tiếng Trung (mảng tính lương & kiểm xưởng),Công ty TNHH SXSP Nhựa Cao Su Chun Xiang,Giao Tiếp,Hồ Chí Minh,12000000,12000000,full-time,any,0,,"12.000.000 VNĐ | 20/05/2026 | Hồ Chí Minh, Bình Dương | Nhân sự | Quyền lợi: Lương thỏa thuận cao, từ 12.000.000 VNĐ trở lên. Chế độ BHXH, BHYT, BHTN theo quy định pháp luật. Môi trường làm việc ổn định, lâu dài.Lương thỏa thuận cao, từ 12.000.000 VNĐ trở lên.Chế độ BHXH, BHYT, BHTN theo quy định pháp luật.Môi trường làm việc ổn định, lâu dài. | Yêu cầu: Có kinh nghiệm trong công tác nhân sự, đặc biệt là mảng tính lương và kiểm xưởng. Tiếng Trung giao tiếp thành thạo. Cẩn thận, trách nhiệm và tr",nhan_su,TimViec365,https://timviec365.vn/nhan-vien-nhan-su-tieng-trung-mang-tinh-luong-kiem-xuong-p2060930.html,2026-04-15T08:22:42.402928,easy,0.8,trung_binh,False,True,working,OK (200)
labor_timviec365_2061645,nhân sự hành chính văn phòng,Công Ty CP Dược Phẩm Lucky Star,Excel|Word|Giao Tiếp|Word,Hồ Chí Minh,10000000,10000000,temporary,any,0,,"10.000.000 VNĐ | 19/05/2026 | Hồ Chí Minh | Nhân sự | Quyền lợi: Mức lương từ 8.000.000 VNĐ đến 10.000.000 VNĐ.Ký hợp đồng lao động sau 3 - 6 tháng làm việc.Được hướng dẫn và đào tạo chuyên môn.Môi trường làm việc trẻ trung, năng động với nhiều cơ hội phát triển và thăng tiến.Mức lương từ 8.000.000 VNĐ đến 10.000.000 VNĐ.Ký hợp đồng lao động sau 3 - 6 tháng làm việc.Được hướng dẫn và đào tạo chuyên môn.Môi trường làm việc trẻ trung, năng động với nhiều cơ hội phát triển và thăng tiến. | Yêu cầu:",nhan_su,TimViec365,https://timviec365.vn/nhan-su-hanh-chinh-van-phong-p2061645.html,2026-04-15T08:22:42.406875,easy,0.3,trung_binh,False,True,working,OK (200)
labor_timviec365_2060916,Tuyển Nhân Viên C&B,CÔNG TY CỔ PHAN ARTEX DONG THAP,Tiếng Anh,,9000000,9000000,full-time,any,0,,"9.000.000 VNĐ | 19/05/2026 | Đồng Tháp | Nhân sự | Quyền lợi: - Mức lương: tuỳ theo năng lực.- Lương tháng 13, thưởng Tết Âm Lịch, 2/9 và 30/4.- Tham gia BHXH và chế độ khác theo quy định của Luật Lao Động.- Cơ hội được cân nhắc lên các vị trí cao hơn.- Môi trường làm việc trẻ trung và năng động.- Mức lương: tuỳ theo năng lực.- Lương tháng 13, thưởng Tết Âm Lịch, 2/9 và 30/4.- Tham gia BHXH và chế độ khác theo quy định của Luật Lao Động.- Cơ hội được cân nhắc lên các vị trí cao hơn.- Môi trường ",nhan_su,TimViec365,https://timviec365.vn/tuyen-nhan-vien-candb-p2060916.html,2026-04-15T08:22:42.411132,easy,0.8,trung_binh,False,True,working,OK (200)
labor_timviec365_2060895,Phó Phòng Hành chính Nhân Sự,Công Ty Cổ Phần Truyền Thông Lazy Cat,Tiếng Anh|Giao Tiếp,Hà Nội,15000000,15000000,full-time,any,3,,"15.000.000 VNĐ | 19/05/2026 | Hà Nội | Nhân sự | Quyền lợi: 4.● Thu nhập: Từ 15.000.000 VNĐ. Lương cứng + phụ cấp + Thưởng theo hiệu quả công việc. (Có thể deal theo năng lực trong quá phỏng vấn).● Tham gia đầy đủ các chế độ bảo hiểm xã hội, bảo hiểm y tế, và các chế độ phúc lợi khác.● Cơ hội phát triển nghề nghiệp trong môi trường truyền thông giải trí đầy thách thức và tiềm năng.4.● Thu nhập: Từ 15.000.000 VNĐ. Lương cứng + phụ cấp + Thưởng theo hiệu quả công việc. (Có thể deal theo năng lực t",nhan_su,TimViec365,https://timviec365.vn/pho-phong-hanh-chinh-nhan-su-p2060895.html,2026-04-15T08:22:42.418924,medium,0.8,trung_binh,False,True,working,OK (200)
labor_timviec365_2060893,Hành chính Nhân sự - Junior HR Staff Gấp,Công ty Cổ phần Lemon Digital,Tiếng Anh|Giao Tiếp,Hồ Chí Minh,0,0,full-time,any,1,,"Thỏa thuận | 19/05/2026 | Hồ Chí Minh | Nhân sự | Quyền lợi: Lương: Thỏa thuận theo năng lực.Review lương hàng năm, thưởng lễ Tết, lương tháng 13.Thời gian làm việc từ thứ 2- thứ 6, không chấm công, linh hoạt thời gian làm việc.12 ngày phép năm + 4 ngày nghỉ ốm có lương, các chế độ phúc lợi khác.Tham gia BHXH, BHYT, BHTN đầy đủPantry, Happy time thứ 6, teambuilding, hoạt động từ thiện….Môi trường làm việc trẻ trung, năng độngĐược đào tạo kiến thức, kỹ năng ngành nhân sự và các khóa đào tạo kỹ nă",nhan_su,TimViec365,https://timviec365.vn/hanh-chinh-nhan-su-junior-hr-staff-gap-p2060893.html,2026-04-15T08:22:42.424533,easy,0.8,trung_binh,False,True,working,OK (200)
labor_timviec365_2061622,nv hành chính nhân sự tổng hợp,Công ty Cổ phần Toàn Lực,Giao Tiếp,Hà Nội,15000000,15000000,full-time,any,3,,"15.000.000 VNĐ | 18/05/2026 | Hà Nội | Nhân sự | Quyền lợi: - thu nhập 10-15  triệu đồng/tháng thỏa thuận tùy theo năng lực- ăn trưa tại công ty.- bhxh , bhyt, bhtn đóng theo quy định của nhà nước và công ty- thưởng các dịp lễ, tết theo quy chế, quy định của công ty- thưởng cuối năm theo hiệu quả và năng suất công việc- du lịch hàng năm- thu nhập 10-15  triệu đồng/tháng thỏa thuận tùy theo năng lực- ăn trưa tại công ty.- bhxh , bhyt, bhtn đóng theo quy định của nhà nước và công ty- thưởng các dị",nhan_su,TimViec365,https://timviec365.vn/nv-hanh-chinh-nhan-su-tong-hop-p2061622.html,2026-04-15T08:22:42.435414,medium,0.8,trung_binh,False,True,working,OK (200)
labor_timviec365_2060837,Tuyển Chuyên viên nhân sự,Công ty Cổ phần Công Nghệ Dược Phẩm HKCARE,Giao Tiếp,Hà Nội,0,0,full-time,any,1,,"Thỏa thuận | 18/05/2026 | Hà Nội | Nhân sự | Quyền lợi: Lương cứng hấp dẫn từ 8.000.000 VNĐ đến 12.000.000 VNĐ/tháng, kèm theo % thưởng dựa trên lợi nhuận của hệ thống.Các phúc lợi khác theo chính sách của công ty như phép năm, thưởng vào các dịp lễ Tết.Được hưởng đầy đủ các chế độ bảo hiểm xã hội, bảo hiểm y tế, bảo hiểm thất nghiệp theo quy định của Luật lao động.Môi trường làm việc thân thiện, bền vững, khuyến khích phát huy hết năng lực bản thân, và có cơ hội thăng tiến trong sự nghiệp.Lương",nhan_su,TimViec365,https://timviec365.vn/tuyen-chuyen-vien-nhan-su-p2060837.html,2026-04-15T08:22:42.445848,easy,0.8,trung_binh,False,True,working,OK (200)
labor_timviec365_2060836,Hành chánh Nhân sự,Công ty TNHH sản xuất thương mại Nhựa Chợ Lớn,,Hồ Chí Minh,0,0,full-time,any,1,,"Thỏa thuận | 18/05/2026 | Hồ Chí Minh | Nhân sự | Quyền lợi: *  Lương: Thỏa thuận.*  Thời gian làm việc: Thứ 2 - Thứ 7, nghỉ Chủ nhật.*  Đầy đủ chế độ BHXH, Công đoàn theo quy định.*  Lương: Thỏa thuận.*  Thời gian làm việc: Thứ 2 - Thứ 7, nghỉ Chủ nhật.*  Đầy đủ chế độ BHXH, Công đoàn theo quy định. | Yêu cầu: *  Nam/Nữ, 25 - 42 tuổi.*  Tốt nghiệp Cao đẳng trở lên.*  Tối thiểu 1 năm kinh nghiệm trong lĩnh vực Hành chính - Nhân sự.*  Sử dụng thành thạo tin học văn phòng.*  Nam/Nữ, 25 - 42 tuổi.*",nhan_su,TimViec365,https://timviec365.vn/hanh-chanh-nhan-su-p2060836.html,2026-04-15T08:22:42.452526,easy,0.8,trung_binh,False,True,working,OK (200)
labor_timviec365_2060859,Chuyên Viên Tuyển Dụng,CÔNG TY CP TƯ VẤN THIẾT KẾ XÂY DỰNG GREENHN,Excel|Word|Powerpoint|Giao Tiếp|Word|Phục Vụ,Hà Nội,13000000,13000000,full-time,any,2,,"13.000.000 VNĐ | 17/05/2026 | Hà Nội | Nhân sự | Quyền lợi: Thu nhập hấp dẫn: 10.000.000 – 13.000.000VNĐ + Phụ cấp ăn trưaTham gia bảo hiểm xã hội, phép năm, thưởng lễ, tết, lương T13, thưởng hiệu suất làm việc và hưởng các khoản phụ cấp theo quy định;Tham gia các hoạt động giao lưu của công ty như du lịch, workshop, liên hoan…gắn kết đội ngũThời gian làm từ thứ 2 - thứ 6 (và 2 thứ 7 một tháng); Thời gian làm việc 8h00-17h30Được trang bị đầy đủ các trang thiết bị phục vụ cho công việc.Thu nhập h",nhan_su,TimViec365,https://timviec365.vn/chuyen-vien-tuyen-dung-p2060859.html,2026-04-15T08:22:42.462282,medium,0.8,trung_binh,False,True,working,OK (200)
labor_timviec365_2061706,tuyển nhân viên hành chính nhân sự,Công ty TNHH Máy chính xác A.MC,Excel|Word|Powerpoint|Giao Tiếp|Word,Hồ Chí Minh,12000000,12000000,full-time,any,2,,"12.000.000 VNĐ | 16/05/2026 | Hồ Chí Minh | Nhân sự | Quyền lợi: - lương cứng: 10-12 triệu đồng/tháng.- chế độ nghỉ phép 12 ngày/năm, nghỉ lễ, phép theo quy định.- thời gian làm việc: 8h-12h và 13h-17h (nghỉ 6 ngày/tháng, gồm 2 ngày thứ 7 và 4 chủ nhật).- bảo hiểm sức khỏe nâng cao và bảo hiểm nhân thọ (theo vị trí và thời gian làm việc).- quà tặng sinh nhật, lễ tết, nghỉ mát, teambuilding, bhxh, khám sức khỏe định kỳ hàng năm.- quà tặng từ chủ tịch công ty cho cbnv trong các dịp lễ (8/3, 20/10,",nhan_su,TimViec365,https://timviec365.vn/tuyen-nhan-vien-hanh-chinh-nhan-su-p2061706.html,2026-04-15T08:22:42.467926,medium,0.8,trung_binh,False,True,working,OK (200)
labor_timviec365_2060662,Trưởng Phòng Tuyển Dụng,Hecoland,,Hồ Chí Minh,15000000,15000000,full-time,any,0,,"15.000.000 VNĐ | 16/05/2026 | Hồ Chí Minh | Nhân sự | Quyền lợi: - Mức lương: 15 – 20 triệu tùy năng lực + Thưởng tuyển dụng. - Được làm việc trong môi trường năng động, chuyên nghiệp. Có cơ hội thăng tiến. - Được hỗ trợ máy tính làm việc. - Cơ hội gặp gỡ giao lưu với nhiều người giàu, người giỏi trong nghề Bất động sản. Phát triển bản thân lên tầm cao mới.- Mức lương: 15 – 20 triệu tùy năng lực + Thưởng tuyển dụng.- Được làm việc trong môi trường năng động, chuyên nghiệp. Có cơ hội thăng tiến.-",nhan_su,TimViec365,https://timviec365.vn/truong-phong-tuyen-dung-p2060662.html,2026-04-15T08:22:42.474792,medium,0.8,trung_binh,False,True,working,OK (200)
labor_timviec365_2060657,Chuyên Viên Tuyển Dụng,CÔNG TY CP BẤT ĐỘNG SẢN HECO LAND,,Hồ Chí Minh,12000000,12000000,full-time,any,1,,"12 VNĐ | 14/05/2026 | Hồ Chí Minh | Nhân sự | Quyền lợi: Mức lương:15 TR+ Hoa hồng tuyển dụng: 30% – 100% lương cơ bản (tùy số lượng và chất lượng ứng viên tuyển được).Được làm việc trong môi trường năng động, chuyên nghiệp. Có cơ hội thăng tiến.Cơ hội gặp gỡ giao lưu với nhiều người giàu người giỏi trong nghề Bất động sản. Phát triển bản thân lên tầm cao mới.Thời gian làm việc linh hoạt.Mức lương:15 TR+ Hoa hồng tuyển dụng:30% – 100% lương cơ bản(tùy số lượng và chất lượng ứng viên tuyển được).",nhan_su,TimViec365,https://timviec365.vn/chuyen-vien-tuyen-dung-p2060657.html,2026-04-15T08:22:42.484351,easy,0.8,trung_binh,False,True,working,OK (200)
labor_timviec365_2061365,Nhân viên Hành chính Nhân sự,CÔNG TY TNHH CEI ENGINEERS,Giao Tiếp,Hồ Chí Minh,0,0,full-time,any,0,,"Thỏa thuận | 12/05/2026 | Hồ Chí Minh | Nhân sự | Quyền lợi: -  Mức lương cứng: Từ 8.000.000 đến 10.000.000 VNĐ- Thưởng lễ, tết, lương tháng 13.- Môi trường làm việc trẻ trung, năng động, sáng tạo- Du lịch, nghỉ mát định kỳ hằng năm- Tặng vé về quê ăn tết.- Tổ chức sinh nhật cho nhân viên- Được hưởng đầy đủ các chế độ bảo hiểm theo quy định của Luật Lao động.-  Mức lương cứng: Từ 8.000.000 đến 10.000.000 VNĐ- Thưởng lễ, tết, lương tháng 13.- Môi trường làm việc trẻ trung, năng động, sáng tạo- Du",nhan_su,TimViec365,https://timviec365.vn/nhan-vien-hanh-chinh-nhan-su-p2061365.html,2026-04-15T08:22:42.489419,easy,0.8,trung_binh,False,True,working,OK (200)
labor_timviec365_2061008,Chuyên viên tuyển dụng,CÔNG TY TNHH CHĂM SÓC MẸ VÀ BÉ TẠI NHÀ HOME CARE,Giao Tiếp,Hà Nội,13000000,13000000,full-time,any,0,,"13 VNĐ | 10/05/2026 | Hà Nội | Nhân sự | Quyền lợi: -Thu nhập: 10-13 triệu/tháng (trao đổi trực tiếp khi phỏng vấn), thử việc 1 tháng nhận 85% lương-Được làm việc trong môi trường chuyên nghiệp, năng động, sáng tạo.-Có cơ hội phát triển bản thân và thăng tiến cao trong công việc.-Được đóng BHXH đầy đủ. -Nghỉ lễ, thưởng Tết theo quy định nhà nước.-Tháng lương thứ 13.-Mỗi tháng có thêm 1 ngày nghỉ phép hưởng lương.-Thu nhập: 10-13 triệu/tháng (trao đổi trực tiếp khi phỏng vấn), thử việc 1 tháng nh",nhan_su,TimViec365,https://timviec365.vn/chuyen-vien-tuyen-dung-p2061008.html,2026-04-15T08:22:42.493833,easy,0.8,trung_binh,False,True,working,OK (200)
labor_timviec365_2061208,Trưởng phòng tuyển dụng,CÔNG TY TNHH THỜI TRANG SÀI GÒN XUÂN HOÀ,Tiếng Anh|Giao Tiếp,Hồ Chí Minh,0,0,full-time,any,4,,"Thỏa thuận | 09/05/2026 | Hồ Chí Minh | Nhân sự | Quyền lợi: Lương thỏa thuận theo năng lực, thưởng lễ Tết, lương tháng 13.14 ngày phép năm, BHXH, BHYT, BHTN đầy đủ.Cung cấp cơm trưa và ăn xế miễn phí.Lương thỏa thuận theo năng lực, thưởng lễ Tết, lương tháng 13.14 ngày phép năm, BHXH, BHYT, BHTN đầy đủ.Cung cấp cơm trưa và ăn xế miễn phí. | Yêu cầu: - Có tối thiểu 4 năm kinh nghiệm tuyển dụng trong công ty sản xuất (Trong đó có 1 năm ở vị trí quản lý nhóm/tổ tuyển dụng) và có kinh nghiệm headhu",nhan_su,TimViec365,https://timviec365.vn/truong-phong-tuyen-dung-p2061208.html,2026-04-15T08:22:42.498333,medium,0.8,trung_binh,False,True,working,OK (200)
labor_timviec365_2061374,Tuyển Chuyên Viên Tuyển Dụng,NMD&PARTNERS,Giao Tiếp,Hồ Chí Minh,9000000,9000000,full-time,any,0,,"9.000.000 VNĐ | 05/05/2026 | Hồ Chí Minh | Nhân sự | Quyền lợi: Thu nhập: Từ 8.000.000 VNĐ Đến 9.000.000 VNĐ/tháng.Hỗ trợ 01 suất ăn/ngày + Service charge.Hưởng đầy đủ chế độ BHXH, BHYT, BHTN theo quy định.Môi trường làm việc thân thiện, có cơ hội phát triển lên các vị trí cao hơn.Thu nhập: Từ 8.000.000 VNĐ Đến 9.000.000 VNĐ/tháng.Hỗ trợ 01 suất ăn/ngày + Service charge.Hưởng đầy đủ chế độ BHXH, BHYT, BHTN theo quy định.Môi trường làm việc thân thiện, có cơ hội phát triển lên các vị trí cao hơn.",nhan_su,TimViec365,https://timviec365.vn/tuyen-chuyen-vien-tuyen-dung-p2061374.html,2026-04-15T08:22:42.504123,easy,0.8,trung_binh,False,True,working,OK (200)
labor_timviec365_2061193,Hành chính nhân sự,EMERALD PRIORITY,,Hồ Chí Minh,9000000,9000000,temporary,any,0,,"9.000.000 VNĐ | 30/05/2026 | Hồ Chí Minh | Nhân sự | Quyền lợi: Chế độ bảo hiểm hợp đồng đầy đủ, thưởng tuần/ tháng/ nămLàm việc trong môi trường năng động, thu nhập ổn địnhĐược hưởng BHXH,nghỉ phép, lương thâ, niên, lương tháng 13Du lịch 3 -4  lần/năm , đào tạo thường xuyên, gala dinner, sinh nhậtChế độ bảo hiểm hợp đồng đầy đủ, thưởng tuần/ tháng/ nămLàm việc trong môi trường năng động, thu nhập ổn địnhĐược hưởng BHXH,nghỉ phép, lương thâ, niên, lương tháng 13Du lịch 3 -4  lần/năm , đào tạo th",nhan_su,TimViec365,https://timviec365.vn/hanh-chinh-nhan-su-p2061193.html,2026-04-15T08:22:42.509968,easy,0.3,trung_binh,False,True,working,OK (200)
labor_timviec365_2061124,Chuyên viên Nhân sự tổng hợp,Công ty TNHH Mầm Nhỏ,Giao Tiếp,Hà Nội,15000000,15000000,full-time,any,2,,"15.000.000 VNĐ | 30/05/2026 | Hà Nội | Nhân sự | Quyền lợi: 1. Mức lương: Từ 8- 15 triệu 2. Cơ hội thăng tiến lên vị trí cao hơn 3. Môi trường làm việc lành mạnh, thân thiện, đoàn kết 4. Có nhiều quyền lợi cho bản thân và gia đình; Được hưởng các chính sách phúc lợi theo quy định của Nhà nước và Công ty như: BHXH, nghỉ phép, nghỉ Lễ, tham gia miễn phí các chương trình/ workshop do Công ty tổ chức... 5. Nghỉ 02 thứ 7 trên tháng và các ngày chủ nhật, nghỉ phép năm và ngày lễ Tết, nếu phải  làm thê",nhan_su,TimViec365,https://timviec365.vn/chuyen-vien-nhan-su-tong-hop-p2061124.html,2026-04-15T08:22:42.516190,medium,0.8,trung_binh,False,True,working,OK (200)
labor_timviec365_2061044,TUYỂN 5 NHÂN VIÊN HCNS TẠI TÂN BÌNH,Công ty TNHH Liên Việt Long,Giao Tiếp,Hồ Chí Minh,8000000,8000000,full-time,any,0,,"8.000.000 VNĐ | 30/05/2026 | Hồ Chí Minh | Nhân sự | Quyền lợi: Lương cơ bản: Từ 8.000.000 VNĐ/tháng + phụ cấpHoa hồng: 500k/ứng viên và trợ cấp hàng thángLương tháng 13, du lịch 2 lần/nămReview lương 6 tháng/1 lầnKhông kinh nghiệm sẽ được đào tạoMôi trường làm việc Genz thoải mái, vui vẻĐược hỗ trợ marketing để tuyển dụng và tìm kiếm ứng viên ở các nền tảng có phíCó cơ hội được thăng tiến các vị trí quản lýCó đầy đủ phúc lợi về BHXH của cty, lương thưởng theo quýĐược tham gia các hoạt động ăn n",nhan_su,TimViec365,https://timviec365.vn/hanh-chinh-nhan-su-p2061044.html,2026-04-15T08:22:42.522144,easy,0.8,trung_binh,False,True,working,OK (200)
labor_timviec365_2060834,Chuyên Viên Tuyển Dụng,Phát Triển Nguồn Nhân Lực Happy,,Hà Nội,20000000,20000000,full-time,any,1,,"20 VNĐ | 30/05/2026 | Hà Nội | Nhân sự | Quyền lợi: III. Chế độ và phúc lợi làm việc:Lương cứng: 8.8400******0.000đ + hoa hồng + thưởng= thu nhập 15-20tr/tháng===Trao đổi cụ thể khi phỏng vấnĐược hỗ trợ phí ăn trưa Được đào tạo cơ bản, hỗ trợ công cụ tuyển dụngCó chế độ nghỉ lễ, teambuilding, thưởng các dịp đặc biệt (ngày lễ, Tết,..) Thời gian làm việc: Từ Thứ 2 đến thứ 7Khung giờ làm việc: 8h00 - 12h00 (Ca sáng); 13h30 - 18h00 (Ca chiều)III. Chế độ và phúc lợi làm việc:Lương cứng: 8.8400******0",nhan_su,TimViec365,https://timviec365.vn/chuyen-vien-tuyen-dung-p2060834.html,2026-04-15T08:22:42.527408,medium,0.8,trung_binh,False,True,working,OK (200)
labor_timviec365_2060710,Thực tập sinh Tuyển dụng Fulltime,CÔNG TY CÓ PHẦN ĐẦU TƯ GIÁO DỤC VÀ PHÁT TRIỂN CÔNG NGHỆ QUỐC TẾ LANGMASTE,Giao Tiếp,,4000000,4000000,full-time,any,0,,"4.000.000 VNĐ | 30/05/2026 | Toàn quốc | Nhân sự | Quyền lợi: Lương cứng từ 4.000.000 VNĐ + phụ cấp + thưởng.Nghỉ lễ theo lịch quốc gia & thưởng tiền (Tết dương lịch, 8/3, 30/4, 1/5, 1/6, trung thu…)Chương trình Team Building, Year End Party cực cháy cùng đồng độCó cơ hội trở thành nhân sự chính thức nếu chứng minh được năng lựcCơ hội trải nghiệm tuyển dụng các các vị trí khác nhau bao gồm tuyển dụng khối mass, khối back office, quản lí cấp cao...Ưu đãi học phí lên tới 38% các khóa học tại IELTS",nhan_su,TimViec365,https://timviec365.vn/thuc-tap-sinh-tuyen-dung-fulltime-p2060710.html,2026-04-15T08:22:42.533304,easy,0.8,trung_binh,False,True,working,OK (200)
labor_timviec365_2066164,TUYỂN TƯ VẤN BẢO HIỂM PHI NHÂN THỌ,Công ty Bảo Minh Bến Thành,Giao Tiếp,Hồ Chí Minh,15000000,15000000,full-time,any,0,,"Từ 15.000.000 VNĐ | 17/05/2026 | Hồ Chí Minh | Nhân viên kinh doanh, Tư vấn | Quyền lợi: 💼 Môi trường làm việc trẻ trung – thân thiện – chuyên nghiệp 🎯 Được đào tạo bài bản (phù hợp cả sinh viên mới ra trường) 💰 Lương thỏa thuận theo năng lực + cơ hội tăng thu nhập 📈 Lộ trình phát triển rõ ràng, cơ hội thăng tiến 🔹 Lưu ý: 👉 Ưu tiên ứng viên có định hướng làm việc nghiêm túc, gắn bó lâu dài 👉 Khuyến khích tìm hiểu trước về ngành bảo hiểm Chế độ đầy đủ theo quy định của nhà nước như bảo hiểm, nghỉ",tu_van,TimViec365,https://timviec365.vn/tuyen-tu-van-bao-hiem-phi-nhan-tho-p2066164.html,2026-04-15T08:22:56.524093,medium,0.8,trung_binh,False,True,working,OK (200)
labor_timviec365_2066897,🚨 TUYỂN NV KINH DOANH – THU NHẬP 8–35TR,CÔNG TY CỔ PHẦN ĐẦU TƯ VÀ PHÁT TRIỂN NGÔI SAO HOÀNG GIA,Excel|Word|Giao Tiếp|Word|Lái Xe,Hồ Chí Minh,8000000,35000000,full-time,any,2,,"Từ 8.000.000 VNĐ Đến 35.000.000 VNĐ | 07/05/2026 | Hồ Chí Minh | Nhân viên kinh doanh, Tư vấn, Việc làm bán hàng | Quyền lợi: • Thu nhập hấp dẫn: Lương cứng + % hoa hồng doanh số + thưởng. Tổng thu nhập có thể (8 tr - 35 tr đ/ tháng) • Được đào tạo bài bản về sản phẩm và kỹ năng bán hàng. • Môi trường làm việc năng động, chuyên nghiệp. • Hưởng đầy đủ chế độ BHXH, BHYT, các phúc lợi theo quy định.• Thu nhập hấp dẫn: Lương cứng + % hoa hồng doanh số + thưởng. Tổng thu nhập có thể (8 tr - 35 tr đ/ ",tu_van,TimViec365,https://timviec365.vn/tuyen-nv-kinh-doanh-thu-nhap-8-35tr-p2066897.html,2026-04-15T08:22:56.529113,hard,0.8,trung_binh,False,True,working,OK (200)
labor_timviec365_2066849,CHUYÊN VIÊN SALE MARKETING,CÔNG TY CỔ PHẦN TẬP ĐOÀN CÔNG NGHỆ VIPTAM,Giao Tiếp,Hà Nội,8000000,20000000,full-time,any,0,,"Từ 8.000.000 VNĐ Đến 20.000.000 VNĐ | 06/05/2026 | Hà Nội | Marketing - PR, Nhân viên kinh doanh, Tư vấn | Quyền lợi: Thu nhập: 8tr -20tr (Lương CB +% doanh số ) Thử việc: 2 tháng (85% thu nhập) Có cơ hội thăng tiến và phát triển nghề nghiệp Được hưởng các chế độ BHXH, BHYT, BHTN, tham quan, nghỉ phép, thưởng năng suất, nghỉ các ngày lễ theo quy định của Luật lao động hiện hành. Nghỉ phép 12 ngày/ năm Các hoạt động khác: Thường xuyên tham gia các hoạt động teambuilding, ngoại khoá của công ty, p",tu_van,TimViec365,https://timviec365.vn/nhan-vien-kinh-doanh-marketing-p2066849.html,2026-04-15T08:22:56.534295,medium,0.8,trung_binh,False,True,working,OK (200)
labor_timviec365_2066806,NHÂN VIÊN KINH DOANH Ô TÔ FORD,Công Ty cổ phần Hà Thành Ô Tô,Giao Tiếp|Lái Xe|Bằng Lái,Hà Nội,15000000,20000000,full-time,any,0,,"15 - 20 triệu | 04/05/2026 | Hà Nội | Nhân viên kinh doanh, Tư vấn, Việc làm bán hàng | Quyền lợi: - Thu nhập trung bình: 20 triệu/tháng trở lên (Lương cứng + Hoa hồng theo xe + Thưởng) - Thưởng tháng/quý cho nhân sự đạt thành tích xuất sắc - Đóng BHXH, BHYT, BHTN đầy đủ theo quy định - Được đào tạo bài bản về sản phẩm, kỹ năng bán hàng - Môi trường làm việc chuyên nghiệp, trẻ trung - Lộ trình thăng tiến rõ ràng (Sales → Trưởng nhóm → Quản lý)- Thu nhập trung bình: 20 triệu/tháng trở lên (Lương ",tu_van,TimViec365,https://timviec365.vn/nhan-vien-kinh-doanh-o-to-ford-p2066806.html,2026-04-15T08:22:56.539091,medium,0.8,trung_binh,False,True,working,OK (200)
labor_timviec365_2066025,🔥 TUYỂN NHÂN VIÊN KINH DOANH THU NHẬP 10 ĐẾN 20TR – KHÔNG ĐI THỊ TRƯỜNG,CÔNG TY TNHH THƯƠNG MẠI VÀ DỊCH VỤ NTV VINA,Chăm Sóc,Hà Nội,10000000,20000000,full-time,any,0,,"Từ 10.000.000 VNĐ Đến 20.000.000 VNĐ | 04/05/2026 | Hà Nội | Nhân viên kinh doanh, Tư vấn, Việc làm bán hàng | Quyền lợi: - Lương cơ bản: 7 triệu + Hoa hồng + Thưởng KPI  Thu nhập trung bình: 10 – 18 triệu/tháng (tùy năng lực)  Thử việc 02 tháng (85% lương)  Thưởng doanh số tháng / quý  Thưởng cuối năm + thưởng doanh số năm  Đóng BHXH đầy đủ theo quy định  Môi trường làm việc trẻ trung – năng động – ổn định lâu dài  Công việc trao đổi thêm khi phỏng vấn trực tiếp.- Lương cơ bản: 7 triệu + Hoa hồ",tu_van,TimViec365,https://timviec365.vn/tuyen-nhan-vien-kinh-doanh-thu-nhap-10-djen-18tr-khong-dji-thi-truong-p2066025.html,2026-04-15T08:22:56.545952,medium,0.8,trung_binh,False,True,working,OK (200)
labor_timviec365_2067087,Nhân Viên Kinh Doanh,Công ty CP Đầu tư & Phát triển Thế Giới Đất Việt,Giao Tiếp,Hồ Chí Minh,15000000,20000000,full-time,any,0,,"15 - 20 triệu | 14/05/2026 | Hồ Chí Minh | Nhân viên kinh doanh, Tư vấn, Việc làm bán hàng | Quyền lợi: • Lương Thử việc: 6.500.000đ/tháng (6.000.000đ + 500.000đ tiền chuyên cần) • Lương Chính thức: 7.500.000đ (7.500.000đ + 500.000đ tiền chuyên cần) + 1.000.000đ/tháng hỗ trợ Marketing + Chế độ BHXH theo chính sách công ty • Hoa hồng kinh doanh: Tùy theo từng dự án • Các khoản thưởng khác : Tùy theo dự án & tùy thời điểm• Lương Thử việc: 6.500.000đ/tháng (6.000.000đ + 500.000đ tiền chuyên cần)• L",tu_van,TimViec365,https://timviec365.vn/nhan-vien-kinh-doanh-p2067087.html,2026-04-15T08:22:56.549864,medium,0.8,trung_binh,False,True,working,OK (200)
labor_timviec365_2067063,Chuyên Viên Kinh Doanh B2B,CÔNG TY CỔ PHẦN MAJOR ACADEMY,Excel|Word|Powerpoint|Tiếng Anh|Giao Tiếp|Word|Chăm Sóc,Hồ Chí Minh,10000000,15000000,full-time,any,1,,"10 - 15 triệu | 14/05/2026 | Hồ Chí Minh | Chăm sóc khách hàng, Nhân viên kinh doanh, Tư vấn | Quyền lợi: Thu nhập: 8 – 10 triệu + hoa hồng Thử việc 2 tháng: nhận 100% lương (trừ 10% thuế TNCN) Đóng BHXH theo quy định Review lương định kỳ. Thưởng theo hiệu quả 12 ngày phép/năm Du lịch, teambuilding 1–2 lần/năm Được đào tạo & phát triển kỹ năngThu nhập: 8 – 10 triệu + hoa hồngThử việc 2 tháng: nhận 100% lương (trừ 10% thuế TNCN)Đóng BHXH theo quy địnhReview lương định kỳ. Thưởng theo hiệu quả12 n",tu_van,TimViec365,https://timviec365.vn/chuyen-vien-kinh-doanh-b2b-p2067063.html,2026-04-15T08:22:56.552848,medium,0.8,trung_binh,False,True,working,OK (200)
labor_timviec365_2066753,Nhân Viên Tư Vấn (Theo Giờ Mỹ) - Thu nhập đến 60 triệu,Công ty TNHH Dream Talent,Giao Tiếp|Chăm Sóc,Hồ Chí Minh,10200000,60000000,full-time,any,1,,"Từ 10.200.000 VNĐ Đến 60.000.000 VNĐ | 03/05/2026 | Hồ Chí Minh, Cần Thơ | Chăm sóc khách hàng, Telesales, Tư vấn | Quyền lợi: - Chi nhánh Cần Thơ: Lương CB: 8.800.000 VNĐ (chưa tính hoa hồng + chính sách thưởng nóng....) - Văn phòng HCM: Lương CB: 10.200.000 VNĐ (chưa tính hoa hồng + chính sách thưởng nóng....) - Không giới hạn thu nhập theo năng lực, có thể lên đến 60 +++ triệu VND - Được hỗ trợ 100% Data KH - Chế độ phúc lợi vượt trội hơn Luật lao động… - Được nghỉ 14 ngày phép năm, nghỉ lễ, ",tu_van,TimViec365,https://timviec365.vn/nhan-vien-tu-van-theo-gio-my-thu-nhap-djen-60-trieu-p2066753.html,2026-04-15T08:22:56.560118,hard,0.8,trung_binh,False,True,working,OK (200)
labor_timviec365_2066744,NHÂN VIÊN KINH DOANH XE OTÔ CŨ,AN ĐÔ FORD - ĐẠI LÝ ỦY QUYỀN FORD VIỆT NAM,,Hà Nội,15000000,20000000,full-time,any,0,,"15 - 20 triệu | 02/05/2026 | Hà Nội, Phú Thọ | Nhân viên kinh doanh, Tư vấn, Việc làm bán hàng | Quyền lợi: Lương cứng + Doanh thu / Doanh số (trao đổi cụ thể khi phỏng vấn): trung bình 15-20 triệu, bán tốt lương cao hơn rất nhiều. Được đào tạo bài bản về sản phẩm & kỹ năng bán hàng Chế độ đầy đủ: BHYT, BHXH, thưởng Lễ – Tết, thưởng theo năng lực Môi trường chuyên nghiệp, lộ trình phát triển sự nghiệp rõ ràngLương cứng + Doanh thu / Doanh số (trao đổi cụ thể khi phỏng vấn): trung bình 15-20 triệ",tu_van,TimViec365,https://timviec365.vn/nhan-vien-kinh-doanh-xe-oto-cu-p2066744.html,2026-04-15T08:22:56.564317,medium,0.8,trung_binh,False,True,working,OK (200)
labor_timviec365_2059527,Nhân viên xử lý hồ sơ Visa,CÔNG TY CỔ PHẦN TƯ VẤN GIÁO DỤC EDUNETWORK VIỆT NAM,Tiếng Anh,Hồ Chí Minh,10000000,15000000,full-time,any,1,,"Từ 10.000.000 VNĐ Đến 15.000.000 VNĐ | 22/10/2200 | Hồ Chí Minh | Tư vấn | Quyền lợi: Lương: 10.000.000 &ndash; 15.000.000 VNĐ (thỏa thuận theo năng lực).Tham gia đầy đủ BHXH, BHYT, BHTN theo luật Lao động.Thưởng lương tháng 13, thưởng thâm niên.Xét tăng lương hàng năm.Môi trường làm việc thân thiện, chuyên nghiệp.Cơ hội đào tạo chuyên sâu và nâng cao kỹ năng.Tham gia các chương trình thi đua, du lịch, nghỉ dưỡng hàng năm.Lương: 10.000.000 – 15.000.000 VNĐ (thỏa thuận theo năng lực).Tham gia đầy",tu_van,TimViec365,https://timviec365.vn/nhan-vien-xu-ly-ho-so-visa-p2059527.html,2026-04-15T08:22:56.568458,medium,0.8,trung_binh,False,True,working,OK (200)
labor_timviec365_777309,Nhân viên tư vấn thẻ hội viên Fitness Yoga,THE LIGHT Fitness & Yoga Hà Nội,Giao Tiếp|Chăm Sóc,Hà Nội,10000000,15000000,full-time,any,0,,"10 - 15 triệu | 01/12/2026 | Hà Nội | Chăm sóc khách hàng, Làm đẹp - Thể lực - Spa, Telesales | Quyền lợi: - Lương + Hoa hồng (rất cao) + Thưởng- Được làm việc trong môi trường chuyên nghiệp, năng động và có điều kiện thăng tiến.- Được sử dụng dịch vụ Fitness5sao- Chưa có kinh nghiệm sẽ được đào tạo- Team building, nghỉ mát, du lịch hàng năm.- Lương + Hoa hồng (rất cao) + Thưởng- Được làm việc trong môi trường chuyên nghiệp, năng động và có điều kiện thăng tiến.- Được sử dụng dịch vụ Fitness5sao",tu_van,TimViec365,https://timviec365.vn/nhan-vien-tu-van-the-hoi-vien-fitness-yoga-p777309.html,2026-04-15T08:22:56.571732,medium,0.8,trung_binh,False,True,working,OK (200)
labor_timviec365_2067079,NHÂN VIÊN KINH DOANH THIẾT BỊ Y TẾ,Công ty TNHH Thiết bị và Công nghệ Thú Y Việt Nam,,Cần Thơ,10000000,30000000,full-time,any,0,,"Từ 10.000.000 VNĐ Đến 30.000.000 VNĐ | 14/05/2026 | Cần Thơ | Nhân viên kinh doanh, Tư vấn, Việc làm bán hàng | Quyền lợi: • Thu nhập: 10 - 30tr (có thưởng doanh số và hiệu suất làm việc) • Làm việc giờ hành chính 8h00-17h30, nghỉ chiều T7, CN • Tham gia BHXH, nghỉ phép, thưởng lễ Tết, teambulding, khám sức khỏe định kỳ,…theo quy định • Hưởng các loại phụ cấp điện thoại, công tác phí, theo quy định Công ty • Chế độ tăng lương thưởng đột xuất hoặc định kỳ theo năng lực làm việc • Được làm việc tr",tu_van,TimViec365,https://timviec365.vn/nhan-vien-kinh-doanh-thiet-bi-y-te-p2067079.html,2026-04-15T08:22:56.578644,hard,0.8,trung_binh,False,True,working,OK (200)
labor_timviec365_2067046,NHÂN VIÊN KINH DOANH NHÔM KÍNH LƯƠNG THƯỞNG HẤP DẪN,CÔNG TY CỔ PHẦN ĐẦU TƯ VÀ PHÁT TRIỂN APEX WINDOW,,Hà Nội,15000000,30000000,full-time,any,0,,"Từ 15.000.000 VNĐ Đến 30.000.000 VNĐ | 13/05/2026 | Hà Nội | Nhân viên kinh doanh, Tiếp thị - Quảng cáo, Tư vấn | Quyền lợi: - Thu nhập: 15 – 30 triệu/tháng (lương + hoa hồng + thưởng) - Hỗ trợ 100% marketing, data khách hàng - Hoa hồng cao, thưởng nóng hấp dẫn - Lộ trình đào tạo & thăng tiến rõ ràng - Nghỉ lễ, Tết theo quy định- Thu nhập: 15 – 30 triệu/tháng (lương + hoa hồng + thưởng)- Hỗ trợ 100% marketing, data khách hàng- Hoa hồng cao, thưởng nóng hấp dẫn- Lộ trình đào tạo & thăng tiến rõ r",tu_van,TimViec365,https://timviec365.vn/nhan-vien-kinh-doanh-nhom-kinh-luong-thuong-hap-dan-p2067046.html,2026-04-15T08:22:56.583712,hard,0.8,trung_binh,False,True,working,OK (200)
labor_timviec365_2066894,TRƯỞNG PHÒNG/ PHÓ PHÒNG/ CHUYÊN VIÊN KINH DOANH,CÔNG TY CỔ PHẦN TẬP ĐOÀN BẢO HIỂM DBV - CHI NHÁNH ĐẠI AN,Giao Tiếp,Hà Nội,0,0,full-time,any,0,,"Thỏa thuận | 07/05/2026 | Hà Nội | Bảo hiểm, Nhân viên kinh doanh, Tư vấn | Quyền lợi: Thu nhập cạnh tranh ( Lương + Thưởng theo hiệu quả công việc) - Môi trường làm việc chuyên nghiệp, năng động. - Được đào tạo chuyên môn và kỹ năng nghiệp vụ - Cơ hội phát triển và thăng tiến rõ ràngThu nhập cạnh tranh ( Lương + Thưởng theo hiệu quả công việc)- Môi trường làm việc chuyên nghiệp, năng động.- Được đào tạo chuyên môn và kỹ năng nghiệp vụ- Cơ hội phát triển và thăng tiến rõ ràng | Yêu cầu: Tốt nghi",tu_van,TimViec365,https://timviec365.vn/chuyen-vien-kinh-doanh-p2066894.html,2026-04-15T08:22:56.587337,easy,0.8,trung_binh,False,True,working,OK (200)
labor_timviec365_2066799,Nhân Viên Kinh Doanh Phát Triển Thị Trường Ngành Thực Phẩm Đông Lạnh - Giờ Giấc Linh Hoạt (Nhận Việc Ngay),Công ty TNHH Dream Talent,Giao Tiếp,Hồ Chí Minh,0,0,full-time,any,2,,"Thỏa thuận | 03/05/2026 | Hồ Chí Minh, Tây Ninh | Nhân viên kinh doanh, Tư vấn, Việc làm bán hàng | Quyền lợi: ● Lương: Thỏa thuận theo năng lực và kinh nghiệm ● Chế độ đãi ngộ hấp dẫn, trao đổi cụ thể khi phỏng vấn ● Cơ hội mở rộng thu nhập và thăng tiến trong lĩnh vực kinh doanh thực phẩm đông lạnh● Lương: Thỏa thuận theo năng lực và kinh nghiệm● Chế độ đãi ngộ hấp dẫn, trao đổi cụ thể khi phỏng vấn● Cơ hội mở rộng thu nhập và thăng tiến trong lĩnh vực kinh doanh thực phẩm đông lạnh | Yêu cầu:",tu_van,TimViec365,https://timviec365.vn/nhan-vien-ban-hang-kho-thuc-pham-p2066799.html,2026-04-15T08:22:56.592739,medium,0.8,trung_binh,False,True,working,OK (200)
labor_timviec365_2066791,Nhân Viên Tư Vấn (Theo Giờ Mỹ) Tại Cần Thơ,Công ty TNHH Dream Talent,Giao Tiếp|Chăm Sóc,Cần Thơ,8800000,8800000,full-time,any,1,,"Từ 8.800.000 VNĐ | 03/05/2026 | Cần Thơ | Chăm sóc khách hàng, Telesales, Tư vấn | Quyền lợi: - Chi nhánh Cần Thơ: Lương CB: 8.800.000 VNĐ (chưa tính hoa hồng + chính sách thưởng nóng....) - Không giới hạn thu nhập theo năng lực, có thể lên đến 60 +++ triệu VND - Được hỗ trợ 100% Data KH - Chế độ phúc lợi vượt trội hơn Luật lao động… - Được nghỉ 14 ngày phép năm, nghỉ lễ, tết (Việt - Mỹ) theo quy định - 100% Thưởng lương T13, T14 & T15 khi công ty đạt doanh số - Du lịch 5 sao 1-2 lần/năm trong n",tu_van,TimViec365,https://timviec365.vn/nhan-vien-tu-van-theo-gio-my-tai-can-tho-p2066791.html,2026-04-15T08:22:56.596840,easy,0.8,trung_binh,False,True,working,OK (200)
labor_timviec365_2066643,CHUYÊN VIÊN TƯ VẤN TUYỂN SINH,TRUNG TÂM TIẾNG TRUNG ONMAP CƠ SỞ VĂN PHÚ,Word|Giao Tiếp|Word|Chăm Sóc|Phục Vụ,Hà Nội,7000000,25000000,full-time,any,0,,"Từ 7.000.000 VNĐ Đến 25.000.000 VNĐ | 01/05/2026 | Hà Nội | Giáo dục - Đào tạo, Tư vấn | Quyền lợi: - Thu nhập cạnh tranh, bao gồm: lương cơ bản + phụ cấp + thưởng KPI + thưởng doanh số + thưởng theo chiến dịch. - Được đào tạo bài bản về sản phẩm, quy trình tuyển sinh, kỹ năng tư vấn và chăm sóc khách hàng trong lĩnh vực giáo dục. - Làm việc trong môi trường chuyên nghiệp, nhân văn, có hệ thống vận hành rõ ràng và cơ hội phát triển năng lực thực sự. - Có lộ trình thăng tiến theo năng lực lên các",tu_van,TimViec365,https://timviec365.vn/chuyen-vien-tu-van-tuyen-sinh-p2066643.html,2026-04-15T08:22:56.601618,medium,0.8,trung_binh,False,True,working,OK (200)
labor_timviec365_2066630,NHÂN VIÊN TƯ VẤN CHỐT ĐƠN SỈ THỜI TRANG,TỔNG KHO ĐỒ LÓT MIỀN BẮC,,Hà Nội,8000000,8000000,full-time,any,0,,"Từ 8.000.000 VNĐ | 01/05/2026 | Hà Nội, Phú Thọ | Nhân viên kinh doanh, Tư vấn, Việc làm bán hàng | Quyền lợi: - Lương cứng 6,5 triệu + % Hoa hồng + Thưởng KPI tuần/tháng - Thu nhập từ 7,5 - 15 triệu++ (Không giới hạn) - Tham gia BHXH - Phụ cấp ăn trưa - Thời gian làm việc 7 tiếng/ngày: Từ thứ 2 - Thứ 7- Lương cứng 6,5 triệu + % Hoa hồng + Thưởng KPI tuần/tháng- Thu nhập từ 7,5 - 15 triệu++ (Không giới hạn)- Tham gia BHXH- Phụ cấp ăn trưa- Thời gian làm việc 7 tiếng/ngày: Từ thứ 2 - Thứ 7 | Yêu ",tu_van,TimViec365,https://timviec365.vn/nhan-vien-tu-van-chot-djon-si-thoi-trang-p2066630.html,2026-04-15T08:22:56.605183,easy,0.8,trung_binh,False,True,working,OK (200)
labor_timviec365_2066612,Nhân viên SALE AI Mảng Chatbot bán hàng,CÔNG TY CỔ PHẦN CÔNG NGHỆ AIBUS,Giao Tiếp,Hà Nội,10000000,15000000,full-time,any,0,,"Từ 10.000.000 VNĐ Đến 15.000.000 VNĐ | 30/04/2026 | Hà Nội | Nhân viên kinh doanh, Tư vấn, Việc làm bán hàng | Quyền lợi: Tổng thu nhập: 10.000.000 – 15.000.000 VNĐ/tháng (Và không giới hạn theo năng lực). Lương cứng: 6.000.000 – 8.000.000 VNĐ. Thử việc full 100% lương Thưởng nóng: KPI + % Hoa hồng doanh số (Áp dụng cho cả khách ký mới và khách gia hạn). Nguồn lực hỗ trợ: Công ty cấp nguồn Lead, AE chỉ tập trung vào việc tư vấn và chốt đơn. Tệp khách hàng chất: Làm việc trực tiếp với các chủ doa",tu_van,TimViec365,https://timviec365.vn/nhan-vien-sale-ai-mang-chatbot-ban-hang-p2066612.html,2026-04-15T08:22:56.612304,medium,0.8,trung_binh,False,True,working,OK (200)
labor_timviec365_2066554,Nhân viên kinh doanh thực phẩm đông lạnh,Công ty TNHH SX và DV Thực phẩm Merci Việt Nam,Giao Tiếp|Internet,Hà Nội,10000000,30000000,full-time,any,1,,"Từ 10.000.000 VNĐ Đến 30.000.000 VNĐ | 27/04/2026 | Hà Nội | Nhân viên kinh doanh, Tư vấn, Việc làm bán hàng | Quyền lợi: • Thu nhập: 10,000,000đ – 30,000,000đ/tháng tùy theo năng lực và kinh nghiệm (Bao gồm lương cơ bản + các khoản phụ cấp + thưởng) • Hoa hồng kinh doanh: Hàng tháng • Thưởng theo quý, tháng 13, các kỳ nghỉ lễ/tết trong năm • Được đóng BHXH, BHYT, BHTN ngay sau 01 tháng thử việc • Được hưởng các chính sách phúc lợi của công ty theo quy định (Teambuilding, du lịch, teabreak) • Đư",tu_van,TimViec365,https://timviec365.vn/nhan-vien-kinh-doanh-thuc-pham-djong-lanh-p2066554.html,2026-04-15T08:22:56.618288,hard,0.8,trung_binh,False,True,working,OK (200)
labor_timviec365_2066516,NHÂN VIÊN KINH DOANH,CÔNG TY TNHH DƯỢC PHẨM - MỸ PHẨM & TRANG THIẾT BỊ Y TẾ AN PHÁT,Giao Tiếp,Hồ Chí Minh,8000000,8000000,full-time,any,0,,"Từ 8.000.000 VNĐ | 26/04/2026 | Hồ Chí Minh | Nhân viên kinh doanh, Tư vấn, Việc làm bán hàng | Quyền lợi: Lương từ 8tr trở lên - Hưởng các chế độ theo quy định công ty và nhà nướcLương từ 8tr trở lên- Hưởng các chế độ theo quy định công ty và nhà nước | Yêu cầu: Tốt nghiệp trung cấp dược trở lên - Giao tiếp tốt, có kinh nghiệm telesale là lợi thế - Nhanh nhẹn linh hoạt trong công việc, nắm bắt sản phẩm tốtTốt nghiệp trung cấp dược trở lên- Giao tiếp tốt, có kinh nghiệm telesale là lợi thế- Nhan",tu_van,TimViec365,https://timviec365.vn/nhan-vien-kinh-doanh-p2066516.html,2026-04-15T08:22:56.622897,easy,0.8,trung_binh,False,True,working,OK (200)
labor_timviec365_2066504,Nhân viên tư vấn tuyển sinh,Công ty TNHH Tư Vấn Ưu Việt,,Hà Nội,8000000,20000000,full-time,any,1,,"Từ 8 VNĐ Đến 20 VNĐ | 26/04/2026 | Hà Nội | Tư vấn | Quyền lợi: •	Xét tăng lương định kỳ 6 tháng - 1 năm / 1 lần dựa trên đánh giá thành tích trong công việc•	Môi trường làm việc trẻ trung, năng động, thân thiện, có nhiều cơ hội thăng tiến•	Được đào tạo các kỹ năng cần thiết cho công việc•	Đóng BHXH, BHYT, nghỉ phép năm, lương tháng thứ 13 đầy đủ •	Lộ trình nâng bậc, tăng lương rõ ràng •	Đúng mùng 5 là tài khoản ting ting chưa cần giục•	Môi trường trẻ trung, đều là gen Z•	Happy time hàng ngày; t",tu_van,TimViec365,https://timviec365.vn/nhan-vien-tu-van-tuyen-sinh-p2066504.html,2026-04-15T08:22:56.628996,medium,0.8,trung_binh,False,True,working,OK (200)
labor_timviec365_2066265,NHÂN VIÊN KINH DOANH,CÔNG TY TNHH MÁY VĂN PHÒNG MINH THƯ,Giao Tiếp,Hà Nội,15000000,17000000,full-time,any,0,,"Từ 15.000.000 VNĐ Đến 17.000.000 VNĐ | 19/04/2026 | Hà Nội | Nhân viên kinh doanh, Tư vấn, Việc làm bán hàng | Quyền lợi: - Thu nhập hấp dẫn tối thiểu từ 15-17 triệu trở lên. (chi tiết cụ thể trao đổi khi phỏng vấn).  - Tham gia đầy đủ bhxh – bhyt – bhtn theo quy định.  - Nghỉ phép, nghỉ lễ theo luật lao động.  - Hoa hồng rõ ràng, chi trả đúng hạn -môi trường làm việc chuyên nghiệp, ổn định  - Lộ trình thăng tiến rõ ràng lên trưởng nhóm/trưởng phòng  - Thưởng lễ, tết, du lịch, team building hằng",tu_van,TimViec365,https://timviec365.vn/nhan-vien-kinh-doanh-p2066265.html,2026-04-15T08:22:56.633446,medium,0.8,trung_binh,False,True,working,OK (200)
labor_timviec365_2066161,TUYỂN DỤNG NHÂN VIÊN TƯ VẤN TUYỂN SINH,Công ty cổ phần đầu tư xây dựng phát triển nhà Vạn Xuân - Trung tâm anh ngữ Eplay English,Giao Tiếp|Chăm Sóc,Hà Nội,9000000,15000000,full-time,any,0,,Từ 9.000.000 VNĐ Đến 15.000.000 VNĐ | 16/04/2026 | Hà Nội | Tư vấn | Quyền lợi: 💰 & THU NHẬP 💵 Thu nhập lên tới 25 – 30 triệu/tháng Bao gồm: Lương cứng: 9.000.000 – 15.000.000 VNĐ/tháng Hoa hồng theo KPI hấp dẫn Phụ cấp ăn trưa: 600.000 VNĐ/tháng ⏰ Thời gian làm việc linh hoạt: Ca hành chính: 8h30 – 17h30 Ca tối: 13h30 – 21h30💰 & THU NHẬP💵 Thu nhập lên tới 25 – 30 triệu/thángBao gồm:Lương cứng: 9.000.000 – 15.000.000 VNĐ/thángHoa hồng theo KPI hấp dẫnPhụ cấp ăn trưa: 600.000 VNĐ/tháng⏰ Thời gian,tu_van,TimViec365,https://timviec365.vn/tuyen-dung-nhan-vien-tu-van-tuyen-sinh-p2066161.html,2026-04-15T08:22:56.638698,medium,0.8,trung_binh,False,True,working,OK (200)
labor_timviec365_2066051,Kỹ Sư Tư vấn giám sát,CÔNG TY TNHH TƯ VẤN XÂY DỰNG VNT VIỆT NAM,,Đồng Nai,0,0,full-time,any,0,,"Thỏa thuận | 13/05/2026 | Đồng Nai | Tư vấn | Quyền lợi: - Được thưởng lương tháng 13, lễ, tết theo quy định, chốt lương ngày 3 hàng tháng, thanh toán lương ngày 15-20 hàng tháng- Được đóng các loại bảo hiểm y tế, bảo hiểm xã hội, bảo hiểm thất nghiệp,... theo quy định của Bộ luật lao động (Sau 2 tháng thử việc)- Được trang bị bảo hộ lao động- Môi trường làm việc chuyên nghiệp, đồng nghiệp vui tính - trẻ trung - hòa đồng- Được thưởng lương tháng 13, lễ, tết theo quy định, chốt lương ngày 3 hàng ",tu_van,TimViec365,https://timviec365.vn/ky-su-tu-van-giam-sat-p2066051.html,2026-04-15T08:22:56.644903,easy,0.8,trung_binh,False,True,working,OK (200)
labor_timviec365_2066456,Tuyển Nhân viên bán hàng,HỘ KINH DOANH PHÚC HẬU 1,,Hà Nội,7000000,7000000,full-time,any,0,,"7.000.000 VNĐ | 10/05/2026 | Hà Nội | Nhân viên kinh doanh, Tư vấn, Việc làm bán hàng | Quyền lợi: - 25.000đ/giờ trong tháng đầu thử việc - Sau thử việc: 28.000đ/giờ (áp dụng với sinh viên) - Làm đủ 8 tiếng/ngày: • Thử việc: 6.500.000đ/tháng • Chính thức: 7.000.000đ/tháng - Hỗ trợ ăn trưa - Sau 3–6 tháng xem xét đóng BHXH - Môi trường làm việc thân thiện, lâu dài, ổn định- 25.000đ/giờ trong tháng đầu thử việc- Sau thử việc: 28.000đ/giờ (áp dụng với sinh viên)- Làm đủ 8 tiếng/ngày:• Thử việc: 6.5",tu_van,TimViec365,https://timviec365.vn/tuyen-nhan-vien-ban-hang-p2066456.html,2026-04-15T08:23:03.996109,easy,0.8,trung_binh,False,True,working,OK (200)
labor_timviec365_2065757,NHÂN VIÊN TƯ VẤN TUYỂN SINH,HIPPO LANGUAGE,Tiếng Anh|Giao Tiếp,Hà Nội,10000000,10000000,full-time,any,0,,"10.000.000 VNĐ | 07/05/2026 | Hà Nội | Tư vấn | Quyền lợi: - Lương cứng từ 7-10 triệu + Thưởng doanh số. - Tham gia đầy đủ BHXH, BHYT, BHTN, sinh hoạt công đoàn theo quy định. - Nghỉ phép 12 ngày/năm, nghỉ Lễ Tết theo quy định của nhà nước. - Tham gia teambuilding hằng năm và nhiều hoạt động nội bộ khác theo quy chế công ty. - Làm việc trong môi trường chuyên nghiệp, năng động, định hướng phát triển lâu dài. - Tham gia các khóa đào tạo nội bộ, phát triển chuyên môn và kỹ năng. - Hưởng các ",tu_van,TimViec365,https://timviec365.vn/nhan-vien-tu-van-tuyen-sinh-p2065757.html,2026-04-15T08:23:04.001086,easy,0.8,trung_binh,False,True,working,OK (200)
labor_timviec365_2065700,Nhân viên Tư vấn nội thất (10-50tr),CÔNG TY NỘI THẤT ZITO,Giao Tiếp,Hà Nội,50000000,50000000,full-time,any,0,,"50.000.000 VNĐ | 06/05/2026 | Hà Nội | Nhân viên kinh doanh, Tư vấn, Việc làm bán hàng | Quyền lợi: Thu nhập từ 10-50tr/tháng (lương cứng 6,5-15tr + hoa hồng), năng lực càng tốt lương càng cao Môi trường chuyên nghiệp – trẻ trung – năng động, cơ hội học hỏi và phát triển sự nghiệp bền vững. Chính sách phúc lợi đầy đủ: BHXH, thưởng lễ Tết, du lịch, team building hàng năm. Cơ hội thăng tiến rõ ràng, làm việc trực tiếp với khách hàng cao cấp, nâng cao kỹ năng giao tiếp và tư duy dịch vụ. Nên bạn có",tu_van,TimViec365,https://timviec365.vn/nhan-vien-tu-van-noi-that-1015tr-thang-p2065700.html,2026-04-15T08:23:04.012435,hard,0.8,trung_binh,False,True,working,OK (200)
labor_timviec365_2065688,Nhân viên tuyển sinh,Công ty cổ phần trung tâm hướng nghiệp dạy nghề Thanh Xuân,Giao Tiếp|Phục Vụ,Hà Nội,15000000,15000000,temporary,any,0,,"15.000.000 VNĐ | 05/05/2026 | Hà Nội | Nhân viên kinh doanh, Tư vấn | Quyền lợi: - Mức lương thử việc: 8.000.000 đồng/tháng + 500.000/tháng ăn trưa - Thời gian thử việc: 02 tháng - Mức lương chính thức từ : 9.000.0*******.000/tháng - Cơ hội thăng tiến tốt - Được đào tạo hỗ trợ nghiệp vụ chuyên sâu - Được cung cấp trang thiết bị đầy đủ để phục vụ công việc - Tham gia BHXH, BHYT, BHTN khi ký HĐLĐ sau thời gian thử việc - Môi trường làm việc có tính chuyên nghiệp, năng động, thân thiện và cởi mở - ",tu_van,TimViec365,https://timviec365.vn/nhan-vien-tuyen-sinh-p2065688.html,2026-04-15T08:23:04.018707,medium,0.3,trung_binh,False,True,working,OK (200)
labor_timviec365_2065666,CHUYÊN VIÊN TƯ VẤN,CÔNG TY TNHH Y HỌC TRƯỜNG THỌ,Chăm Sóc,Hà Nội,10000000,10000000,full-time,any,0,,"10.000.000 VNĐ | 05/05/2026 | Hà Nội | Chăm sóc khách hàng, Nhân viên kinh doanh, Tư vấn | Quyền lợi: - Lương: từ 8.000.000 vnd – 10.000.000 vnđ/tháng + thưởng doanh thu (thử việc hưởng 85% lương) - Có nhiều cơ hội thăng tiến trong công việc - Được đi du lịch hàng năm trong nước và ngoài nước. ( Nhật Bản, Singapore, Malaysia...) - Môi trường làm việc chuyên nghiệp, đội ngũ nhân viên đồng nghiệp tận tâm - Được hưởng đầy đủ chế độ đãi ngộ lịch đỏ, lễ tết… theo quy định của Công ty cũng như theo qu",tu_van,TimViec365,https://timviec365.vn/chuyen-vien-tu-van-p2065666.html,2026-04-15T08:23:04.024029,easy,0.8,trung_binh,False,True,working,OK (200)
labor_timviec365_2065538,TRỢ LÝ KINH DOANH BIẾT TIẾNG TRUNG,CÔNG TY TNHH QUỐC TẾ KIM ĐIỀN,Excel|Word|Word,Hồ Chí Minh,10000000,10000000,full-time,any,0,,"10.000.000 VNĐ | 03/05/2026 | Hồ Chí Minh | Nhân viên kinh doanh, Tư vấn | Quyền lợi: - Mức lương 10.000.000 tới 15.000.000 工作內容與待遇(會計員) : 10.000.000 至15.000.000 - Hưởng các chế độ theo quy định công ty và nhà nước. - Có lương tháng 13, lương thưởng theo doanh thu. - Tất niên cuối năm, du lịch hàng năm, thưởng sinh nhật ,.....- Mức lương 10.000.000 tới 15.000.000 工作內容與待遇(會計員) : 10.000.000 至15.000.000- Hưởng các chế độ theo quy định công ty và nhà nước.- Có lương tháng 13, lương thưởng th",tu_van,TimViec365,https://timviec365.vn/tro-ly-kinh-doanh-biet-tieng-trung-p2065538.html,2026-04-15T08:23:04.030935,easy,0.8,trung_binh,False,True,working,OK (200)
labor_timviec365_2065569,Tuyển Nhân viên Tư vấn khóa học Tiếng Anh,CÔNG TY TNHH THƯƠNG MẠI GENESIS PRIME,Tiếng Anh,Hải Phòng,20000000,20000000,full-time,any,0,,"20.000.000 VNĐ | 31/05/2026 | Hải Phòng | Tư vấn | Quyền lợi: Mức thu nhập hấp dẫn: Lương cơ bản cộng với hoa hồng theo năng lực (tổng thu nhập từ 10 đến 20 triệu).- Thưởng vào các dịp sinh nhật, lễ, Tết và thưởng KPI.- Cơ hội tham gia du lịch công ty tại các địa điểm hấp dẫn như Hạ Long, Tà Xùa, Đà Nẵng,….- Các chính sách đãi ngộ tốt, linh hoạt và được đóng BHXH đầy đủ.- Được đào tạo bài bản về sản phẩm và có sự hỗ trợ nhiệt tình từ đồng nghiệp.Mức thu nhập hấp dẫn: Lương cơ bản cộng với hoa hồ",tu_van,TimViec365,https://timviec365.vn/tuyen-nhan-vien-tu-van-khoa-hoc-tieng-anh-p2065569.html,2026-04-15T08:23:04.035612,medium,0.8,trung_binh,False,True,working,OK (200)
labor_timviec365_2065400,Tư vấn tuyển sinh,Công ty cổ phần giáo dục IXL,Tiếng Anh|Giao Tiếp|Chăm Sóc|Internet,Hà Nội,12000000,12000000,full-time,any,0,,"12.000.000 VNĐ | 27/05/2026 | Hà Nội | Tư vấn | Quyền lợi: -	Được đào tạo về nội dung chương trình đào tạo và các kỹ năng tư vấn, chốt sales, kỹ năng làm việc.-	Được làm việc trong môi trường năng động, trẻ trung, có nhiều cơ hội thăng tiến.-	Đóng bảo hiểm và các chế độ theo luật lao động khi trở thành nhân viên chính thức.-	Các chính sách phụ cấp khác, thưởng doanh số theo quy định công ty-	Được đào tạo về nội dung chương trình đào tạo và các kỹ năng tư vấn, chốt sales, kỹ năng làm việc.-	Được ",tu_van,TimViec365,https://timviec365.vn/tu-van-tuyen-sinh-p2065400.html,2026-04-15T08:23:04.041165,easy,0.8,trung_binh,False,True,working,OK (200)
labor_timviec365_2065188,Chuyên Viên Tín Dụng,NGÂN HÀNG QUỐC TẾ - VIB,Giao Tiếp|Chăm Sóc,Hồ Chí Minh,20000000,20000000,full-time,any,0,,"20 triệu | 24/05/2026 | Hồ Chí Minh | Ngân hàng - Chứng khoán - Đầu tư, Nhân viên kinh doanh, Tư vấn | Quyền lợi: Lương cơ bản + Hoa hồng hấp dẫn + Thưởng tháng/quý/năm.  Thu nhập không giới hạn theo năng lực.  Được đào tạo bài bản về nghiệp vụ và kỹ năng bán hàng.  Môi trường làm việc chuyên nghiệp, cơ hội thăng tiến rõ ràng.  Hưởng đầy đủ chế độ BHXH, BHYT theo quy định.Lương cơ bản + Hoa hồng hấp dẫn + Thưởng tháng/quý/năm.Thu nhập không giới hạn theo năng lực.Được đào tạo bài bản về nghiệp v",tu_van,TimViec365,https://timviec365.vn/chuyen-vien-tin-dung-p2065188.html,2026-04-15T08:23:04.047648,medium,0.8,trung_binh,False,True,working,OK (200)
labor_timviec365_2057877,NHÂN VIÊN/ TRƯỞNG PHÒNG KINH DOANH (Đi là ngay),CÔNG TY BẢO HIỂM BƯU ĐIỆN THỐNG NHẤT,Giao Tiếp|Phục Vụ,Hồ Chí Minh,40000000,40000000,full-time,any,2,,"40.000.000 VNĐ | 24/05/2026 | Hồ Chí Minh | Bảo hiểm, Nhân viên kinh doanh, Tư vấn | Quyền lợi: - Lương cứng theo level 1 là 6tr, level 2 là 8tr, level 3 là 10tr + Hoa hồng 10tr - 30tr - Được xem xét và đánh giá điều chỉnh thu nhập theo kỳ 3 tháng/lần) - Cơ chế kinh doanh mức cao nhất - Thưởng thành tích kinh doanh. Thu nhập trung bình từ trên 10 – 40 triệu/tháng và không giới hạn thu nhập. - Được thưởng hàng Quý, Năm theo kết quả, năng suất làm việc. - Môi trường làm việc, tổ chức học tập và vă",tu_van,TimViec365,https://timviec365.vn/nhan-vien-kinh-doanh-p2057877.html,2026-04-15T08:23:04.054659,hard,0.8,trung_binh,False,True,working,OK (200)
labor_timviec365_2065780,Nhân viên tư vấn khóa học,CÔNG TY CỔ PHẦN GIÁO DỤC VIỆT ROBOT,Tiếng Anh|Giao Tiếp|Chăm Sóc,Hồ Chí Minh,0,0,full-time,any,0,,"Thỏa thuận | 21/05/2026 | Hồ Chí Minh | Tư vấn | Quyền lợi: - Quyền lợi hấp dẫn: Lương cứng cạnh tranh kèm hoa hồng hấp dẫn theo doanh số.- Phúc lợi đầy đủ: Bao gồm BHXH, BHYT, BHTN; chế độ du lịch, teambuilding và thưởng lễ/Tết định kỳ.- Cơ hội phát triển: Được đào tạo chuyên sâu về kỹ năng Sales, Chăm sóc Khách hàng, và kiến thức STEM Robotics hiện đại.- Môi trường làm việc: Tham gia vào hệ sinh thái giáo dục năng động và sáng tạo.- Quyền lợi hấp dẫn: Lương cứng cạnh tranh kèm hoa hồng hấp dẫn",tu_van,TimViec365,https://timviec365.vn/nhan-vien-cham-soc-khach-hang-p2065780.html,2026-04-15T08:23:04.061603,easy,0.8,trung_binh,False,True,working,OK (200)
labor_timviec365_2065532,Nhân viên Tư vấn,CÔNG TY ĐẦU TƯ BĐS BHOMES VIỆT NAM,Giao Tiếp,Hà Nội,15000000,15000000,full-time,any,0,,"15 VNĐ | 15/05/2026 | Hà Nội | Tư vấn | Quyền lợi: - LC 10.000.0*******.000 + %HH + Thưởng nóng (Thu nhập 20 – 30 triệu/tháng) - Môi trường làm việc chuyên nghiệp, năng động - BHXH, lương tháng 13, thưởng Lễ/Tết - Du lịch 2 lần/năm (trong nước/nước ngoài) - Lộ trình thăng tiến rõ ràng - Đào tạo từ cơ bản đến chuyên sâu- LC 10.000.0*******.000 + %HH + Thưởng nóng (Thu nhập 20 – 30 triệu/tháng)- Môi trường làm việc chuyên nghiệp, năng động- BHXH, lương tháng 13, thưởng Lễ/Tết- Du lịch 2 lần/năm (t",tu_van,TimViec365,https://timviec365.vn/nhan-vien-tu-van-p2065532.html,2026-04-15T08:23:04.068634,medium,0.8,trung_binh,False,True,working,OK (200)
labor_timviec365_2065201,TUYỂN DỤNG LỄ TÂN / TƯ VẤN /CHĂM SÓC KHÁCH HÀNG (05 NHÂN SỰ),CÔNG TY TNHH TƯ VẤN VÀ ĐÀO TẠO SPA TINH HOA VIỆT,Tiếng Anh|Giao Tiếp|Chăm Sóc,Hà Nội,20000000,20000000,full-time,any,0,,"20.000.000 VNĐ | 04/05/2026 | Hà Nội | Chăm sóc khách hàng, Lễ tân - PG - PB, Tư vấn | Quyền lợi: - Chế độ đãi ngộ: • Lương thử việc: 10.000.000 VNĐ/tháng • Thu nhập: 15 – 20 triệu/tháng (theo năng lực) • Hỗ trợ ăn ca + tiền thuê nhà • Tham gia BHXH đầy đủ  🌟 Môi trường làm việc năng động, cơ hội tăng thu nhập rõ ràng.- Chế độ đãi ngộ:• Lương thử việc: 10.000.000 VNĐ/tháng• Thu nhập: 15 – 20 triệu/tháng (theo năng lực)• Hỗ trợ ăn ca + tiền thuê nhà• Tham gia BHXH đầy đủ🌟 Môi trường làm việc năng",tu_van,TimViec365,https://timviec365.vn/le-tan-tu-van-cham-soc-khach-hang-05-nhan-su-p2065201.html,2026-04-15T08:23:04.076316,medium,0.8,trung_binh,False,True,working,OK (200)
labor_timviec365_2064824,Tư vấn tuyển sinh,Scientia education,Tiếng Anh|Giao Tiếp|Chăm Sóc,Hà Nội,25000000,25000000,full-time,any,0,,"25.000.000 VNĐ | 19/05/2026 | Hà Nội | Chăm sóc khách hàng, Giáo dục - Đào tạo, Tư vấn | Quyền lợi: Lương cứng + % hoa hồng + thưởng nóng theo hiệu suất &rarr; thu nhập cạnh tranh (8&ndash;25 triệu tùy năng lực).Được đào tạo kỹ năng tư vấn, kỹ năng sản phẩm & thông tin du học định kỳ.Tham gia hội thảo quốc tế, sự kiện kết nối với các trường nước ngoài.Làm việc trong môi trường giáo dục trẻ trung, năng động và có định hướng phát triển lâu dài.Các chế độ chung của công ty: Bảo hiểm XH, du lịch...L",tu_van,TimViec365,https://timviec365.vn/tu-van-tuyen-sinh-p2064824.html,2026-04-15T08:23:04.085310,medium,0.8,trung_binh,False,True,working,OK (200)
labor_timviec365_2064691,Tuyển Nhân Viên Tư Vấn Phần Mềm,Công ty TNHH công nghệ phần mềm NASANI Việt Nam,Giao Tiếp|Chăm Sóc,Cần Thơ,6000000,6000000,full-time,any,0,,"6.000.000 VNĐ | 12/05/2026 | Cần Thơ | Tư vấn | Quyền lợi: - Cơ hội tăng lương thường xuyên.- Thu nhập từ 6-10 triệu đồng + hoa hồng dự án, tổng thu nhập có thể lên tới 30 triệu đồng.- Chế độ thưởng hấp dẫn dựa trên hiệu quả công việc.- Được hưởng chế độ bảo hiểm đầy đủ theo quy định.- Nghỉ phép năm theo quy định.- Được đào tạo chuyên sâu để phát triển nghề nghiệp.- Làm việc trong môi trường ổn định, hỗ trợ và ít áp lực.- Cơ hội tăng lương thường xuyên.- Thu nhập từ 6-10 triệu đồng + hoa hồng dự",tu_van,TimViec365,https://timviec365.vn/tuyen-nhan-vien-tu-van-phan-mem-p2064691.html,2026-04-15T08:23:04.093351,easy,0.8,trung_binh,False,True,working,OK (200)
labor_timviec365_2064556,Tuyển Chuyên Viên Tư Vấn Đào Tạo Doanh Nghiệp,Công ty TNHH Trailix Việt Nam,Tiếng Anh|Giao Tiếp,Hồ Chí Minh,6000000,6000000,full-time,any,3,,"6.000.000 VNĐ | 06/05/2026 | Hồ Chí Minh | Tư vấn | Quyền lợi: - Thu nhập không giới hạn: Lương cứng 6 triệu + Thưởng doanh số (Commission) thuộc top đầu thị trường + Thưởng nóng (Bonus).- 🎁 Quyền Lợi Phúc Lợi:.- Đào tạo chuyên sâu: Được training bài bản về mô hình B2B Sales, kiến thức về AI và LD từ các chuyên gia trong ngành.- Cơ hội thăng tiến: Lộ trình phát triển rõ ràng lên Sales Team Leader / Sales Manager khi công ty mở rộng quy mô.- Môi trường Startup năng động: Văn hóa cởi mở, tôn trọng",tu_van,TimViec365,https://timviec365.vn/tuyen-chuyen-vien-tu-van-djao-tao-doanh-nghiep-p2064556.html,2026-04-15T08:23:04.098550,medium,0.8,trung_binh,False,True,working,OK (200)
labor_timviec365_2064238,Nhân viên Bán hàng Trực tuyến Biết Tiếng Anh,Công ty TNHH Thương mại điện tử Dân Tín,Tiếng Anh|Giao Tiếp,Bình Dương,30000000,30000000,temporary,any,0,,"30.000.000 VNĐ | 23/05/2026 | Bình Dương | Biên - Phiên dịch, Tư vấn, Việc làm bán hàng | Quyền lợi: Thu nhập : 15 &ndash; 30 triệu VNĐ/tháng (lương cứng: 10 - 12 triệu) + % hoa hồng)K&yacute; hợp đồng lao động theo quy định của pháp luật.Tham gia đầy đủ BHXH, BHYT, BHTN theo luật Nhà nước.Hưởng nghỉ lễ, Tết, phép năm theo quy định.Môi trường làm việc ổn định, chuyên nghiệp.Được đào tạo và hỗ trợ trong quá trình làm việc.Cơ hội gắn bó lâu dài và phát triển cùng công ty.Thu nhập : 15 – 30 triệu V",tu_van,TimViec365,https://timviec365.vn/nhan-vien-ban-hang-truc-tuyen-p2064238.html,2026-04-15T08:23:04.102515,hard,0.3,trung_binh,False,True,working,OK (200)
labor_timviec365_2064854,TUYỂN NHÂN VIÊN VẬN ĐƠN – THEO DÕI ĐƠN HÀNG,CÔNG TY TNHH PHÁT TRIỂN THƯƠNG MẠI VÀ DỊCH VỤ AV VIỆT NAM,Giao Tiếp|Chăm Sóc,Hà Nội,10000000,10000000,full-time,any,0,,"10.000.000 VNĐ | 20/05/2026 | Hà Nội | Chăm sóc khách hàng, Nhân viên kinh doanh, Tư vấn | Quyền lợi: Được đào tạo trong quá trình học việc.Môi trường làm việc ổn định, cơ hội gắn bó lâu dài.Được đào tạo trong quá trình học việc.Môi trường làm việc ổn định, cơ hội gắn bó lâu dài. | Yêu cầu: Có laptop cá nhân để làm việcKỹ năng giao tiếp tốt, giọng nói r&otilde; ràng, dễ ngheChăm chỉ, có trách nhiệm, chịu được áp lực công việc và KPIƯu tiên ứng viên có kinh nghiệm chăm sóc khách hàng hoặc theo d&",tu_van,TimViec365,https://timviec365.vn/nhan-vien-van-djon-luong-8-13-trieu-thuong-p2064854.html,2026-04-15T08:23:04.108996,easy,0.8,trung_binh,False,True,working,OK (200)
labor_timviec365_2064288,Tư vấn viên - Bàu Bàng,Công Ty Cổ Phần Vàng Bạc Đá Quý Phú Nhuận - Chi Nhánh PNJ Đồng Nai,Giao Tiếp,Bình Dương,8000000,8000000,full-time,any,0,,8.000.000 VNĐ | 18/05/2026 | Bình Dương | Tư vấn | Quyền lợi: - Thu nhập hấp dẫn- Làm việc tại TOP 100 doanh nghiệp có môi trường làm việc tốt nhất Việt Nam năm 2024- Được tham gia các khóa đào tạo nâng cao kỹ năng và phát triển nghề nghiệp- Được hưởng đầy đủ các chế độ BHXH và phúc lợi theo quy định của Pháp luật- 2 bảo hiểm: BHXH và Bảo hiểm sức khỏe 24/7 Bảo Minh- Khám sức khỏe định kỳ hàng năm- Review tăng lương hàng năm- Thu nhập hấp dẫn- Làm việc tại TOP 100 doanh nghiệp có môi trường làm ,tu_van,TimViec365,https://timviec365.vn/tu-van-vien-bau-bang-p2064288.html,2026-04-15T08:23:04.113305,easy,0.8,trung_binh,False,True,working,OK (200)
labor_timviec365_2063896,Tư vấn tuyển sinh,Công ty Cổ phần Giáo dục HSA,Giao Tiếp|Chăm Sóc|Lái Xe|Bằng Lái,Hà Nội,8000000,8000000,full-time,any,0,,"8.000.000 VNĐ | 02/05/2026 | Hà Nội | Tư vấn | Quyền lợi: Quyền lợi • Lương cứng: Lương cứng + Hoa hồng • Phụ cấp ăn trưa + Gửi xe + Coi thi (nếu có thi),.... • Được đào tạo: Kiến thức về kỳ thi ĐGNL, kỹ năng tư vấn tuyển sinh, kịch bản telesale, quy trình chăm sóc học sinh. • Môi trường trẻ, năng động, có cơ hội phát triển. • Tham gia miễn phí các lớp học thử, hội thảo chuyên đề để nâng cao hiểu biết về kỳ thi và sản phẩm giáo dục.Quyền lợi• Lương cứng: Lương cứng + Hoa hồng• Phụ cấp ăn trưa + ",tu_van,TimViec365,https://timviec365.vn/tu-van-tuyen-sinh-p2063896.html,2026-04-15T08:23:04.117391,easy,0.8,trung_binh,False,True,working,OK (200)
labor_timviec365_2063746,Chuyên Viên Tư Vấn Khách Hàng (F&B),CÔNG TY TNHH DOTEA,Giao Tiếp,Hồ Chí Minh,7000000,7000000,full-time,any,0,,"7.000.000 VNĐ | 27/05/2026 | Hồ Chí Minh | Tư vấn | Quyền lợi: - Chuyên cần : 300.000 vnd/Tháng- Sinh nhật : 300.000 vnd- Lễ, tết dương lịch: 3-500.000 vnd- Hiếu, hỉ : 1.000.000 vnd- Tết âm lịch : quà + lương tháng 13- Teambuilding hàng năm- Các chế độ khác theo nội quy Công ty và Bộ luật lao động 2019: phép năm, BHXH, BHYT, BHTN...- Chuyên cần : 300.000 vnd/Tháng- Sinh nhật : 300.000 vnd- Lễ, tết dương lịch: 3-500.000 vnd- Hiếu, hỉ : 1.000.000 vnd- Tết âm lịch : quà + lương tháng 13- Teambuildi",tu_van,TimViec365,https://timviec365.vn/chuyen-vien-tu-van-fandb-p2063746.html,2026-04-15T08:23:04.121638,easy,0.8,trung_binh,False,True,working,OK (200)
labor_timviec365_2062000,nhân viên kinh doanh,Công ty TNHH Thương mại dịch vụ và công nghệ OBD Việt Nam,Giao Tiếp,Hà Nội,15000000,15000000,full-time,any,0,,"15.000.000 VNĐ | 27/05/2026 | Hà Nội, Hồ Chí Minh | Nhân viên kinh doanh, Tư vấn | Quyền lợi: - được hướng dẫn, đào tạo chuyên môn, kỹ năng.- được hưởng lương theo vị trí + thưởng doanh số + hoa hồng theo sản phẩm- môi trường năng động, trẻ trung (gen y, gen z)- tham gia vào hệ sinh thái của vast group (lĩnh vực thương mại, đào tạo, truyền thông, r&d, tư vấn setup vận hành gara, &hellip;)- chế độ 12 phép/năm, nghỉ mát, teambuilding.- và nhiều phúc lợi khác theo quy định- được hướng dẫn, đào tạo ",tu_van,TimViec365,https://timviec365.vn/nhan-vien-kinh-doanh-p2062000.html,2026-04-15T08:23:04.129211,medium,0.8,trung_binh,False,True,working,OK (200)
labor_timviec365_2063695,Nhân viên tư vấn phần mềm,Công ty TNHH công nghệ phần mềm NASANI Việt Nam,Giao Tiếp,Cần Thơ,6000000,6000000,full-time,any,0,,"6.000.000 VNĐ | 25/05/2026 | Cần Thơ | Tư vấn | Quyền lợi: Thu nhập cạnh tranh (Lương cứng + thưởng dự án + phụ cấp). Được đào tạo chuyên sâu về sản phẩm, nghiệp vụ và kỹ năng tư vấn. Cơ hội làm việc trực tiếp với nhiều mô hình doanh nghiệp khác nhau. Môi trường trẻ trung, chuyên nghiệp, hỗ trợ tối đa. Lộ trình thăng tiến rõ ràng: Tư vấn viên → Chuyên gia tư vấn → Trưởng nhóm/Quản lý dự án.Được tiếp xúc với những giải pháp công nghệ hiện đại. Là người giúp doanh nghiệp vận hành hiệu quả hơn – ma",tu_van,TimViec365,https://timviec365.vn/nhan-vien-tu-van-phan-mem-p2063695.html,2026-04-15T08:23:04.133671,easy,0.8,trung_binh,False,True,working,OK (200)
labor_timviec365_2063333,VIB TUYỂN CHUYÊN VIÊN CSKH ƯU TIÊN,NH TMCP Quốc Tế VN (VIB ) - VIB Cửa Đông,Giao Tiếp,Hà Nội,20000000,20000000,full-time,any,0,,"20.000.000 VNĐ | 16/05/2026 | Hà Nội | Ngân hàng - Chứng khoán - Đầu tư, Nhân viên kinh doanh, Tư vấn | Quyền lợi: Chế độ: Lương cứng 15.000.0*******.000 VNĐ/ tháng (tùy thuộc vào kinh nghiệm) + thưởng hiệu suất + hoa hồng theo doanh số. Lương thưởng hấp dẫn theo mức đóng góp (tổng thu nhập trung bình từ 20.000.000 VNĐ và không giới hạn tùy theo năng lực)Chế độ: Lương cứng 15.000.0*******.000 VNĐ/ tháng (tùy thuộc vào kinh nghiệm) + thưởng hiệu suất + hoa hồng theo doanh số. Lương thưởng hấp dẫn",tu_van,TimViec365,https://timviec365.vn/vib-tuyen-chuyen-vien-cskh-uu-tien-p2063333.html,2026-04-15T08:23:04.137392,medium,0.8,trung_binh,False,True,working,OK (200)
labor_timviec365_2063097,Chuyên Viên Kinh Doanh/ Bán Hàng,ASAMA VIỆT NAM,Giao Tiếp|Chăm Sóc,Đồng Nai,20000000,20000000,full-time,any,0,,"20.000.000 VNĐ | 15/05/2026 | Đồng Nai | Nhân viên kinh doanh, Tư vấn, Việc làm bán hàng | Quyền lợi: Thu nhập trung bình: 10 &ndash; 20 triệu/tháng (Gồm lương cứng + hoa hồng + thưởng nóng + phụ cấp + thưởng tháng)Thưởng theo hiệu suất: Doanh số cá nhân, nhóm, chi nhánh, KPI tổng hợp.Phúc lợi đầy đủ: HĐLĐ chính thức, BHXH &ndash; BHYT, nghỉ phép năm, thưởng lễ tết.Đào tạo bài bản: Kiến thức chuyên sâu về công nghệ ghế massage Sonic Wave, con lăn 4D/5D, SL-track&hellip;. Kỹ năng tư vấn, chốt sal",tu_van,TimViec365,https://timviec365.vn/chuyen-vien-kinh-doanh-ban-hang-p2063097.html,2026-04-15T08:23:04.145399,medium,0.8,trung_binh,False,True,working,OK (200)
labor_timviec365_2062431,Nhân Viên Tư Vấn Spa,CÔNG TY TNHH LADY'S HOUSE,Giao Tiếp,Hồ Chí Minh,15000000,15000000,full-time,any,2,,"15.000.000 VNĐ | 05/05/2026 | Hồ Chí Minh, Bình Dương | Làm đẹp - Thể lực - Spa, Tư vấn, Việc làm bán hàng | Quyền lợi: Mức lương:Lương: thỏa thuận theo năng lực. Thử việc 2 tháng 85%.Phụ cấp cơm, chuyên cần, chất lượng cv.Hoa hồng sản phẩm, dịch vụ.Thưởng nóng theo mục tiêu kinh doanh.Tổng thu nhập: từ trên 15,000,000VNĐ tuỳ năng lực.Chế độ/Thưởng:Thưởng KPIs theo năng lực đạt được.Thưởng khi chi nhánh đạt target.Lương tháng 13, lễ, tết, sinh nhật, hiếu hỷ&hellip;Được tham gia BHXH khi vào chín",tu_van,TimViec365,https://timviec365.vn/nhan-vien-tu-van-p2062431.html,2026-04-15T08:23:21.100723,medium,0.8,trung_binh,False,True,working,OK (200)
labor_timviec365_2063487,Chuyên viên Quan hệ khách hàng SME - VPBank,Ngân Hàng Cổ Phần Việt Nam Thịnh Vượng - VPbank - chi nhánh Chương Dương,,Hà Nội,12000000,12000000,full-time,any,1,,"12.000.000 VNĐ | 05/05/2026 | Hà Nội, Bắc Ninh, Hưng Yên | Ngân hàng - Chứng khoán - Đầu tư, Nhân viên kinh doanh, Tư vấn | Quyền lợi: - Thu nhập hấp dẫn. Lương cứng CBB (từ 12 triệu trở lên) + Lương Kinh doanh. Phúc lợi cạnh tranh.- Môi trường làm việc năng động, chuyên nghiệp, các hoạt động văn hoá, sự kiện hàng qu&yacute;.- Được đào tạo hướng dẫn bài bản từ những chuyên gia hàng đầu trong lĩnh vực Tài chính Ngân hàng.- Lộ trình thăng tiến, phát triển sự nghiệp r&otilde; ràng.- Thu nhập hấp dẫ",tu_van,TimViec365,https://timviec365.vn/chuyen-vienquan-he-khach-hang-sme-vpbank-p2063487.html,2026-04-15T08:23:21.109202,easy,0.8,trung_binh,False,True,working,OK (200)
labor_timviec365_2062853,CHUYÊN VIÊN TƯ VẤN TUYỂN SINH (HỆ VỪA HỌC VỪA LÀM),Công Ty cổ Phần Giáo Dục Liên Việt,Giao Tiếp,Hà Nội,15000000,15000000,full-time,any,1,,"15 VNĐ | 03/05/2026 | Hà Nội | Tư vấn | Quyền lợi: Thu nhập: Từ 10.000.000 – 25.000.000 VNĐ/tháng. (Bao gồm lương cứng + COM + thưởng khác)Đánh giá điều chỉnh tăng lương 2 tháng/ lầnThời gian làm việc: Thứ 2 – Thứ 6 (Từ 8h00 – 17h30, nghỉ trưa: 12h00 – 13h30)Chế độ đãi ngộ:Cơ hội thăng tiến và phát triển caoCó bộ phận Marketing hỗ trợ 24/7Làm việc trong môi trường chuyên nghiệp với mô hình quản trị theo mục tiêu OKRs.Được tham gia các khóa đào tạo chuyên sâu về kỹ năng, chuyên môn và tư duy tron",tu_van,TimViec365,https://timviec365.vn/chuyen-vien-tu-van-tuyen-sinh-he-vua-hoc-vua-lam-p2062853.html,2026-04-15T08:23:21.115661,medium,0.8,trung_binh,False,True,working,OK (200)
labor_timviec365_2062997,Nhân Viên Tư Vấn Đặt Lịch Hẹn,Công ty TNHH HOLIDAYS VIỆT NAM,,Hồ Chí Minh,15000000,15000000,full-time,any,0,,"15.000.000 VNĐ | 30/05/2026 | Hồ Chí Minh | Tư vấn | Quyền lợi:  ● Thu nhập: Từ 7.000.000 VNĐ Đến 15.000.000 VNĐ (Lương cứng + hoa hồng + Hotbonus + Thưởng). ● Chính sách bonus lũy tiến, rõ ràng, minh bạch, chi trả theo tháng cùng với lương. ● Đầy đủ các chế độ bảo hiểm, phúc lợi, chế độ thai sản, nhiều ưu đãi cho nhân viên gắn bó và đóng góp nhiều cho công ty.  ● Được tham gia đầy đủ party, sinh nhật, liên hoan, du lịch,.... ● Môi trường làm việc trẻ trung, năng động, sếp dễ tính.● Thu nhập: Từ",tu_van,TimViec365,https://timviec365.vn/nhan-vien-tu-van-djat-lich-hen-p2062997.html,2026-04-15T08:23:21.125392,medium,0.8,trung_binh,False,True,working,OK (200)
labor_timviec365_2062753,Nhân Viên Tư Vấn Nệm,Thế Giới Nệm,Giao Tiếp,Đồng Nai,12000000,12000000,full-time,any,0,,"12.000.000 VNĐ | 30/05/2026 | Đồng Nai | Tư vấn | Quyền lợi: Lương cơ bản + phụ cấp + hoa hồng: Từ 8.000.000 VNĐ Đến 12.000.000 VNĐ.Đầy đủ chế độ BHXH, BHYT, BHTN.Làm việc trong môi trường năng động, chuyên nghiệp.Cơ hội thăng tiến lên Cửa hàng trưởng trong vòng 6 tháng.Được đào tạo nâng cao kỹ năng.Thương hiệu uy tín, sản phẩm dễ bán.Lương cơ bản + phụ cấp + hoa hồng: Từ 8.000.000 VNĐ Đến 12.000.000 VNĐ.Đầy đủ chế độ BHXH, BHYT, BHTN.Làm việc trong môi trường năng động, chuyên nghiệp.Cơ hội thă",tu_van,TimViec365,https://timviec365.vn/nhan-vien-tu-van-nem-p2062753.html,2026-04-15T08:23:21.132100,easy,0.8,trung_binh,False,True,working,OK (200)
labor_timviec365_2059899,NỮ NHÂN VIÊN KINH DOANH ĐI LÀM NGAY,CÔNG TY CỔ PHẦN CÔNG NGHỆ PAL GLOBAL,Giao Tiếp,Hà Nội,20000000,20000000,temporary,any,0,,"20.000.000 VNĐ | 22/05/2026 | Hà Nội | Nhân viên kinh doanh, Tư vấn, Việc làm bán hàng | Quyền lợi: - Lương cơ bản: 6.000.000 VNĐ, Thu nhập từ 10.000.000 VNĐ Đến 20.000.000 VNĐ tùy khả năng + ăn trưa- Lương tháng 13/năm + hoa hồng theo công việc- Ngày nghỉ: 12 phép/năm- Chế độ BHYT, BHXH, BHTN theo quy định- Chế độ nghỉ dưỡng, tham quan, du lịch trong nước- Môi trường năng động, thoải mái.- Có nhiều cơ hội học hỏi và nâng cao kỹ năng chuyên môn.- Được đào tạo nếu chưa có kinh nghiệm về sản phẩm ",tu_van,TimViec365,https://timviec365.vn/nhan-vien-kinh-doanh-dji-lam-ngay-p2059899.html,2026-04-15T08:23:21.142547,medium,0.3,trung_binh,False,True,working,OK (200)
labor_timviec365_2062150,NHÂN VIÊN KINH DOANH (15 - 30 triệu/tháng),FLOWERSHORT,Excel|Giao Tiếp|Chăm Sóc,Hà Nội,30000000,30000000,full-time,any,0,,"30.000.000 VNĐ | 20/05/2026 | Hà Nội | Nhân viên kinh doanh, Tư vấn, Việc làm bán hàng | Quyền lợi: chế độ thu nhập & đãi ngộ hấp dẫn: • lương cứng cố định: từ 10.000.000 vnđ/tháng (không phụ thuộc doanh số). • hoa hồng cao + thưởng hiệu suất cá nhân + thưởng nhóm + thưởng nóng theo chiến dịch. • tổng thu nhập trung bình: 15 &ndash; 30 triệu vnđ/tháng (khi đạt 100% kpi). • thu nhập không giới hạn, tỷ lệ hoa hồng tăng theo kết quả bán hàng thực tế. Phúc lợi & môi trường làm việc: • chế độ bảo hiể",tu_van,TimViec365,https://timviec365.vn/nhan-vien-kinh-doanh-15-30-trieuthang-p2062150.html,2026-04-15T08:23:21.151268,hard,0.8,trung_binh,False,True,working,OK (200)
labor_timviec365_2062138,"nhân viên tư vấn du học, xklđ lương 10-15tr/ 1 tháng",CÔNG TY CỔ PHẦN TẬP ĐOÀN ĐÀO TẠO VÀ CUNG ỨNG NGUỒN NHÂN LỰC QUỐC TẾ THR,,Hà Nội,15000000,15000000,temporary,any,0,,"15.000.000 VNĐ | 20/05/2026 | Hà Nội | Nhân viên kinh doanh, Tư vấn, Xuất khẩu lao động | Quyền lợi: - thử việc 5 triệu/tháng.- thu nhập trung bình 10 &ndash; 20 triệu/tháng, tuỳ năng lực. - thưởng kpi + thưởng nóng cho cá nhân xuất sắc.-cơ hội thăng tiến lên trưởng phòng/quản l&yacute; sau 6 &ndash; 12 tháng. 🎁 - quyền lợi khi làm việc tại thr group- hợp đồng lao động, bhxh, bhyt, bhtn đầy đủ theo luật.- thưởng lễ, tết, sinh nhật; nghỉ phép năm hưởng nguyên lương.- du lịch, teambuilding hằng nă",tu_van,TimViec365,https://timviec365.vn/nhan-vien-tu-van-du-hoc-xkldj-luong-10-15tr-1-thang-p2062138.html,2026-04-15T08:23:21.158847,medium,0.3,trung_binh,False,True,working,OK (200)
labor_timviec365_2061937,tuyển nhân viên tư vấn tài chính,Công ty TNHH tư vấn MCG - Chi nhánh Tp. Hồ Chí Minh,Excel|Word|Powerpoint|Tiếng Anh|Word,Hồ Chí Minh,15000000,15000000,full-time,any,0,,"15.000.000 VNĐ | 13/05/2026 | Hồ Chí Minh | Tài chính, Tư vấn, Kế toán - Kiểm toán | Quyền lợi: mức lương: thỏa thuận theo năng lực & kinh nghiệm.được đào tạo chuyên sâu về tư vấn tài chính, kế toán và quản trị doanh nghiệp.môi trường làm việc chuyên nghiệp, thân thiện, cơ hội thăng tiến r&otilde; ràng.chế độ bhxh, thưởng tháng 13 và phúc lợi hấp dẫn khác.📬 cách thức ứng tuyển: gửi cv về: ms phương - phuong.lb@mcg-audit.vn tiêu đề email: [họ tên] &ndash; ứng tuyển nhân viên tư vấn tài chính &nda",tu_van,TimViec365,https://timviec365.vn/tuyen-nhan-vien-tu-van-tai-chinh-p2061937.html,2026-04-15T08:23:21.162749,medium,0.8,trung_binh,False,True,working,OK (200)
labor_timviec365_2061626,NHÂN VIÊN CHĂM SÓC TƯ VẤN KHÁCH HÀNG,Ld mobile,Giao Tiếp|Chăm Sóc,Hồ Chí Minh,10000000,10000000,full-time,any,0,,"10.000.000 VNĐ | 11/05/2026 | Hồ Chí Minh, Bình Dương | Chăm sóc khách hàng, Nhân viên kinh doanh, Tư vấn | Quyền lợi: - lương cơ bản: 7.000.000 vnđ/tháng, KH&Ocirc;NG &Aacute;P KPI- thưởng hoa hồng doanh số hấp dẫn-- thử việc 1 tháng hưởng 100% lương- thưởng tháng, qu&yacute;, lễ &ndash; tết- môi trường làm việc trẻ trung, năng động, được đào tạo bài bản- lương cơ bản: 7.000.000 vnđ/tháng, KHÔNG ÁP KPI- thưởng hoa hồng doanh số hấp dẫn-- thử việc 1 tháng hưởng 100% lương- thưởng tháng, quý, lễ ",tu_van,TimViec365,https://timviec365.vn/nhan-vien-kinh-doanh-van-phong-p2061626.html,2026-04-15T08:23:21.165905,easy,0.8,trung_binh,False,True,working,OK (200)
labor_timviec365_2062482,CHĂM SÓC KHÁCH BIẾT TIẾNG TRUNG (HSK5),CÔNG TY TNHH V TOP HOUSE,Excel|Giao Tiếp|Chăm Sóc,Hà Nội,20000000,20000000,full-time,any,1,,"20 triệu | 10/05/2026 | Hà Nội | Biên - Phiên dịch, Chăm sóc khách hàng, Tư vấn | Quyền lợi: Lương cứng 15 - 20 triệu/ tháng + hoa hồng+ thưởngTăng lương định kỳ 6 tháng/ lầnXét tăng lương hằng nămThưởng các ngày lễ, tếtCó nhiều cơ hội phát triển bản thânMôi trường năng động, chuyên nghiệpLàm việc trực tiếp người nước ngoài (chủ yếu Đài Loan, Hồng Kong)Đóng bảo hiểm đầy đủ theo đúng quy định nhà nước BHYT, BHXH.&hellip;Lương cứng 15 - 20 triệu/ tháng + hoa hồng+ thưởngTăng lương định kỳ 6 tháng/",tu_van,TimViec365,https://timviec365.vn/tuyen-nu-9x-cham-soc-khach-hsk5-p2062482.html,2026-04-15T08:23:21.170072,medium,0.8,trung_binh,False,True,working,OK (200)
labor_timviec365_2062210,NHÂN VIÊN VĂN PHÒNG (Ưu tiên Nam),CÔNG TY TNHH BẢO HIỂM HUẤN A,Excel|Word|Powerpoint|Word,Hồ Chí Minh,15000000,15000000,full-time,any,0,,"15.000.000 VNĐ | 05/05/2026 | Hồ Chí Minh | Hành chính - Văn phòng, Tư vấn, Việc làm bán hàng | Quyền lợi: Mức lương: - Từ 8 &ndash; 15 triệu/tháng, thỏa thuận theo năng lực và kinh nghiệm - Có thưởng theo hiệu quả công việc Chế độ: - Làm việc trong môi trường chuyên nghiệp, thân thiện - Hưởng đầy đủ chế độ bhxh, bhyt, nghỉ lễ &ndash; tết theo quy định - Được đào tạo kỹ năng chuyên môn và có cơ hội thăng tiến r&otilde; ràngMức lương:- Từ 8 – 15 triệu/tháng, thỏa thuận theo năng lực và kinh nghiệ",tu_van,TimViec365,https://timviec365.vn/nhan-vien-van-phong-p2062210.html,2026-04-15T08:23:21.176281,medium,0.8,trung_binh,False,True,working,OK (200)
labor_timviec365_2062304,TƯ VẤN TUYỂN SINH (Sales Executive),CÔNG TY CỔ PHẦN TRUYỀN THÔNG LASER-AD,,Hà Nội,20000000,20000000,full-time,any,1,,"20 triệu | 05/05/2026 | Hà Nội | Nhân viên kinh doanh, Tư vấn, Việc làm bán hàng | Quyền lợi: Tổng thu nhập từ 15.000.000vnđ - 20.000.000vndLàm việc trong môi trường chuyên nghiệp, hiện đại, trẻ và năng độngTham gia học miễn phí các khóa học của Master Media nếu làm việc 1 năm trở lênCác chế độ BHXH, BHYT, BHTN theo quy định của Nhà nước ngay sau khi k&yacute; HĐLĐ chính thứcĐược hưởng các chế độ nghỉ lễ, thưởng, nghỉ mát &hellip; trong năm theo chế độ quy định của Công tyTổng thu nhập từ15.000.",tu_van,TimViec365,https://timviec365.vn/tu-van-tuyen-sinh-sales-executive-p2062304.html,2026-04-15T08:23:21.182323,medium,0.8,trung_binh,False,True,working,OK (200)
labor_timviec365_2061569,Nhân viên Tư vấn Hồ sơ,Công ty TNHH Đào tạo và Tư vấn VNB,Giao Tiếp|Phục Vụ,Hà Nội,0,0,full-time,any,0,,"Thỏa thuận | 01/05/2026 | Hà Nội | Tư vấn | Quyền lợi: -           Lương cứng + hoa hồng + Thưởng, upto 15.000.000đ-           Phụ cấp ăn trưa, điện thoại, gửi xe.-           Thưởng đa dạng: Thưởng hiệu suất, thưởng doanh số, thưởng cuối năm, thưởng Lễ – Tết – Hiếu – Hỉ. -          Đào tạo chuyên sâu, phát triển kỹ năng tư vấn và nghiệp vụ bán hàng.-           Tham gia đầy đủ BHXH, BHYT, BHTN theo quy định của Nhà nước.-           Lương cứng + hoa hồng + Thưởng, upto 15.000.000đ-           Phụ c",tu_van,TimViec365,https://timviec365.vn/nhan-vien-tu-van-ho-so-p2061569.html,2026-04-15T08:23:21.192393,easy,0.8,trung_binh,False,True,working,OK (200)
labor_timviec365_2061659,mma tư vấn tuyển sinh sales executive,CÔNG TY TNHH VIỆT PHÁT GROUP,Giao Tiếp,Hà Nội,0,0,full-time,any,1,,"0 VNĐ | 31/05/2026 | Hà Nội | Nhân viên kinh doanh, Tư vấn | Quyền lợi: - tổng thu nhập từ 15.000.000vnđ - 20.000.000vnd - làm việc trong môi trường chuyên nghiệp, hiện đại, trẻ và năng động - tham gia học miễn phí các khóa học của master media nếu làm việc 1 năm trở lên - các chế độ bhxh, bhyt, bhtn theo quy định của nhà nước ngay sau khi ký hđlđ chính thức - được hưởng các chế độ nghỉ lễ, thưởng, nghỉ mát … trong năm theo chế độ quy định của công ty- tổng thu nhập từ 15.000.000vnđ - 20.000.000",tu_van,TimViec365,https://timviec365.vn/mma-tu-van-tuyen-sinh-sales-executive-p2061659.html,2026-04-15T08:23:21.196604,easy,0.8,trung_binh,False,True,working,OK (200)
labor_timviec365_2062041,thông báo tuyển dụng nhân viên tư vấn,Vietstar,Giao Tiếp|Chăm Sóc,Hồ Chí Minh,11000000,11000000,full-time,any,0,,"11.000.000 VNĐ | 29/05/2026 | Hồ Chí Minh | Tư vấn | Quyền lợi: Lương thỏa thuận.Thử việc 2 tháng hưởng 85% lương.Đảm bảo đầy đủ chế độ phúc lợi: BHXH, BHYT, thưởng lễ Tết, phép năm, lương tháng 13, du lịch, quà sinh nhật.Xét tăng lương định kỳ 1 lần/năm.Cơ hội thăng tiến hàng năm.Lương thỏa thuận.Thử việc 2 tháng hưởng 85% lương.Đảm bảo đầy đủ chế độ phúc lợi: BHXH, BHYT, thưởng lễ Tết, phép năm, lương tháng 13, du lịch, quà sinh nhật.Xét tăng lương định kỳ 1 lần/năm.Cơ hội thăng tiến hàng năm.",tu_van,TimViec365,https://timviec365.vn/thong-bao-tuyen-dung-nhan-vien-tu-van-p2062041.html,2026-04-15T08:23:21.201251,easy,0.8,trung_binh,False,True,working,OK (200)
labor_timviec365_2061997,odoo functional consultant/ odoo ba,Công Ty Cổ Phần Công Nghệ Nos,Tiếng Anh|Giao Tiếp,Hồ Chí Minh,17000000,17000000,full-time,any,2,,"17.000.000 VNĐ | 28/05/2026 | Hồ Chí Minh | Tư vấn | Quyền lợi: lương: 10m – 17m (deal theo năng lực).cơ hội gắn bó & thăng tiến: làm việc trong môi trường coi trọng năng lực, hiệu quả và tinh thần trách nhiệm.xét tăng lương theo quy định công ty: 6 tháng/lần.môi trường làm việc năng động & trẻ trung: làm việc cùng đội ngũ trẻ, kết nối tốt, luôn sẵn sàng hỗ trợ và chia sẻ kiến thức.cơ hội phát triển bản thân: được rèn luyện kỹ năng tự học, kỹ năng giải quyết vấn đề và tham gia nhiều dự án, nhiệm",tu_van,TimViec365,https://timviec365.vn/odoo-functional-consultant-odoo-ba-p2061997.html,2026-04-15T08:23:21.208393,medium,0.8,trung_binh,False,True,working,OK (200)
labor_timviec365_2061948,tuyển trưởng nhóm tư vấn và quản trị doanh nghiệp,Công ty Cổ phần Bluewave Partners,Excel|Tiếng Anh|Giao Tiếp,Hà Nội,20000000,20000000,full-time,any,3,,"20.000.000 VNĐ | 25/05/2026 | Hà Nội | Tư vấn | Quyền lợi: - lương cơ bản cạnh tranh và thưởng theo dự án/hiệu suất.- cơ hội thăng tiến trong sự nghiệp.- được đào tạo nâng cao chuyên môn và phát triển bản thân.- môi trường làm việc chuyên nghiệp, tiếp xúc với nhiều mô hình doanh nghiệp khác nhau.- chế độ bhxh, bhyt, nghỉ phép, du lịch, teambuilding đầy đủ.- lương cơ bản cạnh tranh và thưởng theo dự án/hiệu suất.- cơ hội thăng tiến trong sự nghiệp.- được đào tạo nâng cao chuyên môn và phát triển ",tu_van,TimViec365,https://timviec365.vn/tuyen-truong-nhom-tu-van-va-quan-tri-doanh-nghiep-p2061948.html,2026-04-15T08:23:21.213359,medium,0.8,trung_binh,False,True,working,OK (200)
labor_timviec365_2061195,Nhân Viên Tư Vấn Khóa Học,Công ty Cổ phần Giáo dục và Đào tạo Ant Edu,Giao Tiếp,Hà Nội,12000000,12000000,full-time,any,0,,"12.000.000 VNĐ | 25/05/2026 | Hà Nội | Tư vấn | Quyền lợi: Lương cứng: 8 - 12 triệu/tháng +Hoa hồng + thưởng nóng.Thưởng siêu chất: Vượt KPI; Thưởng tuần, tháng, quý; Thưởng lễ Tết, sinh nhật…Thử việc 100% lương + hoa hồng như chính thức.Data cực chất: Khách hàng tiềm năng từ Marketing, bạn chỉ cần ""bung lụa"" chốt deal.Thăng tiến siêu tốc: 6 - 12 tháng lên Leader nếu bạn thực sự máu chiến.Đào tạo đỉnh cao: Từ kỹ năng chốt đơn, giao tiếp đến hiểu sâu sản phẩm - chúng tôi giúp bạn ""lên trình"" mỗi ",tu_van,TimViec365,https://timviec365.vn/nhan-vien-tu-van-khoa-hoc-p2061195.html,2026-04-15T08:23:21.218540,easy,0.8,trung_binh,False,True,working,OK (200)
labor_timviec365_2061888,nhân viên tư vấn & cskh,Bloom by bee,,Hồ Chí Minh,8500000,8500000,full-time,any,0,,"8.500.000 VNĐ | 24/05/2026 | Hồ Chí Minh | Tư vấn | Quyền lợi: • thưởng doanh số nếu làm tốt (không áp kpi) • được đào tạo bài bản kiến thức chuyên môn• môi trường chuyên nghiệp, năng động, công cụ hỗ trợ hiện đại• được sử dụng hoặc mua sản phẩm của công ty với giá ưu đãi đặc biệt dành cho nhân viên• thưởng doanh số nếu làm tốt (không áp kpi) • được đào tạo bài bản kiến thức chuyên môn• môi trường chuyên nghiệp, năng động, công cụ hỗ trợ hiện đại• được sử dụng hoặc mua sản phẩm của công ty với g",tu_van,TimViec365,https://timviec365.vn/nhan-vien-tu-van-and-cskh-p2061888.html,2026-04-15T08:23:21.222989,easy,0.8,trung_binh,False,True,working,OK (200)
labor_timviec365_2061878,tuyển thực tập sinh tư vấn khách hàng,IT-COMMUNICATIONS VIỆT NAM,Giao Tiếp,Hồ Chí Minh,10000000,10000000,full-time,any,0,,"10 triệu | 24/05/2026 | Hồ Chí Minh | Tư vấn | Quyền lợi: - mức lương cứng: 5.000.000 vnđ/tháng + phụ cấp chuyên cần + hoa hồng + thưởng năng lực.- tổng thu nhập từ 8 đến 15 triệu đồng, mang lại cho bạn cơ hội tài chính hấp dẫn.- thử việc 2 tháng với chế độ hưởng 100% thu nhập.- thưởng lương tháng 13, thưởng lễ tết, sinh nhật, các dịp lễ lớn như 8/3, 30/04-1/5, trung thu, 2/9.- thưởng theo hiệu quả làm việc.- làm việc trong môi trường năng động, trẻ trung, thân thiện, nhiều cơ hội học hỏi và phá",tu_van,TimViec365,https://timviec365.vn/tuyen-thuc-tap-sinh-tu-van-khach-hang-p2061878.html,2026-04-15T08:23:21.227710,easy,0.8,trung_binh,False,True,working,OK (200)
labor_timviec365_2061871,nhân viên tư vấn khóa học,Công ty TNHH ĐỒng Tiến Furniture,Tiếng Anh|Giao Tiếp|Chăm Sóc,Hồ Chí Minh,0,0,full-time,any,1,,"Thỏa thuận | 24/05/2026 | Hồ Chí Minh | Tư vấn | Quyền lợi: - lương cứng 8.500.000 – 9.500.000 (deal theo năng lực) + hoa hồng + thưởng (thu nhập trung bình từ 20.000.000 – 25.000.000)- thử việc 2 tháng hưởng 100% lương- đóng bhxh, bhyt, bhtn theo quy định- khám sức khỏe hằng năm- có 14 ngày phép năm + 11 ngày nghỉ lễ + 1 ngày nghỉ giáng sinh (ngày nghỉ được hưởng lương)- review lương hằng năm và hưởng tháng lương thứ 13- tham gia chương trình đào tạo bài bản từ chuyên gia đầu ngành và top sale-",tu_van,TimViec365,https://timviec365.vn/nhan-vien-tu-van-khoa-hoc-p2061871.html,2026-04-15T08:23:21.232410,easy,0.8,trung_binh,False,True,working,OK (200)
labor_timviec365_2061866,chuyên viên tư vấn tuyển sinh nguồn xkld du học,CÔNG TY CỔ PHẦN TƯ VẤN ĐẦU TƯ VÀ HỢP TÁC GIÁO DỤC QUỐC TẾ OKI,Giao Tiếp,Hà Nội,25000000,25000000,full-time,any,0,,"25.000.000 VNĐ | 24/05/2026 | Hà Nội | Tư vấn | Quyền lợi: lương cứng : 8.000.000 – 10.000.000 vnđ/ tháng  + thưởng xứng đáng (thu nhập trung bình sau khi chính thức từ 15 - 25 triệu vnđ/tháng (chi tiết trao đổi khi pv)chế độ bhxh, bhyt, nghỉ lễ , tết đúng , đủ theo quy định của luật lao động và công tychấp nhận người chưa có kinh nghiệm, được đào tạo kỹ năng, từ cơ bản đến nâng cao (các ứng viên chưa có kinh nghiệm cũng không quá lo lắng, chỉ cần chịu khó học hỏi)công ty hỗ trợ  mối quan hệ khá",tu_van,TimViec365,https://timviec365.vn/chuyen-vien-tu-van-tuyen-sinh-nguon-xkld-du-hoc-p2061866.html,2026-04-15T08:23:21.238376,medium,0.8,trung_binh,False,True,working,OK (200)
labor_timviec365_2061863,chuyên viên tư vấn,KiotViet,Excel|Word|Giao Tiếp|Word|Chăm Sóc,Hà Nội,12000000,12000000,full-time,any,1,,"12.000.000 VNĐ | 24/05/2026 | Hà Nội | Tư vấn | Quyền lợi: - mức thu nhập hấp dẫn, tương xứng với năng lực và kinh nghiệm làm việc;- thưởng hiệu quả làm việc; thưởng cuối năm;- làm việc theo ca linh hoạt theo sắp xếp của bộ phận;- được hưởng các quyền lợi và chế độ theo luật quy định (các ngày nghỉ lễ, bhxh, bhyt...)- thưởng lễ, tết, sinh nhật các chế độ đãi ngộ dành cho người thân, và các hoạt động thú vị khác trong năm;- chăm sóc sức khoẻ : khám sức khoẻ định kỳ hàng năm;- làm việc trong môi t",tu_van,TimViec365,https://timviec365.vn/chuyen-vien-tu-van-p2061863.html,2026-04-15T08:23:21.244716,easy,0.8,trung_binh,False,True,working,OK (200)
labor_timviec365_2061709,nhân viên tư vấn tuyển sinh,CÔNG TY CỔ PHẦN KAPLA VIETNAM,Tiếng Anh|Giao Tiếp,,12000000,12000000,temporary,any,0,,12.000.000 VNĐ | 21/05/2026 | Toàn quốc | Tư vấn | Quyền lợi: 1. thu nhập hấp dẫn: 15.8400******0.000 vnđ/tháng. bao gồm:• lương cứng: 8.000.000 – 12.000.000 vnđ/tháng• thưởng nóng: thưởng ngay khi đạt thành tích xuất sắc• thưởng hoa hồng: theo tháng/quý/năm dựa trên hiệu suất làm việc• thử việc: nhận 100% lương cơ bản và hưởng chính sách hoa hồng hấp dẫn ngay từ ngày đầu• không giới hạn thu nhập: cơ hội tăng thu nhập dựa trên năng lực và hiệu suất làm việc 2. quyền lợi đầy đủ:• trang bị đầy đủ:,tu_van,TimViec365,https://timviec365.vn/nhan-vien-tu-van-tuyen-sinh-p2061709.html,2026-04-15T08:23:21.251847,easy,0.3,trung_binh,False,True,working,OK (200)
labor_timviec365_2062083,nhân viên tư vấn tuyển sinh,Công ty Cổ phần Đào tạo English Amom,Word|Tiếng Anh|Giao Tiếp|Word|Chăm Sóc,,20000000,20000000,full-time,any,0,,"20.000.000 VNĐ | 20/05/2026 | Toàn quốc | Tư vấn | Quyền lợi: thu nhập 10 - 20 triệu (8 - 10tr + hoa hồng doanh số + thưởng đạt chỉ tiêu).lộ trình thăng tiến rõ ràng, đánh giá tăng lương 3 tháng 1 lần.  được học tiếng anh miễn phíphát triển bản thân trong môi trường tôn trọng cá tính và văn hóa doanh nghiệp.  các chế độ phúc lợi khác theo quy định pháp luật.thu nhập 10 - 20 triệu (8 - 10tr + hoa hồng doanh số + thưởng đạt chỉ tiêu).lộ trình thăng tiến rõ ràng, đánh giá tăng lương 3 tháng 1 lần. ",tu_van,TimViec365,https://timviec365.vn/nhan-vien-tu-van-tuyen-sinh-p2062083.html,2026-04-15T08:23:31.926993,medium,0.8,trung_binh,False,True,working,OK (200)
labor_timviec365_2061615,Nhân viên telesale tư vấn khóa học,Công ty CP Tư vấn đào tạo và Hỗ trợ việc làm VNK,Giao Tiếp|Chăm Sóc,Hà Nội,18000000,18000000,full-time,any,0,,"18.000.000 VNĐ | 18/05/2026 | Hà Nội | Tư vấn | Quyền lợi: thu nhập & chế độ đãi ngộ- lương cơ bản: 7 – 10 triệu + hoa hồng doanh số (1.5% – 5%) . thu nhập: không giới hạn.- đánh giá dựa trên kết quả công việc, không gò bó giờ giấc – làm việc linh hoạt.- trả lương đúng hạn, tuyệt đối không nợ lương (trả lương từ ngày 05 – 07 hàng tháng).- thưởng nóng theo tháng, quý, năm cho cá nhân đạt thành tích vượt trội.- tăng lương định kỳ hàng năm phúc lợi & cơ hội phát triển- được đào tạo bài bản và tham ",tu_van,TimViec365,https://timviec365.vn/nhan-vien-telesale-tu-van-khoa-hoc-p2061615.html,2026-04-15T08:23:31.932473,medium,0.8,trung_binh,False,True,working,OK (200)
labor_timviec365_2060824,Tuyển nhân viên tư vấn,Công ty cổ phần học viện Minh Trí Thành- chi nhánh HCM,,Hồ Chí Minh,30000000,30000000,full-time,any,0,,"30.000.000 VNĐ | 18/05/2026 | Hồ Chí Minh | Tư vấn | Quyền lợi: - Thu nhập hấp dẫn và đột phá: Mức lương lên đến 30 triệu/tháng bao gồm lương cứng, phụ cấp chuyên cần và hoa hồng không giới hạn dựa trên doanh số cá nhân.- Lộ trình thăng tiến rõ ràng: Cơ hội phát triển lên các vị trí Chuyên viên Tư vấn và quản lý đội nhóm.- Đào tạo chuyên sâu: Thường xuyên tham gia các khóa học kỹ năng bán hàng, kiến thức sản phẩm và hội thảo chuyên môn.- Môi trường làm việc :.- Văn hóa làm việc năng động, sáng t",tu_van,TimViec365,https://timviec365.vn/tuyen-nhan-vien-tu-van-p2060824.html,2026-04-15T08:23:31.940882,hard,0.8,trung_binh,False,True,working,OK (200)
labor_timviec365_2061515,TUYỂN NHÂN VIÊN TƯ VẤN PHIM TRƯỜNG LÀM TẠI VĂN PHÒNG CHÍNH THỨC,CÔNG TY CỔ PHẦN THƯƠNG MẠI DỊCH VỤ TRUYỀN THÔNG QUỐC TẾ TOÀN CẦU,Chăm Sóc,Hồ Chí Minh,25000000,25000000,full-time,any,0,,"25.000.000 VNĐ | 16/05/2026 | Hồ Chí Minh | Tư vấn | Quyền lợi: Thu nhập: Lương cứng + Hoa hồng doanh số + Thưởng video viral + Phụ cấp từ  10 – 25 triệu .Môi trường làm việc trẻ trung, năng động, tiếp xúc thường xuyên với nghệ sĩ &    KOLs.Cơ hội phát triển lâu dài trong lĩnh vực giải trí – truyền thông – sự kiện.Thu nhập: Lương cứng + Hoa hồng doanh số + Thưởng video viral + Phụ cấp từ  10 – 25 triệu .Môi trường làm việc trẻ trung, năng động, tiếp xúc thường xuyên với nghệ sĩ &    KOLs.Cơ hội ",tu_van,TimViec365,https://timviec365.vn/tuyen-nv-tu-van-phim-truong-lam-tai-van-phong-chinh-thuc-p2061515.html,2026-04-15T08:23:31.946544,medium,0.8,trung_binh,False,True,working,OK (200)
labor_timviec365_2061367,TƯ VẤN TUYỂN SINH,HR NLA,Giao Tiếp,Hà Nội,12000000,12000000,full-time,any,0,,"12.000.000 VNĐ | 12/05/2026 | Hà Nội | Tư vấn | Quyền lợi: ĐẶC QUYỀN KHI LÀ THÀNH VIÊN CỦA NLA & NEXSHINE:Mức thu nhập 12.000.000 đồng trở lên (Lương cứng+Hoa hồng+Thưởng), không giới hạn thu nhập tối đaDu lịch hàng năm, Thưởng hiệu quả làm việc, Khám sức khỏe định kỳ, Bảo hiểm xã hội.Được đào tạo bài bản về kỹ năng tư vấn chuyên sâu, kiến thức sản phẩm và tâm lý khách hàng.Lộ trình thăng tiến rõ ràng lên Team Leader, Trưởng phòng chỉ sau 6-12 tháng cho những cá nhân xuất sắc.Làm việc trong môi ",tu_van,TimViec365,https://timviec365.vn/tu-van-tuyen-sinh-p2061367.html,2026-04-15T08:23:31.952403,easy,0.8,trung_binh,False,True,working,OK (200)
labor_timviec365_2061349,NHÂN VIÊN TƯ VẤN CHỐT ĐƠN HÀNG - SẢN PHẨM SỮA,Công ty TNHH Dịch vụ Renrui Việt Nam,Giao Tiếp|Chăm Sóc,Hồ Chí Minh,20000000,20000000,full-time,any,0,,"20.000.000 VNĐ | 11/05/2026 | Hồ Chí Minh | Tư vấn | Quyền lợi: Tốt nghiệp THCS/THPT trở lên.Giọng nói rõ ràng, dễ nghe, truyền cảm.Có mục tiêu thu nhập rõ ràng, tinh thần cầu tiến.Khả năng giao tiếp thuyết phục, xử lý từ chối khéo léo.Tư duy nhanh nhạy, kiên trì, không ngại thử thách.Biết quản lý thời gian và làm việc theo KPI.Ưu tiên ứng viên có kinh nghiệm telesale, chăm sóc khách hàng hoặc yêu thích lĩnh vực tài chính.Tốt nghiệp THCS/THPT trở lên.Giọng nói rõ ràng, dễ nghe, truyền cảm.Có mục",tu_van,TimViec365,https://timviec365.vn/nhan-vien-tu-van-chot-djon-hang-san-pham-sua-p2061349.html,2026-04-15T08:23:31.961642,medium,0.8,trung_binh,False,True,working,OK (200)
labor_timviec365_2061316,Chuyên viên Kinh Doanh/ Tư vấn,Học Viện Gia Sư The TutorX,Tiếng Anh,Hồ Chí Minh,0,0,temporary,any,0,,"Thỏa thuận | 10/05/2026 | Hồ Chí Minh | Tư vấn | Quyền lợi: Lương cứng từ 6.000.000VND đến 10.000.000VND + Thưởng KPI + Thưởng nóng thành tích kinh doanh, thưởng doanh thu theo hợp đồng.Học việc 7 ngày + thử việc 02 tháng hưởng 85% mức lương chính thức.Được đào tạo thiết lập cho mình sứ mệnh cuộc đời rõ ràng, được tham gia các lớp đào tạo, phát triển bản thân,….Được đóng BHXH, BHYT, BHTN đầy đủ theo chế độ của Nhà nước.Được làm việc trong môi trường Giáo dục năng động, chuyên nghiệp, cơ sở vật c",tu_van,TimViec365,https://timviec365.vn/chuyen-vien-kinh-doanh-tu-van-p2061316.html,2026-04-15T08:23:31.967700,easy,0.3,trung_binh,False,True,working,OK (200)
labor_timviec365_2061178,NHÂN VIÊN KINH DOANH,Công ty TNHH Hoàng Dũng Green Việt Nam,,Hà Nội,20000000,20000000,full-time,any,0,,"20.000.000 VNĐ | 10/05/2026 | Hà Nội | Nhân viên kinh doanh, Tư vấn | Quyền lợi: - Thu nhập: 10.000.000 VNĐ - 20.000.000 VNĐ/tháng (thoả thuận khi phỏng vấn, tuỳ theo năng lực và kinh nghiệm) + Thưởng;- Được ăn trưa miễn phí tại Công ty với đội ngũ đầu bếp xịn;- Được hưởng đầy đủ các chế độ Bảo hiểm Xã hội, Bảo hiểm Y tế, Bảo hiểm Thất nghiệp và các chế độ phúc lợi khác như: Nghỉ Lễ - Tết, tiệc của năm&hellip;, được đi tham quan du lịch 01 lần/năm, thưởng lương tháng thứ 13, thưởng hiệu quả kinh",tu_van,TimViec365,https://timviec365.vn/nhan-vien-kinh-doanh-luong-hap-dan-1020-trieu-thang-p2061178.html,2026-04-15T08:23:31.975980,medium,0.8,trung_binh,False,True,working,OK (200)
labor_timviec365_2060082,Tuyển Chuyên Viên Khách Hàng Cá Nhân,NGÂN HÀNG TMCP HÀNG HẢI - MSB,Giao Tiếp,Hà Nội,16000000,16000000,temporary,any,0,,"16.000.000 VNĐ | 10/05/2026 | Hà Nội | Ngân hàng - Chứng khoán - Đầu tư, Nhân viên kinh doanh, Tư vấn | Quyền lợi: - Lương cơ bản 10-16tr + thưởng đãi ngộ - Hưởng chế độ, phúc lợi đầy đủ - Được hỗ trợ hướng dẫn tất cả nghiệp vụ Ngân hàng tại MSB - Môi trường làm việc trẻ, năng động, thời gian linh hoạt - Kí hợp đồng lao động chính thức sau khi thử việc - Tham gia đầy đủ BHYT, BHXH, BHTN - Được nghỉ 12 ngày phép/năm + 1 ngày sinh nhật - Cơ hội thăng tiến luôn rộng mở - Đào tạo kĩ năng giao tiếp v",tu_van,TimViec365,https://timviec365.vn/tuyen-chuyen-vien-khach-hang-ca-nhan-p2060082.html,2026-04-15T08:23:31.980281,medium,0.3,trung_binh,False,True,working,OK (200)
labor_timviec365_2061160,Business Analyst (BA) Tiếng Nhật,Flydino Technology,Giao Tiếp,Đà Nẵng,0,0,full-time,any,1,,"Thỏa thuận | 01/05/2026 | Đà Nẵng | Tư vấn | Quyền lợi: ● Mức lương : Thỏa thuận theo năng lực● 100% lương khi thử việc● Mức lương cạnh tranh dựa trên đúng năng lực và kinh nghiệm + thưởng cuối năm theo performance● Xét tăng lương 2 lần/ năm● Bảo hiểm sức khỏe cá nhân Bảo Việt● Đặc biệt môi trường làm việc startup thoải mái, năng động với nhiều điều kiện để phát triển bản thân. Đồng nghiệp trẻ trung, sẵn sàng hỗ trợ nhau,...● Đóng đầy đủ BHXH, BHYT, BHTN theo quy định của pháp luật hiện hành● Te",tu_van,TimViec365,https://timviec365.vn/business-analyst-ba-tieng-nhat-p2061160.html,2026-04-15T08:23:31.985568,easy,0.8,trung_binh,False,True,working,OK (200)
labor_timviec365_2060522,TUYỂN CHUYÊN VIÊN KINH DOANH BĐS,CÔNG TY CỔ PHẦN TM & DV FUTURE HOMES,Giao Tiếp,Hà Nội,0,0,full-time,any,0,,"Thỏa thuận | 30/05/2026 | Hà Nội, Hưng Yên | KD bất động sản, Nhân viên kinh doanh, Tư vấn | Quyền lợi: *  Lương thỏa thuận, nhận ngay cả khi đang học việc (Phỏng vấn thương lượng cụ thể)*  Hoa hồng từ 100 -> 500 triệu/giao dịch + THƯỞNG N&Oacute;NG hấp dẫn.*  Được đào tạo bài bản, cầm tay chỉ việc từ A – Z*  Hỗ trợ: Marketing ~100%, đào tạo miễn phí*  Phúc lợi: BHXH, du lịch, team building.*  Lương thỏa thuận, nhận ngay cả khi đang học việc (Phỏng vấn thương lượng cụ thể)*  Hoa hồng từ 100 -> 5",tu_van,TimViec365,https://timviec365.vn/tuyen-chuyen-vien-kinh-doanh-bdjs-p2060522.html,2026-04-15T08:23:31.989856,easy,0.8,trung_binh,False,True,working,OK (200)
labor_timviec365_2059942,Tuyển Chuyên Viên Tư Vấn Phụ Kiện Ô Tô,CÔNG TY TNHH THƯƠNG MẠI DỊCH VỤ DƯƠNG ANH AUTO,Giao Tiếp|Chăm Sóc,Hồ Chí Minh,6000000,6000000,full-time,any,0,,"6.000.000 VNĐ | 30/05/2026 | Hồ Chí Minh | Chăm sóc khách hàng, Tư vấn, Việc làm bán hàng | Quyền lợi: *  Lương: Từ 6.000.000 VNĐ + hoa hồng theo doanh số.*  Thưởng tháng 13 theo thâm niên.*  Đầy đủ BHXH theo quy định.*  Môi trường làm việc năng động, thân thiện.*  Lương: Từ 6.000.000 VNĐ + hoa hồng theo doanh số.*  Thưởng tháng 13 theo thâm niên.*  Đầy đủ BHXH theo quy định.*  Môi trường làm việc năng động, thân thiện. | Yêu cầu: Giới tính Nam, không cần kinh nghiệmCó khả năng giao tiếp, thuyết",tu_van,TimViec365,https://timviec365.vn/tuyen-chuyen-vien-tu-van-phu-kien-o-to-p2059942.html,2026-04-15T08:23:31.994879,easy,0.8,trung_binh,False,True,working,OK (200)
labor_timviec365_2060620,Nhân viên Tư vấn Website Digital Marketing,CÔNG TY TNHH TM DV CÔNG NGHỆ D&H,Giao Tiếp,Hồ Chí Minh,15000000,15000000,full-time,any,0,,"15 triệu | 27/05/2026 | Hồ Chí Minh | Tư vấn | Quyền lợi: *  Thu nhập khi đạt KPI: 10.000.000 – 15.000.000*  Lương cơ bản: 7.000.000 (Thỏa thuận theo năng lực)*  Hoa hồng: 40 - 60%*  Thưởng: 1tr, 2tr, 3tr*  Du lịch, teambuilding cùng công ty hàng năm.*  Tham gia các buổi học đào tạo chuyên sâu về ngành.*  Thu nhập khi đạt KPI: 10.000.000 – 15.000.000*  Lương cơ bản: 7.000.000 (Thỏa thuận theo năng lực)*  Hoa hồng: 40 - 60%*  Thưởng: 1tr, 2tr, 3tr*  Du lịch, teambuilding cùng công ty hàng năm.*  ",tu_van,TimViec365,https://timviec365.vn/nhan-vien-tu-van-website-digital-marketing-p2060620.html,2026-04-15T08:23:31.997882,medium,0.8,trung_binh,False,True,working,OK (200)
labor_timviec365_2060584,Nhân Viên Tư Vấn Cho Thuê Căn Hộ,Công ty TNHH ATUSHOME,Giao Tiếp|Chăm Sóc,Hồ Chí Minh,6000000,6000000,full-time,any,0,,"6.000.000 VNĐ | 26/05/2026 | Hồ Chí Minh | Tư vấn | Quyền lợi: Thu nhập hấp dẫn: lương + hoa hồng cao, không giới hạn.Được đào tạo chuyên môn và kỹ năng bán hàng, tư vấn.Thời gian làm việc linh hoạt, phù hợp sinh viên hoặc người mới đi làm.Môi trường năng động, cơ hội thăng tiến nhanh.Chế độ khen thưởng hấp dẫn theo tháng/quý.Thu nhập hấp dẫn: lương + hoa hồng cao, không giới hạn.Đượcđào tạo chuyên mônvà kỹ năng bán hàng, tư vấn.Thời gian làm việc linh hoạt, phù hợp sinh viên hoặc người mới đi l",tu_van,TimViec365,https://timviec365.vn/nhan-vien-tu-van-cho-thue-can-ho-p2060584.html,2026-04-15T08:23:32.003025,easy,0.8,trung_binh,False,True,working,OK (200)
labor_timviec365_2060565,Tuyển Nhân Viên Tư Vấn Tuyển Sinh Online,CÔNG TY CỔ PHẦN GIÁO DỤC TRỰC TUYẾN FUNIX,Chăm Sóc|Phục Vụ,,30000000,30000000,full-time,any,0,,"30.000.000 VNĐ | 26/05/2026 | Toàn quốc | Tư vấn | Quyền lợi: Thu nhập hấp dẫn từ 10.000.000 VNĐ đến 30.000.000 VNĐ/tháng, bao gồm lương cứng lên đến 10 triệu và hoa hồng theo doanh thu.- Được đào tạo bài bản về các kỹ năng: Tìm kiếm và mở rộng khách hàng, tư vấn tuyển sinh chuyên sâu, kỹ năng chăm sóc học viên và tư vấn tái tục, giúp gia tăng thu nhập bền vững.- Lộ trình thăng tiến rõ ràng, với cơ hội phát triển sự nghiệp lâu dài.- Được làm việc tại tổ chức giáo dục trực tuyến FUNiX – Đơn vị gi",tu_van,TimViec365,https://timviec365.vn/tuyen-nhan-vien-tu-van-tuyen-sinh-online-p2060565.html,2026-04-15T08:23:32.010703,hard,0.8,trung_binh,False,True,working,OK (200)
labor_timviec365_2060513,Tuyển Chuyên viên Tư vấn du học,Công ty Cổ phần Tập đoàn Giáo dục Âu Mỹ,Giao Tiếp,Hà Nội,7000000,7000000,full-time,any,0,,"7.000.000 VNĐ | 25/05/2026 | Hà Nội | Tư vấn | Quyền lợi: Mức lương cứng: Từ 7.000.000 VNĐ/tháng, cộng thêm doanh thu kinh doanh.- Thu nhập có thể lên đến 30 triệu VNĐ tùy thuộc vào hiệu suất làm việc.- Thưởng tháng lương 13 cùng nhiều hình thức thưởng hấp dẫn khác.- Thưởng thi đua hàng tháng, quý và năm.- Các chế độ thưởng cho các ngày lễ Tết (Tết dương lịch, âm lịch, 8/3, 2/9, 20/10,…), chế độ hiếu hỷ và sinh nhật.- Được hưởng phụ cấp xăng xe, điện thoại và công tác phí.- Được đóng BHXH theo q",tu_van,TimViec365,https://timviec365.vn/tuyen-chuyen-vien-tu-van-du-hoc-p2060513.html,2026-04-15T08:23:32.014272,easy,0.8,trung_binh,False,True,working,OK (200)
labor_timviec365_2060440,Tuyển Nhân viên Tư vấn,Công ty Cổ phần giải pháp thuê phòng trực tuyến ZINrooms,Giao Tiếp,Hồ Chí Minh,3000000,3000000,full-time,any,0,,"3.000.000 VNĐ | 24/05/2026 | Hồ Chí Minh | Tư vấn | Quyền lợi: - Thời gian làm việc linh hoạt, cho phép bạn đăng ký theo lịch cá nhân.- Làm việc chủ yếu online, chỉ cần đến văn phòng để tham gia các cuộc họp định kỳ.- Có thể dẫn khách hàng đi xem phòng tại khu vực gần nơi ở của bạn.- Lộ trình thăng tiến rõ ràng, tạo điều kiện cho sự nghiệp phát triển.- Môi trường làm việc năng động, hỗ trợ phát triển kỹ năng mềm và kinh nghiệm thực tế.- Thời gian làm việc linh hoạt, cho phép bạn đăng ký theo lịc",tu_van,TimViec365,https://timviec365.vn/tuyen-nhan-vien-tu-van-p2060440.html,2026-04-15T08:23:32.018150,easy,0.8,trung_binh,False,True,working,OK (200)
labor_timviec365_2060314,Tuyển Nhân Viên Tư Vấn,CÔNG TY TNHH DỊCH VỤ QUỐC TẾ TRƯỜNG VŨ,Giao Tiếp|Chăm Sóc,Hà Nội,20000000,20000000,full-time,any,0,,"20.000.000 VNĐ | 20/05/2026 | Hà Nội | Tư vấn | Quyền lợi: - Thời gian thử việc 1 tháng với mức lương cứng 85%.- Tăng lương định kỳ theo quy định của công ty.- Có chế độ thưởng vào các ngày lễ, Tết theo quy định của công ty.- Cung cấp máy tính và điện thoại cho nhân viên.- Môi trường làm việc chuyên nghiệp, có cơ hội thăng tiến.- Được tham gia BHXH, BHYT, BHTN theo quy định của Luật.- Được tham gia các hoạt động của tổ chức như sinh nhật, hiếu, hỉ, và chương trình nghỉ mát hàng năm.- Thời gian t",tu_van,TimViec365,https://timviec365.vn/tuyen-nhan-vien-tu-van-p2060314.html,2026-04-15T08:23:32.026613,medium,0.8,trung_binh,False,True,working,OK (200)
labor_timviec365_2060295,Tuyển Nhân Viên Tư Vấn Đặt Lịch Hẹn,Công ty Việt Tín Group,Giao Tiếp,Hồ Chí Minh,6000000,6000000,full-time,any,0,,"6.000.000 VNĐ | 20/05/2026 | Hồ Chí Minh | Tư vấn | Quyền lợi: *  Lương cơ bản từ 6.000.000 VNĐ/tháng + thưởng theo hiệu suất.*  Môi trường làm việc chuyên nghiệp, thân thiện.*  Cơ hội phát triển và mở rộng mối quan hệ.*  Đầy đủ chế độ bảo hiểm theo quy định.*  Lương cơ bản từ 6.000.000 VNĐ/tháng + thưởng theo hiệu suất.*  Môi trường làm việc chuyên nghiệp, thân thiện.*  Cơ hội phát triển và mở rộng mối quan hệ.*  Đầy đủ chế độ bảo hiểm theo quy định. | Yêu cầu: *  Kỹ năng giao tiếp, thuyết phục",tu_van,TimViec365,https://timviec365.vn/tuyen-nhan-vien-tu-van-djat-lich-hen-p2060295.html,2026-04-15T08:23:32.031635,easy,0.8,trung_binh,False,True,working,OK (200)
labor_timviec365_2060332,Tư Vấn Viên,Công ty cổ phần Vàng bạc Đá quý Phú Nhuận (PNJ),Giao Tiếp|Chăm Sóc,Vũng Tàu,15000000,15000000,full-time,any,0,,"15.000.000 VNĐ | 19/05/2026 | Bà Rịa Vũng Tàu | Tư vấn | Quyền lợi: Chế độ đãi ngộ cạnh tranh.Lương tương xứng năng lực.Thưởng hấp dẫn, bao gồm: Thưởng theo doanh số bán hàng; thưởng Tháng 13; thưởng KPIs; thưởng vào các dịp lễ tết.Chi phí Tiền ăn giữa ca, xăng, điện thoại, và các hỗ trợ chi phí khác theo vị trí và tính chất công việc.Thưởng đột xuất cho cá nhân có thành tích xuất sắc, Thưởng theo kết quả kinh doanh công ty...Các khoản đóng bảo hiểm được thực hiện theo Luật quy định.Bảo hiểm Xã ",tu_van,TimViec365,https://timviec365.vn/tu-van-vien-p2060332.html,2026-04-15T08:23:32.039170,medium,0.8,trung_binh,False,True,working,OK (200)
labor_timviec365_2060445,Tuyển Chuyên Viên Tư Vấn Sữa,CÔNG TY CỔ PHẦN PHÂN PHỐI VÀ BÁN LẺ QUỐC TẾ,Giao Tiếp,Hà Nội,13000000,13000000,temporary,any,0,,"13.000.000 VNĐ | 17/05/2026 | Hà Nội | Tư vấn | Quyền lợi: - Lương tháng 13 hấp dẫn, đảm bảo quyền lợi cho nhân viên.- Thời gian thử việc sẽ được tính bằng lương chính thức.- Sau 2 tháng thử việc, bạn sẽ được ký hợp đồng chính thức và tham gia đầy đủ các chế độ bảo hiểm xã hội, bảo hiểm y tế, bảo hiểm tai nạn 24/7.- Nghỉ phép năm theo quy định của pháp luật.- Lương tháng 13 hấp dẫn, đảm bảo quyền lợi cho nhân viên.- Thời gian thử việc sẽ được tính bằng lương chính thức.- Sau 2 tháng thử việc, bạ",tu_van,TimViec365,https://timviec365.vn/tuyen-chuyen-vien-tu-van-sua-p2060445.html,2026-04-15T08:23:32.045248,easy,0.3,trung_binh,False,True,working,OK (200)
labor_timviec365_2060152,Nhân Viên Tư Vấn Giáo Dục,CÔNG TY CỔ PHẦN ĐẦU TƯ GIÁO DỤC VÀ PHÁT TRIỂN CÔNG NGHỆ QUỐC TẾ LANGMASTER,Giao Tiếp|Chăm Sóc,Hà Nội,0,0,full-time,any,1,,"Thỏa thuận | 12/05/2026 | Hà Nội | Tư vấn | Quyền lợi: 1. CHẾ ĐỘ ĐÃI NGỘThu nhập trung bình từ 12.840.000 VNĐ/tháng, bao gồm lương cứng (Thỏa Thuận + % Hoa hồng + Thưởng).Thời gian làm việc: Thứ 2 - sáng thứ 7 (7,5h/ngày, từ 8h30 – 17h30, nghỉ trưa: 12h00 – 13h30)Trả lương đúng hạn trong mọi hoàn cảnh luôn là nguyên tắc bất di bất dịch tại HBR (Langmaster, Ielts LangGo, BingGo Leaders, Trường Doanh nhân HBR)Đóng BHXH theo quy định Luật lao độngHưởng 12 ngày phép/năm và các ngày phép bổ sung(theo",tu_van,TimViec365,https://timviec365.vn/nhan-vien-tu-van-giao-duc-p2060152.html,2026-04-15T08:23:32.055816,easy,0.8,trung_binh,False,True,working,OK (200)
labor_timviec365_2060071,Tuyển Nhân Viên Tư Vấn Việc làm,CÔNG TY TNHH PHÁT TRIỂN NGUỒN NHÂN LỰC BẢO SƠN,Giao Tiếp|Chăm Sóc,Hà Nội,15000000,15000000,full-time,any,0,,"15.000.000 VNĐ | 11/05/2026 | Hà Nội | Tư vấn | Quyền lợi: - Mức lương cứng từ 7,000,000 đến 10,000,000 (không phụ thuộc vào doanh số) + Phụ cấp ăn trưa + Hoa hồng.- Đảm bảo không nợ lương, không chậm lương và có phụ cấp ăn ca.- Thưởng lễ Tết và lương tháng 13 đầy đủ.- Được đào tạo kỹ năng tư vấn và chăm sóc khách hàng.- Được đóng bảo hiểm xã hội, bảo hiểm y tế, bảo hiểm thất nghiệp đầy đủ theo quy định của pháp luật.- Khám sức khỏe định kỳ, tham gia du lịch, teambuilding và các sự kiện nội bộ.-",tu_van,TimViec365,https://timviec365.vn/tuyen-nhan-vien-tu-van-viec-lam-p2060071.html,2026-04-15T08:23:32.059474,medium,0.8,trung_binh,False,True,working,OK (200)
labor_timviec365_2059985,Nhân viên Tư vấn tuyển sinh,Công ty TNHH Em biết đọc ( Hệ thống Trung tâm Anh ngữ I Can Read),Giao Tiếp|Chăm Sóc,Hồ Chí Minh,0,0,full-time,any,0,,"Thỏa thuận | 09/05/2026 | Hồ Chí Minh | Tư vấn | Quyền lợi: - Thu nhập lương cứng + Hoa hồng bán hàng;- Thử việc hưởng 100% lương;- Thưởng tuyển sinh và thưởng thành tích tập thể;- Được hưởng các chế độ bảo hiểm xã hội, bảo hiểm y tế và bảo hiểm thất nghiệp- 12 ngày phép/ năm.- Được đào tạo chuyên môn và kỹ năng liên quan đến công việc tư vấn và chăm sóc khách hàng.- Tham gia vào các sự kiện gắn kết nhân viên định kỳ hàng tháng, hàng quý.- Cơ hội thăng tiến lên vị trí cao hơn với lộ trình rõ ràn",tu_van,TimViec365,https://timviec365.vn/nhan-vien-tu-van-tuyen-sinh-p2059985.html,2026-04-15T08:23:32.062368,easy,0.8,trung_binh,False,True,working,OK (200)
labor_timviec365_2059971,NHÂN VIÊN TƯ VẤN,Shinhan Finance (CN Thuận An),Giao Tiếp|Chăm Sóc,Bình Dương,25000000,25000000,full-time,any,0,,"25 VNĐ | 09/05/2026 | Bình Dương | Tư vấn | Quyền lợi: *  Thu nhập: Từ 7 triệu VNĐ đến 25 triệu VNĐ/tháng (Lương cơ bản + Hoa hồng + Thưởng).*  Môi trường làm việc chuyên nghiệp, năng động, trẻ trung, có cơ hội thăng tiến.*  Được đào tạo bài bản về kỹ năng tư vấn, chăm sóc khách hàng và kiến thức sản phẩm.*  Các chế độ phúc lợi khác theo quy định của công ty.*  Thu nhập: Từ 7 triệu VNĐ đến 25 triệu VNĐ/tháng (Lương cơ bản + Hoa hồng + Thưởng).*  Môi trường làm việc chuyên nghiệp, năng động, trẻ ",tu_van,TimViec365,https://timviec365.vn/nhan-vien-tu-van-p2059971.html,2026-04-15T08:23:32.065182,medium,0.8,trung_binh,False,True,working,OK (200)
labor_timviec365_2059835,Nhân viên tư vấn tuyển sinh,Công ty cổ phần liên doanh phát triển bồi dưỡng nhân lực Blue Sky,Giao Tiếp,Hồ Chí Minh,8000000,8000000,full-time,any,0,,"8.000.000 VNĐ | 05/05/2026 | Hồ Chí Minh | Tư vấn | Quyền lợi: Lương cơ bản 8.000.000 VNĐ + hoa hồng (tổng thu nhập hấp dẫn)Được làm trong môi trường năng động, trẻ trungĐược thăng tiến trong công việc, và review lương định kìTeam building hằng nămĐược đào tạo về chuyên môn và kỹ năng công việcLương cơ bản 8.000.000 VNĐ + hoa hồng (tổng thu nhập hấp dẫn)Được làm trong môi trường năng động, trẻ trungĐược thăng tiến trong công việc, và review lương định kìTeam building hằng nămĐược đào tạo về chuy",tu_van,TimViec365,https://timviec365.vn/nhan-vien-tu-van-tuyen-sinh-p2059835.html,2026-04-15T08:23:42.948227,easy,0.8,trung_binh,False,True,working,OK (200)
labor_timviec365_2059794,Tuyển Nhân Viên Tư Vấn Tổng Đài Mạng Vinaphone,Công ty cổ phần Kasaco,Chăm Sóc,Hồ Chí Minh,13000000,13000000,temporary,any,0,,"13.000.000 VNĐ | 04/05/2026 | Hồ Chí Minh | Tư vấn | Quyền lợi: *  Thu nhập trung bình từ 6.200.000 VNĐ đến 13.000.000 VNĐ/tháng (bao gồm lương cơ bản, hoa hồng, thưởng KPI, thưởng top và tăng ca).*  Hỗ trợ 1.000.000 VNĐ cho khóa học.*  Thu nhập không giới hạn, có cơ hội tăng ca.*  Thưởng theo doanh số bán hàng, không áp doanh thu.*  Cơ hội thăng tiến và được đào tạo kỹ năng, nghiệp vụ chăm sóc khách hàng (03 tuần).*  Ký HĐLĐ, tham gia BHXH, BHYT, BHTN và các chế độ theo Luật Lao động.*  Hỗ trợ ",tu_van,TimViec365,https://timviec365.vn/tuyen-nhan-vien-tu-van-tong-djai-mang-vinaphone-p2059794.html,2026-04-15T08:23:42.955308,easy,0.3,trung_binh,False,True,working,OK (200)
labor_timviec365_2059750,Nhân viên tư vấn khách hàng,Dai-ichi Life Việt Nam,Giao Tiếp,Hà Nội,10000000,10000000,full-time,any,0,,"10 triệu | 03/05/2026 | Hà Nội | Tư vấn | Quyền lợi: • Thu nhập hấp dẫn:• - Lương cơ bản: 8 triệu/tháng.• Phúc lợi nổi bật:• - Tham gia chương trình đào tạo chuẩn Nhật Bản, phát triển kỹ năng mềm và chuyên môn.• - Cơ hội thăng tiến định kỳ 6 tháng/lần• - Du lịch, team building trong và ngoài nước theo tháng/quý/năm.• - Chế độ khen thưởng hấp dẫn, vinh danh thành tích tại các sự kiện lớn của công ty.• - Môi trường làm việc chuyên nghiệp – năng động – giàu năng lượng.• Thu nhập hấp dẫn:• - Lương c",tu_van,TimViec365,https://timviec365.vn/nhan-vien-tu-van-khach-hang-p2059750.html,2026-04-15T08:23:42.959951,easy,0.8,trung_binh,False,True,working,OK (200)
labor_timviec365_2059654,Nhân viên Tư vấn tuyển sinh tiếng Anh/tiếng Trung,Công Ty Cổ Phần Công Nghệ Prep,Tiếng Anh|Giao Tiếp,Hồ Chí Minh,30000000,30000000,full-time,any,0,,"30.000.000 VNĐ | 02/05/2026 | Hồ Chí Minh | Tư vấn | Quyền lợi: Lương cứng (tùy theo năng lực và kinh nghiệm): Full-time: 8.8400******0.000 vnd / thángThưởng doanh số (tổng thu nhập full-time 18 triệu - 30+++ triệu/tháng).Thử việc hưởng 85% lương cơ bản + 100% hoa hồng.Được đóng và hưởng chế độ BHXH, BHYT, BHTN theo đúng quy định của Pháp luật.Tháng lương thứ 13.Được tham gia bảo hiểm sức khỏe khi trở thành nhân viên chính thức.Được cung cấp Data ổn định, hàng ngày từ nguồn Marketing online.Môi ",tu_van,TimViec365,https://timviec365.vn/nhan-vien-tu-van-tuyen-sinh-tieng-anhtieng-trung-p2059654.html,2026-04-15T08:23:42.967808,hard,0.8,trung_binh,False,True,working,OK (200)
labor_timviec365_2059678,Tuyển Nhân Viên Kinh Doanh,CÔNG TY CỔ PHẦN GIAO DỊCH HÀNG HÓA GIA CÁT LỢI,Giao Tiếp,Hồ Chí Minh,5000000,5000000,temporary,any,0,,"5.000.000 VNĐ | 01/05/2026 | Hồ Chí Minh | Nhân viên kinh doanh, Tư vấn | Quyền lợi: &middot; Thu nhập: Lương cơ bản từ 5tr trở lên + Phụ cấp + Hoa hồng + Thưởng (Thu nhập không bị giới hạn)&middot; Được làm việc trong một môi trường năng động, chuyên nghiệp và không ngừng hướng đến sự đổi mới, sángtạo.&middot; Có cơ hội thăng tiến, lộ trình thăng tiến r&otilde; ràng&middot; Được hưởng các chế độ đãi ngộ theo Luật lao động, Luật BHXH.&middot; Đánh giá năng lực và điều chỉnh lương định kỳ hàng nă",tu_van,TimViec365,https://timviec365.vn/tuyen-nhan-vien-kinh-doanh-p2059678.html,2026-04-15T08:23:42.976402,easy,0.3,trung_binh,False,True,working,OK (200)
labor_timviec365_2059799,Nhân viên tư vấn và chăm sóc khách hàng,Công ty TNHH Dược phẩm Lĩnh Nam,,Hà Nội,9000000,9000000,full-time,any,1,,"9.000.000 VNĐ | 31/05/2026 | Hà Nội | Tư vấn | Quyền lợi: Phụ cấp thâm niên, có xét tăng lương cứng theo năm.Được đóng BHXH, BHYT, …khi lên chính thức, tổ chức sinh nhật, hiếu hỉ...đầy đủ.Thưởng sinh nhật, lễ, Tết, lương tháng 13.Du lịch hằng năm, team building,..(công ty tài trợ toàn bộ)Nhận lương ngày 12 hằng tháng.Phụ cấp thâm niên, có xét tăng lương cứng theo năm.Được đóng BHXH, BHYT, …khi lên chính thức, tổ chức sinh nhật, hiếu hỉ...đầy đủ.Thưởng sinh nhật, lễ, Tết, lương tháng 13.Du lịch h",tu_van,TimViec365,https://timviec365.vn/nhan-vien-tu-van-va-cham-soc-khach-hang-p2059799.html,2026-04-15T08:23:42.981956,easy,0.8,trung_binh,False,True,working,OK (200)
labor_timviec365_2059575,Tuyển Nhân Viên Bán Hàng,CÔNG TY TNHH TMDV HOME CARE DIGITAL,Excel|Giao Tiếp,Hồ Chí Minh,8000000,8000000,full-time,any,5,,"8.000.000 VNĐ | 30/05/2026 | Hồ Chí Minh, Bà Rịa Vũng Tàu | Tư vấn, Việc làm bán hàng, Nhân viên kinh doanh | Quyền lợi: - Mức lương cơ bản từ 8 triệu/1 tháng chưa bao gồm hoa hồng bán máy. - Nghỉ 02 ngày phép/1 tháng được tính lương  - Được làm việc trong môi trường thân thiện. có nhiều cơ hội học hỏi và phát triển - Bảo hiểm xã hội theo quy định nhà nước  - Bảo hiểm nhân thọ khi thâm niên tròn 5 năm liên tục.- Mức lương cơ bản từ 8 triệu/1 tháng chưa bao gồm hoa hồng bán máy.- Nghỉ 02 ngày phé",tu_van,TimViec365,https://timviec365.vn/tuyen-ke-toan-ban-hang-p2059575.html,2026-04-15T08:23:42.991791,hard,0.8,trung_binh,False,True,working,OK (200)
labor_timviec365_2059412,Nhân Viên Tư Vấn,CÔNG TY CỔ PHẦN CÔNG NGHỆ VINA SOFTWARE,Giao Tiếp,Hồ Chí Minh,0,0,full-time,any,0,,"Thỏa thuận | 28/05/2026 | Hồ Chí Minh | Tư vấn | Quyền lợi: - Được hưởng các chế độ, phúc lợi theo quy định của Luật lao động.- Được hỗ trợ, đào tạo kỹ năng công việc.- Xét tăng lương khi có thành tích tốt.- Có lộ trình thăng tiến,phát triển.- Khám sức khỏe định kỳ.- Tham gia vào các hoạt động tập thể, du lịch, teambuilding.- Được hưởng các chế độ, phúc lợi theo quy định của Luật lao động.- Được hỗ trợ, đào tạo kỹ năng công việc.- Xét tăng lương khi có thành tích tốt.- Có lộ trình thăng tiến,phá",tu_van,TimViec365,https://timviec365.vn/nhan-vien-tu-van-p2059412.html,2026-04-15T08:23:42.999102,easy,0.8,trung_binh,False,True,working,OK (200)
labor_timviec365_2058739,NHÂN VIÊN KINH DOANH,Cty TNHH Đào tạo và tư vấn VNB,Excel|Word|Giao Tiếp|Word|Chăm Sóc,Hà Nội,15000000,15000000,full-time,any,0,,"15.000.000 VNĐ | 27/05/2026 | Hà Nội | Chăm sóc khách hàng, Tư vấn | Quyền lợi: - Lương cứng + hoa hồng + Thưởng => Từ 8.000.000 VNĐ Đến 15.000.000 VNĐ/tháng hoặc hơn tuỳ theo doanh số đạt được- Thưởng hiệu suất làm việc hàng tháng, thưởng vượt doanh số, thưởng cuối năm theo quy định của công ty.- Thưởng Lễ, Tết, Hiếu, Hỉ- Đào tạo bài bản- Tham gia BHXH đầy đủ theo quy định. Nghỉ lễ theo lịch quốc gia.- Lương cứng + hoa hồng + Thưởng => Từ 8.000.000 VNĐ Đến 15.000.000 VNĐ/tháng hoặc hơn tuỳ theo",tu_van,TimViec365,https://timviec365.vn/tuyen-nhan-vien-tu-van-cham-soc-khach-hang-p2058739.html,2026-04-15T08:23:43.011519,medium,0.8,trung_binh,False,True,working,OK (200)
labor_timviec365_2059689,THỰC TẬP SINH TƯ VẤN TRIỂN KHAI PHẦN MỀM B2B,Công ty Cổ phần chuỗi bán lẻ Mini Min,Giao Tiếp,Hồ Chí Minh,2000000,2000000,full-time,any,0,,"2.000.000 VNĐ | 24/05/2026 | Hồ Chí Minh | Tư vấn | Quyền lợi: - Lương cơ bản: 1tr/tháng + thưởng hiệu suất + hoa hồng; - Du lịch/ teambuiding như nhân viên chính thức; - Hỗ trợ điện thoại, tiền điện thoại, chi phí làm việc;  - Làm việc trong môi trường trẻ, năng động, làm hết mình – chơi hết hồn;  - Được đào tạo kỹ năng – Kiến thức làm việc;  - Cơ hội thăng tiến lên vị trí chính thức.- Lương cơ bản: 1tr/tháng + thưởng hiệu suất + hoa hồng;- Du lịch/ teambuiding như nhân viên chính thức;- Hỗ trợ",tu_van,TimViec365,https://timviec365.vn/thuc-tap-sinh-tu-van-trien-khai-phan-mem-b2b-p2059689.html,2026-04-15T08:23:43.017949,easy,0.8,trung_binh,False,True,working,OK (200)
labor_timviec365_2059232,Nhân Viên Tư Vấn Tuyển Sinh,CÔNG TY CỔ PHẦN GIÁO DỤC VÀ ĐÀO TẠO ORO,Tiếng Anh|Giao Tiếp,Hồ Chí Minh,40000000,40000000,full-time,any,0,,"40.000.000 VNĐ | 23/05/2026 | Hồ Chí Minh | Tư vấn | Quyền lợi: - Mức lương cạnh tranh, thu nhập từ 6,8 triệu – 10 triệu (lương cứng) theo năng lực + Bonus cá nhân + % hoa hồng doanh thu. Thu nhập trung bình hằng tháng lên đến 40 triệu đồng.- Chế độ BHXH, BHYT, nghỉ lễ, sinh nhật đầy đủ cho nhân viên.- Tổ chức sinh nhật cho từng nhân sự.- Đồng đội tuyệt vời cùng những buổi team building và company trip thả ga.- Thưởng lớn nếu đạt Best sale.- Mức lương cạnh tranh, thu nhập từ6,8 triệu – 10 triệu ",tu_van,TimViec365,https://timviec365.vn/nhan-vien-tu-van-tuyen-sinh-full-time-p2059232.html,2026-04-15T08:23:43.027062,hard,0.8,trung_binh,False,True,working,OK (200)
labor_timviec365_2059228,Nhân Viên Tư Vấn Đi Làm Ngay,CÔNG TY WEB VPS,Giao Tiếp,Hồ Chí Minh,0,0,full-time,any,0,,"Thỏa thuận | 23/05/2026 | Hồ Chí Minh | Tư vấn | Quyền lợi: Thu nhập thỏa thuậnThưởng lương tháng 13 (1-4% tổng doanh thu cả năm)Thưởng gia hạn Host hàng năm 10% Được hưởng đầy đủ các chế độ theo quy định của pháp luật (BHYT, BHXH, BHTN) và các chế độ phúc lợi theo nội quy, quy chế của Công ty (tham quan, nghỉ mát, lương thưởng, nghỉ Tết lễ,…). Được làm việc trong môi trường chuyên nghiệp và thân thiện.Được hỗ trợ, đào tạo kỹ năng công việc Cơ hội thăng tiến và phát triển nghề nghiệp.Được đào tạ",tu_van,TimViec365,https://timviec365.vn/nhan-vien-tu-van-dji-lam-ngay-p2059228.html,2026-04-15T08:23:43.032414,easy,0.8,trung_binh,False,True,working,OK (200)
labor_timviec365_2059212,Nhân Viên Tư Vấn Kiêm CSKH Tại Thủ Đức (Data + Laptop Có Sẵn),Công ty TNHH Star Vik,,Hồ Chí Minh,0,0,full-time,any,0,,"Thỏa thuận | 23/05/2026 | Hồ Chí Minh | Tư vấn | Quyền lợi: *  Lương cứng: 6.000.000đ (Lương cơ bản + phụ cấp) + 3% HH + (50k - 100k/Đơn hàng) + Thưởng KPI.*  Lương cứng: 6.000.000đ (Lương cơ bản + phụ cấp) + 3% HH + (50k - 100k/Đơn hàng) + Thưởng KPI. | Yêu cầu: *  Độ tuổi: 18 - 30.*  Không yêu cầu kinh nghiệm (được đào tạo).*  Giọng nói rõ ràng, dễ nghe.*  Sử dụng thành thạo tin học văn phòng.*  Ưu tiên ứng viên có thể làm việc toàn thời gian.*  Độ tuổi: 18 - 30.*  Không yêu cầu kinh nghiệm (đ",tu_van,TimViec365,https://timviec365.vn/nhan-vien-tu-van-kiem-cskh-tai-thu-djuc-data-laptop-co-san-p2059212.html,2026-04-15T08:23:43.039742,easy,0.8,trung_binh,False,True,working,OK (200)
labor_timviec365_2059032,Chuyên Viên Cao Cấp Quản Lý Khách Hàng Ưu Tiên,NGÂN HÀNG QUỐC TẾ - VIB KIM ĐỒNG,,Hà Nội,25000000,25000000,temporary,any,0,,"25.000.000 VNĐ | 20/05/2026 | Hà Nội | Ngân hàng - Chứng khoán - Đầu tư, Nhân viên kinh doanh, Tư vấn | Quyền lợi: Thu nhập: Lương cứng 15-25 triệu/tháng + Lương kinh doanh + thưởng  Kí Hợp đồng lao động chính thức với VIB Bảo hiểm xã hội, Team building, Du lịch hàng năm, Thưởng hiệu quả làm việc, Khám sức khỏe định kỳ, Thưởng tháng 13 Ngày phép 15 ngày /năm và ngày lễ theo qui định luật lao động. Thưởng cuối năm theo hiệu quả làm việc Lộ trình thăng tiến r&otilde; ràng.Thu nhập: Lương cứng 15-2",tu_van,TimViec365,https://timviec365.vn/chuyen-vien-cao-cap-quan-ly-khach-hang-uu-tien-spb-p2059032.html,2026-04-15T08:23:43.043028,medium,0.3,trung_binh,False,True,working,OK (200)
labor_timviec365_2059107,Nhân Viên Kinh Doanh Kỹ Thuật,Viện công nghệ đo lường và chất chuẩn,Tiếng Anh|Giao Tiếp|Phục Vụ|Lái Xe|Bằng Lái,Hà Nội,20000000,20000000,full-time,any,1,,"20.000.000 VNĐ | 20/05/2026 | Hà Nội | Nhân viên kinh doanh, Tư vấn, Việc làm bán hàng | Quyền lợi: Thu nhập gồm: Lương cứng từ 20.000.000 VNĐ + 3% Hoa hồng trên doanh số Thu nhập trung bình: 20,000,000tr &ndash; đến không giới hạn với nhân viên xuất sắc.Được hưởng các chế độ phúc lợi theo quy định của công ty (Thưởng sinh nhật, các ngày lễ, Tết, thăm hỏi ốm đau, hiếu hỉ...)Tham gia du lịch, Teambuilding, các hoạt động nội bộ của công tyĐược hưởng 12 ngày nghỉ phép, nghỉ lễ, Tết theo quy định củ",tu_van,TimViec365,https://timviec365.vn/nhan-vien-kinh-doanh-ky-thuat-p2059107.html,2026-04-15T08:23:43.130685,medium,0.8,trung_binh,False,True,working,OK (200)
labor_timviec365_2058967,Tuyển Chuyên Viên Tư Vấn Giáo Dục,Công ty cổ phần giáo dục Edulife,,,50000000,50000000,full-time,any,1,,"50.000.000 VNĐ | 19/05/2026 | Toàn quốc | Tư vấn | Quyền lợi: Thu nhập: Lương cứng 10.000.000 VNĐ + Hoa hồng hấp dẫn (Thu nhập thực tế của nhân sự tại công ty từ 15.000.000 VNĐ – 50.000.000 VNĐ/tháng).- Thời gian làm việc: Thứ 2 – Thứ 6 (Từ 8h00 – 17h30, nghỉ trưa: 12h00 – 13h30). Có thể làm thêm vào thứ 7 hoặc chủ nhật tùy theo sản phẩm (cơ chế lương cứng phù hợp với từng sản phẩm).- Chế độ đãi ngộ: Được cung cấp DATA khách hàng tiềm năng; cơ hội thăng tiến và phát triển cao; tham gia các khóa ",tu_van,TimViec365,https://timviec365.vn/tuyen-chuyen-vien-tu-van-giao-duc-p2058967.html,2026-04-15T08:23:43.141594,hard,0.8,trung_binh,False,True,working,OK (200)
labor_timviec365_2058905,Tuyển Nhân Viên Tư Vấn,Công Ty CỔ PHẦN Đầu Tư & Phát Triển Bất Động Sản Phú Hưng,Giao Tiếp,Hồ Chí Minh,7000000,7000000,full-time,any,0,,"7.000.000 VNĐ | 17/05/2026 | Hồ Chí Minh | Tư vấn | Quyền lợi: - Thưởng nóng theo tuần, thưởng Tết âm lịch và lương tháng 13 hấp dẫn.- Ngày phép có lương.- Cơ hội tham gia du lịch trong và ngoài nước từ 2 - 3 lần mỗi năm.- Lộ trình thăng tiến rõ ràng và minh bạch.- Tham gia các hoạt động teambuilding, bóng đá, cầu lông hàng tháng.- Được đào tạo miễn phí về chuyên môn.- Văn phòng năng động, sạch đẹp và thân thiện.- Thưởng nóng theo tuần, thưởng Tết âm lịch và lương tháng 13 hấp dẫn.- Ngày phép có",tu_van,TimViec365,https://timviec365.vn/tuyen-nhan-vien-tu-van-p2058905.html,2026-04-15T08:23:43.151702,easy,0.8,trung_binh,False,True,working,OK (200)
labor_timviec365_2059108,Nhân viên tư vấn,Công Ty TNHH SKD GROUP,Giao Tiếp,Hồ Chí Minh,15000000,15000000,full-time,any,0,,"15.000.000 VNĐ | 15/05/2026 | Hồ Chí Minh | Tư vấn | Quyền lợi: Thu nhập 7 – 15 triệu/tháng trở lên(lương cứng+ hoa hồng+thưởng doanh số, thưởng thi đua).Được đào tạo các kỹ năng Sales, Website, Digital Marketing,…Kí HĐLĐ, Bảo hiểm, Nghỉ phép, thưởng tết.Tổ chức sinh nhật, tặng hoa,…Cơ hội thăng tiến lên các cấp bậc như trưởng nhóm, quản lý...Môi trường làm việc năng động, trẻ trung, nhiệt huyếtThu nhập 7 – 15 triệu/tháng trở lên(lương cứng+ hoa hồng+thưởng doanh số, thưởng thi đua).Được đào tạo",tu_van,TimViec365,https://timviec365.vn/nhan-vien-tu-van-p2059108.html,2026-04-15T08:23:43.157539,medium,0.8,trung_binh,False,True,working,OK (200)
labor_timviec365_2058815,Tuyển Nhân Viên Tư Vấn,JOBLINKS,Giao Tiếp|Phục Vụ,Hồ Chí Minh,9000000,9000000,full-time,any,1,,"9.000.000 VNĐ | 15/05/2026 | Hồ Chí Minh | Tư vấn | Quyền lợi: - Thử việc 100% lương.- 14 ngày phép năm + thưởng lương tháng 13.- Xét tăng lương định kỳ hàng năm.- Đóng đầy đủ BHXH, BHYT, BHTN và bảo hiểm sức khỏe.- Khám sức khỏe tổng quát hàng năm.- Có pantry và phòng nghỉ để phục vụ nhu cầu nhân viên.- Thử việc 100% lương.- 14 ngày phép năm + thưởng lương tháng 13.- Xét tăng lương định kỳ hàng năm.- Đóng đầy đủ BHXH, BHYT, BHTN và bảo hiểm sức khỏe.- Khám sức khỏe tổng quát hàng năm.- Có pantr",tu_van,TimViec365,https://timviec365.vn/tuyen-nhan-vien-tu-van-p2058815.html,2026-04-15T08:23:43.160783,easy,0.8,trung_binh,False,True,working,OK (200)
labor_timviec365_2058854,TUYỂN DỤNG TƯ VẤN VIÊN & KỸ THUẬT VIÊN SPA,Viện thẩm mỹ,Giao Tiếp,,30000000,30000000,full-time,any,0,,"30.000.000 VNĐ | 14/05/2026 | Quảng Ngãi | Tư vấn | Quyền lợi: 🎁 CHẾ ĐỘ ĐÃI NGỘ SIÊU TỐT:💸 Thu nhập không giới hạn – tính theo năng lực🎉 Thưởng doanh số, Lễ Tết, hiệu suất, thâm niên, thưởng nóng📈 Xét tăng lương định kỳ, cơ hội thăng tiến rõ ràng🎓 Được đào tạo bài bản, nâng cao tay nghề liên tục💖 Môi trường làm việc văn minh, hỗ trợ nhau như gia đình🎁 CHẾ ĐỘ ĐÃI NGỘ SIÊU TỐT:💸 Thu nhập không giới hạn – tính theo năng lực🎉 Thưởng doanh số, Lễ Tết, hiệu suất, thâm niên, thưởng nóng📈 Xét tăng lương",tu_van,TimViec365,https://timviec365.vn/tuyen-dung-tu-van-vien-and-ky-thuat-vien-spa-luong-cao-p2058854.html,2026-04-15T08:23:43.165835,hard,0.8,trung_binh,False,True,working,OK (200)
labor_timviec365_2058420,Tuyển nhân viên tư vấn,CapyHerb,Giao Tiếp,Hồ Chí Minh,8000000,8000000,full-time,any,0,,"8.000.000 VNĐ | 06/05/2026 | Hồ Chí Minh | Tư vấn | Quyền lợi: Có cơ hội nhận thưởng thêm dựa trên hiệu suất làm việc.- Xoay ca linh hoạt để phù hợp với nhu cầu cá nhân.Có cơ hội nhận thưởng thêm dựa trên hiệu suất làm việc.- Xoay ca linh hoạt để phù hợp với nhu cầu cá nhân. | Yêu cầu: Siêng năng, chăm chỉ và có tinh thần cầu tiến trong công việc.- Lịch sự, lễ phép và có khả năng giao tiếp tốt với khách hàng.Siêng năng, chăm chỉ và có tinh thần cầu tiến trong công việc.- Lịch sự, lễ phép và có k",tu_van,TimViec365,https://timviec365.vn/tuyen-nhan-vien-tu-van-p2058420.html,2026-04-15T08:23:43.172994,easy,0.8,trung_binh,False,True,working,OK (200)
labor_timviec365_2058320,Nhân Viên Tư Vấn Tuyển Sinh/ Nhân Viên Kinh Doanh,CÔNG TY CỔ PHẦN GIÁO DỤC VÀ ĐÀO TẠO ANT EDU,Giao Tiếp,Hà Nội,12000000,12000000,full-time,any,0,,"12.000.000 VNĐ | 03/05/2026 | Hà Nội | Tư vấn | Quyền lợi: Thu nhập hấp dẫn: Lương cứng từ 8.8400******0.000 VNĐ/tháng + Hoa hồng + Thưởng nóng hàng tuần và thưởng tăng tốc theo hiệu suất.Chính sách thử việc: Thử việc hưởng 100% lương cứng và mức hoa hồng như chính thức.Chính sách phúc lợi: Đóng đầy đủ BHXH, BHYT, BHTN theo quy định khi lên chính thức.Thưởng lễ, Tết, sinh nhật, 20/11 theo chính sách công ty.Cơ hội thăng tiến rõ ràng: Lộ trình phát triển lên vị trí Trưởng nhóm Tư vấn sau 6 - 12 t",tu_van,TimViec365,https://timviec365.vn/nhan-vien-tu-van-tuyen-sinh-nhan-vien-kinh-doanh-p2058320.html,2026-04-15T08:23:43.181080,easy,0.8,trung_binh,False,True,working,OK (200)
labor_timviec365_2058310,Tuyển Chuyên Viên Tư Vấn Tuyển Sinh,CÔNG TY TNHH PHÁT TRIỂN GIÁO DỤC TÂM MINH NGỌC,Giao Tiếp,Hải Phòng,26000000,26000000,full-time,any,0,,"26.000.000 VNĐ | 03/05/2026 | Hải Phòng | Tư vấn | Quyền lợi: Mức lương cứng từ 6,000,000 đến 26,000,000 VNĐ/tháng, được xét duyệt theo năng lực và hiệu suất làm việc.- Phụ cấp hiệu suất 1,000,000 VNĐ/tháng.- Thưởng theo bậc thang doanh thu từ 2,000,000 đến 13,000,000 VNĐ/tháng và thưởng nóng.- Đãi ngộ xứng tầm với đầy đủ chế độ BHXH, BHYT, thưởng lễ Tết, quà tặng sinh nhật, khám sức khỏe, du lịch trong và ngoài nước, teambuilding sôi động và ưu đãi học phí cho con, cùng nhiều phúc lợi độc quyền",tu_van,TimViec365,https://timviec365.vn/tuyen-chuyen-vien-tu-van-tuyen-sinh-p2058310.html,2026-04-15T08:23:43.188193,medium,0.8,trung_binh,False,True,working,OK (200)
labor_timviec365_2058218,Tuyển Nhân Viên Kinh Doanh Tư Vấn Sales Bất Động Sản,CÔNG TY CỔ PHẦN DKRA GROUP,,Hồ Chí Minh,6500000,6500000,full-time,any,0,,"6.500.000 VNĐ | 01/05/2026 | Hồ Chí Minh | KD bất động sản, Nhân viên kinh doanh, Tư vấn | Quyền lợi: C. QUYỀN LỢI&middot; LƯƠNG cố định: 6,5 triệu/ tháng (không phụ thuộc doanh số)&middot; Các khoản THU NHẬP khác theo năng lực không giới hạn:- Hoa hồng lên đến 2%/giá trị sản phẩm- Thưởng nóng lên đến 2%/giá trị sản phẩm.- Thưởng Qu&yacute; theo chính sách dự án- Thưởng cuối năm: lên đến 160 triệu/ năm- Thưởng Lễ/Tết + Thưởng thâm niên + Phúc lợi cho Gia đình nhân viên&middot; CHẾ ĐỘ: BHXH, BHYT",tu_van,TimViec365,https://timviec365.vn/tuyen-nhan-vien-kinh-doanh-tu-van-sales-bat-djong-san-p2058218.html,2026-04-15T08:23:43.194663,easy,0.8,trung_binh,False,True,working,OK (200)
labor_timviec365_2058580,NHÂN VIÊN PHÂN PHỐI BÁN HÀNG DSR,CÔNG TY TNHH SƠN ĐÔNG,Giao Tiếp|Phục Vụ|Lái Xe|Bằng Lái,Hà Nội,10000000,10000000,full-time,any,0,,"10.000.000 VNĐ | 01/05/2026 | Hà Nội | Nhân viên kinh doanh, Việc làm bán hàng, Tư vấn | Quyền lợi: - Thu nhập: Từ 23,4 triệu  - 31,4 triệu/tháng.Gồm:Lương bản (&ge; 9.7 triệu) + lương KD (KPI) + PC/TC (xăng xe, điện thoại,...) + các khoản thưởng khác (nếu có) - Lương tháng 13 theo quy định của công ty;- Được tham gia đầy đủ BHXH, BHYT theo quy định của pháp luật hiện hành;- Được đào tạo và huấn luyện bài bản trước khi vào làm việc. Được tham dự các khóa đào tạo tập trung của công ty.- Được cấp ",tu_van,TimViec365,https://timviec365.vn/nhan-vien-phan-phoi-ban-hang-dsr-p2058580.html,2026-04-15T08:23:43.198294,easy,0.8,trung_binh,False,True,working,OK (200)
