id,title,source,job_url,url_status,url_message
labor_timviec365_2066822,NHÂN VIÊN BẢO VỆ LƯƠNG 7-10TR/1 THÁNG,TimViec365,https://timviec365.vn/nhan-vien-bao-ve-luong-7-10tr1-thang-p2066822.html,working,OK (200)
labor_timviec365_2066765,TUYỂN BẢO VỆ LƯƠNG TỪ 8-10 TRIỆU,TimViec365,https://timviec365.vn/tuyen-nhan-vien-bao-ve-p2066765.html,working,OK (200)
labor_timviec365_2067086,Tuyển Nhân Viên Bảo Vệ,TimViec365,https://timviec365.vn/tuyen-nhan-vien-bao-ve-p2067086.html,working,OK (200)
labor_timviec365_2067062,Bảo Vệ Kho Nhà Bè,TimViec365,https://timviec365.vn/bao-ve-kho-nha-be-p2067062.html,working,OK (200)
labor_timviec365_2066889,Bảo vệ siêu thị,TimViec365,https://timviec365.vn/bao-ve-sieu-thi-p2066889.html,working,OK (200)
labor_timviec365_2066752,Tuyển nhân viên bảo vệ,TimViec365,https://timviec365.vn/tuyen-nhan-vien-bao-ve-p2066752.html,working,OK (200)
labor_timviec365_2066619,Nhân viên bảo vệ khu vực hồ chí minh,TimViec365,https://timviec365.vn/nhan-vien-bao-ve-khu-vuc-ho-chi-minh-p2066619.html,working,OK (200)
labor_timviec365_2066458,Bảo vệ bãi xe,TimViec365,https://timviec365.vn/bao-ve-bai-xe-p2066458.html,working,OK (200)
labor_timviec365_2066371,Nhân viên bảo vệ cho Tòa nhà,TimViec365,https://timviec365.vn/nhan-vien-bao-ve-cho-toa-nha-p2066371.html,working,OK (200)
labor_timviec365_2066090,🚨 Showroom Ô Tô Tuyển Gấp Bảo Vệ – Lương 8–12 Triệu – Phỏng Vấn Đi Làm Ngay,TimViec365,https://timviec365.vn/showroom-o-to-tuyen-gap-bao-ve-luong-8-12-trieu-phong-van-dji-lam-ngay-p2066090.html,working,OK (200)
labor_timviec365_2065843,Nhân Viên An Ninh/ Security Officer,TimViec365,https://timviec365.vn/nhan-vien-an-ninh-security-officer-p2065843.html,working,OK (200)
labor_timviec365_2065191,Tuyển dụng bảo vệ nội bộ,TimViec365,https://timviec365.vn/tuyen-dung-bao-ve-noi-bo-p2065191.html,working,OK (200)
labor_timviec365_2064593,Nhân Viên Tạp Vụ và Nhân Viên Bảo Vệ,TimViec365,https://timviec365.vn/nhan-vien-tap-vu-cleaner-va-nhan-vien-bao-ve-p2064593.html,working,OK (200)
labor_timviec365_2064613,TUYỂN DỤNG NHÂN VIÊN GIÁM SÁT TUẦN TRA,TimViec365,https://timviec365.vn/tuyen-dung-nhan-vien-giam-sat-tuan-tra-p2064613.html,working,OK (200)
labor_timviec365_2064330,CÔNG TY BẢO VỆ ƯNG LONG TUYỂN DỤNG NHÂN VIÊN BẢO VỆ – ĐI LÀM NGAY,TimViec365,https://timviec365.vn/cong-ty-bao-ve-ung-long-tuyen-dung-nhan-vien-bao-ve-dji-lam-ngay-p2064330.html,working,OK (200)
labor_timviec365_2063509,Nhân Viên An Ninh - Bảo Vệ,TimViec365,https://timviec365.vn/tuyen-nhan-vien-an-ninh-bao-ve-p2063509.html,working,OK (200)
labor_timviec365_2063911,Tuyển nhân viên bảo vệ,TimViec365,https://timviec365.vn/tuyen-nhan-vien-bao-ve-p2063911.html,working,OK (200)
labor_timviec365_2062710,Tuyển Quản lý Bãi Xe Chung Cư,TimViec365,https://timviec365.vn/tuyen-quan-ly-bai-xe-chung-cu-p2062710.html,working,OK (200)
labor_timviec365_2063082,BẢO VỆ THỦ ĐỨC,TimViec365,https://timviec365.vn/bao-ve-thu-djuc-p2063082.html,working,OK (200)
labor_timviec365_2062266,Nhân viên bảo vệ,TimViec365,https://timviec365.vn/nhan-vien-bao-ve-p2062266.html,working,OK (200)
labor_timviec365_2062197,"nhân viên bảo vệ chung cư, tòa nhà văn phòng",TimViec365,https://timviec365.vn/nhan-vien-bao-ve-chung-cu-toa-nha-van-phong-p2062197.html,working,OK (200)
labor_timviec365_2062143,tuyển nhân viên an ninh,TimViec365,https://timviec365.vn/tuyen-nhan-vien-an-ninh-p2062143.html,working,OK (200)
labor_timviec365_2061927,nhân viên bảo vệ,TimViec365,https://timviec365.vn/nhan-vien-bao-ve-p2061927.html,working,OK (200)
labor_timviec365_2061825,tuyển dụng nhân viên bảo vệ – đất võ 24h security,TimViec365,https://timviec365.vn/tuyen-dung-nhan-vien-bao-ve-djat-vo-24h-security-p2061825.html,working,OK (200)
labor_timviec365_2060795,Nhân Viên Bảo Vệ,TimViec365,https://timviec365.vn/nhan-vien-bao-ve-thu-nhap-len-djen-10tr-thang-p2060795.html,working,OK (200)
labor_timviec365_2061653,nhân viên bảo vệ ngân hàng tại từ sơn bắc ninh,TimViec365,https://timviec365.vn/nhan-vien-bao-ve-ngan-hang-tai-tu-son-bac-ninh-p2061653.html,working,OK (200)
labor_timviec365_2060826,"Tuyển nhân viên An Ninh, Bảo Vệ",TimViec365,https://timviec365.vn/tuyen-nhan-vien-an-ninh-bao-ve-p2060826.html,working,OK (200)
labor_timviec365_2060740,Giám sát bảo vệ,TimViec365,https://timviec365.vn/giam-sat-bao-ve-p2060740.html,working,OK (200)
labor_timviec365_2060396,Nhân viên bảo vệ,TimViec365,https://timviec365.vn/nhan-vien-bao-ve-p2060396.html,working,OK (200)
labor_timviec365_2059955,Tuyển Nhân Viên Bảo Vệ,TimViec365,https://timviec365.vn/tuyen-nhan-vien-bao-ve-p2059955.html,working,OK (200)
labor_timviec365_2059732,Nhân Viên Bảo Vệ,TimViec365,https://timviec365.vn/nhan-vien-bao-ve-p2059732.html,working,OK (200)
labor_timviec365_2059712,Nhân viên bảo vệ khu vực Hà Nội,TimViec365,https://timviec365.vn/nhan-vien-bao-ve-khu-vuc-ha-noi-p2059712.html,working,OK (200)
labor_timviec365_2059706,Bảo Vệ An Ninh Cơ Sở,TimViec365,https://timviec365.vn/bao-ve-an-ninh-co-so-p2059706.html,working,OK (200)
labor_timviec365_2059705,Nhân viên bảo vệ,TimViec365,https://timviec365.vn/nhan-vien-bao-ve-p2059705.html,working,OK (200)
labor_timviec365_2059704,Nhân viên Bảo vệ Saigon Co.op,TimViec365,https://timviec365.vn/nhan-vien-bao-ve-saigon-coop-p2059704.html,working,OK (200)
labor_timviec365_2058846,Tuyển dụng Nhân viên bảo vệ,TimViec365,https://timviec365.vn/tuyen-dung-nhan-vien-bao-ve-p2058846.html,working,OK (200)
labor_timviec365_2059349,"Nhân viên bảo vệ , lễ tân",TimViec365,https://timviec365.vn/nhan-vien-bao-ve-p2059349.html,working,OK (200)
labor_timviec365_2059368,Tuyển Tài xế lái xe nhân viên bảo vệ,TimViec365,https://timviec365.vn/tuyen-tai-xe-lai-xe-nhan-vien-bao-ve-p2059368.html,working,OK (200)
labor_timviec365_2059302,Nhân viên bảo vệ bãi xe,TimViec365,https://timviec365.vn/nhan-vien-bao-ve-bai-xe-p2059302.html,working,OK (200)
labor_timviec365_2059177,Tuyển nhân viên bảo vệ toà nhà,TimViec365,https://timviec365.vn/tuyen-nhan-vien-bao-ve-toa-nha-p2059177.html,working,OK (200)
labor_timviec365_2059622,nhân viên bảo vệ,TimViec365,https://timviec365.vn/nhan-vien-bao-ve-p2059622.html,working,OK (200)
labor_timviec365_2058962,Tuyển Bảo Vệ Nội Bộ,TimViec365,https://timviec365.vn/tuyen-bao-ve-noi-bo-p2058962.html,working,OK (200)
labor_timviec365_2058710,THÔNG BÁO TUYỂN DỤNG 01 ĐỘI TRƯỞNG ĐỘI BẢO VỆ,TimViec365,https://timviec365.vn/thong-bao-tuyen-dung-01-djoi-truong-djoi-bao-ve-p2058710.html,working,OK (200)
labor_timviec365_2058697,NHÂN VIÊN GIÁM SÁT DỊCH VỤ TÒA NHÀ,TimViec365,https://timviec365.vn/nhan-vien-giam-sat-dich-vu-toa-nha-p2058697.html,working,OK (200)
labor_timviec365_2058512,Tuyển Nhân viên An ninh,TimViec365,https://timviec365.vn/tuyen-nhan-vien-an-ninh-p2058512.html,working,OK (200)
labor_timviec365_2058126,Tuyển Nhân Viên An Ninh,TimViec365,https://timviec365.vn/tuyen-nhan-vien-an-ninh-p2058126.html,working,OK (200)
labor_timviec365_2057634,Nhân Viên Bảo Vệ Tại Cơ Sở Răng Hàm Mặt,TimViec365,https://timviec365.vn/nhan-vien-bao-ve-tai-co-so-rang-ham-mat-p2057634.html,working,OK (200)
labor_timviec365_2057144,Nhân viên bảo vệ,TimViec365,https://timviec365.vn/nhan-vien-bao-ve-p2057144.html,working,OK (200)
labor_timviec365_2056852,Nhân viên an ninh bệnh viện,TimViec365,https://timviec365.vn/nhan-vien-an-ninh-benh-vien-p2056852.html,working,OK (200)
labor_timviec365_2056652,NHÂN VIÊN BẢO VỆ,TimViec365,https://timviec365.vn/nhan-vien-bao-ve-p2056652.html,working,OK (200)
labor_timviec365_2056383,Đại học Văn Hiến cần tuyển bổ sung 5 bảo vệ nội bộ tại quận Tân Phú và quận 12,TimViec365,https://timviec365.vn/djai-hoc-van-hien-can-tuyen-bo-sung-5-bao-ve-noi-bo-tai-quan-tan-phu-va-quan-12-p2056383.html,working,OK (200)
labor_timviec365_2056442,NHÂN VIÊN BẢO VỆ - CA TRƯỞNG - ĐỘI TRƯỞNG BẢO VỆ,TimViec365,https://timviec365.vn/nhan-vien-bao-ve-ca-truong-djoi-truong-bao-ve-p2056442.html,working,OK (200)
labor_timviec365_2056120,Tuyển bảo vệ ca 24h,TimViec365,https://timviec365.vn/tuyen-bao-ve-ca-24h-p2056120.html,working,OK (200)
labor_timviec365_2055977,"TUYỂN DỤNG NHÂN VIÊN BẢO VỆ – THU NHẬP HẤP DẪN, PHÚC LỢI TỐT",TimViec365,https://timviec365.vn/tuyen-dung-nhan-vien-bao-ve-thu-nhap-hap-dan-phuc-loi-tot-p2055977.html,working,OK (200)
labor_timviec365_2055443,nhân viên bảo vệ,TimViec365,https://timviec365.vn/nhan-vien-bao-ve-p2055443.html,working,OK (200)
labor_timviec365_2055347,Security (Bảo vệ),TimViec365,https://timviec365.vn/security-bao-ve-p2055347.html,working,OK (200)
labor_timviec365_2055392,Tuyển Nhân Viên Bảo Vệ Nhà Máy,TimViec365,https://timviec365.vn/tuyen-nhan-vien-bao-ve-nha-may-p2055392.html,working,OK (200)
labor_timviec365_2055141,Bảo vệ công ty cổ phần cao su Drc đà nẵng,TimViec365,https://timviec365.vn/bao-ve-cong-ty-co-phan-cao-su-drc-dja-nang-p2055141.html,working,OK (200)
labor_timviec365_2053986,Tuyển nhân viên bảo vệ,TimViec365,https://timviec365.vn/tuyen-nhan-vien-bao-ve-p2053986.html,working,OK (200)
labor_timviec365_2053969,NHÂN VIÊN BẢO VỆ,TimViec365,https://timviec365.vn/nhan-vien-bao-ve-p2053969.html,working,OK (200)
labor_timviec365_2053000,nhân viên bảo vệ nhà máy,TimViec365,https://timviec365.vn/nhan-vien-bao-ve-nha-may-p2053000.html,working,OK (200)
labor_timviec365_2051091,Tuyển Nhân Viên Bảo Vệ Ngân Hàng Vietcombank Tại Tp.Hồ Chí Minh,TimViec365,https://timviec365.vn/tuyen-nhan-vien-bao-ve-ngan-hang-vietcombank-tai-tpho-chi-minh-p2051091.html,working,OK (200)
labor_timviec365_2052172,NHÂN VIÊN TRỰC SHOWROOM XE HƠI,TimViec365,https://timviec365.vn/nhan-vien-truc-showroom-xe-hoi-p2052172.html,working,OK (200)
labor_timviec365_2052027,nhân viên bảo vệ,TimViec365,https://timviec365.vn/nhan-vien-bao-ve-p2052027.html,working,OK (200)
labor_timviec365_2013446,BẢO VỆ CÔNG TRÌNH,TimViec365,https://timviec365.vn/bao-ve-cong-trinh-p2013446.html,working,OK (200)
labor_timviec365_860252,Tuyển 10 Bảo Vệ Nhà Máy Honda Vĩnh Phúc,TimViec365,https://timviec365.vn/tuyen-10-bao-ve-nha-may-honda-vinh-phuc-p860252.html,working,OK (200)
labor_timviec365_860256,Tuyển 15 Bảo Vệ Nhà Máy Honda Vĩnh Phúc,TimViec365,https://timviec365.vn/tuyen-15-bao-ve-nha-may-honda-vinh-phuc-p860256.html,working,OK (200)
labor_timviec365_860193,Tuyển 12 Nam Nữ Bảo Vệ Nhà Máy Sakurai Việt Nam ở thanh hóa,TimViec365,https://timviec365.vn/tuyen-12-nam-nu-bao-ve-nha-may-sakurai-viet-nam-o-thanh-hoa-p860193.html,working,OK (200)
labor_timviec365_860185,Tuyển 15 Nam Nữ Bảo Vệ Nhà Máy Sakurai Việt Nam ở thanh hóa,TimViec365,https://timviec365.vn/tuyen-15-nam-nu-bao-ve-nha-may-sakurai-viet-nam-o-thanh-hoa-p860185.html,working,OK (200)
labor_timviec365_860281,tuyển 15 nam bảo vệ FOXCONN HỒNG HẢI. { Vân Trung },TimViec365,https://timviec365.vn/tuyen-15-nam-bao-ve-foxconn-hong-hai-van-trung-p860281.html,working,OK (200)
labor_timviec365_860209,Tuyển 17 Nam Nữ Bảo Vệ Nhà Máy Sakurai Việt Nam ở thanh hóa,TimViec365,https://timviec365.vn/tuyen-17-nam-nu-bao-ve-nha-may-sakurai-viet-nam-o-thanh-hoa-p860209.html,working,OK (200)
labor_timviec365_860188,Tuyển 10 Nam Nữ Bảo Vệ Nhà Máy Sakurai Việt Nam ở thanh hóa,TimViec365,https://timviec365.vn/tuyen-10-nam-nu-bao-ve-nha-may-sakurai-viet-nam-o-thanh-hoa-p860188.html,working,OK (200)
labor_timviec365_860293,tuyển 10 nam bảo vệ FOXCONN HỒNG HẢI. { Vân Trung },TimViec365,https://timviec365.vn/tuyen-10-nam-bao-ve-foxconn-hong-hai-van-trung-p860293.html,working,OK (200)
labor_timviec365_783205,Nhân viên bảo vệ giám sát camera ca đêm,TimViec365,https://timviec365.vn/nhan-vien-bao-ve-giam-sat-camera-ca-dem-p783205.html,working,OK (200)
labor_timviec365_2066535,TUYỂN LÁI XE CONTAINER,TimViec365,https://timviec365.vn/lai-xe-container-p2066535.html,working,OK (200)
labor_timviec365_2066848,TUYỂN TÀI XẾ XE BỒN BÊ TÔNG (Bằng C Trở Lên),TimViec365,https://timviec365.vn/tuyen-tai-xe-xe-bon-be-tong-bang-c-tro-len-p2066848.html,working,OK (200)
labor_timviec365_2067054,Nhân Viên Lái Xe Tải Van 550kg,TimViec365,https://timviec365.vn/nhan-vien-lai-xe-tai-van-550kg-p2067054.html,working,OK (200)
labor_timviec365_2066995,Tuyển lái xe tải bằng C,TimViec365,https://timviec365.vn/tuyen-lai-xe-tai-bang-c-p2066995.html,working,OK (200)
labor_timviec365_2066951,Tuyển Nhân Viên Giao Hàng Bằng Xe Máy,TimViec365,https://timviec365.vn/tuyen-nhan-vien-giao-hang-bang-xe-may-p2066951.html,working,OK (200)
labor_timviec365_2066948,Nhân Viên Tài Xế Xe Bồn Bê Tông,TimViec365,https://timviec365.vn/nhan-vien-tai-xe-xe-bon-be-tong-p2066948.html,working,OK (200)
labor_timviec365_2066920,NHÂN VIÊN LÁI XE NÂNG,TimViec365,https://timviec365.vn/nhan-vien-lai-xe-nang-p2066920.html,working,OK (200)
labor_timviec365_2066833,"LÁI XE GIAO HÀNG XE TẢI 1,25 TẤN",TimViec365,https://timviec365.vn/lai-xe-giao-hang-xe-tai-125-tan-p2066833.html,working,OK (200)
labor_timviec365_2065767,Tuyển lái xe giao hàng,TimViec365,https://timviec365.vn/tuyen-lai-xe-giao-hang-p2065767.html,working,OK (200)
labor_timviec365_2066447,2 LÁI XE CA NGÀY 4 LÁI XE CA ĐÊM CHUYÊN TUYẾN SÂN BAY,TimViec365,https://timviec365.vn/2-lai-xe-ca-ngay-4-lai-xe-ca-djem-chuyen-tuyen-san-bay-p2066447.html,working,OK (200)
labor_timviec365_2066260,tuyển nhân viên lái xe,TimViec365,https://timviec365.vn/tuyen-nhan-vien-lai-xe-p2066260.html,working,OK (200)
labor_timviec365_2066247,Lái xe Nâng,TimViec365,https://timviec365.vn/lai-xe-nang-p2066247.html,working,OK (200)
labor_timviec365_2066240,Nhân Viên Lái Xe,TimViec365,https://timviec365.vn/nhan-vien-lai-xe-p2066240.html,working,OK (200)
labor_timviec365_2066217,tuyển tài xế,TimViec365,https://timviec365.vn/tuyen-tai-xe-p2066217.html,working,OK (200)
labor_timviec365_2066890,"Tuyển Tài Xế Oto Ở Khu Vực Q12, Gò Vấp",TimViec365,https://timviec365.vn/tuyen-tai-xe-oto-o-khu-vuc-q12-go-vap-p2066890.html,working,OK (200)
labor_timviec365_2066202,Tuyển dụng tài xế giao hàng mỹ phẩm,TimViec365,https://timviec365.vn/tuyen-dung-tai-xe-giao-hang-my-pham-p2066202.html,working,OK (200)
labor_timviec365_2065885,NHÂN VIÊN HÀNH CHÍNH-QUẢN LÝ GIẤY TỜ,TimViec365,https://timviec365.vn/nhan-vien-quan-ly-chat-luong-dich-vu-p2065885.html,working,OK (200)
labor_timviec365_2065029,NHÂN VIÊN LÁI XE,TimViec365,https://timviec365.vn/kien-truc-su-p2065029.html,working,OK (200)
labor_timviec365_2066003,Tài xế lái xe văn phòng,TimViec365,https://timviec365.vn/tai-xe-lai-xe-van-phong-p2066003.html,working,OK (200)
labor_timviec365_2065995,"Tài xế xe tải 1,9 tấn tại Thủ Đức",TimViec365,https://timviec365.vn/tai-xe-xe-tai-19-tan-tai-thu-djuc-p2065995.html,working,OK (200)
labor_timviec365_2065852,Tuyển Nhân viên Giao hàng bằng xe máy,TimViec365,https://timviec365.vn/tuyen-nhan-vien-giao-hang-bang-xe-may-p2065852.html,working,OK (200)
labor_timviec365_2065476,TUYỂN DỤNG LÁI MÁY ỦI – LÁI MÁY XÚC,TimViec365,https://timviec365.vn/tuyen-dung-lai-may-ui-lai-may-xuc-p2065476.html,working,OK (200)
labor_timviec365_2066437,Tuyển Lái Xe,TimViec365,https://timviec365.vn/tuyen-lai-xe-p2066437.html,working,OK (200)
labor_timviec365_2065408,Nhân viên Giao hàng/ đóng hàng,TimViec365,https://timviec365.vn/nhan-vien-giao-hang-djong-hang-p2065408.html,working,OK (200)
labor_timviec365_2065387,Tuyển lái xe công ty,TimViec365,https://timviec365.vn/tuyen-lai-xe-cong-ty-p2065387.html,working,OK (200)
labor_timviec365_2065242,Nhân viên Lái xe Giao hàng,TimViec365,https://timviec365.vn/nhan-vien-lai-xe-giao-hang-p2065242.html,working,OK (200)
labor_timviec365_2065234,Lái xe tải hạng C,TimViec365,https://timviec365.vn/lai-xe-tai-hang-c-p2065234.html,working,OK (200)
labor_timviec365_2065209,Nhân viên lái xe cho Giám đốc và văn phòng,TimViec365,https://timviec365.vn/nhan-vien-lai-xe-cho-giam-djoc-va-van-phong-p2065209.html,working,OK (200)
labor_timviec365_2065931,Lái xe chở hàng,TimViec365,https://timviec365.vn/lai-xe-cho-hang-p2065931.html,working,OK (200)
labor_timviec365_2051273,TUYỂN DỤNG TÀI XẾ LÁI XE TẢI,TimViec365,https://timviec365.vn/tai-xe-lai-xe-tai-p2051273.html,working,OK (200)
labor_timviec365_2065012,tuyển nhân viên giao hàng siêu thi,TimViec365,https://timviec365.vn/tuyen-nhan-vien-giao-hang-sieu-thi-p2065012.html,working,OK (200)
labor_timviec365_2064917,Nhân Viên Giao Nhận - Đi Làm Ngay,TimViec365,https://timviec365.vn/nhan-vien-giao-nhan-dji-lam-sau-tet-p2064917.html,working,OK (200)
labor_timviec365_2064800,NHÂN VIÊN LÁI XE NÂNG,TimViec365,https://timviec365.vn/nhan-vien-lai-xe-nang-p2064800.html,working,OK (200)
labor_timviec365_2064491,Tuyển nhân viên lái xe,TimViec365,https://timviec365.vn/tuyen-nhan-vien-lai-xe-p2064491.html,working,OK (200)
labor_timviec365_2064470,Nhân Viên Điều Phối Vận Tải,TimViec365,https://timviec365.vn/nhan-vien-djieu-phoi-van-tai-p2064470.html,working,OK (200)
labor_timviec365_2064350,Nhân viên điều hành giao hàng kênh siêu thị,TimViec365,https://timviec365.vn/nhan-vien-djieu-hanh-giao-hang-kenh-sieu-thi-p2064350.html,working,OK (200)
labor_timviec365_2064286,Tuyển nhân viên điều phối xe tải,TimViec365,https://timviec365.vn/tuyen-nhan-vien-djieu-phoi-xe-tai-p2064286.html,working,OK (200)
labor_timviec365_2064185,Tuyển Dụng – TÀI XẾ,TimViec365,https://timviec365.vn/tuyen-dung-tai-xe-p2064185.html,working,OK (200)
labor_timviec365_2064191,Nhân viên tài xế ô tô Fulltime,TimViec365,https://timviec365.vn/nhan-vien-tai-xe-o-to-fulltime-p2064191.html,working,OK (200)
labor_timviec365_2064186,Tuyển nhân viên giao hàng xe máy,TimViec365,https://timviec365.vn/tuyen-nhan-vien-giao-hang-xe-may-p2064186.html,working,OK (200)
labor_timviec365_2064419,Nhân Viên Giao Hàng Kho,TimViec365,https://timviec365.vn/nhan-vien-giao-hang-kho-p2064419.html,working,OK (200)
labor_timviec365_2064048,Nhân viên Lái xe,TimViec365,https://timviec365.vn/nhan-vien-lai-xe-p2064048.html,working,OK (200)
labor_timviec365_2064033,Tuyển nhân viên lái xe,TimViec365,https://timviec365.vn/tuyen-nhan-vien-lai-xe-p2064033.html,working,OK (200)
labor_timviec365_2063931,Tài xế riêng,TimViec365,https://timviec365.vn/tai-xe-rieng-p2063931.html,working,OK (200)
labor_timviec365_2063895,Tuyển Lái xe (KCN QUANG MINH),TimViec365,https://timviec365.vn/tuyen-lai-xe-kcn-quang-minh-p2063895.html,working,OK (200)
labor_timviec365_2062718,Nhân Viên Giao Nhận - Bưu Ta,TimViec365,https://timviec365.vn/nhan-vien-giao-nhan-buu-ta-p2062718.html,working,OK (200)
labor_timviec365_2064146,Lái xe van,TimViec365,https://timviec365.vn/lai-xe-van-p2064146.html,working,OK (200)
labor_timviec365_2063772,Chuyên viên Điều hành Đội xe,TimViec365,https://timviec365.vn/chuyen-vien-djieu-hanh-djoi-xe-p2063772.html,working,OK (200)
labor_timviec365_2063722,Tuyển Nhân Viên Lái Xe,TimViec365,https://timviec365.vn/tuyen-nhan-vien-lai-xe-p2063722.html,working,OK (200)
labor_timviec365_2063694,Nhân viên Lái xe,TimViec365,https://timviec365.vn/nhan-vien-lai-xe-p2063694.html,working,OK (200)
labor_timviec365_2063556,Nhân viên giao hàng tại Hà Nội,TimViec365,https://timviec365.vn/nhan-vien-giao-hang-lam-viec-tai-ha-noi-p2063556.html,working,OK (200)
labor_timviec365_2063455,TÀI XẾ LÁI XE CUỐC,TimViec365,https://timviec365.vn/tai-xe-lai-xe-cuoc-p2063455.html,working,OK (200)
labor_timviec365_2063178,Tài Xế Xe Bồn - Đi Làm Ngay,TimViec365,https://timviec365.vn/tai-xe-xe-bon-dji-lam-ngay-p2063178.html,working,OK (200)
labor_timviec365_2062899,Nhân Viên Tài Xế,TimViec365,https://timviec365.vn/nhan-vien-tai-xe-p2062899.html,working,OK (200)
labor_timviec365_2062930,Nhân viên lái xe nâng,TimViec365,https://timviec365.vn/nhan-vien-lai-xe-nang-p2062930.html,working,OK (200)
labor_timviec365_2062719,Tài Xế Lái Xe Văn Phòng Viettiep Crystal,TimViec365,https://timviec365.vn/tai-xe-lai-xe-van-phong-viettiep-crystal-p2062719.html,working,OK (200)
labor_timviec365_2062698,Tài xế chuyển nhà,TimViec365,https://timviec365.vn/tai-xe-chuyen-nha-p2062698.html,working,OK (200)
labor_timviec365_2062670,Tuyển nhân viên lái xe,TimViec365,https://timviec365.vn/tuyen-nhan-vien-lai-xe-p2062670.html,working,OK (200)
labor_timviec365_2063050,Nhân viên Lái xe nâng - KCN VSIP Bắc Ninh,TimViec365,https://timviec365.vn/nhan-vien-lai-xe-nang-kcn-vsip-bac-ninh-p2063050.html,working,OK (200)
labor_timviec365_2062450,Nhân viên điều độ vận tải,TimViec365,https://timviec365.vn/nhan-vien-djieu-djo-van-tai-p2062450.html,working,OK (200)
labor_timviec365_2062425,Tài xế Giao hàng tại Hà Nội,TimViec365,https://timviec365.vn/tai-xe-giao-hang-tai-ha-noi-p2062425.html,working,OK (200)
labor_timviec365_2062307,Tuyển tài xế xe tải,TimViec365,https://timviec365.vn/tuyen-tai-xe-xe-tai-p2062307.html,working,OK (200)
labor_timviec365_2062271,Nhân Viên Lái Xe,TimViec365,https://timviec365.vn/nhan-vien-lai-xe-p2062271.html,working,OK (200)
labor_timviec365_2061671,TUYỂN TÀI XẾ XE TẢI,TimViec365,https://timviec365.vn/tuyen-tai-xe-lai-xe-p2061671.html,working,OK (200)
labor_timviec365_2061918,Tuyển Nhân Viên Lái Xe B2 Đến D,TimViec365,https://timviec365.vn/tuyen-nhan-vien-lai-xe-b2-djen-d-p2061918.html,working,OK (200)
labor_timviec365_2062114,chuyên viên hành chính phụ trách quản lý phương tiện vận tải,TimViec365,https://timviec365.vn/chuyen-vien-hanh-chinh-phu-trach-quan-ly-phuong-tien-van-tai-p2062114.html,working,OK (200)
labor_timviec365_2062076,nhân viên giao hàng,TimViec365,https://timviec365.vn/nhan-vien-giao-hang-p2062076.html,working,OK (200)
labor_timviec365_2062055,nhân viên phụ xe,TimViec365,https://timviec365.vn/nhan-vien-phu-xe-p2062055.html,working,OK (200)
labor_timviec365_2062031,tuyển nhân viên lái xe trộn,TimViec365,https://timviec365.vn/tuyen-nhan-vien-lai-xe-tron-p2062031.html,working,OK (200)
labor_timviec365_2061949,nhân viên giao hàng xe tải nước uống đóng bình,TimViec365,https://timviec365.vn/nhan-vien-giao-hang-xe-tai-nuoc-uong-djong-binh-p2061949.html,working,OK (200)
labor_timviec365_2061826,tuyển nhanh _ lái xe tải và phụ xe giao nhận bánh kẹo,TimViec365,https://timviec365.vn/tuyen-nhanh-lai-xe-tai-va-phu-xe-giao-nhan-banh-keo-p2061826.html,working,OK (200)
labor_timviec365_2061819,tuyển tài xế,TimViec365,https://timviec365.vn/tuyen-tai-xe-p2061819.html,working,OK (200)
labor_timviec365_2061670,Nhân viên giao hàng xe tải van 500kg - Mặt hàng trái cây - Đi làm ngay,TimViec365,https://timviec365.vn/nhan-vien-giao-hang-xe-tai-van-500kg-mat-hang-trai-cay-dji-lam-ngay-p2061670.html,working,OK (200)
labor_timviec365_2060724,Tài xế lái xe,TimViec365,https://timviec365.vn/tai-xe-lai-xe-p2060724.html,working,OK (200)
labor_timviec365_2060723,Tuyển Nhân Viên Hiện Trường OPS,TimViec365,https://timviec365.vn/tuyen-nhan-vien-hien-truong-ops-p2060723.html,working,OK (200)
labor_timviec365_2061179,Tuyển Lái Xe B2,TimViec365,https://timviec365.vn/tuyen-lai-xe-b2-p2061179.html,working,OK (200)
labor_timviec365_2060612,Tuyển nhân viên giao hàng bằng xe máy,TimViec365,https://timviec365.vn/tuyen-nhan-vien-giao-hang-bang-xe-may-p2060612.html,working,OK (200)
labor_timviec365_2060547,Nhân Viên Lái Xe,TimViec365,https://timviec365.vn/nhan-vien-lai-xe-p2060547.html,working,OK (200)
labor_timviec365_2060287,Tuyển lái xe cho giám đốc tại Hà Nội,TimViec365,https://timviec365.vn/tuyen-lai-xe-cho-giam-djoc-ha-noi-p2060287.html,working,OK (200)
labor_timviec365_2060271,Tuyển Nhân viên Giao hàng Hỏa tốc,TimViec365,https://timviec365.vn/tuyen-nhan-vien-giao-hang-hoa-toc-p2060271.html,working,OK (200)
labor_timviec365_2060199,Nhân viên lái xe chở hàng,TimViec365,https://timviec365.vn/nhan-vien-lai-xe-cho-hang-p2060199.html,working,OK (200)
labor_timviec365_2060027,Tuyển Tài xế BGĐ,TimViec365,https://timviec365.vn/tuyen-tai-xe-bgdj-p2060027.html,working,OK (200)
labor_timviec365_2059903,Tài xế xe tải,TimViec365,https://timviec365.vn/tai-xe-xe-tai-p2059903.html,working,OK (200)
labor_timviec365_2059824,ĐIỀU ĐỘ CONTAINER,TimViec365,https://timviec365.vn/djieu-djo-container-p2059824.html,working,OK (200)
labor_timviec365_2059797,Tuyển tài xế B2 chạy xe tải nhẹ,TimViec365,https://timviec365.vn/tuyen-tai-xe-b2-chay-xe-tai-nhe-p2059797.html,working,OK (200)
labor_timviec365_2059669,Lái xe lãnh đạo,TimViec365,https://timviec365.vn/lai-xe-lanh-djao-p2059669.html,working,OK (200)
labor_timviec365_2059368,Tuyển Tài xế lái xe nhân viên bảo vệ,TimViec365,https://timviec365.vn/tuyen-tai-xe-lai-xe-nhan-vien-bao-ve-p2059368.html,working,OK (200)
labor_timviec365_2059087,Lái Xe Tải Bằng C,TimViec365,https://timviec365.vn/lai-xe-tai-bang-c-p2059087.html,working,OK (200)
labor_timviec365_2059077,Tuyển Lái Xe Cứu Hộ,TimViec365,https://timviec365.vn/tuyen-lai-xe-cuu-ho-va-lai-xe-tai-bang-c-p2059077.html,working,OK (200)
labor_timviec365_2059372,TUYỂN LÁI XE DỊCH VỤ BẰNG B2,TimViec365,https://timviec365.vn/lai-xe-dich-vu-bang-b2-p2059372.html,working,OK (200)
labor_timviec365_2058960,Nhân viên Giao hàng Xe máy,TimViec365,https://timviec365.vn/nhan-vien-giao-hang-xe-may-p2058960.html,working,OK (200)
labor_timviec365_2058920,"Tài xế xe tải (xe van, 1T25, 1T9, 5T, 8T)",TimViec365,https://timviec365.vn/tai-xe-xe-tai-xe-van-1t25-1t9-5t-8t-p2058920.html,working,OK (200)
labor_timviec365_2058919,Tuyển nhân viên giao vận,TimViec365,https://timviec365.vn/tuyen-nhan-vien-giao-van-p2058919.html,working,OK (200)
labor_timviec365_2058880,Tài Xế Lái Xe Giao Nhận Hàng Hoá Bằng B2,TimViec365,https://timviec365.vn/tai-xe-lai-xe-giao-nhan-hang-hoa-bang-b2-p2058880.html,working,OK (200)
labor_timviec365_2057896,Nhân viên giao hàng bằng xe máy,TimViec365,https://timviec365.vn/nhan-vien-giao-hang-bang-xe-may-p2057896.html,working,OK (200)
labor_timviec365_2058495,Tuyển Nhân Viên Giao Hàng,TimViec365,https://timviec365.vn/tuyen-nhan-vien-giao-hang-p2058495.html,working,OK (200)
labor_timviec365_2058362,Tuyển tài xế xe bồn,TimViec365,https://timviec365.vn/tuyen-tai-xe-xe-bon-p2058362.html,working,OK (200)
labor_timviec365_2058565,Tài Xế Lái Xe Cho Tổng Giám Đốc,TimViec365,https://timviec365.vn/tai-xe-lai-xe-cho-tong-giam-djoc-p2058565.html,working,OK (200)
labor_timviec365_2057948,TUYỂN NHÂN VIÊN GIAO HÀNG,TimViec365,https://timviec365.vn/tuyen-nhan-vien-giao-hang-p2057948.html,working,OK (200)
labor_timviec365_2057894,Tuyển Lái Xe Bằng C,TimViec365,https://timviec365.vn/tuyen-lai-xe-bang-c-p2057894.html,working,OK (200)
labor_timviec365_2058309,Tuyển nhân viên giao hàng TN 2 CHỮ SỐ,TimViec365,https://timviec365.vn/tuyen-nhan-vien-giao-hang-tn-2-chu-so-p2058309.html,working,OK (200)
labor_timviec365_2058163,Tuyển Tài xế xe máy điện Xanh SM Bike,TimViec365,https://timviec365.vn/tuyen-tai-xe-xe-may-djien-xanh-sm-bike-p2058163.html,working,OK (200)
labor_timviec365_2057560,Tuyển Lái Xe Tải Nhẹ và Phụ Xe Giao Hàng Bánh Kẹo,TimViec365,https://timviec365.vn/tuyen-lai-xe-tai-nhe-co-bo-tuc-va-phu-xe-giao-hang-banh-keo-p2057560.html,working,OK (200)
labor_timviec365_2057454,Tuyển Sale B2B - Dịch vụ vận tải,TimViec365,https://timviec365.vn/tuyen-sale-b2b-dich-vu-van-tai-p2057454.html,working,OK (200)
labor_timviec365_2057282,Nhân viên lái xe tải,TimViec365,https://timviec365.vn/nhan-vien-lai-xe-tai-p2057282.html,working,OK (200)
labor_timviec365_2056306,Lái xe Cơ giới xe nâng hàng xe điện  xe dầu,TimViec365,https://timviec365.vn/lai-xe-co-gioi-xe-nang-hang-xe-djien-xe-dau-p2056306.html,working,OK (200)
labor_timviec365_2056305,LÁI XE ĐẦU KÉO SOMI ROMOOC,TimViec365,https://timviec365.vn/lai-xe-djau-keo-somi-romooc-p2056305.html,working,OK (200)
labor_timviec365_2057176,Nhân Viên Lái Xe,TimViec365,https://timviec365.vn/nhan-vien-lai-xe-p2057176.html,working,OK (200)
labor_timviec365_2057061,Nhân viên kho kiêm giao hàng xe máy,TimViec365,https://timviec365.vn/nhan-vien-kho-kiem-giao-hang-xe-may-p2057061.html,working,OK (200)
labor_timviec365_2056736,Nhân viên lái xe du lịch & dự án,TimViec365,https://timviec365.vn/nhan-vien-lai-xe-du-lich-and-du-an-p2056736.html,working,OK (200)
labor_timviec365_2056549,Tuyển Tài Xế Xe Van (950 Kg),TimViec365,https://timviec365.vn/tuyen-tai-xe-xe-van-950-kg-p2056549.html,working,OK (200)
labor_timviec365_2056429,Công nhân lái máy,TimViec365,https://timviec365.vn/cong-nhan-lai-may-p2056429.html,working,OK (200)
labor_timviec365_2056390,Lái xe bán tải Toyota Hilux giao hàng tại Hà Nội,TimViec365,https://timviec365.vn/lai-xe-ban-tai-toyota-hilux-giao-hang-tai-ha-noi-p2056390.html,working,OK (200)
labor_timviec365_2056388,Tuyển lái xe cá nhân,TimViec365,https://timviec365.vn/tuyen-lai-xe-ca-nhan-p2056388.html,working,OK (200)
labor_timviec365_2056378,Tài xế Lái xe Đầu kéo Container,TimViec365,https://timviec365.vn/tai-xe-lai-xe-djau-keo-container-p2056378.html,working,OK (200)
labor_timviec365_2056327,Nhân viên lái xe,TimViec365,https://timviec365.vn/nhan-vien-lai-xe-p2056327.html,working,OK (200)
labor_timviec365_2056287,"Nhân viên vận hành tại Thanh Trì, Hà Nội",TimViec365,https://timviec365.vn/nhan-vien-van-hanh-tai-thanh-tri-ha-noi-p2056287.html,working,OK (200)
labor_timviec365_2056257,TUYỂN DỤNG LÁI XE VẬN HÀNH TRANG THIẾT BỊ MẶT ĐẤT,TimViec365,https://timviec365.vn/tuyen-dung-lai-xe-van-hanh-trang-thiet-bi-mat-djat-p2056257.html,working,OK (200)
labor_timviec365_2056260,TÀI XẾ XANH SM,TimViec365,https://timviec365.vn/tai-xe-xanh-sm-p2056260.html,working,OK (200)
labor_timviec365_2056097,Tài xế giao hàng xe tải,TimViec365,https://timviec365.vn/tai-xe-giao-hang-xe-tai-p2056097.html,working,OK (200)
labor_timviec365_2055984,TÀI XẾ ĐẦU KÉO,TimViec365,https://timviec365.vn/tai-xe-djau-keo-p2055984.html,working,OK (200)
labor_timviec365_2055855,Nhân viên Lái xe Văn phòng,TimViec365,https://timviec365.vn/nhan-vien-lai-xe-van-phong-p2055855.html,working,OK (200)
labor_timviec365_2055804,TUYỂN DỤNG 2 TÀI XẾ DẤU D CHỞ HÀNG CHO CÔNG TY,TimViec365,https://timviec365.vn/tuyen-dung-2-tai-xe-dau-d-cho-hang-cho-cong-ty-p2055804.html,working,OK (200)
labor_timviec365_2055786,Kĩ thuật viên sửa chữa xe máy yamaha,TimViec365,https://timviec365.vn/ki-thuat-vien-sua-chua-xe-may-yamaha-p2055786.html,working,OK (200)
labor_timviec365_2055701,Nhân viên giao nhận suất ăn,TimViec365,https://timviec365.vn/nhan-vien-giao-nhan-suat-an-p2055701.html,working,OK (200)
labor_timviec365_2066897,🚨 TUYỂN NV KINH DOANH – THU NHẬP 8–35TR,TimViec365,https://timviec365.vn/tuyen-nv-kinh-doanh-thu-nhap-8-35tr-p2066897.html,working,OK (200)
labor_timviec365_2066806,NHÂN VIÊN KINH DOANH Ô TÔ FORD,TimViec365,https://timviec365.vn/nhan-vien-kinh-doanh-o-to-ford-p2066806.html,working,OK (200)
labor_timviec365_2066025,🔥 TUYỂN NHÂN VIÊN KINH DOANH THU NHẬP 10 ĐẾN 20TR – KHÔNG ĐI THỊ TRƯỜNG,TimViec365,https://timviec365.vn/tuyen-nhan-vien-kinh-doanh-thu-nhap-10-djen-18tr-khong-dji-thi-truong-p2066025.html,working,OK (200)
labor_timviec365_2066626,TUYỂN DỤNG NHÂN VIÊN ĐẶT HÀNG LÀM Ở QUỐC OAI,TimViec365,https://timviec365.vn/tuyen-dung-nhan-vien-djat-hang-lam-o-quoc-oai-p2066626.html,working,OK (200)
labor_timviec365_2065947,TUYỂN NHÂN VIÊN BÁN HÀNG MỸ PHẨM NV NAM KHO lương hấp dẫn,TimViec365,https://timviec365.vn/tuyen-nhan-vien-ban-hang-my-pham-nv-nam-kho-luong-hap-dan-p2065947.html,working,OK (200)
labor_timviec365_2067087,Nhân Viên Kinh Doanh,TimViec365,https://timviec365.vn/nhan-vien-kinh-doanh-p2067087.html,working,OK (200)
labor_timviec365_2066817,TUYỂN GẤP NHÂN VIÊN BÁN HÀNG - NHÂN VIÊN CONTENT MEDIA,TimViec365,https://timviec365.vn/tuyen-gap-nhan-vien-ban-hang-nhan-vien-content-media-p2066817.html,working,OK (200)
labor_timviec365_2066993,TUYỂN NHÂN VIÊN BÁN HÀNG BIẾT TIẾNG ANH -PHÁP-NHẬT-TRUNG LƯƠNG TỪ 9-13 TRIỆU,TimViec365,https://timviec365.vn/tuyen-nhan-vien-ban-hang-luong-tu-trieu-p2066993.html,working,OK (200)
labor_timviec365_2066744,NHÂN VIÊN KINH DOANH XE OTÔ CŨ,TimViec365,https://timviec365.vn/nhan-vien-kinh-doanh-xe-oto-cu-p2066744.html,working,OK (200)
labor_timviec365_2067079,NHÂN VIÊN KINH DOANH THIẾT BỊ Y TẾ,TimViec365,https://timviec365.vn/nhan-vien-kinh-doanh-thiet-bi-y-te-p2067079.html,working,OK (200)
labor_timviec365_2067058,Nhân Viên Kinh Doanh,TimViec365,https://timviec365.vn/nhan-vien-kinh-doanh-p2067058.html,working,OK (200)
labor_timviec365_2067044,NHÂN VIÊN CỬA HÀNG,TimViec365,https://timviec365.vn/nhan-vien-cua-hang-p2067044.html,working,OK (200)
labor_timviec365_2067033,Nhân Viên Sales (bán Hàng Gỗ Nội Thất),TimViec365,https://timviec365.vn/nhan-vien-sales-ban-hang-go-noi-that-p2067033.html,working,OK (200)
labor_timviec365_2067026,Trưởng Phòng Kinh Doanh,TimViec365,https://timviec365.vn/truong-phong-kinh-doanh-p2067026.html,working,OK (200)
labor_timviec365_2066988,Nhân viên Livestream,TimViec365,https://timviec365.vn/nhan-vien-livestream-p2066988.html,working,OK (200)
labor_timviec365_2066971,Nhân viên kinh doanh căn hộ cao cấp,TimViec365,https://timviec365.vn/nhan-vien-kinh-doanh-can-ho-cao-cap-p2066971.html,working,OK (200)
labor_timviec365_2066959,Nhân viên Kinh doanh,TimViec365,https://timviec365.vn/nhan-vien-kinh-doanh-p2066959.html,working,OK (200)
labor_timviec365_2066924,Telesales Bất Động Sản,TimViec365,https://timviec365.vn/telesales-bat-djong-san-p2066924.html,working,OK (200)
labor_timviec365_2066915,Tuyển Nhân Viên Bán Hàng,TimViec365,https://timviec365.vn/tuyen-nhan-vien-ban-hang-p2066915.html,working,OK (200)
labor_timviec365_2066863,Nhân viên Kinh doanh,TimViec365,https://timviec365.vn/nhan-vien-kinh-doanh-p2066863.html,working,OK (200)
labor_timviec365_2066838,Nhân viên bán hàng TTTM GO Mall Bà Rịa,TimViec365,https://timviec365.vn/nhan-vien-ban-hang-tttm-go-mall-ba-ria-p2066838.html,working,OK (200)
labor_timviec365_2066808,Nhân viên Thu ngân,TimViec365,https://timviec365.vn/nhan-vien-thu-ngan-p2066808.html,working,OK (200)
labor_timviec365_2066799,Nhân Viên Kinh Doanh Phát Triển Thị Trường Ngành Thực Phẩm Đông Lạnh - Giờ Giấc Linh Hoạt (Nhận Việc Ngay),TimViec365,https://timviec365.vn/nhan-vien-ban-hang-kho-thuc-pham-p2066799.html,working,OK (200)
labor_timviec365_2066762,Cửa Hàng Trưởng & Cửa Hàng Phó (Full-Time),TimViec365,https://timviec365.vn/cua-hang-truong-and-cua-hang-pho-full-time-p2066762.html,working,OK (200)
labor_timviec365_2066690,Tuyển Chuyên Viên Sales May Mặc,TimViec365,https://timviec365.vn/tuyen-chuyen-vien-sales-may-mac-p2066690.html,working,OK (200)
labor_timviec365_2066661,"Nhân viên bán hàng, thiết kế và kho",TimViec365,https://timviec365.vn/nhan-vien-ban-hang-thiet-ke-va-kho-p2066661.html,working,OK (200)
labor_timviec365_2066659,CẦN TÌM ĐỒNG ĐỘI PHỤ BÁN HÀNG - TPHCM,TimViec365,https://timviec365.vn/can-tim-djong-djoi-phu-ban-hang-tphcm-p2066659.html,working,OK (200)
labor_timviec365_2066644,Nhân Viên Telesales Múi Giờ Mỹ (Thu Nhập Cao),TimViec365,https://timviec365.vn/nhan-vien-telesales-mui-gio-my-thu-nhap-cao-p2066644.html,working,OK (200)
labor_timviec365_2066630,NHÂN VIÊN TƯ VẤN CHỐT ĐƠN SỈ THỜI TRANG,TimViec365,https://timviec365.vn/nhan-vien-tu-van-chot-djon-si-thoi-trang-p2066630.html,working,OK (200)
labor_timviec365_2066612,Nhân viên SALE AI Mảng Chatbot bán hàng,TimViec365,https://timviec365.vn/nhan-vien-sale-ai-mang-chatbot-ban-hang-p2066612.html,working,OK (200)
labor_timviec365_2066554,Nhân viên kinh doanh thực phẩm đông lạnh,TimViec365,https://timviec365.vn/nhan-vien-kinh-doanh-thuc-pham-djong-lanh-p2066554.html,working,OK (200)
labor_timviec365_2066549,"Nhân Viên Bán Hàng - Nhân viên Thu Ngân (Phủ Lý, Hà Nam)",TimViec365,https://timviec365.vn/nhan-vien-ban-hang-nhan-vien-thu-ngan-phu-ly-ha-nam-p2066549.html,working,OK (200)
labor_timviec365_2066528,NHÂN VIÊN BÁN HÀNG tại BÀ RỊA - VŨNG TÀU,TimViec365,https://timviec365.vn/nhan-vien-ban-hang-tai-ba-ria-vung-tau-p2066528.html,working,OK (200)
labor_timviec365_2066516,NHÂN VIÊN KINH DOANH,TimViec365,https://timviec365.vn/nhan-vien-kinh-doanh-p2066516.html,working,OK (200)
labor_timviec365_2066497,Tuyển nhân viên kinh doanh,TimViec365,https://timviec365.vn/tuyen-nhan-vien-kinh-doanh-p2066497.html,working,OK (200)
labor_timviec365_2065320,CÔNG NHÂN NAM LÀM VIỆC TẠI XƯỞNG và NHÂN VIÊN BÁN HÀNG NỮ (FULL-TIME & PART-TIME),TimViec365,https://timviec365.vn/cong-nhan-nam-lam-viec-tai-xuong-p2065320.html,working,OK (200)
labor_timviec365_2066374,Trưởng Nhóm Sale Online,TimViec365,https://timviec365.vn/truong-nhom-sale-online-p2066374.html,working,OK (200)
labor_timviec365_2066365,Tuyển nhân viên kinh doanh,TimViec365,https://timviec365.vn/tuyen-nhan-vien-kinh-doanh-p2066365.html,working,OK (200)
labor_timviec365_2066337,"nhân viên kinh doanh, tư vấn bán hàng keo dán và sơn",TimViec365,https://timviec365.vn/nhan-vien-kinh-doanh-tu-van-ban-hang-keo-dan-va-son-p2066337.html,working,OK (200)
labor_timviec365_2066297,Nhân Viên kinh Doanh,TimViec365,https://timviec365.vn/nhan-vien-kinh-doanh-p2066297.html,working,OK (200)
labor_timviec365_2066291,Tuyển Nhân Viên Kinh Doanh,TimViec365,https://timviec365.vn/tuyen-nhan-vien-kinh-doanh-p2066291.html,working,OK (200)
labor_timviec365_2066288,Cửa hàng trưởng,TimViec365,https://timviec365.vn/cua-hang-truong-p2066288.html,working,OK (200)
labor_timviec365_2066265,NHÂN VIÊN KINH DOANH,TimViec365,https://timviec365.vn/nhan-vien-kinh-doanh-p2066265.html,working,OK (200)
labor_timviec365_2066258,Nhân Viên Sale Marketing,TimViec365,https://timviec365.vn/nhan-vien-sale-marketing-p2066258.html,working,OK (200)
labor_timviec365_2066252,"Nhân Viên Bán Hàng - Cửa Hàng Thời Trang Thái Tuấn (Phố Huế, Hà Nội)",TimViec365,https://timviec365.vn/nhan-vien-ban-hang-cua-hang-thoi-trang-thai-tuan-ha-nam-ha-noi-p2066252.html,working,OK (200)
labor_timviec365_2062581,TELESALE - CHĂM SÓC KHÁCH HÀNG,TimViec365,https://timviec365.vn/nhan-vien-tu-van-p2062581.html,working,OK (200)
labor_timviec365_2066067,Nhân viên tư vấn bán hàng,TimViec365,https://timviec365.vn/nhan-vien-tu-van-ban-hang-p2066067.html,working,OK (200)
labor_timviec365_2066062,Nhân viên sale thị trường máy bơm công nghiệp,TimViec365,https://timviec365.vn/nhan-vien-sale-thi-truong-may-bom-cong-nghiep-p2066062.html,working,OK (200)
labor_timviec365_2066058,Nhân viên Kinh doanh,TimViec365,https://timviec365.vn/nhan-vien-kinh-doanh-p2066058.html,working,OK (200)
labor_timviec365_2066782,Chuyên viên Thương mại,TimViec365,https://timviec365.vn/chuyen-vien-thuong-mai-p2066782.html,working,OK (200)
labor_timviec365_2066011,bán hàng sữa Yakult,TimViec365,https://timviec365.vn/ban-hang-sua-yakult-p2066011.html,working,OK (200)
labor_timviec365_2065963,Sales & Marketing Manager,TimViec365,https://timviec365.vn/marketing-manager-p2065963.html,working,OK (200)
labor_timviec365_2066456,Tuyển Nhân viên bán hàng,TimViec365,https://timviec365.vn/tuyen-nhan-vien-ban-hang-p2066456.html,working,OK (200)
labor_timviec365_2066359,Nhân Viên Cửa Hàng Hoa Trái Cây (Part-time),TimViec365,https://timviec365.vn/nhan-vien-cua-hang-hoa-trai-cay-part-time-p2066359.html,working,OK (200)
labor_timviec365_2065854,Tuyển nhân viên bán hàng,TimViec365,https://timviec365.vn/tuyen-nhan-vien-ban-hang-p2065854.html,working,OK (200)
labor_timviec365_2065851,Nhân viên Sales Showroom,TimViec365,https://timviec365.vn/nhan-vien-admin-p2065851.html,working,OK (200)
labor_timviec365_2065700,Nhân viên Tư vấn nội thất (10-50tr),TimViec365,https://timviec365.vn/nhan-vien-tu-van-noi-that-1015tr-thang-p2065700.html,working,OK (200)
labor_timviec365_2065705,Nhân viên kinh doanh,TimViec365,https://timviec365.vn/nhan-vien-kinh-doanh-p2065705.html,working,OK (200)
labor_timviec365_2065662,"Nhân viên bán hàng không yêu cầu kinh nghiệm, bằng cấp, ngoại hình",TimViec365,https://timviec365.vn/nhan-vien-ban-hang-khong-yeu-cau-kinh-nghiem-bang-cap-ngoai-hinh-p2065662.html,working,OK (200)
labor_timviec365_2065642,Tuyển Nhân Viên Kinh Doanh Nhựa Đường,TimViec365,https://timviec365.vn/tuyen-nhan-vien-kinh-doanh-nhua-djuong-p2065642.html,working,OK (200)
labor_timviec365_2066315,Nhân viên bán hàng (Full-time),TimViec365,https://timviec365.vn/nhan-vien-ban-hang-full-time-p2066315.html,working,OK (200)
labor_timviec365_2065579,NHÂN VIÊN KINH DOANH,TimViec365,https://timviec365.vn/nhan-vien-kinh-doanh-p2065579.html,working,OK (200)
labor_timviec365_2065520,Tuyển nhân viên kinh doanh,TimViec365,https://timviec365.vn/tuyen-nhan-vien-kinh-doanh-p2065520.html,working,OK (200)
labor_timviec365_2065488,Nhân Viên Kinh Doanh,TimViec365,https://timviec365.vn/nhan-vien-kinh-doanh-p2065488.html,working,OK (200)
labor_timviec365_2065480,Nhân viên Kế toán,TimViec365,https://timviec365.vn/nhan-vien-ke-toan-p2065480.html,working,OK (200)
labor_timviec365_2065475,Nhân viên bán hàng,TimViec365,https://timviec365.vn/nhan-vien-ban-hang-p2065475.html,working,OK (200)
labor_timviec365_2066138,tuyển nhân viên bán hàng (thời vụ 2 tháng),TimViec365,https://timviec365.vn/tuyen-nhan-vien-ban-hang-thoi-vu-2-thang-p2066138.html,working,OK (200)
labor_timviec365_2065695,Tuyển Nhân Viên Kinh Doanh - Chăm Sóc Khách Hàng,TimViec365,https://timviec365.vn/tuyen-nhan-vien-kinh-doanh-cham-soc-khach-hang-p2065695.html,working,OK (200)
labor_timviec365_2065437,[HCM] Nhân viên Kinh doanh tại showroom Quận 6,TimViec365,https://timviec365.vn/hcm-nhan-vien-kinh-doanh-tai-showroom-quan-6-p2065437.html,working,OK (200)
labor_timviec365_2065431,Nhân Viên Kinh Doanh,TimViec365,https://timviec365.vn/nhan-vien-kinh-doanh-p2065431.html,working,OK (200)
labor_timviec365_2063950,NHÂN VIÊN KINH DOANH THỊ TRƯỜNG (NAM) Lương cứng 10-12 triệu,TimViec365,https://timviec365.vn/nhan-vien-kinh-doanh-thi-truong-nam-luong-cung-1012-trieu-p2063950.html,working,OK (200)
labor_timviec365_2065342,Nhân Viên Tư Vấn Khách Hàng,TimViec365,https://timviec365.vn/nhan-vien-tu-van-khach-hang-p2065342.html,working,OK (200)
labor_timviec365_2065273,Nhân Viên Kinh Doanh – Marketing,TimViec365,https://timviec365.vn/nhan-vien-kinh-doanh-marketing-p2065273.html,working,OK (200)
labor_timviec365_2065216,Nhân Viên Bán Hàng Thương hiệu thời trang Nam Generos,TimViec365,https://timviec365.vn/nhan-vien-ban-hang-thuong-hieu-thoi-trang-nam-generos-p2065216.html,working,OK (200)
labor_timviec365_2065208,Nhân Viên Kinh Doanh/ Bán Hàng - Không Kinh Nghiệm,TimViec365,https://timviec365.vn/nhan-vien-kinh-doanh-ban-hang-khong-kinh-nghiem-p2065208.html,working,OK (200)
labor_timviec365_2051576,NHÂN VIÊN KINH DOANH,TimViec365,https://timviec365.vn/nhan-vien-kinh-doanh-hoa-trai-cay-p2051576.html,working,OK (200)
labor_timviec365_2065156,NHÂN VIÊN KINH DOANH (SALES EXECUTIVE),TimViec365,https://timviec365.vn/nhan-vien-kinh-doanh-sales-executive-p2065156.html,working,OK (200)
labor_timviec365_2065101,Tổ trưởng Nhà hàng,TimViec365,https://timviec365.vn/to-truong-nha-hang-p2065101.html,working,OK (200)
labor_timviec365_2063952,Nhân Viên Kinh Doanh/Sales - TP. HCM & Hà Nội,TimViec365,https://timviec365.vn/nhan-vien-kinh-doanhsales-tp-hcm-and-ha-noi-p2063952.html,working,OK (200)
labor_timviec365_2065067,Nhân viên Kinh doanh online - Cộng tác viên Kinh doanh online,TimViec365,https://timviec365.vn/nhan-vien-kinh-doanh-online-cong-tac-vien-kinh-doanh-online-p2065067.html,working,OK (200)
labor_timviec365_2065066,Nhân viên tiếp thị,TimViec365,https://timviec365.vn/nhan-vien-tiep-thi-pgpa-p2065066.html,working,OK (200)
labor_timviec365_2065020,nhân viên kinh doanh,TimViec365,https://timviec365.vn/nhan-vien-kinh-doanh-p2065020.html,working,OK (200)
labor_timviec365_2065001,Tư vấn bán hàng xe ô tô BYD,TimViec365,https://timviec365.vn/tu-van-ban-hang-xe-o-to-byd-p2065001.html,working,OK (200)
labor_timviec365_2064980,Nhân Viên Telesale,TimViec365,https://timviec365.vn/nhan-vien-telesale-thu-nhap-hap-dan-p2064980.html,working,OK (200)
labor_timviec365_2064979,Nhân viên kinh doanh,TimViec365,https://timviec365.vn/nhan-vien-kinh-doanh-p2064979.html,working,OK (200)
labor_timviec365_2064830,Nhân viên kinh doanh,TimViec365,https://timviec365.vn/nhan-vien-kinh-doanh-p2064830.html,working,OK (200)
labor_timviec365_2064821,Sales Staff,TimViec365,https://timviec365.vn/sales-staff-p2064821.html,working,OK (200)
labor_timviec365_2064816,Tuyển Nhân Viên Bán Hàng Trang Sức,TimViec365,https://timviec365.vn/tuyen-nhan-vien-ban-hang-trang-suc-p2064816.html,working,OK (200)
labor_timviec365_2064792,Nhân viên Kinh doanh tại showroom Nghệ An,TimViec365,https://timviec365.vn/nhan-vien-kinh-doanh-tai-showroom-nghe-an-p2064792.html,working,OK (200)
labor_timviec365_2064791,Nhân viên bán hàng kiêm kỹ thuật,TimViec365,https://timviec365.vn/nhan-vien-ban-hang-kiem-ky-thuat-p2064791.html,working,OK (200)
labor_timviec365_2064773,TUYỂN DỤNG NHÂN VIÊN SALE – BÁN HÀNG,TimViec365,https://timviec365.vn/tuyen-dung-nhan-vien-sale-ban-hang-p2064773.html,working,OK (200)
labor_timviec365_2064751,Nhân viên Bán hàng - Nhận việc ngay,TimViec365,https://timviec365.vn/nhan-vien-ban-hang-nhan-viec-ngay-p2064751.html,working,OK (200)
labor_timviec365_2064726,NHÂN VIÊN KINH DOANH - HCM801,TimViec365,https://timviec365.vn/nhan-vien-kinh-doanh-hcm801-p2064726.html,working,OK (200)
labor_timviec365_2064712,nhân viên kinh doanh,TimViec365,https://timviec365.vn/nhan-vien-kinh-doanh-p2064712.html,working,OK (200)
labor_timviec365_2064701,Nhân Viên Bán Hàng,TimViec365,https://timviec365.vn/nhan-vien-ban-hang-p2064701.html,working,OK (200)
labor_timviec365_2064699,Tuyển Nhân viên Bán hàng Thời trang,TimViec365,https://timviec365.vn/tuyen-nhan-vien-ban-hang-thoi-trang-p2064699.html,working,OK (200)
labor_timviec365_2064680,Nhân viên Bán vé Part-time,TimViec365,https://timviec365.vn/nhan-vien-ban-ve-part-time-p2064680.html,working,OK (200)
labor_timviec365_2064644,Trưởng nhóm kinh doanh miền Bắc,TimViec365,https://timviec365.vn/truong-nhom-kinh-doanh-mien-bac-p2064644.html,working,OK (200)
labor_timviec365_2064622,Nhân viên kinh doanh,TimViec365,https://timviec365.vn/nhan-vien-kinh-doanh-p2064622.html,working,OK (200)
labor_timviec365_2064608,Nhân viên Support (Support saler),TimViec365,https://timviec365.vn/nhan-vien-support-support-saler-p2064608.html,working,OK (200)
labor_timviec365_2064458,Nhân viên kinh doanh thiết bị điện,TimViec365,https://timviec365.vn/nhan-vien-kinh-doanh-thiet-bi-djien-p2064458.html,working,OK (200)
labor_timviec365_2064238,Nhân viên Bán hàng Trực tuyến Biết Tiếng Anh,TimViec365,https://timviec365.vn/nhan-vien-ban-hang-truc-tuyen-p2064238.html,working,OK (200)
labor_timviec365_2064898,Trưởng Nhóm Direct Sale/ Bán Hàng Trực Tiếp,TimViec365,https://timviec365.vn/truong-nhom-direct-sale-ban-hang-truc-tiep-p2064898.html,working,OK (200)
labor_timviec365_2064306,Tuyển nhân viên tư vấn bán hàng,TimViec365,https://timviec365.vn/tuyen-nhan-vien-tu-van-ban-hang-p2064306.html,working,OK (200)
labor_timviec365_2064277,Nhân viên kinh doanh,TimViec365,https://timviec365.vn/nhan-vien-kinh-doanh-p2064277.html,working,OK (200)
labor_timviec365_2064269,Nhân viên bán hàng,TimViec365,https://timviec365.vn/nhan-vien-ban-hang-p2064269.html,working,OK (200)
labor_timviec365_2064500,Nhân viên bán hàng,TimViec365,https://timviec365.vn/nhan-vien-ban-hang-p2064500.html,working,OK (200)
labor_timviec365_2064486,Sales Intern,TimViec365,https://timviec365.vn/sales-intern-p2064486.html,working,OK (200)
labor_timviec365_2064193,CẦN ĐỒNG ĐỘI ĐĂNG TIN NHÀ PHỐ - LÀM VIỆC TẠI HCM - ĐÀO TẠO MIỄN PHÍ,TimViec365,https://timviec365.vn/can-djong-djoi-djang-tin-nha-pho-lam-viec-tai-hcm-djao-tao-mien-phi-p2064193.html,working,OK (200)
labor_timviec365_2064169,Leader Sale Marketing,TimViec365,https://timviec365.vn/leader-sale-marketing-p2064169.html,working,OK (200)
labor_timviec365_2064155,Nhân viên Trực page/Sale inbox,TimViec365,https://timviec365.vn/nhan-vien-truc-pagesale-inbox-p2064155.html,working,OK (200)
labor_timviec365_2064038,Tuyển nhân viên kinh doanh B2B,TimViec365,https://timviec365.vn/tuyen-nhan-vien-kinh-doanh-b2b-p2064038.html,working,OK (200)
labor_timviec365_2064037,NHÂN VIÊN SALE ONLINE,TimViec365,https://timviec365.vn/nhan-vien-sale-online-p2064037.html,working,OK (200)
labor_timviec365_2063899,Nhân Viên Kinh Doanh Ngành F&B,TimViec365,https://timviec365.vn/nhan-vien-kinh-doanh-nganh-fandb-p2063899.html,working,OK (200)
labor_timviec365_2063897,Nhân Viên Kinh Doanh Ngành Mỹ Phẩm Và TPBS,TimViec365,https://timviec365.vn/nhan-vien-kinh-doanh-nganh-my-pham-va-tpbs-p2063897.html,working,OK (200)
labor_timviec365_2063878,Tuyển Nhân Viên Kinh Doanh,TimViec365,https://timviec365.vn/tuyen-nhan-vien-kinh-doanh-p2063878.html,working,OK (200)
labor_timviec365_2064342,Nhân viên Bán vé Part-time,TimViec365,https://timviec365.vn/nhan-vien-ban-ve-part-time-p2064342.html,working,OK (200)
labor_timviec365_2064030,Sales B2B (Sản Phẩm Mẹ & Bé / Chăm Sóc Sức Khỏe / Làm Đẹp),TimViec365,https://timviec365.vn/sales-b2b-san-pham-me-and-be-cham-soc-suc-khoe-lam-djep-p2064030.html,working,OK (200)
labor_timviec365_2063795,NHÂN VIÊN SALE - ADMIN MỚI RA TRƯỜNG HOẶC 1-2 NĂM KN,TimViec365,https://timviec365.vn/nhan-vien-sale-admin-moi-ra-truong-hoac-1-2-nam-kn-p2063795.html,working,OK (200)
labor_timviec365_2063770,CỘNG TÁC VIÊN / CHUYÊN VIÊN KINH DOANH,TimViec365,https://timviec365.vn/cong-tac-vien-chuyen-vien-kinh-doanh-p2063770.html,working,OK (200)
labor_timviec365_2063763,"NHÂN VIÊN KINH DOANH ỐC, VÍT",TimViec365,https://timviec365.vn/nhan-vien-kinh-doanh-oc-vit-p2063763.html,working,OK (200)
labor_timviec365_2063760,Tuyển nhân viên kinh doanh,TimViec365,https://timviec365.vn/tuyen-nhan-vien-kinh-doanh-p2063760.html,working,OK (200)
labor_timviec365_2063755,Tuyển Nhân Viên Bán Hàng,TimViec365,https://timviec365.vn/tuyen-nhan-vien-ban-hang-p2063755.html,working,OK (200)
labor_timviec365_2063700,CỘNG TÁC VIÊN / CHUYÊN VIÊN KINH DOANH,TimViec365,https://timviec365.vn/cong-tac-vien-chuyen-vien-kinh-doanh-p2063700.html,working,OK (200)
labor_timviec365_2063683,Sale Food Service (Sale Horeca),TimViec365,https://timviec365.vn/sale-food-service-sale-horeca-p2063683.html,working,OK (200)
labor_timviec365_2067055,Nhân Viên Phục Vụ,TimViec365,https://timviec365.vn/nhan-vien-phuc-vu-p2067055.html,working,OK (200)
labor_timviec365_2067044,NHÂN VIÊN CỬA HÀNG,TimViec365,https://timviec365.vn/nhan-vien-cua-hang-p2067044.html,working,OK (200)
labor_timviec365_2066044,NHÂN VIÊN PHỤC VỤ NHÀ HÀNG BAR,TimViec365,https://timviec365.vn/nhan-vien-phuc-vu-nha-hang-bar-p2066044.html,working,OK (200)
labor_timviec365_2066501,Nhân Viên Phục Vụ BLĐ BITI'S,TimViec365,https://timviec365.vn/nhan-vien-phuc-vu-bldj-bitis-p2066501.html,working,OK (200)
labor_timviec365_2066439,NHÂN VIÊN PHỤC VỤ,TimViec365,https://timviec365.vn/nhan-vien-phuc-vu-p2066439.html,working,OK (200)
labor_timviec365_2066383,Nhân viên phục vụ nhà hàng ca đêm,TimViec365,https://timviec365.vn/nhan-vien-phuc-vu-nha-hang-ca-djem-p2066383.html,working,OK (200)
labor_timviec365_2066232,HÀ NỘI TUYỂN DỤNG NỮ NHÂN VIÊN PHỤC VỤ CHO NHÀ HÀNG TOKYO RED GRILL,TimViec365,https://timviec365.vn/ha-noi-tuyen-dung-nu-nhan-vien-phuc-vu-cho-nha-hang-tokyo-red-grill-p2066232.html,working,OK (200)
labor_timviec365_2065862,Nhân viên SHIPPER,TimViec365,https://timviec365.vn/nhan-vien-phu-bep-tap-vu-shipper-p2065862.html,working,OK (200)
labor_timviec365_2065903,NHÀ HÀNG VỢ CHỒNG A PHỦ TUYỂN DỤNG,TimViec365,https://timviec365.vn/nha-hang-vo-chong-a-phu-tuyen-dung-p2065903.html,working,OK (200)
labor_timviec365_2065677,SNUG PUB TUYỂN GẤP NHÂN VIÊN NỮ PHỤC VỤ,TimViec365,https://timviec365.vn/snug-pub-tuyen-gap-nhan-vien-nu-phuc-vu-p2065677.html,working,OK (200)
labor_timviec365_2065586,"TUYỂN DỤNG PHA CHẾ BARISTA, PHỤC VỤ, BẾP TRƯỞNG VÀ PHỤ BẾP nấu vị Bắc",TimViec365,https://timviec365.vn/tuyen-dung-bep-truong-va-phu-bep-nau-vi-bac-p2065586.html,working,OK (200)
labor_timviec365_2065587,Tuyển Pha chế Barista siêu chất Phục vụ,TimViec365,https://timviec365.vn/tuyen-pha-che-barista-sieu-chat-phuc-vu-p2065587.html,working,OK (200)
labor_timviec365_2065219,TUYỂN DỤNG NHÂN VIÊN PHỤC VỤ / PHỤ BẾP,TimViec365,https://timviec365.vn/tuyen-dung-nhan-vien-phuc-vu-nhan-vien-bep-salad-p2065219.html,working,OK (200)
labor_timviec365_2065204,NHÂN VIÊN BUỒNG PHÒNG,TimViec365,https://timviec365.vn/nhan-vien-buong-phong-p2065204.html,working,OK (200)
labor_timviec365_2065115,NHÂN VIÊN PHỤC VỤ LƯƠNG 9-11TR/1 THÁNG,TimViec365,https://timviec365.vn/nhan-vien-phuc-vu-luong-911tr1-thang-p2065115.html,working,OK (200)
labor_timviec365_2064591,Nhân viên Tiếp Thực,TimViec365,https://timviec365.vn/nhan-vien-tiep-thuc-food-checker-p2064591.html,working,OK (200)
labor_timviec365_2064593,Nhân Viên Tạp Vụ và Nhân Viên Bảo Vệ,TimViec365,https://timviec365.vn/nhan-vien-tap-vu-cleaner-va-nhan-vien-bao-ve-p2064593.html,working,OK (200)
labor_timviec365_2064299,Nhân Viên Phục Vụ - Ca Gãy Full-Time Và Ca Part-Time - Hồ Chí Minh,TimViec365,https://timviec365.vn/nhan-vien-phuc-vu-ca-gay-full-time-va-ca-part-time-ho-chi-minh-p2064299.html,working,OK (200)
labor_timviec365_2063900,NHÀ HÀNG CUỐN SEN TUYỂN NHÂN VIÊN PHỤC VỤ FULLTIME,TimViec365,https://timviec365.vn/nha-hang-cuon-sen-tuyen-nhan-vien-phuc-vu-fulltime-p2063900.html,working,OK (200)
labor_timviec365_2063359,TUYỂN NHÂN VIÊN PHỤC VỤ BIẾT TIẾNG ANH,TimViec365,https://timviec365.vn/tuyen-nhan-vien-phuc-vu-biet-tieng-anh-p2063359.html,working,OK (200)
labor_timviec365_2062952,TUYỂN NHÂN VIÊN PHỤC VỤ TẠP VỤ,TimViec365,https://timviec365.vn/tuyen-nhan-vien-phuc-vu-tap-vu-luong-7-9-trieuthang-bao-an-o-p2062952.html,working,OK (200)
labor_timviec365_2062379,BẮC KIM THANG TUYỂN DỤNG NHÂN VIÊN PHỤC VỤ (KHÔNG CẦN KINH NGHIỆM),TimViec365,https://timviec365.vn/bac-kim-thang-tuyen-dung-nhan-vien-phuc-vu-khong-can-kinh-nghiem-p2062379.html,working,OK (200)
labor_timviec365_2062217,nhân viên nhà hàng,TimViec365,https://timviec365.vn/nhan-vien-nha-hang-p2062217.html,working,OK (200)
labor_timviec365_2062480,TUYỂN NAM NỮ LAO ĐỌNG PHỔ THÔNG -CÔNG NHÂN XƯỞNG BÚN,TimViec365,https://timviec365.vn/tuyen-nam-nu-djong-goi-djong-hang-tap-vu-p2062480.html,working,OK (200)
labor_timviec365_2059094,"Tuyển Nhân Viên Phục Vụ, Rửa Chén, Biết Nấu Ăn",TimViec365,https://timviec365.vn/phuc-vu-quan-com-p2059094.html,working,OK (200)
labor_timviec365_2058991,Tuyển nhân viên BếpTạp vụ,TimViec365,https://timviec365.vn/tuyen-nhan-vien-beptap-vu-p2058991.html,working,OK (200)
labor_timviec365_2057295,[Nữ] Nhân Viên Phục Vụ,TimViec365,https://timviec365.vn/nhan-vien-phuc-vu-p2057295.html,working,OK (200)
labor_timviec365_2055910,Tuyển Trưởng ca Phục vụ Floor Captain,TimViec365,https://timviec365.vn/tuyen-truong-ca-phuc-vu-floor-captain-p2055910.html,working,OK (200)
labor_timviec365_2057186,Tuyển nhân viên phục vụ bàn,TimViec365,https://timviec365.vn/tuyen-nhan-vien-phuc-vu-ban-p2057186.html,working,OK (200)
labor_timviec365_2057028,Nhân viên phục vụ Nhân viên pha chế,TimViec365,https://timviec365.vn/nhan-vien-phuc-vu-nhan-vien-pha-che-p2057028.html,working,OK (200)
labor_timviec365_2054717,Phục vụ quán nhậu bình dân,TimViec365,https://timviec365.vn/phuc-vu-quan-nhau-binh-dan-p2054717.html,working,OK (200)
labor_timviec365_2053393,NHÂN VIÊN PHA CHẾ PHỤC VỤ VÀ THU NGÂN,TimViec365,https://timviec365.vn/nhan-vien-pha-che-phuc-vu-va-thu-ngan-p2053393.html,working,OK (200)
labor_timviec365_2053649,Tuyển dụng Nhân viên buồng phòng,TimViec365,https://timviec365.vn/tuyen-dung-nhan-vien-buong-phong-p2053649.html,working,OK (200)
labor_timviec365_2052617,Nhân viên phục vụ [Waitress/Waiter],TimViec365,https://timviec365.vn/nhan-vien-phuc-vu-waitresswaiter-p2052617.html,working,OK (200)
labor_timviec365_2066798,Kỹ Thuật Cơ Khí Ưu Tiên Biết Tiếng Anh,TimViec365,https://timviec365.vn/nhan-vien-ky-thuat-uu-tien-biet-tieng-trung-p2066798.html,working,OK (200)
labor_timviec365_2066751,TUYỂN GẤP QS – MEP | 20–30TR+,TimViec365,https://timviec365.vn/tuyen-dung-ky-su-mep-p2066751.html,working,OK (200)
labor_timviec365_2066669,NHÂN VIÊN QC SMT,TimViec365,https://timviec365.vn/nhan-vien-djien-tu-van-hanh-may-smt-qc-han-tht-p2066669.html,working,OK (200)
labor_timviec365_2066024,NHÂN VIÊN VẬN HÀNH MÁY CNC ( PHAY - TIỆN - MÀI- EDM ),TimViec365,https://timviec365.vn/nhan-vien-van-hanh-may-cnc-phay-tien-mai-edm-p2066024.html,working,OK (200)
labor_timviec365_2066281,TUYỂN NV BẢO TRÌ VÀ LAO ĐỘNG PHỔ THÔNG,TimViec365,https://timviec365.vn/tuyen-nv-bao-tri-va-lao-djong-pho-thong-p2066281.html,working,OK (200)
labor_timviec365_2065637,Công nhân thao tác máy tại Hải Phòng,TimViec365,https://timviec365.vn/cong-nhan-thao-tac-may-tai-hai-phong-p2065637.html,working,OK (200)
labor_timviec365_2066860,TUYỂN THIẾT KẾ VÀ KỸ THUẬT,TimViec365,https://timviec365.vn/tuyen-thiet-ke-va-ky-thuat-p2066860.html,working,OK (200)
labor_timviec365_2066761,KỸ SƯ CƠ KHÍ - QC (Không cần kinh nghiệm),TimViec365,https://timviec365.vn/ky-su-qc-co-khi-p2066761.html,working,OK (200)
labor_timviec365_2066678,CHỦ QUẢN QC (QC SUPERVISOR) VÀ NHÂN VIÊN ISO,TimViec365,https://timviec365.vn/chu-quan-qc-qc-supervisor-p2066678.html,working,OK (200)
labor_timviec365_2065801,Tuyển Vận hành máy phay CNC và Phay cơ,TimViec365,https://timviec365.vn/tuyen-van-hanh-may-phay-cnc-va-phay-co-p2065801.html,working,OK (200)
labor_timviec365_2066235,TUYỂN THỢ CƠ KHÍ VÀ LAO ĐỘNG PHỔ THÔNG TẠI VÂN CANH HUYỆN HOÀI ĐƯC Ở HÀ NỘI,TimViec365,https://timviec365.vn/tuyen-tho-co-khi-va-lao-djong-pho-thong-tai-van-canh-huyen-hoai-djuc-o-ha-noi-p2066235.html,working,OK (200)
labor_timviec365_2064811,Quản Đốc & Quản Lý Xưởng Cơ Khí,TimViec365,https://timviec365.vn/quan-djoc-and-quan-ly-xuong-co-khi-p2064811.html,working,OK (200)
labor_timviec365_2066990,Tuyển Kỹ sư lập trình,TimViec365,https://timviec365.vn/tuyen-ky-su-lap-trinh-p2066990.html,working,OK (200)
labor_timviec365_2066987,"Tuyển Nhân Viên Bào Trì Máy CNC, Laser",TimViec365,https://timviec365.vn/tuyen-nhan-vien-bao-tri-may-cnc-laser-p2066987.html,working,OK (200)
labor_timviec365_2066982,Tuyển Thợ Lắp Kết Cấu,TimViec365,https://timviec365.vn/tuyen-tho-lap-ket-cau-p2066982.html,working,OK (200)
labor_timviec365_2066923,Thủ Kho quản lý tài sản cho công ty -Chúng tôi cần gấp!,TimViec365,https://timviec365.vn/thu-kho-quan-ly-tai-san-cho-cong-ty-chung-toi-can-gap-p2066923.html,working,OK (200)
labor_timviec365_2066892,TUYỂN DỤNG KỸ SƯ GIÁM SÁT MEP 20–30TR,TimViec365,https://timviec365.vn/tuyen-dung-ky-su-giam-sat-mep-20-30tr-p2066892.html,working,OK (200)
labor_timviec365_2066878,Kỹ sư Thiết kế cơ khí,TimViec365,https://timviec365.vn/ky-su-thiet-ke-co-khi-p2066878.html,working,OK (200)
labor_timviec365_2066804,TRƯỞNG PHÒNG BẢO TRÌ,TimViec365,https://timviec365.vn/truong-phong-bao-tri-p2066804.html,working,OK (200)
labor_timviec365_2066660,"Tuyển nhân viên kỹ thuật (Cơ khí, điện, điện công nghiệp)",TimViec365,https://timviec365.vn/tuyen-nhan-vien-ky-thuat-co-khi-djien-djien-cong-nghiep-p2066660.html,working,OK (200)
labor_timviec365_2066815,Kỹ sự cơ khí,TimViec365,https://timviec365.vn/ky-su-co-khi-p2066815.html,working,OK (200)
labor_timviec365_2066616,NHÂN VIÊN BÓC GIÁ (TENDER),TimViec365,https://timviec365.vn/nhan-vien-boc-gia-tender-p2066616.html,working,OK (200)
labor_timviec365_2066553,Kỹ sư Khảo sát – Thiết kế,TimViec365,https://timviec365.vn/ky-su-khao-sat-thiet-ke-p2066553.html,working,OK (200)
labor_timviec365_2066489,Kỹ sư cơ khí,TimViec365,https://timviec365.vn/ky-su-co-khi-p2066489.html,working,OK (200)
labor_timviec365_2066441,Nhân viên kỹ thuật cơ khí,TimViec365,https://timviec365.vn/nhan-vien-ky-thuat-co-khi-p2066441.html,working,OK (200)
labor_timviec365_2066386,Kỹ sư cơ khí,TimViec365,https://timviec365.vn/ky-su-co-khi-p2066386.html,working,OK (200)
labor_timviec365_2066328,tuyển nhân viên lao động phổ thông,TimViec365,https://timviec365.vn/tuyen-nhan-vien-lao-djong-pho-thong-p2066328.html,working,OK (200)
labor_timviec365_2066325,Kỹ sư thiết kế cơ khí,TimViec365,https://timviec365.vn/ky-su-thiet-ke-co-khi-p2066325.html,working,OK (200)
labor_timviec365_2066241,NHÂN VIÊN CƠ ĐIỆN và NHÂN VIÊN CƠ KHÍ,TimViec365,https://timviec365.vn/nhan-vien-co-djien-nhan-vien-co-khi-p2066241.html,working,OK (200)
labor_timviec365_2066239,Tuyển dụng Lao động phổ thông,TimViec365,https://timviec365.vn/tuyen-dung-lao-djong-pho-thong-p2066239.html,working,OK (200)
labor_timviec365_2065450,Kĩ sư thiết kế cơ khí Tự động hóa,TimViec365,https://timviec365.vn/ki-su-thiet-ke-co-khi-tu-djong-hoa-p2065450.html,working,OK (200)
labor_timviec365_2066921,Nhân Viên Quản Lý Cơ Khí,TimViec365,https://timviec365.vn/nhan-vien-quan-ly-co-khi-p2066921.html,working,OK (200)
labor_timviec365_2066082,THỢ TIỆN CƠ - VẬN HÀNH MÁY TIỆN CƠ,TimViec365,https://timviec365.vn/tho-tien-co-khi-p2066082.html,working,OK (200)
labor_timviec365_2066069,Kỹ Sư Cơ Khí,TimViec365,https://timviec365.vn/ky-su-co-khi-p2066069.html,working,OK (200)
labor_timviec365_2065977,KỸ SƯ CƠ ĐIỆN,TimViec365,https://timviec365.vn/ky-su-co-djien-p2065977.html,working,OK (200)
labor_timviec365_2065929,Tuyển nhân viên lắp ráp,TimViec365,https://timviec365.vn/tuyen-nhan-vien-lap-rap-p2065929.html,working,OK (200)
labor_timviec365_2064940,Nhân viên Lập trình - Vận hành máy Phay,TimViec365,https://timviec365.vn/nhan-vien-lap-trinh-van-hanh-may-phay-p2064940.html,working,OK (200)
labor_timviec365_2065778,TUYỂN DỤNG KỸ SƯ HÀN,TimViec365,https://timviec365.vn/tuyen-dung-ky-su-han-p2065778.html,working,OK (200)
labor_timviec365_2065679,NHÂN VIÊN ISO,TimViec365,https://timviec365.vn/chu-quan-qc-qc-nhan-vien-iso-nhan-vien-qa-p2065679.html,working,OK (200)
labor_timviec365_2065758,TUYỂN NHÂN VIÊN PHAY CNC,TimViec365,https://timviec365.vn/tuyen-nhan-vien-phay-cnc-p2065758.html,working,OK (200)
labor_timviec365_2065748,"Kỹ sư Cơ khí và Công nhân cơ khí (thợ hàn, thợ lắp, thợ phụ, thợ sơn)",TimViec365,https://timviec365.vn/ky-su-co-khi-va-cong-nhan-co-khi-tho-han-tho-lap-tho-phu-tho-son-p2065748.html,working,OK (200)
labor_timviec365_2065719,Nhân viên kỹ thuật,TimViec365,https://timviec365.vn/nhan-vien-ky-thuat-p2065719.html,working,OK (200)
labor_timviec365_2065741,NHÂN VIÊN KỸ THUẬT,TimViec365,https://timviec365.vn/nhan-vien-ky-thuat-p2065741.html,working,OK (200)
labor_timviec365_2065697,Nhân viên sửa chữa container - Nhân viên giám định container,TimViec365,https://timviec365.vn/nhan-vien-sua-chua-container-nhan-vien-giam-djinh-container-p2065697.html,working,OK (200)
labor_timviec365_2065672,Nhân Viên Kiểm Tra Chất Lượng Sơn,TimViec365,https://timviec365.vn/nhan-vien-kiem-tra-chat-luong-son-p2065672.html,working,OK (200)
labor_timviec365_2065547,Tuyển Thợ cơ khí/Hàn,TimViec365,https://timviec365.vn/tuyen-tho-co-khihan-p2065547.html,working,OK (200)
labor_timviec365_2065572,Tuyển nhân viên kỹ thuật báo giá,TimViec365,https://timviec365.vn/tuyen-nhan-vien-ky-thuat-bao-gia-p2065572.html,working,OK (200)
labor_timviec365_2065582,Kỹ sư thiết kế cơ khí,TimViec365,https://timviec365.vn/ky-su-thiet-ke-co-khi-p2065582.html,working,OK (200)
labor_timviec365_2065441,Nhân viên Điện Công Nghiệp,TimViec365,https://timviec365.vn/nhan-vien-djien-cong-nghiep-p2065441.html,working,OK (200)
labor_timviec365_2065391,Kỹ thuật triển khai file CNC,TimViec365,https://timviec365.vn/ky-thuat-trien-khai-file-cnc-p2065391.html,working,OK (200)
labor_timviec365_2065363,THỢ HÀN CƠ KHÍ,TimViec365,https://timviec365.vn/tho-han-co-khi-p2065363.html,working,OK (200)
labor_timviec365_2065327,Gia công CNC - KCN Đồng Văn 3 Hà Nam,TimViec365,https://timviec365.vn/gia-cong-cnc-kcn-djong-van-3-ha-nam-p2065327.html,working,OK (200)
labor_timviec365_2065304,thợ cơ khí,TimViec365,https://timviec365.vn/tho-co-khi-p2065304.html,working,OK (200)
labor_timviec365_2065272,NHÂN VIÊN KỸ THUẬT,TimViec365,https://timviec365.vn/nhan-vien-ky-thuat-p2065272.html,working,OK (200)
labor_timviec365_2065263,Tuyển Nhân Viên Kỹ Thuật Máy Tiện CNC,TimViec365,https://timviec365.vn/tuyen-nhan-vien-ky-thuat-may-tien-cnc-p2065263.html,working,OK (200)
labor_timviec365_2065245,công nhân nhôm kính,TimViec365,https://timviec365.vn/cong-nhan-nhom-kinh-p2065245.html,working,OK (200)
labor_timviec365_2065200,Nhân viên kỹ thuật cơ khí,TimViec365,https://timviec365.vn/nhan-vien-ky-thuat-co-khi-p2065200.html,working,OK (200)
labor_timviec365_2065749,TUYỂN DỤNG NHÂN SỰ  trưởng nhóm cơ khí,TimViec365,https://timviec365.vn/tuyen-dung-nhan-su-truong-nhom-co-khi-p2065749.html,working,OK (200)
labor_timviec365_2065494,Nhân viên kỹ thuật cơ khí,TimViec365,https://timviec365.vn/nhan-vien-ky-thuat-co-khi-p2065494.html,working,OK (200)
labor_timviec365_2065053,Tuyển Nhân viên kiểm tra thành phẩm,TimViec365,https://timviec365.vn/tuyen-nhan-vien-kiem-tra-thanh-pham-p2065053.html,working,OK (200)
labor_timviec365_2064472,Thợ Kim Hoàn Có Đào Tạo,TimViec365,https://timviec365.vn/tho-kim-hoan-co-djao-tao-luong-15-20tr1-thang-p2064472.html,working,OK (200)
labor_timviec365_2064987,Tuyển Nhân viên Kỹ thuật,TimViec365,https://timviec365.vn/tuyen-nhan-vien-ky-thuat-p2064987.html,working,OK (200)
labor_timviec365_2064981,Kỹ Thuật Viên AOI Tiếng Trung,TimViec365,https://timviec365.vn/ky-thuat-vien-aoi-tieng-trung-p2064981.html,working,OK (200)
labor_timviec365_2064883,Tuyển Nhân viên Quản lý thiết bị biết Tiếng Trung,TimViec365,https://timviec365.vn/tuyen-nhan-vien-quan-ly-thiet-bi-biet-tieng-trung-p2064883.html,working,OK (200)
labor_timviec365_2064881,Tuyển Nhân viên Sửa chữa thiết bị,TimViec365,https://timviec365.vn/tuyen-nhan-vien-sua-chua-thiet-bi-p2064881.html,working,OK (200)
labor_timviec365_2064778,GIÁM SÁT CƠ KHÍ,TimViec365,https://timviec365.vn/giam-sat-co-khi-p2064778.html,working,OK (200)
labor_timviec365_2064683,Thợ hàn cơ khí,TimViec365,https://timviec365.vn/tho-han-co-khi-p2064683.html,working,OK (200)
labor_timviec365_2064558,NHÂN VIÊN KINH DOANH QUỐC TẾ (EXPORT SALES),TimViec365,https://timviec365.vn/nhan-vien-kinh-doanh-quoc-te-export-sales-p2064558.html,working,OK (200)
labor_timviec365_2064519,Kỹ Thuật Viên Sửa Chữa Bảo Hành,TimViec365,https://timviec365.vn/ky-thuat-vien-sua-chua-bao-hanh-p2064519.html,working,OK (200)
labor_timviec365_2064581,Kỹ Sư Vận Hành Máy Làm Việc Tại Nhật Bản,TimViec365,https://timviec365.vn/ky-su-van-hanh-may-lam-viec-tai-nhat-ban-p2064581.html,working,OK (200)
labor_timviec365_2064489,"Nhân viên lập trình, vận hành máy phay máy tiện và Nhân viên kiểm tra chất lượng",TimViec365,https://timviec365.vn/nhan-vien-lap-trinh-van-hanh-may-phay-may-tien-va-nhan-vien-kiem-tra-chat-luong-p2064489.html,working,OK (200)
labor_timviec365_2064375,Tuyển thợ hàn - không yêu cầu bằng cấp,TimViec365,https://timviec365.vn/tho-han-dji-lam-ngay-p2064375.html,working,OK (200)
labor_timviec365_2064363,Nhân viên hàn,TimViec365,https://timviec365.vn/nhan-vien-han-p2064363.html,working,OK (200)
labor_timviec365_2064332,Phó ca sản xuất Luyện thép,TimViec365,https://timviec365.vn/pho-ca-san-xuat-luyen-thep-p2064332.html,working,OK (200)
labor_timviec365_2064206,Thợ CNC/Cơ Khí Vận Hành Máy & Lắp Ráp tại Hà Đông đi làm ngay,TimViec365,https://timviec365.vn/tho-cncco-khi-van-hanh-may-and-lap-rap-tai-ha-djong-dji-lam-ngay-p2064206.html,working,OK (200)
labor_timviec365_2064197,NHÂN VIÊN ĐIỆN CƠ KHÍ,TimViec365,https://timviec365.vn/nhan-vien-djien-co-khi-p2064197.html,working,OK (200)
labor_timviec365_2064088,Thợ hàn 3G,TimViec365,https://timviec365.vn/tho-han-3g-p2064088.html,working,OK (200)
labor_timviec365_2064002,PHỤ KHO - LÁI XE NÂNG,TimViec365,https://timviec365.vn/phu-kho-lai-xe-nang-p2064002.html,working,OK (200)
labor_timviec365_2063975,Kỹ sư Cơ khí,TimViec365,https://timviec365.vn/ky-su-co-khi-p2063975.html,working,OK (200)
labor_timviec365_2063963,CÔNG NHÂN SẢN XUẤT ĐỨNG MÁY CẮT NHÔM,TimViec365,https://timviec365.vn/cong-nhan-san-xuat-djung-may-cat-nhom-p2063963.html,working,OK (200)
labor_timviec365_2063741,KỸ SƯ CƠ ĐIỆN – Giám sát công trình,TimViec365,https://timviec365.vn/ky-su-co-djien-giam-sat-cong-trinh-p2063741.html,working,OK (200)
labor_timviec365_2063838,Tuyển Kỹ Sư Thiết Kế Sản Xuất Cửa Thép/Cửa Chống Cháy,TimViec365,https://timviec365.vn/tuyen-ky-su-thiet-ke-san-xuat-cua-thepcua-chong-chay-p2063838.html,working,OK (200)
labor_timviec365_2063783,Tuyển Quản Lý Bảo Dưỡng Xe,TimViec365,https://timviec365.vn/tuyen-quan-ly-bao-duong-xe-p2063783.html,working,OK (200)
labor_timviec365_2063814,QUẢN LÝ QC,TimViec365,https://timviec365.vn/quan-ly-qc-p2063814.html,working,OK (200)
labor_timviec365_2063756,*  Tuyển Thợ Vận Hành Máy CNC/Tiện/Phay/Laser,TimViec365,https://timviec365.vn/tho-co-khi-p2063756.html,working,OK (200)
labor_timviec365_2063641,TUYỂN CÁN BỘ KỸ THUẬT CƠ KHÍ,TimViec365,https://timviec365.vn/tuyen-can-bo-ky-thuat-co-khi-p2063641.html,working,OK (200)
labor_timviec365_2062963,TUYỂN KỸ SƯ THIẾT BỊ SMT ( BIẾT TIẾNG TRUNG ),TimViec365,https://timviec365.vn/tuyen-ky-su-thiet-bi-smt-p2062963.html,working,OK (200)
labor_timviec365_2063263,Nhân viên vận hành phay CNC,TimViec365,https://timviec365.vn/nhan-vien-van-hanh-phay-cnc-p2063263.html,working,OK (200)
labor_timviec365_2062897,Nhân Viên Bảo Trì Máy Móc Và Kỹ Nghệ Sắt,TimViec365,https://timviec365.vn/nhan-vien-bao-tri-may-moc-va-ky-nghe-sat-p2062897.html,working,OK (200)
labor_timviec365_2062886,KỸ THUẬT VIÊN/ KỸ SƯ CƠ KHÍ,TimViec365,https://timviec365.vn/ky-thuat-vien-ky-su-co-khi-p2062886.html,working,OK (200)
labor_timviec365_2063779,Quản lý bộ phận khuôn,TimViec365,https://timviec365.vn/quan-ly-bo-phan-khuon-p2063779.html,working,OK (200)
labor_timviec365_2063727,Tuyển nhân viên sản xuất,TimViec365,https://timviec365.vn/tuyen-nhan-vien-san-xuat-p2063727.html,working,OK (200)
labor_timviec365_2063387,NHÂN VIÊN KỸ THUẬT CƠ KHÍ,TimViec365,https://timviec365.vn/nhan-vien-ky-thuat-co-khi-p2063387.html,working,OK (200)
labor_timviec365_2063061,Thợ Hàn CO2/Laser,TimViec365,https://timviec365.vn/tho-han-co2-han-laser-p2063061.html,working,OK (200)
labor_timviec365_2062794,Tuyển Nhân Viên Cơ Khí,TimViec365,https://timviec365.vn/tuyen-nhan-vien-co-khi-p2062794.html,working,OK (200)
labor_timviec365_2062524,Kỹ thuật viên Cơ Khí,TimViec365,https://timviec365.vn/ky-thuat-vien-co-khi-p2062524.html,working,OK (200)
labor_timviec365_2062474,Tuyển Nhân Viên Sale Tại Hồ Chí Minh,TimViec365,https://timviec365.vn/tuyen-nhan-vien-sale-tai-ho-chi-minh-p2062474.html,working,OK (200)
labor_timviec365_2062438,"Nhân viên vận hành máy Phay, Tiện CNC",TimViec365,https://timviec365.vn/nhan-vien-van-hanh-may-phay-tien-cnc-p2062438.html,working,OK (200)
labor_timviec365_2062328,Kỹ sư thiết kế cơ khí,TimViec365,https://timviec365.vn/ky-su-thiet-ke-co-khi-p2062328.html,working,OK (200)
labor_timviec365_2062858,Kỹ Sư Cơ Khí,TimViec365,https://timviec365.vn/ky-su-co-khi-p2062858.html,working,OK (200)
labor_timviec365_2061633,tuyểnn dụng nhân viên kinh doanh kỹ thuật,TimViec365,https://timviec365.vn/tuyenn-dung-nhan-vien-kinh-doanh-ky-thuat-p2061633.html,working,OK (200)
labor_timviec365_2061879,Quản lý kỹ thuật cơ khí CNC,TimViec365,https://timviec365.vn/tuyen-ky-su-co-khi-cnc-p2061879.html,working,OK (200)
labor_timviec365_2062324,Kỹ thuật cơ khí,TimViec365,https://timviec365.vn/ky-thuat-co-khi-p2062324.html,working,OK (200)
labor_timviec365_2062229,KỸ SƯ THIẾT KẾ CƠ KHÍ,TimViec365,https://timviec365.vn/ky-su-thiet-ke-co-khi-p2062229.html,working,OK (200)
labor_timviec365_2061637,PHỤ TRÁCH KỸ THUẬT CƠ KHÍ,TimViec365,https://timviec365.vn/phu-trach-ky-thuat-co-khi-p2061637.html,working,OK (200)
labor_timviec365_2062123,công nhân gia công nhôm,TimViec365,https://timviec365.vn/cong-nhan-gia-cong-nhom-p2062123.html,working,OK (200)
labor_timviec365_2062025,Nhân viên kỹ thuật bảo hành cơ khí điện lạnh,TimViec365,https://timviec365.vn/nhan-vien-ky-thuat-bao-hanh-co-khi-djien-lanh-p2062025.html,working,OK (200)
labor_timviec365_2061844,"nhân viên cơ khí (thợ cơ khí, học việc cơ khí)",TimViec365,https://timviec365.vn/nhan-vien-co-khi-tho-co-khi-hoc-viec-co-khi-p2061844.html,working,OK (200)
labor_timviec365_2061139,Tuyển nhân viên vệ sinh máy CNC,TimViec365,https://timviec365.vn/tuyen-nhan-vien-ve-sinh-may-cnc-p2061139.html,working,OK (200)
labor_timviec365_2061803,tuyển nhân viên cơ khí,TimViec365,https://timviec365.vn/tuyen-nhan-vien-co-khi-p2061803.html,working,OK (200)
labor_timviec365_2061093,Tuyển nhân viên cơ khí lắp ráp,TimViec365,https://timviec365.vn/tuyen-nhan-vien-co-khi-lap-rap-p2061093.html,working,OK (200)
labor_timviec365_2061715,nhân viên thiết kế cơ khí (kim loại tấm),TimViec365,https://timviec365.vn/nhan-vien-thiet-ke-co-khi-kim-loai-tam-p2061715.html,working,OK (200)
labor_timviec365_2060958,Kỹ sư cơ khí,TimViec365,https://timviec365.vn/ky-su-co-khi-p2060958.html,working,OK (200)
labor_timviec365_2061005,Công nhân sản xuất,TimViec365,https://timviec365.vn/cong-nhan-san-xuat-p2061005.html,working,OK (200)
labor_timviec365_2060946,Nhân Viên Cơ Khí,TimViec365,https://timviec365.vn/nhan-vien-co-khi-p2060946.html,working,OK (200)
labor_timviec365_2060873,CÔNG TY ĐỒNG TÂM CẦN GẤP KỸ THUẬT CƠ KHÍ,TimViec365,https://timviec365.vn/cong-ty-djong-tam-can-gap-ky-thuat-p2060873.html,working,OK (200)
labor_timviec365_2060822,TUYỂN NHÂN VIÊN SẢN XUẤT LẮP RÁP ĐIỆN CƠ KHÍ,TimViec365,https://timviec365.vn/tuyen-nhan-vien-san-xuat-lap-rap-djien-co-khi-p2060822.html,working,OK (200)
labor_timviec365_2061462,Tuyển Kỹ sư Cơ Khí,TimViec365,https://timviec365.vn/tuyen-ky-su-co-khi-p2061462.html,working,OK (200)
labor_timviec365_2060669,Kỹ Thuật Bảo Trì Biết Hàn,TimViec365,https://timviec365.vn/tho-co-khi-tho-sat-tho-han-p2060669.html,working,OK (200)
labor_timviec365_2061432,Nhân viên thiết kế cơ khí phái cử đi Nhật,TimViec365,https://timviec365.vn/nhan-vien-thiet-ke-co-khi-phai-cu-dji-nhat-p2061432.html,working,OK (200)
labor_timviec365_2061828,nhân viên bảo trì - đi làm ngay,TimViec365,https://timviec365.vn/nhan-vien-bao-tri-dji-lam-ngay-p2061828.html,working,OK (200)
labor_timviec365_2060340,NHÂN VIÊN KINH DOANH DỰ ÁN GÓI THẦU,TimViec365,https://timviec365.vn/ky-su-trien-khai-du-an-goi-thau-p2060340.html,working,OK (200)
labor_timviec365_2058366,Kỹ Sư Cơ Điện,TimViec365,https://timviec365.vn/ky-su-djien-p2058366.html,working,OK (200)
labor_timviec365_2060181,Tuyển Kỹ Thuật Viên CNC và Vận Hành Máy/ BDSC,TimViec365,https://timviec365.vn/tuyen-ky-thuat-vien-cnc-van-hanh-may-bdsc-p2060181.html,working,OK (200)
labor_timviec365_2058774,Tuyển QUẢN LÝ SẢN XUẤT,TimViec365,https://timviec365.vn/tuyen-quan-ly-san-xuat-p2058774.html,working,OK (200)
labor_timviec365_2025638,Nhân viên Hành chính Nhân sự,TimViec365,https://timviec365.vn/chuyen-vien-tuyen-dung-nhan-su-p2025638.html,working,OK (200)
labor_timviec365_2066300,VSG TUYỂN DỤNG NHÂN VIÊN VĂN PHÒNG 2026 KẾ TOÁN KẾ HOẠCH SẢN XUẤT,TimViec365,https://timviec365.vn/vsg-tuyen-dung-nhan-vien-van-phong-2026-ke-toan-ke-hoach-san-xuat-p2066300.html,working,OK (200)
labor_timviec365_2067007,CHUYÊN VIÊN CUNG ỨNG NHÂN SỰ,TimViec365,https://timviec365.vn/chuyen-vien-cung-ung-nhan-su-p2067007.html,working,OK (200)
labor_timviec365_2066470,Nhân Viên Hành Chính Văn Thư,TimViec365,https://timviec365.vn/nhan-vien-hanh-chinh-van-thu-p2066470.html,working,OK (200)
labor_timviec365_2066167,CHỦ QUẢN NHÂN SỰ - HRBP,TimViec365,https://timviec365.vn/nhan-vien-hrbp-p2066167.html,working,OK (200)
labor_timviec365_2066071,"Nhân viên văn phòng, nhân viên kinh doanh làm hành chính",TimViec365,https://timviec365.vn/nhan-vien-van-phong-nhan-vien-kinh-doanh-lam-hanh-chinh-p2066071.html,working,OK (200)
labor_timviec365_2067075,Tuyển Nhân Viên Hành Chính Văn Phòng,TimViec365,https://timviec365.vn/tuyen-nhan-vien-hanh-chinh-van-phong-p2067075.html,working,OK (200)
labor_timviec365_2066925,Tuyển Nhân viên Hành chính kế toán,TimViec365,https://timviec365.vn/tuyen-nhan-vien-hanh-chinh-ke-toan-p2066925.html,working,OK (200)
labor_timviec365_2066917,Nhân viên văn phòng tiếng Trung,TimViec365,https://timviec365.vn/nhan-vien-van-phong-tieng-trung-p2066917.html,working,OK (200)
labor_timviec365_2066771,Nhân Viên Hành Chính Tổng Hợp - Đi Làm Ngay,TimViec365,https://timviec365.vn/nhan-vien-hanh-chinh-tong-hop-dji-lam-ngay-p2066771.html,working,OK (200)
labor_timviec365_2066760,Thực tập sinh hành chính nhân sự,TimViec365,https://timviec365.vn/thuc-tap-sinh-hanh-chinh-nhan-su-p2066760.html,working,OK (200)
labor_timviec365_2066743,THƯ KÝ VĂN PHÒNG,TimViec365,https://timviec365.vn/thu-ky-van-phong-p2066743.html,working,OK (200)
labor_timviec365_2066237,TUYỂN TRƯỞNG PHÒNG NHÂN SỰ LƯƠNG TỪ 18-20 TRIỆU,TimViec365,https://timviec365.vn/tuyen-truong-phong-nhan-su-luong-tu-1820-trieu-p2066237.html,working,OK (200)
labor_timviec365_2066466,TRỢ LÝ PHÓ GIÁM ĐỐC,TimViec365,https://timviec365.vn/tro-ly-pho-giam-djoc-p2066466.html,working,OK (200)
labor_timviec365_2066463,Nhân viên hành chính nhân sự,TimViec365,https://timviec365.vn/nhan-vien-hanh-chinh-nhan-su-p2066463.html,working,OK (200)
labor_timviec365_2066384,TUYỂN GẤP NHÂN VIÊN VĂN PHÒNG TIẾNG TRUNG,TimViec365,https://timviec365.vn/tuyen-gap-nhan-vien-van-phong-tieng-trung-p2066384.html,working,OK (200)
labor_timviec365_2066338,nhân viên admin trại,TimViec365,https://timviec365.vn/nhan-vien-admin-trai-p2066338.html,working,OK (200)
labor_timviec365_2066220,chuyên viên đào tạo và tuyển dụng,TimViec365,https://timviec365.vn/chuyen-vien-djao-tao-va-tuyen-dung-p2066220.html,working,OK (200)
labor_timviec365_2066216,lễ tân điều phối (receptionist),TimViec365,https://timviec365.vn/le-tan-djieu-phoi-receptionist-p2066216.html,working,OK (200)
labor_timviec365_2065885,NHÂN VIÊN HÀNH CHÍNH-QUẢN LÝ GIẤY TỜ,TimViec365,https://timviec365.vn/nhan-vien-quan-ly-chat-luong-dich-vu-p2065885.html,working,OK (200)
labor_timviec365_2066129,SALE TOUR OUBOUND,TimViec365,https://timviec365.vn/tuyen-dung-khoi-kinh-doanh-du-lich-sale-tour-sale-khach-san-visa-p2066129.html,working,OK (200)
labor_timviec365_2066123,nhân viên hành chính văn phòng,TimViec365,https://timviec365.vn/nhan-vien-hanh-chinh-van-phong-p2066123.html,working,OK (200)
labor_timviec365_2066060,TRỢ LÝ GIÁM ĐỐC,TimViec365,https://timviec365.vn/tro-ly-giam-djoc-p2066060.html,working,OK (200)
labor_timviec365_2065948,THƯ KÝ PHÒNG KỸ THUẬT,TimViec365,https://timviec365.vn/thu-ky-phong-ky-thuat-p2065948.html,working,OK (200)
labor_timviec365_2065809,Tuyển Nhân Viên Hành Chính - Nhân Sự,TimViec365,https://timviec365.vn/tuyen-nhan-vien-hanh-chinh-nhan-su-p2065809.html,working,OK (200)
labor_timviec365_2065651,Kế toán nội bộ kiêm Hành chính tổng hợp,TimViec365,https://timviec365.vn/ke-toan-noi-bo-kiem-hanh-chinh-tong-hop-p2065651.html,working,OK (200)
labor_timviec365_2065491,HÀNH CHÍNH VĂN PHÒNG – LỄ TÂN,TimViec365,https://timviec365.vn/hanh-chinh-van-phong-le-tan-p2065491.html,working,OK (200)
labor_timviec365_2065692,TUYỂN HÀNH CHÍNH NHÂN SỰ TỔNG HỢP LƯƠNG TỪ 13-15 TRIỆU,TimViec365,https://timviec365.vn/tuyen-hanh-chinh-nhan-su-tong-hop-luong-15-trieu-p2065692.html,working,OK (200)
labor_timviec365_2065306,Nhân Viên Văn Phòng Tại Hà Đông Hà Nội Được Đào Tạo,TimViec365,https://timviec365.vn/nhan-vien-van-phong-tai-ha-djong-ha-noi-djuoc-djao-tao-p2065306.html,working,OK (200)
labor_timviec365_2065286,NHÂN VIÊN TUYỂN DỤNG,TimViec365,https://timviec365.vn/nhan-vien-tuyen-dung-p2065286.html,working,OK (200)
labor_timviec365_2065206,Nhân Viên Văn Phòng Biết Tiếng Trung - Không Yêu Cầu Kinh Nghiệm,TimViec365,https://timviec365.vn/nhan-vien-van-phong-biet-tieng-trung-khong-yeu-cau-kinh-nghiem-p2065206.html,working,OK (200)
labor_timviec365_2047816,Trợ lý kinh doanh,TimViec365,https://timviec365.vn/tro-ly-kinh-doanh-p2047816.html,working,OK (200)
labor_timviec365_2065508,Nhân viên hành chính,TimViec365,https://timviec365.vn/nhan-vien-hanh-chinh-p2065508.html,working,OK (200)
labor_timviec365_2065080,"Tuyển nhân viên giúp việc, tạp vụ",TimViec365,https://timviec365.vn/tuyen-nhan-vien-giup-viec-tap-vu-p2065080.html,working,OK (200)
labor_timviec365_2065007,Nhân viên điều hành tiếp nhận hồ sơ thị thực visa,TimViec365,https://timviec365.vn/nhan-vien-djieu-hanh-tiep-nhan-ho-so-thi-thuc-visa-p2065007.html,working,OK (200)
labor_timviec365_2064891,Nhân viên Hành chính - Mua sắm,TimViec365,https://timviec365.vn/nhan-vien-hanh-chinh-mua-sam-p2064891.html,working,OK (200)
labor_timviec365_2064889,NHÂN VIÊN LỄ TÂN – HÀNH CHÍNH,TimViec365,https://timviec365.vn/nhan-vien-le-tan-hanh-chinh-p2064889.html,working,OK (200)
labor_timviec365_2064882,Tuyển Trưởng phòng Nhân sự biết Tiếng Trung,TimViec365,https://timviec365.vn/tuyen-truong-phong-nhan-su-biet-tieng-trung-p2064882.html,working,OK (200)
labor_timviec365_2064840,Nhân viên Hành Chính Nhân Sự Tổng Hợp,TimViec365,https://timviec365.vn/nhan-vien-hanh-chinh-nhan-su-tong-hop-p2064840.html,working,OK (200)
labor_timviec365_2064200,Nhân viên văn phòng Telesales,TimViec365,https://timviec365.vn/nhan-vien-van-phong-telesales-p2064200.html,working,OK (200)
labor_timviec365_2064724,Nhân Viên Tổng vụ chi nhánh Makita Việt Nam tại Bắc Ninh,TimViec365,https://timviec365.vn/nhan-vien-tong-vu-chi-nhanh-makita-viet-nam-tai-bac-ninh-p2064724.html,working,OK (200)
labor_timviec365_2064720,Nhân viên Hành chính nhân sự tổng hợp (Nhận việc sau Tết),TimViec365,https://timviec365.vn/nhan-vien-hanh-chinh-nhan-su-tong-hop-nhan-viec-sau-tet-p2064720.html,working,OK (200)
labor_timviec365_2064660,Tuyển Nhân viên Admin Part time,TimViec365,https://timviec365.vn/tuyen-nhan-vien-admin-part-time-p2064660.html,working,OK (200)
labor_timviec365_2064630,Nhân viên Hành chính Nhân sự,TimViec365,https://timviec365.vn/nhan-vien-hanh-chinh-nhan-su-p2064630.html,working,OK (200)
labor_timviec365_2064615,Tuyển Nhân Viên Văn Phòng Kho,TimViec365,https://timviec365.vn/tuyen-nhan-vien-van-phong-kho-p2064615.html,working,OK (200)
labor_timviec365_2064552,Receptionist cum Admin Intern,TimViec365,https://timviec365.vn/receptionist-cum-admin-intern-p2064552.html,working,OK (200)
labor_timviec365_2064829,Tuyển Admin Support Executive (Logistics),TimViec365,https://timviec365.vn/tuyen-admin-support-executive-logistics-p2064829.html,working,OK (200)
labor_timviec365_2064466,Tuyển Trợ lý Hành chính Kinh doanh,TimViec365,https://timviec365.vn/tuyen-tro-ly-hanh-chinh-kinh-doanh-p2064466.html,working,OK (200)
labor_timviec365_2064430,"Hành chính nhân sự (Nghỉ thứ 7, chủ nhật)",TimViec365,https://timviec365.vn/hanh-chinh-nhan-su-nghi-thu-7-chu-nhat-p2064430.html,working,OK (200)
labor_timviec365_2064418,Trợ lý Giám Đốc (Tiếng Trung thông thạo),TimViec365,https://timviec365.vn/tro-ly-giam-djoc-tieng-trung-thong-thao-p2064418.html,working,OK (200)
labor_timviec365_2064384,Nhân viên Lễ tân,TimViec365,https://timviec365.vn/nhan-vien-le-tan-p2064384.html,working,OK (200)
labor_timviec365_2064372,Nhân Viên Lễ Tân Hành Chính,TimViec365,https://timviec365.vn/nhan-vien-le-tan-hanh-chinh-p2064372.html,working,OK (200)
labor_timviec365_2064328,Chuyên viên Nhân sự HR Officer,TimViec365,https://timviec365.vn/chuyen-vien-nhan-su-hr-officer-p2064328.html,working,OK (200)
labor_timviec365_2064317,Tuyển nhân viên Sale Admin,TimViec365,https://timviec365.vn/tuyen-nhan-vien-sale-admin-p2064317.html,working,OK (200)
labor_timviec365_2064292,Tuyển Chuyên viên Hành chính nhân sự,TimViec365,https://timviec365.vn/tuyen-chuyen-vien-hanh-chinh-nhan-su-p2064292.html,working,OK (200)
labor_timviec365_2064247,Giám đốc công ty Tandem gold consulting,TimViec365,https://timviec365.vn/giam-djoc-djieu-hanh-cong-ty-tandem-gold-consulting-p2064247.html,working,OK (200)
labor_timviec365_2064204,Hành Chính Nhân Sự,TimViec365,https://timviec365.vn/hanh-chinh-nhan-su-p2064204.html,working,OK (200)
labor_timviec365_2064041,Nhân Viên Văn Phòng (Biết Tiếng Trung),TimViec365,https://timviec365.vn/nhan-vien-van-phong-biet-tieng-trung-p2064041.html,working,OK (200)
labor_timviec365_2063936,Nhân viên hành chính nhân sự,TimViec365,https://timviec365.vn/nhan-vien-hanh-chinh-nhan-su-p2063936.html,working,OK (200)
labor_timviec365_2063909,Lễ tân tòa nhà,TimViec365,https://timviec365.vn/le-tan-toa-nha-p2063909.html,working,OK (200)
labor_timviec365_2063818,Nhân Viên Văn phòng RD (Tiếng Anh),TimViec365,https://timviec365.vn/nhan-vien-van-phong-rd-tieng-anh-p2063818.html,working,OK (200)
labor_timviec365_2063810,Nhân viên hành chính,TimViec365,https://timviec365.vn/nhan-vien-hanh-chinh-p2063810.html,working,OK (200)
labor_timviec365_2063502,Thực Tập Sinh Phòng Cung ứng Đấu thầu,TimViec365,https://timviec365.vn/thuc-tap-sinh-phong-cung-ung-djau-thau-p2063502.html,working,OK (200)
labor_timviec365_2063848,Tuyển nhân viên xử lý hồ sơ du học,TimViec365,https://timviec365.vn/tuyen-nhan-vien-xu-ly-ho-so-du-hoc-p2063848.html,working,OK (200)
labor_timviec365_2063949,NHÂN VIÊN HÀNH CHÍNH – NHÂN SỰ (NỮ),TimViec365,https://timviec365.vn/nhan-vien-hanh-chinh-nhan-su-nu-p2063949.html,working,OK (200)
labor_timviec365_2063202,Nhân Viên Tổng Vụ,TimViec365,https://timviec365.vn/nhan-vien-tong-vu-p2063202.html,working,OK (200)
labor_timviec365_2063569,TUYỂN HÀNH CHÍNH NHÂN SỰ,TimViec365,https://timviec365.vn/tuyen-hanh-chinh-nhan-su-p2063569.html,working,OK (200)
labor_timviec365_2063052,Tuyển Trưởng phòng hành chính,TimViec365,https://timviec365.vn/tuyen-truong-phong-hanh-chinh-p2063052.html,working,OK (200)
labor_timviec365_2062948,"Quản trị viên Dự nguồn - Kế hoạch Cung ứng, KCS - Hóa nghiệm",TimViec365,https://timviec365.vn/quan-tri-vien-du-nguon-ke-hoach-cung-ung-p2062948.html,working,OK (200)
labor_timviec365_2062870,Thư ký Giám đốc Kinh doanh (Tiếng Hàn),TimViec365,https://timviec365.vn/thu-ky-giam-djoc-kinh-doanh-tieng-han-p2062870.html,working,OK (200)
labor_timviec365_2062840,Hành Chính Nhân Sự,TimViec365,https://timviec365.vn/hanh-chinh-nhan-su-p2062840.html,working,OK (200)
labor_timviec365_2062808,Tuyển Nhân Viên Admin,TimViec365,https://timviec365.vn/tuyen-nhan-vien-admin-p2062808.html,working,OK (200)
labor_timviec365_2063172,TRỢ LÝ VĂN PHÒNG - CÓ KINH NGHIỆM TUYỂN DỤNG,TimViec365,https://timviec365.vn/tro-ly-van-phong-co-kinh-nghiem-tuyen-dung-p2063172.html,working,OK (200)
labor_timviec365_2063146,TRƯỞNG PHÒNG HÀNH CHÍNH NHÂN SỰ TIẾNG TRUNG,TimViec365,https://timviec365.vn/truong-phong-hanh-chinh-nhan-su-tieng-trung-p2063146.html,working,OK (200)
labor_timviec365_2063064,Nhân viên hành chính lễ tân đi làm ngay,TimViec365,https://timviec365.vn/nhan-vien-hanh-chinh-le-tan-dji-lam-ngay-p2063064.html,working,OK (200)
labor_timviec365_2062936,Nhân viên hành chính,TimViec365,https://timviec365.vn/nhan-vien-hanh-chinh-p2062936.html,working,OK (200)
labor_timviec365_2062716,Nam bảo vệ,TimViec365,https://timviec365.vn/nam-bao-ve-p2062716.html,working,OK (200)
labor_timviec365_2063258,TUYỂN DỤNG CHỦ QUẢN HÀNH CHÍNH,TimViec365,https://timviec365.vn/tuyen-dung-chu-quan-hanh-chinh-p2063258.html,working,OK (200)
labor_timviec365_2062550,Nhân viên nghiệp vụ,TimViec365,https://timviec365.vn/nhan-vien-nghiep-vu-p2062550.html,working,OK (200)
labor_timviec365_2063213,Thư ký Hội đồng thành viên,TimViec365,https://timviec365.vn/thu-ky-hoi-djong-thanh-vien-p2063213.html,working,OK (200)
labor_timviec365_2060002,Trợ lý cá nhân,TimViec365,https://timviec365.vn/tro-ly-ca-nhan-p2060002.html,working,OK (200)
labor_timviec365_2062301,Trợ lý Giám đốc,TimViec365,https://timviec365.vn/tro-ly-giam-djoc-p2062301.html,working,OK (200)
labor_timviec365_2061488,TUYỂN DỤNG NHÂN VIÊN HÀNH CHÍNH NHÂN SỰ,TimViec365,https://timviec365.vn/tuyen-dung-nhan-vien-hanh-chinh-nhan-su-p2061488.html,working,OK (200)
labor_timviec365_2062210,NHÂN VIÊN VĂN PHÒNG (Ưu tiên Nam),TimViec365,https://timviec365.vn/nhan-vien-van-phong-p2062210.html,working,OK (200)
labor_timviec365_2062259,Admin Kho Vận Hành Thương Mại Điện Tử,TimViec365,https://timviec365.vn/admin-kho-van-hanh-thuong-mai-djien-tu-p2062259.html,working,OK (200)
labor_timviec365_2062920,NHÂN VIÊN TRỰC VĂN PHÒNG ĐẠI DIỆN,TimViec365,https://timviec365.vn/nhan-vien-truc-van-phong-djai-dien-p2062920.html,working,OK (200)
labor_timviec365_2060864,Trợ lý Giám đốc,TimViec365,https://timviec365.vn/tro-ly-giam-djoc-p2060864.html,working,OK (200)
labor_timviec365_2062454,Nhân viên nhập liệu,TimViec365,https://timviec365.vn/nhan-vien-nhap-lieu-p2062454.html,working,OK (200)
labor_timviec365_2061568,Nhân viên chứng từ kho (5 vị trí),TimViec365,https://timviec365.vn/nhan-vien-chung-tu-kho-5-vi-tri-p2061568.html,working,OK (200)
labor_timviec365_2062134,nhân viên cho thuê văn phòng,TimViec365,https://timviec365.vn/nhan-vien-cho-thue-van-phong-p2062134.html,working,OK (200)
labor_timviec365_2062133,nhân viên hành chính,TimViec365,https://timviec365.vn/nhan-vien-hanh-chinh-p2062133.html,working,OK (200)
labor_timviec365_2062122,Chuyên viên hành chính,TimViec365,https://timviec365.vn/chuyen-vien-hanh-chinh-thu-nhap-15-18-trieu-thuong-and-bh-djay-dju-p2062122.html,working,OK (200)
labor_timviec365_2061661,tuyển nhân sự- ctv nhân sự,TimViec365,https://timviec365.vn/tuyen-nhan-su-ctv-nhan-su-p2061661.html,working,OK (200)
labor_timviec365_2062090,tuyển nhân viên hành chính nhân sự,TimViec365,https://timviec365.vn/tuyen-nhan-vien-hanh-chinh-nhan-su-p2062090.html,working,OK (200)
labor_timviec365_2062070,nhân viên hành chính nhân sự,TimViec365,https://timviec365.vn/nhan-vien-hanh-chinh-nhan-su-p2062070.html,working,OK (200)
labor_timviec365_2062022,chuyên viên hành chính (mạnh về cskh - thu nhập upto 18m),TimViec365,https://timviec365.vn/chuyen-vien-hanh-chinh-manh-ve-cskh-thu-nhap-upto-18m-p2062022.html,working,OK (200)
labor_timviec365_2061957,tuyển nhân viên nghiệp vụ,TimViec365,https://timviec365.vn/tuyen-nhan-vien-nghiep-vu-p2061957.html,working,OK (200)
labor_timviec365_2061860,admin bất động sản,TimViec365,https://timviec365.vn/admin-bat-djong-san-p2061860.html,working,OK (200)
labor_timviec365_2061856,tuyển 50 nhân viên bình tân,TimViec365,https://timviec365.vn/tuyen-50-nhan-vien-binh-tan-p2061856.html,working,OK (200)
labor_timviec365_2061854,tuyển nhân viên hành chính nhân sự,TimViec365,https://timviec365.vn/tuyen-nhan-vien-hanh-chinh-nhan-su-p2061854.html,working,OK (200)
labor_timviec365_2061843,tuyển nhân viên tư vấn ghi danh tối quận 12,TimViec365,https://timviec365.vn/tuyen-nhan-vien-tu-van-ghi-danh-toi-quan-12-p2061843.html,working,OK (200)
labor_timviec365_2061789,tuyển trợ lý giám đốc tiếng trung,TimViec365,https://timviec365.vn/tuyen-tro-ly-giam-djoc-tieng-trung-p2061789.html,working,OK (200)
labor_timviec365_2061051,Tuyển Trợ lý giám đốc,TimViec365,https://timviec365.vn/tuyen-tro-ly-giam-djoc-p2061051.html,working,OK (200)
labor_timviec365_2061757,Tuyển Nhân Viên Kinh Doanh - Hành Chính Văn Phòng,TimViec365,https://timviec365.vn/tuyen-nhan-vien-kinh-doanh-hanh-chinh-van-phong-p2061757.html,working,OK (200)
labor_timviec365_2061743,chuyên viên tư vấn tuyển sinh,TimViec365,https://timviec365.vn/chuyen-vien-tu-van-tuyen-sinh-p2061743.html,working,OK (200)
labor_timviec365_2061729,cộng tác viên/ thực tập sinh,TimViec365,https://timviec365.vn/cong-tac-vien-thuc-tap-sinh-p2061729.html,working,OK (200)
labor_timviec365_2061673,Tuyển 2 nhân viên lễ tân,TimViec365,https://timviec365.vn/tuyen-2-nhan-vien-le-tan-luong-8-15tr-p2061673.html,working,OK (200)
labor_timviec365_2061666,chuyên viên hành chính nhân sự,TimViec365,https://timviec365.vn/chuyen-vien-hanh-chinh-nhan-su-p2061666.html,working,OK (200)
labor_timviec365_2060931,Nhân viên Văn phòng Tiếng Trung,TimViec365,https://timviec365.vn/nhan-vien-van-phong-tieng-trung-nghiep-vu-p2060931.html,working,OK (200)
labor_timviec365_2060871,"LAO ĐỘNG PHỔ THÔNG CẮT, ĐÓNG GÓI (HÀNH CHÍNH)",TimViec365,https://timviec365.vn/lao-djong-pho-thong-p2060871.html,working,OK (200)
labor_timviec365_2061638,nhân viên hành chính tổng hợp,TimViec365,https://timviec365.vn/nhan-vien-hanh-chinh-tong-hop-p2061638.html,working,OK (200)
labor_timviec365_2060741,NHÂN VIÊN HÀNH CHÍNH NHÂN SỰ,TimViec365,https://timviec365.vn/nhan-vien-hanh-chinh-nhan-su-p2060741.html,working,OK (200)
labor_timviec365_2061443,Nhân viên lễ tân văn phòng,TimViec365,https://timviec365.vn/nhan-vien-le-tan-van-phong-p2061443.html,working,OK (200)
labor_timviec365_2061359,leader hành chính nhân sự,TimViec365,https://timviec365.vn/leader-hanh-chinh-nhan-su-p2061359.html,working,OK (200)
labor_timviec365_2061250,Nhân viên hành chính nhân sự,TimViec365,https://timviec365.vn/nhan-vien-hanh-chinh-nhan-su-p2061250.html,working,OK (200)
labor_timviec365_2061109,Hành chính - Tổng hợp / Trợ lý kinh doanh,TimViec365,https://timviec365.vn/hanh-chinh-tong-hop-tro-ly-kinh-doanh-p2061109.html,working,OK (200)
labor_timviec365_2061001,Tuyển nhân viên hành chính tổng hợp,TimViec365,https://timviec365.vn/tuyen-nhan-vien-hanh-chinh-tong-hop-p2061001.html,working,OK (200)
labor_timviec365_2060955,Tuyển Trợ lý Tổng giám đốc,TimViec365,https://timviec365.vn/tuyen-tro-ly-tong-giam-djoc-p2060955.html,working,OK (200)
labor_timviec365_2060757,Tuyển nhân viên hành chính,TimViec365,https://timviec365.vn/tuyen-nhan-vien-hanh-chinh-p2060757.html,working,OK (200)
labor_timviec365_2060112,Nhân viên Hành chính,TimViec365,https://timviec365.vn/nhan-vien-hanh-chinh-p2060112.html,working,OK (200)
labor_timviec365_2061231,Phó phòng hành chính nhân sự,TimViec365,https://timviec365.vn/pho-phong-hanh-chinh-nhan-su-p2061231.html,working,OK (200)
labor_timviec365_2060540,Nhân Viên Kỹ Thuật,TimViec365,https://timviec365.vn/nhan-vien-ky-thuat-p2060540.html,working,OK (200)
labor_timviec365_2060530,Tuyển nhân viên hành chính nhân sự,TimViec365,https://timviec365.vn/tuyen-nhan-vien-hanh-chinh-nhan-su-p2060530.html,working,OK (200)
labor_timviec365_2060477,NHÂN VIÊN HÀNH CHÍNH NHÂN SỰ,TimViec365,https://timviec365.vn/nhan-vien-hanh-chinh-nhan-su-tyen-dung-p2060477.html,working,OK (200)
labor_timviec365_2060397,Nhân Viên Hành Chính Văn Phòng,TimViec365,https://timviec365.vn/nhan-vien-hanh-chinh-van-phong-p2060397.html,working,OK (200)
labor_timviec365_2025638,Nhân viên Hành chính Nhân sự,TimViec365,https://timviec365.vn/chuyen-vien-tuyen-dung-nhan-su-p2025638.html,working,OK (200)
labor_timviec365_2066651,TUYỂN DỤNG CÔNG NHÂN VẬN HÀNH MÁY,TimViec365,https://timviec365.vn/tuyen-dung-cong-nhan-van-hanh-may-p2066651.html,working,OK (200)
labor_timviec365_2066626,TUYỂN DỤNG NHÂN VIÊN ĐẶT HÀNG LÀM Ở QUỐC OAI,TimViec365,https://timviec365.vn/tuyen-dung-nhan-vien-djat-hang-lam-o-quoc-oai-p2066626.html,working,OK (200)
labor_timviec365_2066167,CHỦ QUẢN NHÂN SỰ - HRBP,TimViec365,https://timviec365.vn/nhan-vien-hrbp-p2066167.html,working,OK (200)
labor_timviec365_2053860,THỰC TẬP SINH TUYỂN DỤNG NHÂN SỰ,TimViec365,https://timviec365.vn/tuyen-cong-tac-vien-tuyen-dung-nhan-su-p2053860.html,working,OK (200)
labor_timviec365_2067006,Hành Chính Nhân Sự Tổng Hợp Từ 02 Năm Kinh Nghiệm,TimViec365,https://timviec365.vn/hanh-chinh-nhan-su-tong-hop-tu-02-nam-kinh-nghiem-p2067006.html,working,OK (200)
labor_timviec365_2067012,NHÂN VIÊN NHÂN SỰ,TimViec365,https://timviec365.vn/nhan-vien-nhan-su-p2067012.html,working,OK (200)
labor_timviec365_2066914,CHUYÊN VIÊN HR C&B,TimViec365,https://timviec365.vn/chuyen-vien-hr-candb-p2066914.html,working,OK (200)
labor_timviec365_2066912,NHÂN VIÊN HÀNH CHÍNH NHÂN SỰ,TimViec365,https://timviec365.vn/nhan-vien-hanh-chinh-nhan-su-p2066912.html,working,OK (200)
labor_timviec365_2066900,NHÂN VIÊN TUYỂN DỤNG ( MẢNG LIVESTREAM GIẢI TRÍ),TimViec365,https://timviec365.vn/nhan-vien-tuyen-dung-mang-livestream-giai-tri-p2066900.html,working,OK (200)
labor_timviec365_2066757,Leader tuyển dụng,TimViec365,https://timviec365.vn/leader-tuyen-dung-p2066757.html,working,OK (200)
labor_timviec365_2066715,Tuyển chuyên viên tuyển dụng,TimViec365,https://timviec365.vn/tuyen-chuyen-vien-tuyen-dung-p2066715.html,working,OK (200)
labor_timviec365_2066683,Nhân viên Hành Chánh Nhân sự,TimViec365,https://timviec365.vn/nhan-vien-hanh-chanh-nhan-su-p2066683.html,working,OK (200)
labor_timviec365_2066657,Chuyên viên Hành chính Nhân sự (HR Admin),TimViec365,https://timviec365.vn/chuyen-vien-hanh-chinh-nhan-su-hr-admin-p2066657.html,working,OK (200)
labor_timviec365_2066527,NHÂN VIÊN TUYỂN DỤNG,TimViec365,https://timviec365.vn/nhan-vien-tuyen-dung-p2066527.html,working,OK (200)
labor_timviec365_2066521,Chuyên viên tuyển dụng,TimViec365,https://timviec365.vn/chuyen-vien-tuyen-dung-p2066521.html,working,OK (200)
labor_timviec365_2066518,nhân viên Hành chính nhân sự,TimViec365,https://timviec365.vn/nhan-vien-hanh-chinh-nhan-su-p2066518.html,working,OK (200)
labor_timviec365_2066500,Tuyển Chuyên viên Tuyển dụng,TimViec365,https://timviec365.vn/tuyen-chuyen-vien-tuyen-dung-p2066500.html,working,OK (200)
labor_timviec365_2066895,Tuyển Thực Tập Sinh Nhân Sự,TimViec365,https://timviec365.vn/tuyen-thuc-tap-sinh-nhan-su-p2066895.html,working,OK (200)
labor_timviec365_2066335,tuyển nhân viên hành chính nhân sự,TimViec365,https://timviec365.vn/tuyen-nhan-vien-hanh-chinh-nhan-su-p2066335.html,working,OK (200)
labor_timviec365_2066314,CHUYÊN VIÊN NHÂN SỰ,TimViec365,https://timviec365.vn/chuyen-vien-nhan-su-p2066314.html,working,OK (200)
labor_timviec365_2066220,chuyên viên đào tạo và tuyển dụng,TimViec365,https://timviec365.vn/chuyen-vien-djao-tao-va-tuyen-dung-p2066220.html,working,OK (200)
labor_timviec365_2066173,TUYỂN NHÂN VIÊN GIẶT LÀ Ở THUẬN THÀNH BẮC NINH,TimViec365,https://timviec365.vn/tuyen-nhan-vien-giat-la-o-thuan-thanh-bac-ninh-p2066173.html,working,OK (200)
labor_timviec365_2066177,Nhân viên tuyển dụng,TimViec365,https://timviec365.vn/nhan-vien-tuyen-dung-p2066177.html,working,OK (200)
labor_timviec365_2066131,hành chính nhân sự,TimViec365,https://timviec365.vn/hanh-chinh-nhan-su-p2066131.html,working,OK (200)
labor_timviec365_2066123,nhân viên hành chính văn phòng,TimViec365,https://timviec365.vn/nhan-vien-hanh-chinh-van-phong-p2066123.html,working,OK (200)
labor_timviec365_2066074,NHÂN VIÊN CUNG ỨNG QUẢN LÝ NHÂN SỰ,TimViec365,https://timviec365.vn/nhan-vien-cung-ung-quan-ly-nhan-su-p2066074.html,working,OK (200)
labor_timviec365_2066059,Nhân viên Tuyển dụng,TimViec365,https://timviec365.vn/nhan-vien-tuyen-dung-p2066059.html,working,OK (200)
labor_timviec365_2066029,NHÂN VIÊN HR KIÊM THƯ KÝ,TimViec365,https://timviec365.vn/nhan-vien-hr-kiem-thu-ky-p2066029.html,working,OK (200)
labor_timviec365_2065971,Nhân viên hành chinh nhân sự,TimViec365,https://timviec365.vn/nhan-vien-hanh-chinh-nhan-su-p2065971.html,working,OK (200)
labor_timviec365_2065966,Nhân viên Hành chính Nhân sự,TimViec365,https://timviec365.vn/nhan-vien-hanh-chinh-nhan-su-p2065966.html,working,OK (200)
labor_timviec365_2065962,Chuyên viên Tuyển dụng (Recruitment Specialist),TimViec365,https://timviec365.vn/chuyen-vien-tuyen-dung-recruitment-specialist-p2065962.html,working,OK (200)
labor_timviec365_2065888,NHÂN SỰ TỔNG HỢP (HR GENERALIST) | XƯỞNG SẢN XUẤT | CỦ CHI,TimViec365,https://timviec365.vn/nhan-su-tong-hop-hr-generalist-or-xuong-san-xuat-or-cu-chi-p2065888.html,working,OK (200)
labor_timviec365_2065877,NHÂN VIÊN HÀNH CHÍNH NHÂN SỰ,TimViec365,https://timviec365.vn/nhan-vien-hanh-chinh-nhan-su-p2065877.html,working,OK (200)
labor_timviec365_2065853,Thực tập sinh Tuyển dụng có lương,TimViec365,https://timviec365.vn/thuc-tap-sinh-tuyen-dung-co-luong-p2065853.html,working,OK (200)
labor_timviec365_2065846,Chuyên viên Tuyển dụng,TimViec365,https://timviec365.vn/chuyen-vien-tuyen-dung-p2065846.html,working,OK (200)
labor_timviec365_2065754,Chuyên viên tuyển dụng,TimViec365,https://timviec365.vn/chuyen-vien-tuyen-dung-p2065754.html,working,OK (200)
labor_timviec365_2065608,Chuyên viên Nhân sự Cao cấp,TimViec365,https://timviec365.vn/chuyen-vien-nhan-su-cao-cap-p2065608.html,working,OK (200)
labor_timviec365_2065427,"Thực tập sinh tuyển dụng,trợ cấp 2tr-4tr +hoa hồng",TimViec365,https://timviec365.vn/thuc-tap-sinh-tuyen-dungtro-cap-2tr-4tr-hoa-hong-p2065427.html,working,OK (200)
labor_timviec365_2065269,THỰC TẬP SINH NHÂN SỰ,TimViec365,https://timviec365.vn/thuc-tap-sinh-nhan-su-p2065269.html,working,OK (200)
labor_timviec365_2065238,Chuyên Viên Nhân Sự,TimViec365,https://timviec365.vn/nhan-vien-nhan-su-hr-cb-p2065238.html,working,OK (200)
labor_timviec365_2065129,NHÂN VIÊN HÀNH CHÍNH NHÂN SỰ,TimViec365,https://timviec365.vn/nhan-vien-hanh-chinh-nhan-su-p2065129.html,working,OK (200)
labor_timviec365_2065092,Trưởng nhóm tuyển dụng tiếng Trung,TimViec365,https://timviec365.vn/truong-nhom-tuyen-dung-tieng-trung-p2065092.html,working,OK (200)
labor_timviec365_2064822,TRÌNH DƯỢC VIÊN,TimViec365,https://timviec365.vn/trinh-duoc-vien-ke-toan-kiem-nhan-su-p2064822.html,working,OK (200)
labor_timviec365_2064988,Nhân viên Tuyển dụng và Truyền thông,TimViec365,https://timviec365.vn/nhan-vien-tuyen-dung-va-truyen-thong-p2064988.html,working,OK (200)
labor_timviec365_2064882,Tuyển Trưởng phòng Nhân sự biết Tiếng Trung,TimViec365,https://timviec365.vn/tuyen-truong-phong-nhan-su-biet-tieng-trung-p2064882.html,working,OK (200)
labor_timviec365_2064807,NHÂN VIÊN ĐIỀU PHỐI NHÂN SỰ,TimViec365,https://timviec365.vn/nhan-vien-djieu-phoi-nhan-su-p2064807.html,working,OK (200)
labor_timviec365_2064723,Chuyên viên Nhân sự ( Chuyên tuyển dụng ),TimViec365,https://timviec365.vn/chuyen-vien-nhan-su-chuyen-tuyen-dung-p2064723.html,working,OK (200)
labor_timviec365_2064697,Nhân Viên Tuyển Dụng,TimViec365,https://timviec365.vn/nhan-vien-tuyen-dung-p2064697.html,working,OK (200)
labor_timviec365_2064605,HR Executive,TimViec365,https://timviec365.vn/hr-executive-p2064605.html,working,OK (200)
labor_timviec365_2062786,Hành Chính Nhân Sự Tổng Hợp,TimViec365,https://timviec365.vn/cong-nhan-san-xuat-p2062786.html,working,OK (200)
labor_timviec365_2064504,Nhân viên Vận Hành,TimViec365,https://timviec365.vn/nhan-vien-van-hanh-p2064504.html,working,OK (200)
labor_timviec365_2064451,Researcher Intern,TimViec365,https://timviec365.vn/researcher-intern-p2064451.html,working,OK (200)
labor_timviec365_2064316,Chuyên viên HCNS chuyên C&B,TimViec365,https://timviec365.vn/chuyen-vien-hcns-chuyen-candb-p2064316.html,working,OK (200)
labor_timviec365_2064203,Tuyển Trưởng Nhóm nhân viên,TimViec365,https://timviec365.vn/tuyen-truong-nhom-nhan-vien-p2064203.html,working,OK (200)
labor_timviec365_2064199,Tuyển Chuyên Viên Tuyển Dụng,TimViec365,https://timviec365.vn/tuyen-chuyen-vien-tuyen-dung-p2064199.html,working,OK (200)
labor_timviec365_2064179,Tuyển nhân viên hành chính nhân sự,TimViec365,https://timviec365.vn/tuyen-nhan-vien-hanh-chinh-nhan-su-p2064179.html,working,OK (200)
labor_timviec365_2064135,Trưởng phòng Hành chính Nhân sự,TimViec365,https://timviec365.vn/truong-phong-hanh-chinh-nhan-su-p2064135.html,working,OK (200)
labor_timviec365_2064016,Nhân viên HRBP,TimViec365,https://timviec365.vn/nhan-vien-hrbp-p2064016.html,working,OK (200)
labor_timviec365_2063968,NHÂN VIÊN TIẾNG TRUNG/ TIẾNG ANH,TimViec365,https://timviec365.vn/nhan-vien-tieng-trung-tieng-anh-p2063968.html,working,OK (200)
labor_timviec365_2063960,Cần  2 Nam Chuyên Viên Tuyển Dụng Khối Kho Vận,TimViec365,https://timviec365.vn/can-2-nam-chuyen-vien-tuyen-dung-khoi-kho-van-p2063960.html,working,OK (200)
labor_timviec365_2063964,CTV TUYỂN DỤNG,TimViec365,https://timviec365.vn/ctv-tuyen-dung-p2063964.html,working,OK (200)
labor_timviec365_2063781,NHÂN VIÊN HÀNH CHÍNH NHÂN SỰ,TimViec365,https://timviec365.vn/nhan-vien-hanh-chinh-nhan-su-p2063781.html,working,OK (200)
labor_timviec365_2063753,Thực tập sinh Nhân sự,TimViec365,https://timviec365.vn/thuc-tap-sinh-nhan-su-p2063753.html,working,OK (200)
labor_timviec365_2063716,CHUYÊN VIÊN HÀNH CHÍNH NHÂN SỰ TỔNG HỢP,TimViec365,https://timviec365.vn/chuyen-vien-hanh-chinh-nhan-su-tong-hop-thu-nhap-12-20-trieu-djong-p2063716.html,working,OK (200)
labor_timviec365_2063631,Nhân viên Hành Chính Nhân Sự Mạnh Tuyển Dụng,TimViec365,https://timviec365.vn/nhan-vien-hanh-chinh-nhan-su-manh-tuyen-dung-p2063631.html,working,OK (200)
labor_timviec365_2063592,Hành chính nhân sự,TimViec365,https://timviec365.vn/hanh-chinh-nhan-su-p2063592.html,working,OK (200)
labor_timviec365_2063591,Nhân viên Sale tuyển dụng,TimViec365,https://timviec365.vn/nhan-vien-sale-tuyen-dung-thu-nhap-6tr-8tr-hoa-hong-p2063591.html,working,OK (200)
labor_timviec365_2063562,Trưởng phòng Hành chính Nhân sự,TimViec365,https://timviec365.vn/truong-phong-hanh-chinh-nhan-su-p2063562.html,working,OK (200)
labor_timviec365_2063949,NHÂN VIÊN HÀNH CHÍNH – NHÂN SỰ (NỮ),TimViec365,https://timviec365.vn/nhan-vien-hanh-chinh-nhan-su-nu-p2063949.html,working,OK (200)
labor_timviec365_2063078,Nhân viên Hành chính nhân sự Biết Tiếng Hàn,TimViec365,https://timviec365.vn/nhan-vien-hanh-chinh-nhan-su-biet-tieng-han-p2063078.html,working,OK (200)
labor_timviec365_2063569,TUYỂN HÀNH CHÍNH NHÂN SỰ,TimViec365,https://timviec365.vn/tuyen-hanh-chinh-nhan-su-p2063569.html,working,OK (200)
labor_timviec365_2062995,CTV Tuyển dụng,TimViec365,https://timviec365.vn/ctv-tuyen-dung-p2062995.html,working,OK (200)
labor_timviec365_2062929,NHÂN VIÊN TUYỂN DỤNG,TimViec365,https://timviec365.vn/nhan-vien-tuyen-dung-p2062929.html,working,OK (200)
labor_timviec365_2063076,Chuyên viên C&B/ HCNS/ Hành chính nhân sự,TimViec365,https://timviec365.vn/chuyen-vien-candb-hcns-hanh-chinh-nhan-su-p2063076.html,working,OK (200)
labor_timviec365_2063505,Nhân viên nhân sự,TimViec365,https://timviec365.vn/nhan-vien-nhan-su-p2063505.html,working,OK (200)
labor_timviec365_2063219,Nhân viên tuyển dụng,TimViec365,https://timviec365.vn/nhan-vien-tuyen-dung-p2063219.html,working,OK (200)
labor_timviec365_2062982,Nhân Viên Tuyển Dụng,TimViec365,https://timviec365.vn/nhan-vien-tuyen-dung-p2062982.html,working,OK (200)
labor_timviec365_2062931,Tuyển Nhân Viên Tuyển Dụng,TimViec365,https://timviec365.vn/tuyen-nhan-vien-tuyen-dung-p2062931.html,working,OK (200)
labor_timviec365_2062790,Tuyển nhân viên Hành chính nhân sự,TimViec365,https://timviec365.vn/tuyen-nhan-vien-hanh-chinh-nhan-su-p2062790.html,working,OK (200)
labor_timviec365_2062666,Tuyển Nhân Viên Tuyển Dụng,TimViec365,https://timviec365.vn/tuyen-nhan-vien-tuyen-dung-p2062666.html,working,OK (200)
labor_timviec365_2062625,Tuyển Nhân Viên,TimViec365,https://timviec365.vn/tuyen-nhan-vien-p2062625.html,working,OK (200)
labor_timviec365_2062462,Nhân viên hành chính nhân sự,TimViec365,https://timviec365.vn/nhan-vien-hanh-chinh-nhan-su-p2062462.html,working,OK (200)
labor_timviec365_2063419,Chuyên viên Nhân sự Cao cấp  (Senior HR Executive),TimViec365,https://timviec365.vn/chuyen-vien-nhan-su-cao-cap-senior-hr-executive-p2063419.html,working,OK (200)
labor_timviec365_2062265,Nhân Viên Tuyển Dụng,TimViec365,https://timviec365.vn/nhan-vien-tuyen-dung-p2062265.html,working,OK (200)
labor_timviec365_2061343,CHUYÊN VIÊN ĐÀO TẠO NGÀNH NHA KHOA,TimViec365,https://timviec365.vn/chuyen-vien-djao-tao-p2061343.html,working,OK (200)
labor_timviec365_2062522,Hành chính nhân sự tuyển dụng,TimViec365,https://timviec365.vn/hanh-chinh-nhan-su-tuyen-dung-p2062522.html,working,OK (200)
labor_timviec365_2061557,hành chính nhân sự,TimViec365,https://timviec365.vn/hanh-chinh-nhan-su-p2061557.html,working,OK (200)
labor_timviec365_2062188,hành chính nhân sự,TimViec365,https://timviec365.vn/hanh-chinh-nhan-su-p2062188.html,working,OK (200)
labor_timviec365_2062182,nhân viên tuyển dụng,TimViec365,https://timviec365.vn/nhan-vien-tuyen-dung-p2062182.html,working,OK (200)
labor_timviec365_2062165,chuyên viên c&b,TimViec365,https://timviec365.vn/chuyen-vien-candb-p2062165.html,working,OK (200)
labor_timviec365_2062145,nhân viên hành chính nhân sự,TimViec365,https://timviec365.vn/nhan-vien-hanh-chinh-nhan-su-p2062145.html,working,OK (200)
labor_timviec365_2062142,trợ lý tuyển dụng,TimViec365,https://timviec365.vn/tro-ly-tuyen-dung-p2062142.html,working,OK (200)
labor_timviec365_2062058,trưởng phòng nhân sự,TimViec365,https://timviec365.vn/truong-phong-nhan-su-p2062058.html,working,OK (200)
labor_timviec365_2062035,nhân viên hành chính nhân sự,TimViec365,https://timviec365.vn/nhan-vien-hanh-chinh-nhan-su-p2062035.html,working,OK (200)
labor_timviec365_2062032,Thực tập sinh/Cộng tác viên Tuyển dụng IT,TimViec365,https://timviec365.vn/thuc-tap-sinhcong-tac-vien-tuyen-dung-it-p2062032.html,working,OK (200)
labor_timviec365_2061910,chuyên viên nhân sự,TimViec365,https://timviec365.vn/chuyen-vien-nhan-su-p2061910.html,working,OK (200)
labor_timviec365_2061887,chuyên viên tuyển dụng,TimViec365,https://timviec365.vn/chuyen-vien-tuyen-dung-p2061887.html,working,OK (200)
labor_timviec365_2061126,Tuyển Chuyên viên Tuyển dụng,TimViec365,https://timviec365.vn/tuyen-chuyen-vien-tuyen-dung-p2061126.html,working,OK (200)
labor_timviec365_2061101,Tuyển Chuyên viên Tuyển dụng,TimViec365,https://timviec365.vn/tuyen-chuyen-vien-tuyen-dung-p2061101.html,working,OK (200)
labor_timviec365_2061752,Lê Gia Vita - Thực Tập Sinh Nhân Sự,TimViec365,https://timviec365.vn/le-gia-vita-thuc-tap-sinh-nhan-su-p2061752.html,working,OK (200)
labor_timviec365_2061725,chuyên viên tuyển dụng,TimViec365,https://timviec365.vn/chuyen-vien-tuyen-dung-p2061725.html,working,OK (200)
labor_timviec365_2061680,Nhân viên nhân sự / Chuyên viên nhân sự,TimViec365,https://timviec365.vn/nhan-vien-nhan-su-chuyen-vien-nhan-su-hr-p2061680.html,working,OK (200)
labor_timviec365_2060978,Chuyên Viên Tuyển Dụng,TimViec365,https://timviec365.vn/chuyen-vien-tuyen-dung-p2060978.html,working,OK (200)
labor_timviec365_2060930,Nhân viên Nhân sự Tiếng Trung (mảng tính lương & kiểm xưởng),TimViec365,https://timviec365.vn/nhan-vien-nhan-su-tieng-trung-mang-tinh-luong-kiem-xuong-p2060930.html,working,OK (200)
labor_timviec365_2061645,nhân sự hành chính văn phòng,TimViec365,https://timviec365.vn/nhan-su-hanh-chinh-van-phong-p2061645.html,working,OK (200)
labor_timviec365_2060916,Tuyển Nhân Viên C&B,TimViec365,https://timviec365.vn/tuyen-nhan-vien-candb-p2060916.html,working,OK (200)
labor_timviec365_2060895,Phó Phòng Hành chính Nhân Sự,TimViec365,https://timviec365.vn/pho-phong-hanh-chinh-nhan-su-p2060895.html,working,OK (200)
labor_timviec365_2060893,Hành chính Nhân sự - Junior HR Staff Gấp,TimViec365,https://timviec365.vn/hanh-chinh-nhan-su-junior-hr-staff-gap-p2060893.html,working,OK (200)
labor_timviec365_2061622,nv hành chính nhân sự tổng hợp,TimViec365,https://timviec365.vn/nv-hanh-chinh-nhan-su-tong-hop-p2061622.html,working,OK (200)
labor_timviec365_2060837,Tuyển Chuyên viên nhân sự,TimViec365,https://timviec365.vn/tuyen-chuyen-vien-nhan-su-p2060837.html,working,OK (200)
labor_timviec365_2060836,Hành chánh Nhân sự,TimViec365,https://timviec365.vn/hanh-chanh-nhan-su-p2060836.html,working,OK (200)
labor_timviec365_2060859,Chuyên Viên Tuyển Dụng,TimViec365,https://timviec365.vn/chuyen-vien-tuyen-dung-p2060859.html,working,OK (200)
labor_timviec365_2061706,tuyển nhân viên hành chính nhân sự,TimViec365,https://timviec365.vn/tuyen-nhan-vien-hanh-chinh-nhan-su-p2061706.html,working,OK (200)
labor_timviec365_2060662,Trưởng Phòng Tuyển Dụng,TimViec365,https://timviec365.vn/truong-phong-tuyen-dung-p2060662.html,working,OK (200)
labor_timviec365_2060657,Chuyên Viên Tuyển Dụng,TimViec365,https://timviec365.vn/chuyen-vien-tuyen-dung-p2060657.html,working,OK (200)
labor_timviec365_2061365,Nhân viên Hành chính Nhân sự,TimViec365,https://timviec365.vn/nhan-vien-hanh-chinh-nhan-su-p2061365.html,working,OK (200)
labor_timviec365_2061008,Chuyên viên tuyển dụng,TimViec365,https://timviec365.vn/chuyen-vien-tuyen-dung-p2061008.html,working,OK (200)
labor_timviec365_2061208,Trưởng phòng tuyển dụng,TimViec365,https://timviec365.vn/truong-phong-tuyen-dung-p2061208.html,working,OK (200)
labor_timviec365_2061374,Tuyển Chuyên Viên Tuyển Dụng,TimViec365,https://timviec365.vn/tuyen-chuyen-vien-tuyen-dung-p2061374.html,working,OK (200)
labor_timviec365_2061193,Hành chính nhân sự,TimViec365,https://timviec365.vn/hanh-chinh-nhan-su-p2061193.html,working,OK (200)
labor_timviec365_2061124,Chuyên viên Nhân sự tổng hợp,TimViec365,https://timviec365.vn/chuyen-vien-nhan-su-tong-hop-p2061124.html,working,OK (200)
labor_timviec365_2061044,TUYỂN 5 NHÂN VIÊN HCNS TẠI TÂN BÌNH,TimViec365,https://timviec365.vn/hanh-chinh-nhan-su-p2061044.html,working,OK (200)
labor_timviec365_2060834,Chuyên Viên Tuyển Dụng,TimViec365,https://timviec365.vn/chuyen-vien-tuyen-dung-p2060834.html,working,OK (200)
labor_timviec365_2060710,Thực tập sinh Tuyển dụng Fulltime,TimViec365,https://timviec365.vn/thuc-tap-sinh-tuyen-dung-fulltime-p2060710.html,working,OK (200)
labor_timviec365_2066164,TUYỂN TƯ VẤN BẢO HIỂM PHI NHÂN THỌ,TimViec365,https://timviec365.vn/tuyen-tu-van-bao-hiem-phi-nhan-tho-p2066164.html,working,OK (200)
labor_timviec365_2066897,🚨 TUYỂN NV KINH DOANH – THU NHẬP 8–35TR,TimViec365,https://timviec365.vn/tuyen-nv-kinh-doanh-thu-nhap-8-35tr-p2066897.html,working,OK (200)
labor_timviec365_2066849,CHUYÊN VIÊN SALE MARKETING,TimViec365,https://timviec365.vn/nhan-vien-kinh-doanh-marketing-p2066849.html,working,OK (200)
labor_timviec365_2066806,NHÂN VIÊN KINH DOANH Ô TÔ FORD,TimViec365,https://timviec365.vn/nhan-vien-kinh-doanh-o-to-ford-p2066806.html,working,OK (200)
labor_timviec365_2066025,🔥 TUYỂN NHÂN VIÊN KINH DOANH THU NHẬP 10 ĐẾN 20TR – KHÔNG ĐI THỊ TRƯỜNG,TimViec365,https://timviec365.vn/tuyen-nhan-vien-kinh-doanh-thu-nhap-10-djen-18tr-khong-dji-thi-truong-p2066025.html,working,OK (200)
labor_timviec365_2067087,Nhân Viên Kinh Doanh,TimViec365,https://timviec365.vn/nhan-vien-kinh-doanh-p2067087.html,working,OK (200)
labor_timviec365_2067063,Chuyên Viên Kinh Doanh B2B,TimViec365,https://timviec365.vn/chuyen-vien-kinh-doanh-b2b-p2067063.html,working,OK (200)
labor_timviec365_2066753,Nhân Viên Tư Vấn (Theo Giờ Mỹ) - Thu nhập đến 60 triệu,TimViec365,https://timviec365.vn/nhan-vien-tu-van-theo-gio-my-thu-nhap-djen-60-trieu-p2066753.html,working,OK (200)
labor_timviec365_2066744,NHÂN VIÊN KINH DOANH XE OTÔ CŨ,TimViec365,https://timviec365.vn/nhan-vien-kinh-doanh-xe-oto-cu-p2066744.html,working,OK (200)
labor_timviec365_2059527,Nhân viên xử lý hồ sơ Visa,TimViec365,https://timviec365.vn/nhan-vien-xu-ly-ho-so-visa-p2059527.html,working,OK (200)
labor_timviec365_777309,Nhân viên tư vấn thẻ hội viên Fitness Yoga,TimViec365,https://timviec365.vn/nhan-vien-tu-van-the-hoi-vien-fitness-yoga-p777309.html,working,OK (200)
labor_timviec365_2067079,NHÂN VIÊN KINH DOANH THIẾT BỊ Y TẾ,TimViec365,https://timviec365.vn/nhan-vien-kinh-doanh-thiet-bi-y-te-p2067079.html,working,OK (200)
labor_timviec365_2067046,NHÂN VIÊN KINH DOANH NHÔM KÍNH LƯƠNG THƯỞNG HẤP DẪN,TimViec365,https://timviec365.vn/nhan-vien-kinh-doanh-nhom-kinh-luong-thuong-hap-dan-p2067046.html,working,OK (200)
labor_timviec365_2066894,TRƯỞNG PHÒNG/ PHÓ PHÒNG/ CHUYÊN VIÊN KINH DOANH,TimViec365,https://timviec365.vn/chuyen-vien-kinh-doanh-p2066894.html,working,OK (200)
labor_timviec365_2066799,Nhân Viên Kinh Doanh Phát Triển Thị Trường Ngành Thực Phẩm Đông Lạnh - Giờ Giấc Linh Hoạt (Nhận Việc Ngay),TimViec365,https://timviec365.vn/nhan-vien-ban-hang-kho-thuc-pham-p2066799.html,working,OK (200)
labor_timviec365_2066791,Nhân Viên Tư Vấn (Theo Giờ Mỹ) Tại Cần Thơ,TimViec365,https://timviec365.vn/nhan-vien-tu-van-theo-gio-my-tai-can-tho-p2066791.html,working,OK (200)
labor_timviec365_2066643,CHUYÊN VIÊN TƯ VẤN TUYỂN SINH,TimViec365,https://timviec365.vn/chuyen-vien-tu-van-tuyen-sinh-p2066643.html,working,OK (200)
labor_timviec365_2066630,NHÂN VIÊN TƯ VẤN CHỐT ĐƠN SỈ THỜI TRANG,TimViec365,https://timviec365.vn/nhan-vien-tu-van-chot-djon-si-thoi-trang-p2066630.html,working,OK (200)
labor_timviec365_2066612,Nhân viên SALE AI Mảng Chatbot bán hàng,TimViec365,https://timviec365.vn/nhan-vien-sale-ai-mang-chatbot-ban-hang-p2066612.html,working,OK (200)
labor_timviec365_2066554,Nhân viên kinh doanh thực phẩm đông lạnh,TimViec365,https://timviec365.vn/nhan-vien-kinh-doanh-thuc-pham-djong-lanh-p2066554.html,working,OK (200)
labor_timviec365_2066516,NHÂN VIÊN KINH DOANH,TimViec365,https://timviec365.vn/nhan-vien-kinh-doanh-p2066516.html,working,OK (200)
labor_timviec365_2066504,Nhân viên tư vấn tuyển sinh,TimViec365,https://timviec365.vn/nhan-vien-tu-van-tuyen-sinh-p2066504.html,working,OK (200)
labor_timviec365_2066265,NHÂN VIÊN KINH DOANH,TimViec365,https://timviec365.vn/nhan-vien-kinh-doanh-p2066265.html,working,OK (200)
labor_timviec365_2066161,TUYỂN DỤNG NHÂN VIÊN TƯ VẤN TUYỂN SINH,TimViec365,https://timviec365.vn/tuyen-dung-nhan-vien-tu-van-tuyen-sinh-p2066161.html,working,OK (200)
labor_timviec365_2066051,Kỹ Sư Tư vấn giám sát,TimViec365,https://timviec365.vn/ky-su-tu-van-giam-sat-p2066051.html,working,OK (200)
labor_timviec365_2066456,Tuyển Nhân viên bán hàng,TimViec365,https://timviec365.vn/tuyen-nhan-vien-ban-hang-p2066456.html,working,OK (200)
labor_timviec365_2065757,NHÂN VIÊN TƯ VẤN TUYỂN SINH,TimViec365,https://timviec365.vn/nhan-vien-tu-van-tuyen-sinh-p2065757.html,working,OK (200)
labor_timviec365_2065700,Nhân viên Tư vấn nội thất (10-50tr),TimViec365,https://timviec365.vn/nhan-vien-tu-van-noi-that-1015tr-thang-p2065700.html,working,OK (200)
labor_timviec365_2065688,Nhân viên tuyển sinh,TimViec365,https://timviec365.vn/nhan-vien-tuyen-sinh-p2065688.html,working,OK (200)
labor_timviec365_2065666,CHUYÊN VIÊN TƯ VẤN,TimViec365,https://timviec365.vn/chuyen-vien-tu-van-p2065666.html,working,OK (200)
labor_timviec365_2065538,TRỢ LÝ KINH DOANH BIẾT TIẾNG TRUNG,TimViec365,https://timviec365.vn/tro-ly-kinh-doanh-biet-tieng-trung-p2065538.html,working,OK (200)
labor_timviec365_2065569,Tuyển Nhân viên Tư vấn khóa học Tiếng Anh,TimViec365,https://timviec365.vn/tuyen-nhan-vien-tu-van-khoa-hoc-tieng-anh-p2065569.html,working,OK (200)
labor_timviec365_2065400,Tư vấn tuyển sinh,TimViec365,https://timviec365.vn/tu-van-tuyen-sinh-p2065400.html,working,OK (200)
labor_timviec365_2065188,Chuyên Viên Tín Dụng,TimViec365,https://timviec365.vn/chuyen-vien-tin-dung-p2065188.html,working,OK (200)
labor_timviec365_2057877,NHÂN VIÊN/ TRƯỞNG PHÒNG KINH DOANH (Đi là ngay),TimViec365,https://timviec365.vn/nhan-vien-kinh-doanh-p2057877.html,working,OK (200)
labor_timviec365_2065780,Nhân viên tư vấn khóa học,TimViec365,https://timviec365.vn/nhan-vien-cham-soc-khach-hang-p2065780.html,working,OK (200)
labor_timviec365_2065532,Nhân viên Tư vấn,TimViec365,https://timviec365.vn/nhan-vien-tu-van-p2065532.html,working,OK (200)
labor_timviec365_2065201,TUYỂN DỤNG LỄ TÂN / TƯ VẤN /CHĂM SÓC KHÁCH HÀNG (05 NHÂN SỰ),TimViec365,https://timviec365.vn/le-tan-tu-van-cham-soc-khach-hang-05-nhan-su-p2065201.html,working,OK (200)
labor_timviec365_2064824,Tư vấn tuyển sinh,TimViec365,https://timviec365.vn/tu-van-tuyen-sinh-p2064824.html,working,OK (200)
labor_timviec365_2064691,Tuyển Nhân Viên Tư Vấn Phần Mềm,TimViec365,https://timviec365.vn/tuyen-nhan-vien-tu-van-phan-mem-p2064691.html,working,OK (200)
labor_timviec365_2064556,Tuyển Chuyên Viên Tư Vấn Đào Tạo Doanh Nghiệp,TimViec365,https://timviec365.vn/tuyen-chuyen-vien-tu-van-djao-tao-doanh-nghiep-p2064556.html,working,OK (200)
labor_timviec365_2064238,Nhân viên Bán hàng Trực tuyến Biết Tiếng Anh,TimViec365,https://timviec365.vn/nhan-vien-ban-hang-truc-tuyen-p2064238.html,working,OK (200)
labor_timviec365_2064854,TUYỂN NHÂN VIÊN VẬN ĐƠN – THEO DÕI ĐƠN HÀNG,TimViec365,https://timviec365.vn/nhan-vien-van-djon-luong-8-13-trieu-thuong-p2064854.html,working,OK (200)
labor_timviec365_2064288,Tư vấn viên - Bàu Bàng,TimViec365,https://timviec365.vn/tu-van-vien-bau-bang-p2064288.html,working,OK (200)
labor_timviec365_2063896,Tư vấn tuyển sinh,TimViec365,https://timviec365.vn/tu-van-tuyen-sinh-p2063896.html,working,OK (200)
labor_timviec365_2063746,Chuyên Viên Tư Vấn Khách Hàng (F&B),TimViec365,https://timviec365.vn/chuyen-vien-tu-van-fandb-p2063746.html,working,OK (200)
labor_timviec365_2062000,nhân viên kinh doanh,TimViec365,https://timviec365.vn/nhan-vien-kinh-doanh-p2062000.html,working,OK (200)
labor_timviec365_2063695,Nhân viên tư vấn phần mềm,TimViec365,https://timviec365.vn/nhan-vien-tu-van-phan-mem-p2063695.html,working,OK (200)
labor_timviec365_2063333,VIB TUYỂN CHUYÊN VIÊN CSKH ƯU TIÊN,TimViec365,https://timviec365.vn/vib-tuyen-chuyen-vien-cskh-uu-tien-p2063333.html,working,OK (200)
labor_timviec365_2063097,Chuyên Viên Kinh Doanh/ Bán Hàng,TimViec365,https://timviec365.vn/chuyen-vien-kinh-doanh-ban-hang-p2063097.html,working,OK (200)
labor_timviec365_2062431,Nhân Viên Tư Vấn Spa,TimViec365,https://timviec365.vn/nhan-vien-tu-van-p2062431.html,working,OK (200)
labor_timviec365_2063487,Chuyên viên Quan hệ khách hàng SME - VPBank,TimViec365,https://timviec365.vn/chuyen-vienquan-he-khach-hang-sme-vpbank-p2063487.html,working,OK (200)
labor_timviec365_2062853,CHUYÊN VIÊN TƯ VẤN TUYỂN SINH (HỆ VỪA HỌC VỪA LÀM),TimViec365,https://timviec365.vn/chuyen-vien-tu-van-tuyen-sinh-he-vua-hoc-vua-lam-p2062853.html,working,OK (200)
labor_timviec365_2062997,Nhân Viên Tư Vấn Đặt Lịch Hẹn,TimViec365,https://timviec365.vn/nhan-vien-tu-van-djat-lich-hen-p2062997.html,working,OK (200)
labor_timviec365_2062753,Nhân Viên Tư Vấn Nệm,TimViec365,https://timviec365.vn/nhan-vien-tu-van-nem-p2062753.html,working,OK (200)
labor_timviec365_2059899,NỮ NHÂN VIÊN KINH DOANH ĐI LÀM NGAY,TimViec365,https://timviec365.vn/nhan-vien-kinh-doanh-dji-lam-ngay-p2059899.html,working,OK (200)
labor_timviec365_2062150,NHÂN VIÊN KINH DOANH (15 - 30 triệu/tháng),TimViec365,https://timviec365.vn/nhan-vien-kinh-doanh-15-30-trieuthang-p2062150.html,working,OK (200)
labor_timviec365_2062138,"nhân viên tư vấn du học, xklđ lương 10-15tr/ 1 tháng",TimViec365,https://timviec365.vn/nhan-vien-tu-van-du-hoc-xkldj-luong-10-15tr-1-thang-p2062138.html,working,OK (200)
labor_timviec365_2061937,tuyển nhân viên tư vấn tài chính,TimViec365,https://timviec365.vn/tuyen-nhan-vien-tu-van-tai-chinh-p2061937.html,working,OK (200)
labor_timviec365_2061626,NHÂN VIÊN CHĂM SÓC TƯ VẤN KHÁCH HÀNG,TimViec365,https://timviec365.vn/nhan-vien-kinh-doanh-van-phong-p2061626.html,working,OK (200)
labor_timviec365_2062482,CHĂM SÓC KHÁCH BIẾT TIẾNG TRUNG (HSK5),TimViec365,https://timviec365.vn/tuyen-nu-9x-cham-soc-khach-hsk5-p2062482.html,working,OK (200)
labor_timviec365_2062210,NHÂN VIÊN VĂN PHÒNG (Ưu tiên Nam),TimViec365,https://timviec365.vn/nhan-vien-van-phong-p2062210.html,working,OK (200)
labor_timviec365_2062304,TƯ VẤN TUYỂN SINH (Sales Executive),TimViec365,https://timviec365.vn/tu-van-tuyen-sinh-sales-executive-p2062304.html,working,OK (200)
labor_timviec365_2061569,Nhân viên Tư vấn Hồ sơ,TimViec365,https://timviec365.vn/nhan-vien-tu-van-ho-so-p2061569.html,working,OK (200)
labor_timviec365_2061659,mma tư vấn tuyển sinh sales executive,TimViec365,https://timviec365.vn/mma-tu-van-tuyen-sinh-sales-executive-p2061659.html,working,OK (200)
labor_timviec365_2062041,thông báo tuyển dụng nhân viên tư vấn,TimViec365,https://timviec365.vn/thong-bao-tuyen-dung-nhan-vien-tu-van-p2062041.html,working,OK (200)
labor_timviec365_2061997,odoo functional consultant/ odoo ba,TimViec365,https://timviec365.vn/odoo-functional-consultant-odoo-ba-p2061997.html,working,OK (200)
labor_timviec365_2061948,tuyển trưởng nhóm tư vấn và quản trị doanh nghiệp,TimViec365,https://timviec365.vn/tuyen-truong-nhom-tu-van-va-quan-tri-doanh-nghiep-p2061948.html,working,OK (200)
labor_timviec365_2061195,Nhân Viên Tư Vấn Khóa Học,TimViec365,https://timviec365.vn/nhan-vien-tu-van-khoa-hoc-p2061195.html,working,OK (200)
labor_timviec365_2061888,nhân viên tư vấn & cskh,TimViec365,https://timviec365.vn/nhan-vien-tu-van-and-cskh-p2061888.html,working,OK (200)
labor_timviec365_2061878,tuyển thực tập sinh tư vấn khách hàng,TimViec365,https://timviec365.vn/tuyen-thuc-tap-sinh-tu-van-khach-hang-p2061878.html,working,OK (200)
labor_timviec365_2061871,nhân viên tư vấn khóa học,TimViec365,https://timviec365.vn/nhan-vien-tu-van-khoa-hoc-p2061871.html,working,OK (200)
labor_timviec365_2061866,chuyên viên tư vấn tuyển sinh nguồn xkld du học,TimViec365,https://timviec365.vn/chuyen-vien-tu-van-tuyen-sinh-nguon-xkld-du-hoc-p2061866.html,working,OK (200)
labor_timviec365_2061863,chuyên viên tư vấn,TimViec365,https://timviec365.vn/chuyen-vien-tu-van-p2061863.html,working,OK (200)
labor_timviec365_2061709,nhân viên tư vấn tuyển sinh,TimViec365,https://timviec365.vn/nhan-vien-tu-van-tuyen-sinh-p2061709.html,working,OK (200)
labor_timviec365_2062083,nhân viên tư vấn tuyển sinh,TimViec365,https://timviec365.vn/nhan-vien-tu-van-tuyen-sinh-p2062083.html,working,OK (200)
labor_timviec365_2061615,Nhân viên telesale tư vấn khóa học,TimViec365,https://timviec365.vn/nhan-vien-telesale-tu-van-khoa-hoc-p2061615.html,working,OK (200)
labor_timviec365_2060824,Tuyển nhân viên tư vấn,TimViec365,https://timviec365.vn/tuyen-nhan-vien-tu-van-p2060824.html,working,OK (200)
labor_timviec365_2061515,TUYỂN NHÂN VIÊN TƯ VẤN PHIM TRƯỜNG LÀM TẠI VĂN PHÒNG CHÍNH THỨC,TimViec365,https://timviec365.vn/tuyen-nv-tu-van-phim-truong-lam-tai-van-phong-chinh-thuc-p2061515.html,working,OK (200)
labor_timviec365_2061367,TƯ VẤN TUYỂN SINH,TimViec365,https://timviec365.vn/tu-van-tuyen-sinh-p2061367.html,working,OK (200)
labor_timviec365_2061349,NHÂN VIÊN TƯ VẤN CHỐT ĐƠN HÀNG - SẢN PHẨM SỮA,TimViec365,https://timviec365.vn/nhan-vien-tu-van-chot-djon-hang-san-pham-sua-p2061349.html,working,OK (200)
labor_timviec365_2061316,Chuyên viên Kinh Doanh/ Tư vấn,TimViec365,https://timviec365.vn/chuyen-vien-kinh-doanh-tu-van-p2061316.html,working,OK (200)
labor_timviec365_2061178,NHÂN VIÊN KINH DOANH,TimViec365,https://timviec365.vn/nhan-vien-kinh-doanh-luong-hap-dan-1020-trieu-thang-p2061178.html,working,OK (200)
labor_timviec365_2060082,Tuyển Chuyên Viên Khách Hàng Cá Nhân,TimViec365,https://timviec365.vn/tuyen-chuyen-vien-khach-hang-ca-nhan-p2060082.html,working,OK (200)
labor_timviec365_2061160,Business Analyst (BA) Tiếng Nhật,TimViec365,https://timviec365.vn/business-analyst-ba-tieng-nhat-p2061160.html,working,OK (200)
labor_timviec365_2060522,TUYỂN CHUYÊN VIÊN KINH DOANH BĐS,TimViec365,https://timviec365.vn/tuyen-chuyen-vien-kinh-doanh-bdjs-p2060522.html,working,OK (200)
labor_timviec365_2059942,Tuyển Chuyên Viên Tư Vấn Phụ Kiện Ô Tô,TimViec365,https://timviec365.vn/tuyen-chuyen-vien-tu-van-phu-kien-o-to-p2059942.html,working,OK (200)
labor_timviec365_2060620,Nhân viên Tư vấn Website Digital Marketing,TimViec365,https://timviec365.vn/nhan-vien-tu-van-website-digital-marketing-p2060620.html,working,OK (200)
labor_timviec365_2060584,Nhân Viên Tư Vấn Cho Thuê Căn Hộ,TimViec365,https://timviec365.vn/nhan-vien-tu-van-cho-thue-can-ho-p2060584.html,working,OK (200)
labor_timviec365_2060565,Tuyển Nhân Viên Tư Vấn Tuyển Sinh Online,TimViec365,https://timviec365.vn/tuyen-nhan-vien-tu-van-tuyen-sinh-online-p2060565.html,working,OK (200)
labor_timviec365_2060513,Tuyển Chuyên viên Tư vấn du học,TimViec365,https://timviec365.vn/tuyen-chuyen-vien-tu-van-du-hoc-p2060513.html,working,OK (200)
labor_timviec365_2060440,Tuyển Nhân viên Tư vấn,TimViec365,https://timviec365.vn/tuyen-nhan-vien-tu-van-p2060440.html,working,OK (200)
labor_timviec365_2060314,Tuyển Nhân Viên Tư Vấn,TimViec365,https://timviec365.vn/tuyen-nhan-vien-tu-van-p2060314.html,working,OK (200)
labor_timviec365_2060295,Tuyển Nhân Viên Tư Vấn Đặt Lịch Hẹn,TimViec365,https://timviec365.vn/tuyen-nhan-vien-tu-van-djat-lich-hen-p2060295.html,working,OK (200)
labor_timviec365_2060332,Tư Vấn Viên,TimViec365,https://timviec365.vn/tu-van-vien-p2060332.html,working,OK (200)
labor_timviec365_2060445,Tuyển Chuyên Viên Tư Vấn Sữa,TimViec365,https://timviec365.vn/tuyen-chuyen-vien-tu-van-sua-p2060445.html,working,OK (200)
labor_timviec365_2060152,Nhân Viên Tư Vấn Giáo Dục,TimViec365,https://timviec365.vn/nhan-vien-tu-van-giao-duc-p2060152.html,working,OK (200)
labor_timviec365_2060071,Tuyển Nhân Viên Tư Vấn Việc làm,TimViec365,https://timviec365.vn/tuyen-nhan-vien-tu-van-viec-lam-p2060071.html,working,OK (200)
labor_timviec365_2059985,Nhân viên Tư vấn tuyển sinh,TimViec365,https://timviec365.vn/nhan-vien-tu-van-tuyen-sinh-p2059985.html,working,OK (200)
labor_timviec365_2059971,NHÂN VIÊN TƯ VẤN,TimViec365,https://timviec365.vn/nhan-vien-tu-van-p2059971.html,working,OK (200)
labor_timviec365_2059835,Nhân viên tư vấn tuyển sinh,TimViec365,https://timviec365.vn/nhan-vien-tu-van-tuyen-sinh-p2059835.html,working,OK (200)
labor_timviec365_2059794,Tuyển Nhân Viên Tư Vấn Tổng Đài Mạng Vinaphone,TimViec365,https://timviec365.vn/tuyen-nhan-vien-tu-van-tong-djai-mang-vinaphone-p2059794.html,working,OK (200)
labor_timviec365_2059750,Nhân viên tư vấn khách hàng,TimViec365,https://timviec365.vn/nhan-vien-tu-van-khach-hang-p2059750.html,working,OK (200)
labor_timviec365_2059654,Nhân viên Tư vấn tuyển sinh tiếng Anh/tiếng Trung,TimViec365,https://timviec365.vn/nhan-vien-tu-van-tuyen-sinh-tieng-anhtieng-trung-p2059654.html,working,OK (200)
labor_timviec365_2059678,Tuyển Nhân Viên Kinh Doanh,TimViec365,https://timviec365.vn/tuyen-nhan-vien-kinh-doanh-p2059678.html,working,OK (200)
labor_timviec365_2059799,Nhân viên tư vấn và chăm sóc khách hàng,TimViec365,https://timviec365.vn/nhan-vien-tu-van-va-cham-soc-khach-hang-p2059799.html,working,OK (200)
labor_timviec365_2059575,Tuyển Nhân Viên Bán Hàng,TimViec365,https://timviec365.vn/tuyen-ke-toan-ban-hang-p2059575.html,working,OK (200)
labor_timviec365_2059412,Nhân Viên Tư Vấn,TimViec365,https://timviec365.vn/nhan-vien-tu-van-p2059412.html,working,OK (200)
labor_timviec365_2058739,NHÂN VIÊN KINH DOANH,TimViec365,https://timviec365.vn/tuyen-nhan-vien-tu-van-cham-soc-khach-hang-p2058739.html,working,OK (200)
labor_timviec365_2059689,THỰC TẬP SINH TƯ VẤN TRIỂN KHAI PHẦN MỀM B2B,TimViec365,https://timviec365.vn/thuc-tap-sinh-tu-van-trien-khai-phan-mem-b2b-p2059689.html,working,OK (200)
labor_timviec365_2059232,Nhân Viên Tư Vấn Tuyển Sinh,TimViec365,https://timviec365.vn/nhan-vien-tu-van-tuyen-sinh-full-time-p2059232.html,working,OK (200)
labor_timviec365_2059228,Nhân Viên Tư Vấn Đi Làm Ngay,TimViec365,https://timviec365.vn/nhan-vien-tu-van-dji-lam-ngay-p2059228.html,working,OK (200)
labor_timviec365_2059212,Nhân Viên Tư Vấn Kiêm CSKH Tại Thủ Đức (Data + Laptop Có Sẵn),TimViec365,https://timviec365.vn/nhan-vien-tu-van-kiem-cskh-tai-thu-djuc-data-laptop-co-san-p2059212.html,working,OK (200)
labor_timviec365_2059032,Chuyên Viên Cao Cấp Quản Lý Khách Hàng Ưu Tiên,TimViec365,https://timviec365.vn/chuyen-vien-cao-cap-quan-ly-khach-hang-uu-tien-spb-p2059032.html,working,OK (200)
labor_timviec365_2059107,Nhân Viên Kinh Doanh Kỹ Thuật,TimViec365,https://timviec365.vn/nhan-vien-kinh-doanh-ky-thuat-p2059107.html,working,OK (200)
labor_timviec365_2058967,Tuyển Chuyên Viên Tư Vấn Giáo Dục,TimViec365,https://timviec365.vn/tuyen-chuyen-vien-tu-van-giao-duc-p2058967.html,working,OK (200)
labor_timviec365_2058905,Tuyển Nhân Viên Tư Vấn,TimViec365,https://timviec365.vn/tuyen-nhan-vien-tu-van-p2058905.html,working,OK (200)
labor_timviec365_2059108,Nhân viên tư vấn,TimViec365,https://timviec365.vn/nhan-vien-tu-van-p2059108.html,working,OK (200)
labor_timviec365_2058815,Tuyển Nhân Viên Tư Vấn,TimViec365,https://timviec365.vn/tuyen-nhan-vien-tu-van-p2058815.html,working,OK (200)
labor_timviec365_2058854,TUYỂN DỤNG TƯ VẤN VIÊN & KỸ THUẬT VIÊN SPA,TimViec365,https://timviec365.vn/tuyen-dung-tu-van-vien-and-ky-thuat-vien-spa-luong-cao-p2058854.html,working,OK (200)
labor_timviec365_2058420,Tuyển nhân viên tư vấn,TimViec365,https://timviec365.vn/tuyen-nhan-vien-tu-van-p2058420.html,working,OK (200)
labor_timviec365_2058320,Nhân Viên Tư Vấn Tuyển Sinh/ Nhân Viên Kinh Doanh,TimViec365,https://timviec365.vn/nhan-vien-tu-van-tuyen-sinh-nhan-vien-kinh-doanh-p2058320.html,working,OK (200)
labor_timviec365_2058310,Tuyển Chuyên Viên Tư Vấn Tuyển Sinh,TimViec365,https://timviec365.vn/tuyen-chuyen-vien-tu-van-tuyen-sinh-p2058310.html,working,OK (200)
labor_timviec365_2058218,Tuyển Nhân Viên Kinh Doanh Tư Vấn Sales Bất Động Sản,TimViec365,https://timviec365.vn/tuyen-nhan-vien-kinh-doanh-tu-van-sales-bat-djong-san-p2058218.html,working,OK (200)
labor_timviec365_2058580,NHÂN VIÊN PHÂN PHỐI BÁN HÀNG DSR,TimViec365,https://timviec365.vn/nhan-vien-phan-phoi-ban-hang-dsr-p2058580.html,working,OK (200)
